reference,x_epsg5179,y_epsg5179,lat,lon,alt
,1163005.0000000,1732005.0000000,35.5706708,129.2988059,126.4306406
,1163015.0000000,1732005.0000000,35.5706692,129.2989162,126.5000000
,1163025.0000000,1732005.0000000,35.5706675,129.2990265,126.0885300
,1163035.0000000,1732005.0000000,35.5706659,129.2991368,121.4999844
,1163045.0000000,1732005.0000000,35.5706642,129.2992471,116.7057594
,1163055.0000000,1732005.0000000,35.5706626,129.2993574,112.1237871
,1163065.0000000,1732005.0000000,35.5706609,129.2994677,107.8949650
,1163075.0000000,1732005.0000000,35.5706593,129.2995781,105.9400340
,1163085.0000000,1732005.0000000,35.5706576,129.2996884,102.5915381
,1163095.0000000,1732005.0000000,35.5706560,129.2997987,101.6556088
,1163105.0000000,1732005.0000000,35.5706543,129.2999090,101.5658169
,1163115.0000000,1732005.0000000,35.5706527,129.3000193,101.8023783
,1163125.0000000,1732005.0000000,35.5706510,129.3001296,103.7287288
,1163135.0000000,1732005.0000000,35.5706494,129.3002399,106.4838542
,1163145.0000000,1732005.0000000,35.5706477,129.3003502,108.8432466
,1163155.0000000,1732005.0000000,35.5706461,129.3004605,111.0883155
,1163165.0000000,1732005.0000000,35.5706445,129.3005708,111.5072306
,1163175.0000000,1732005.0000000,35.5706428,129.3006811,112.1352641
,1163185.0000000,1732005.0000000,35.5706412,129.3007914,113.9469568
,1163195.0000000,1732005.0000000,35.5706395,129.3009017,115.6420673
,1163205.0000000,1732005.0000000,35.5706379,129.3010120,116.5860567
,1163215.0000000,1732005.0000000,35.5706362,129.3011223,118.6225788
,1163225.0000000,1732005.0000000,35.5706346,129.3012326,120.3531758
,1163235.0000000,1732005.0000000,35.5706329,129.3013429,121.2896800
,1163245.0000000,1732005.0000000,35.5706313,129.3014532,121.5481600
,1163255.0000000,1732005.0000000,35.5706296,129.3015635,122.2130512
,1163265.0000000,1732005.0000000,35.5706280,129.3016738,123.6802659
,1163275.0000000,1732005.0000000,35.5706263,129.3017841,126.2616760
,1163285.0000000,1732005.0000000,35.5706247,129.3018944,128.0356016
,1163295.0000000,1732005.0000000,35.5706230,129.3020047,130.5122915
,1163305.0000000,1732005.0000000,35.5706214,129.3021150,131.4261026
,1163315.0000000,1732005.0000000,35.5706197,129.3022253,130.5858663
,1163325.0000000,1732005.0000000,35.5706181,129.3023357,126.8732915
,1163335.0000000,1732005.0000000,35.5706164,129.3024460,125.1973832
,1163345.0000000,1732005.0000000,35.5706148,129.3025563,121.0455979
,1163355.0000000,1732005.0000000,35.5706131,129.3026666,116.5471183
,1163365.0000000,1732005.0000000,35.5706115,129.3027769,114.2761687
,1163375.0000000,1732005.0000000,35.5706098,129.3028872,111.6567093
,1163385.0000000,1732005.0000000,35.5706082,129.3029975,109.6491914
,1163395.0000000,1732005.0000000,35.5706065,129.3031078,106.8016849
,1163405.0000000,1732005.0000000,35.5706049,129.3032181,106.7010635
,1163415.0000000,1732005.0000000,35.5706032,129.3033284,105.7109022
,1163425.0000000,1732005.0000000,35.5706016,129.3034387,102.6526796
,1163435.0000000,1732005.0000000,35.5705999,129.3035490,100.9581621
,1163445.0000000,1732005.0000000,35.5705983,129.3036593,101.3103229
,1163455.0000000,1732005.0000000,35.5705966,129.3037696,99.5818660
,1163465.0000000,1732005.0000000,35.5705950,129.3038799,100.3647226
,1163475.0000000,1732005.0000000,35.5705933,129.3039902,101.5329625
,1163485.0000000,1732005.0000000,35.5705917,129.3041005,101.7028802
,1163495.0000000,1732005.0000000,35.5705900,129.3042108,102.5883511
,1163505.0000000,1732005.0000000,35.5705884,129.3043211,106.4007246
,1163515.0000000,1732005.0000000,35.5705867,129.3044314,108.8116424
,1163525.0000000,1732005.0000000,35.5705851,129.3045417,111.4335403
,1163535.0000000,1732005.0000000,35.5705834,129.3046520,111.4789563
,1163545.0000000,1732005.0000000,35.5705818,129.3047623,111.4845137
,1163555.0000000,1732005.0000000,35.5705801,129.3048726,111.5426699
,1163565.0000000,1732005.0000000,35.5705784,129.3049829,111.4701259
,1163575.0000000,1732005.0000000,35.5705768,129.3050932,107.8882714
,1163585.0000000,1732005.0000000,35.5705751,129.3052035,106.0633899
,1163595.0000000,1732005.0000000,35.5705735,129.3053139,105.0344334
,1163605.0000000,1732005.0000000,35.5705718,129.3054242,104.6127859
,1163615.0000000,1732005.0000000,35.5705702,129.3055345,106.3714185
,1163625.0000000,1732005.0000000,35.5705685,129.3056448,106.5586793
,1163635.0000000,1732005.0000000,35.5705669,129.3057551,106.8028350
,1163645.0000000,1732005.0000000,35.5705652,129.3058654,107.7072306
,1163655.0000000,1732005.0000000,35.5705636,129.3059757,107.9716053
,1163665.0000000,1732005.0000000,35.5705619,129.3060860,109.6690709
,1163675.0000000,1732005.0000000,35.5705603,129.3061963,111.4470651
,1163685.0000000,1732005.0000000,35.5705586,129.3063066,114.1054186
,1163695.0000000,1732005.0000000,35.5705570,129.3064169,116.6923212
,1163705.0000000,1732005.0000000,35.5705553,129.3065272,120.5237083
,1163715.0000000,1732005.0000000,35.5705537,129.3066375,122.1851977
,1163725.0000000,1732005.0000000,35.5705520,129.3067478,125.6460676
,1163735.0000000,1732005.0000000,35.5705503,129.3068581,126.8183094
,1163745.0000000,1732005.0000000,35.5705487,129.3069684,127.0405742
,1163755.0000000,1732005.0000000,35.5705470,129.3070787,125.2307475
,1163765.0000000,1732005.0000000,35.5705454,129.3071890,121.5889647
,1163775.0000000,1732005.0000000,35.5705437,129.3072993,119.1300882
,1163785.0000000,1732005.0000000,35.5705421,129.3074096,115.3815941
,1163795.0000000,1732005.0000000,35.5705404,129.3075199,110.7154794
,1163805.0000000,1732005.0000000,35.5705388,129.3076302,106.3070605
,1163815.0000000,1732005.0000000,35.5705371,129.3077405,102.3050255
,1163825.0000000,1732005.0000000,35.5705355,129.3078508,100.5101078
,1163835.0000000,1732005.0000000,35.5705338,129.3079611,97.0573423
,1163845.0000000,1732005.0000000,35.5705322,129.3080714,96.4860891
,1163855.0000000,1732005.0000000,35.5705305,129.3081817,94.8417017
,1163865.0000000,1732005.0000000,35.5705288,129.3082920,91.2815147
,1163875.0000000,1732005.0000000,35.5705272,129.3084024,86.9062319
,1163885.0000000,1732005.0000000,35.5705255,129.3085127,85.3705051
,1163895.0000000,1732005.0000000,35.5705239,129.3086230,81.9962532
,1163905.0000000,1732005.0000000,35.5705222,129.3087333,81.6044967
,1163915.0000000,1732005.0000000,35.5705206,129.3088436,84.6036946
,1163925.0000000,1732005.0000000,35.5705189,129.3089539,86.2925069
,1163935.0000000,1732005.0000000,35.5705173,129.3090642,86.8785460
,1163945.0000000,1732005.0000000,35.5705156,129.3091745,89.2065300
,1163955.0000000,1732005.0000000,35.5705139,129.3092848,91.6101416
,1163965.0000000,1732005.0000000,35.5705123,129.3093951,93.0032579
,1163975.0000000,1732005.0000000,35.5705106,129.3095054,96.5385230
,1163985.0000000,1732005.0000000,35.5705090,129.3096157,98.4461618
,1163995.0000000,1732005.0000000,35.5705073,129.3097260,101.5025598
,1163005.0000000,1732015.0000000,35.5707609,129.2988079,126.3721235
,1163015.0000000,1732015.0000000,35.5707593,129.2989182,126.1186960
,1163025.0000000,1732015.0000000,35.5707576,129.2990285,123.7923739
,1163035.0000000,1732015.0000000,35.5707560,129.2991389,121.0126285
,1163045.0000000,1732015.0000000,35.5707543,129.2992492,116.6391711
,1163055.0000000,1732015.0000000,35.5707527,129.2993595,112.4477878
,1163065.0000000,1732015.0000000,35.5707510,129.2994698,108.3373461
,1163075.0000000,1732015.0000000,35.5707494,129.2995801,106.7045973
,1163085.0000000,1732015.0000000,35.5707478,129.2996904,106.0096291
,1163095.0000000,1732015.0000000,35.5707461,129.2998007,104.7147193
,1163105.0000000,1732015.0000000,35.5707445,129.2999110,104.3592062
,1163115.0000000,1732015.0000000,35.5707428,129.3000213,105.0150771
,1163125.0000000,1732015.0000000,35.5707412,129.3001316,106.3992841
,1163135.0000000,1732015.0000000,35.5707395,129.3002419,109.0837053
,1163145.0000000,1732015.0000000,35.5707379,129.3003522,111.1028690
,1163155.0000000,1732015.0000000,35.5707362,129.3004625,111.6605099
,1163165.0000000,1732015.0000000,35.5707346,129.3005728,112.8914688
,1163175.0000000,1732015.0000000,35.5707329,129.3006831,115.4782676
,1163185.0000000,1732015.0000000,35.5707313,129.3007934,116.3662273
,1163195.0000000,1732015.0000000,35.5707296,129.3009037,116.8595470
,1163205.0000000,1732015.0000000,35.5707280,129.3010140,117.6025333
,1163215.0000000,1732015.0000000,35.5707263,129.3011243,120.2584799
,1163225.0000000,1732015.0000000,35.5707247,129.3012346,121.6210933
,1163235.0000000,1732015.0000000,35.5707230,129.3013449,123.3057881
,1163245.0000000,1732015.0000000,35.5707214,129.3014552,124.8820396
,1163255.0000000,1732015.0000000,35.5707197,129.3015655,126.4157895
,1163265.0000000,1732015.0000000,35.5707181,129.3016758,126.5751284
,1163275.0000000,1732015.0000000,35.5707164,129.3017862,128.8741491
,1163285.0000000,1732015.0000000,35.5707148,129.3018965,130.7949902
,1163295.0000000,1732015.0000000,35.5707131,129.3020068,131.5000000
,1163305.0000000,1732015.0000000,35.5707115,129.3021171,131.5000000
,1163315.0000000,1732015.0000000,35.5707098,129.3022274,130.8617146
,1163325.0000000,1732015.0000000,35.5707082,129.3023377,127.6980210
,1163335.0000000,1732015.0000000,35.5707065,129.3024480,124.7608337
,1163345.0000000,1732015.0000000,35.5707049,129.3025583,121.4627548
,1163355.0000000,1732015.0000000,35.5707032,129.3026686,118.3662349
,1163365.0000000,1732015.0000000,35.5707016,129.3027789,116.2397475
,1163375.0000000,1732015.0000000,35.5706999,129.3028892,112.3239531
,1163385.0000000,1732015.0000000,35.5706983,129.3029995,111.0271087
,1163395.0000000,1732015.0000000,35.5706966,129.3031098,108.0800908
,1163405.0000000,1732015.0000000,35.5706950,129.3032201,106.8930017
,1163415.0000000,1732015.0000000,35.5706933,129.3033304,106.6971536
,1163425.0000000,1732015.0000000,35.5706917,129.3034407,104.0380936
,1163435.0000000,1732015.0000000,35.5706900,129.3035510,101.3416751
,1163445.0000000,1732015.0000000,35.5706884,129.3036613,101.5000000
,1163455.0000000,1732015.0000000,35.5706867,129.3037716,101.5000000
,1163465.0000000,1732015.0000000,35.5706851,129.3038819,101.7300474
,1163475.0000000,1732015.0000000,35.5706834,129.3039922,105.0724550
,1163485.0000000,1732015.0000000,35.5706818,129.3041025,106.5294651
,1163495.0000000,1732015.0000000,35.5706801,129.3042128,107.8694246
,1163505.0000000,1732015.0000000,35.5706785,129.3043231,111.3538518
,1163515.0000000,1732015.0000000,35.5706768,129.3044334,111.8290639
,1163525.0000000,1732015.0000000,35.5706752,129.3045437,113.7921303
,1163535.0000000,1732015.0000000,35.5706735,129.3046541,115.1657239
,1163545.0000000,1732015.0000000,35.5706719,129.3047644,115.6454587
,1163555.0000000,1732015.0000000,35.5706702,129.3048747,115.5902249
,1163565.0000000,1732015.0000000,35.5706686,129.3049850,115.0496616
,1163575.0000000,1732015.0000000,35.5706669,129.3050953,113.0250135
,1163585.0000000,1732015.0000000,35.5706653,129.3052056,109.9333428
,1163595.0000000,1732015.0000000,35.5706636,129.3053159,106.9229334
,1163605.0000000,1732015.0000000,35.5706620,129.3054262,106.6662959
,1163615.0000000,1732015.0000000,35.5706603,129.3055365,108.3250444
,1163625.0000000,1732015.0000000,35.5706587,129.3056468,110.7403757
,1163635.0000000,1732015.0000000,35.5706570,129.3057571,111.4196433
,1163645.0000000,1732015.0000000,35.5706554,129.3058674,111.5374403
,1163655.0000000,1732015.0000000,35.5706537,129.3059777,111.6314435
,1163665.0000000,1732015.0000000,35.5706520,129.3060880,111.5034074
,1163675.0000000,1732015.0000000,35.5706504,129.3061983,112.0455923
,1163685.0000000,1732015.0000000,35.5706487,129.3063086,114.9332922
,1163695.0000000,1732015.0000000,35.5706471,129.3064189,116.9601745
,1163705.0000000,1732015.0000000,35.5706454,129.3065292,120.5503963
,1163715.0000000,1732015.0000000,35.5706438,129.3066395,122.3651797
,1163725.0000000,1732015.0000000,35.5706421,129.3067498,126.0871278
,1163735.0000000,1732015.0000000,35.5706405,129.3068601,128.0161807
,1163745.0000000,1732015.0000000,35.5706388,129.3069704,130.1141783
,1163755.0000000,1732015.0000000,35.5706372,129.3070807,129.5328188
,1163765.0000000,1732015.0000000,35.5706355,129.3071910,126.3092361
,1163775.0000000,1732015.0000000,35.5706339,129.3073013,121.3226409
,1163785.0000000,1732015.0000000,35.5706322,129.3074116,116.5092841
,1163795.0000000,1732015.0000000,35.5706305,129.3075219,111.7870196
,1163805.0000000,1732015.0000000,35.5706289,129.3076323,108.0484797
,1163815.0000000,1732015.0000000,35.5706272,129.3077426,106.3204333
,1163825.0000000,1732015.0000000,35.5706256,129.3078529,103.6303613
,1163835.0000000,1732015.0000000,35.5706239,129.3079632,101.9429693
,1163845.0000000,1732015.0000000,35.5706223,129.3080735,101.1778261
,1163855.0000000,1732015.0000000,35.5706206,129.3081838,97.6009074
,1163865.0000000,1732015.0000000,35.5706190,129.3082941,92.8025145
,1163875.0000000,1732015.0000000,35.5706173,129.3084044,90.2991738
,1163885.0000000,1732015.0000000,35.5706157,129.3085147,86.6351058
,1163895.0000000,1732015.0000000,35.5706140,129.3086250,84.4120307
,1163905.0000000,1732015.0000000,35.5706123,129.3087353,84.9316360
,1163915.0000000,1732015.0000000,35.5706107,129.3088456,85.8068986
,1163925.0000000,1732015.0000000,35.5706090,129.3089559,86.7677014
,1163935.0000000,1732015.0000000,35.5706074,129.3090662,88.1155603
,1163945.0000000,1732015.0000000,35.5706057,129.3091765,91.2346565
,1163955.0000000,1732015.0000000,35.5706041,129.3092868,92.7507188
,1163965.0000000,1732015.0000000,35.5706024,129.3093971,95.3231522
,1163975.0000000,1732015.0000000,35.5706008,129.3095074,96.8388985
,1163985.0000000,1732015.0000000,35.5705991,129.3096177,99.2989872
,1163995.0000000,1732015.0000000,35.5705974,129.3097280,101.7686418
,1163005.0000000,1732025.0000000,35.5708510,129.2988100,126.2556756
,1163015.0000000,1732025.0000000,35.5708494,129.2989203,125.0846689
,1163025.0000000,1732025.0000000,35.5708478,129.2990306,122.2824210
,1163035.0000000,1732025.0000000,35.5708461,129.2991409,121.4040725
,1163045.0000000,1732025.0000000,35.5708445,129.2992512,116.8631322
,1163055.0000000,1732025.0000000,35.5708428,129.2993615,112.9045489
,1163065.0000000,1732025.0000000,35.5708412,129.2994718,110.5897628
,1163075.0000000,1732025.0000000,35.5708395,129.2995821,107.1219115
,1163085.0000000,1732025.0000000,35.5708379,129.2996924,106.5190623
,1163095.0000000,1732025.0000000,35.5708362,129.2998027,106.4940861
,1163105.0000000,1732025.0000000,35.5708346,129.2999130,106.3416642
,1163115.0000000,1732025.0000000,35.5708329,129.3000233,106.4886903
,1163125.0000000,1732025.0000000,35.5708313,129.3001336,108.6733247
,1163135.0000000,1732025.0000000,35.5708296,129.3002439,111.2016045
,1163145.0000000,1732025.0000000,35.5708280,129.3003542,111.6881969
,1163155.0000000,1732025.0000000,35.5708263,129.3004645,113.8980829
,1163165.0000000,1732025.0000000,35.5708247,129.3005748,115.8982838
,1163175.0000000,1732025.0000000,35.5708230,129.3006851,116.8293939
,1163185.0000000,1732025.0000000,35.5708214,129.3007954,117.8676780
,1163195.0000000,1732025.0000000,35.5708197,129.3009057,118.5029447
,1163205.0000000,1732025.0000000,35.5708181,129.3010160,119.9957792
,1163215.0000000,1732025.0000000,35.5708165,129.3011263,121.4659441
,1163225.0000000,1732025.0000000,35.5708148,129.3012366,122.1223547
,1163235.0000000,1732025.0000000,35.5708132,129.3013470,125.1028783
,1163245.0000000,1732025.0000000,35.5708115,129.3014573,126.9950244
,1163255.0000000,1732025.0000000,35.5708099,129.3015676,127.8184159
,1163265.0000000,1732025.0000000,35.5708082,129.3016779,130.2528395
,1163275.0000000,1732025.0000000,35.5708066,129.3017882,131.2729993
,1163285.0000000,1732025.0000000,35.5708049,129.3018985,131.5178662
,1163295.0000000,1732025.0000000,35.5708033,129.3020088,131.8156209
,1163305.0000000,1732025.0000000,35.5708016,129.3021191,131.5000000
,1163315.0000000,1732025.0000000,35.5708000,129.3022294,131.3419879
,1163325.0000000,1732025.0000000,35.5707983,129.3023397,128.5357126
,1163335.0000000,1732025.0000000,35.5707967,129.3024500,124.7456047
,1163345.0000000,1732025.0000000,35.5707950,129.3025603,121.3976452
,1163355.0000000,1732025.0000000,35.5707934,129.3026706,119.3328999
,1163365.0000000,1732025.0000000,35.5707917,129.3027809,116.2455924
,1163375.0000000,1732025.0000000,35.5707901,129.3028912,112.6973588
,1163385.0000000,1732025.0000000,35.5707884,129.3030015,111.6663056
,1163395.0000000,1732025.0000000,35.5707868,129.3031118,109.4009388
,1163405.0000000,1732025.0000000,35.5707851,129.3032221,106.6275505
,1163415.0000000,1732025.0000000,35.5707835,129.3033324,106.7045492
,1163425.0000000,1732025.0000000,35.5707818,129.3034427,106.3368677
,1163435.0000000,1732025.0000000,35.5707802,129.3035530,104.1980308
,1163445.0000000,1732025.0000000,35.5707785,129.3036633,101.9230616
,1163455.0000000,1732025.0000000,35.5707769,129.3037736,101.6069205
,1163465.0000000,1732025.0000000,35.5707752,129.3038839,101.7700651
,1163475.0000000,1732025.0000000,35.5707736,129.3039943,106.6363175
,1163485.0000000,1732025.0000000,35.5707719,129.3041046,111.2393361
,1163495.0000000,1732025.0000000,35.5707703,129.3042149,112.0358067
,1163505.0000000,1732025.0000000,35.5707686,129.3043252,115.2802990
,1163515.0000000,1732025.0000000,35.5707670,129.3044355,116.4562896
,1163525.0000000,1732025.0000000,35.5707653,129.3045458,116.6609106
,1163535.0000000,1732025.0000000,35.5707636,129.3046561,118.3954438
,1163545.0000000,1732025.0000000,35.5707620,129.3047664,119.1952361
,1163555.0000000,1732025.0000000,35.5707603,129.3048767,118.8807016
,1163565.0000000,1732025.0000000,35.5707587,129.3049870,117.1501012
,1163575.0000000,1732025.0000000,35.5707570,129.3050973,116.5634208
,1163585.0000000,1732025.0000000,35.5707554,129.3052076,112.4932236
,1163595.0000000,1732025.0000000,35.5707537,129.3053179,110.7719760
,1163605.0000000,1732025.0000000,35.5707521,129.3054282,109.6352059
,1163615.0000000,1732025.0000000,35.5707504,129.3055385,111.4017447
,1163625.0000000,1732025.0000000,35.5707488,129.3056488,113.6422756
,1163635.0000000,1732025.0000000,35.5707471,129.3057591,115.0490077
,1163645.0000000,1732025.0000000,35.5707455,129.3058694,115.8344581
,1163655.0000000,1732025.0000000,35.5707438,129.3059797,115.6918099
,1163665.0000000,1732025.0000000,35.5707422,129.3060900,113.5652464
,1163675.0000000,1732025.0000000,35.5707405,129.3062003,114.2845477
,1163685.0000000,1732025.0000000,35.5707389,129.3063106,115.9680744
,1163695.0000000,1732025.0000000,35.5707372,129.3064209,116.8517176
,1163705.0000000,1732025.0000000,35.5707356,129.3065312,120.5688030
,1163715.0000000,1732025.0000000,35.5707339,129.3066415,122.1608373
,1163725.0000000,1732025.0000000,35.5707322,129.3067518,126.3838445
,1163735.0000000,1732025.0000000,35.5707306,129.3068622,128.8332249
,1163745.0000000,1732025.0000000,35.5707289,129.3069725,131.2784212
,1163755.0000000,1732025.0000000,35.5707273,129.3070828,131.2418209
,1163765.0000000,1732025.0000000,35.5707256,129.3071931,128.0357280
,1163775.0000000,1732025.0000000,35.5707240,129.3073034,122.7848108
,1163785.0000000,1732025.0000000,35.5707223,129.3074137,117.8841923
,1163795.0000000,1732025.0000000,35.5707207,129.3075240,114.5325008
,1163805.0000000,1732025.0000000,35.5707190,129.3076343,112.1407479
,1163815.0000000,1732025.0000000,35.5707174,129.3077446,110.9767634
,1163825.0000000,1732025.0000000,35.5707157,129.3078549,108.6577541
,1163835.0000000,1732025.0000000,35.5707140,129.3079652,106.4765156
,1163845.0000000,1732025.0000000,35.5707124,129.3080755,104.4987303
,1163855.0000000,1732025.0000000,35.5707107,129.3081858,101.1727461
,1163865.0000000,1732025.0000000,35.5707091,129.3082961,96.7064028
,1163875.0000000,1732025.0000000,35.5707074,129.3084064,91.8040996
,1163885.0000000,1732025.0000000,35.5707058,129.3085167,88.4078888
,1163895.0000000,1732025.0000000,35.5707041,129.3086270,86.5836691
,1163905.0000000,1732025.0000000,35.5707025,129.3087373,86.3134810
,1163915.0000000,1732025.0000000,35.5707008,129.3088476,86.6561308
,1163925.0000000,1732025.0000000,35.5706992,129.3089579,88.3639647
,1163935.0000000,1732025.0000000,35.5706975,129.3090682,91.2715660
,1163945.0000000,1732025.0000000,35.5706958,129.3091785,92.7248503
,1163955.0000000,1732025.0000000,35.5706942,129.3092888,95.5072480
,1163965.0000000,1732025.0000000,35.5706925,129.3093991,96.4241819
,1163975.0000000,1732025.0000000,35.5706909,129.3095094,99.1854540
,1163985.0000000,1732025.0000000,35.5706892,129.3096197,101.2908405
,1163995.0000000,1732025.0000000,35.5706876,129.3097300,104.4097460
,1163005.0000000,1732035.0000000,35.5709412,129.2988120,126.5000000
,1163015.0000000,1732035.0000000,35.5709395,129.2989223,125.0278948
,1163025.0000000,1732035.0000000,35.5709379,129.2990326,123.9010559
,1163035.0000000,1732035.0000000,35.5709362,129.2991429,121.1547152
,1163045.0000000,1732035.0000000,35.5709346,129.2992532,117.2754095
,1163055.0000000,1732035.0000000,35.5709329,129.2993635,113.9223340
,1163065.0000000,1732035.0000000,35.5709313,129.2994738,111.6651361
,1163075.0000000,1732035.0000000,35.5709296,129.2995841,109.1017410
,1163085.0000000,1732035.0000000,35.5709280,129.2996944,107.0463313
,1163095.0000000,1732035.0000000,35.5709263,129.2998047,106.6503338
,1163105.0000000,1732035.0000000,35.5709247,129.2999150,106.6884069
,1163115.0000000,1732035.0000000,35.5709231,129.3000253,107.5270029
,1163125.0000000,1732035.0000000,35.5709214,129.3001356,110.5895771
,1163135.0000000,1732035.0000000,35.5709198,129.3002459,111.5111037
,1163145.0000000,1732035.0000000,35.5709181,129.3003562,112.1034076
,1163155.0000000,1732035.0000000,35.5709165,129.3004665,116.1495201
,1163165.0000000,1732035.0000000,35.5709148,129.3005768,117.5217084
,1163175.0000000,1732035.0000000,35.5709132,129.3006871,120.0164038
,1163185.0000000,1732035.0000000,35.5709115,129.3007974,121.4937975
,1163195.0000000,1732035.0000000,35.5709099,129.3009078,121.2550551
,1163205.0000000,1732035.0000000,35.5709082,129.3010181,121.5221860
,1163215.0000000,1732035.0000000,35.5709066,129.3011284,121.8331927
,1163225.0000000,1732035.0000000,35.5709049,129.3012387,125.4338936
,1163235.0000000,1732035.0000000,35.5709033,129.3013490,129.0284849
,1163245.0000000,1732035.0000000,35.5709016,129.3014593,130.0181913
,1163255.0000000,1732035.0000000,35.5709000,129.3015696,131.1611262
,1163265.0000000,1732035.0000000,35.5708983,129.3016799,131.6631779
,1163275.0000000,1732035.0000000,35.5708967,129.3017902,132.5788278
,1163285.0000000,1732035.0000000,35.5708950,129.3019005,133.7803616
,1163295.0000000,1732035.0000000,35.5708934,129.3020108,134.8947308
,1163305.0000000,1732035.0000000,35.5708917,129.3021211,133.8442039
,1163315.0000000,1732035.0000000,35.5708901,129.3022314,131.5592268
,1163325.0000000,1732035.0000000,35.5708884,129.3023417,127.9653438
,1163335.0000000,1732035.0000000,35.5708868,129.3024520,124.8059848
,1163345.0000000,1732035.0000000,35.5708851,129.3025623,121.4700039
,1163355.0000000,1732035.0000000,35.5708835,129.3026726,118.6667890
,1163365.0000000,1732035.0000000,35.5708818,129.3027829,116.4806863
,1163375.0000000,1732035.0000000,35.5708802,129.3028932,114.0289943
,1163385.0000000,1732035.0000000,35.5708785,129.3030035,111.7837925
,1163395.0000000,1732035.0000000,35.5708769,129.3031138,110.5252940
,1163405.0000000,1732035.0000000,35.5708752,129.3032241,107.3249464
,1163415.0000000,1732035.0000000,35.5708736,129.3033344,106.6190815
,1163425.0000000,1732035.0000000,35.5708719,129.3034448,106.5000000
,1163435.0000000,1732035.0000000,35.5708703,129.3035551,106.5000000
,1163445.0000000,1732035.0000000,35.5708686,129.3036654,105.6227463
,1163455.0000000,1732035.0000000,35.5708670,129.3037757,104.1822969
,1163465.0000000,1732035.0000000,35.5708653,129.3038860,104.8877061
,1163475.0000000,1732035.0000000,35.5708637,129.3039963,106.9245774
,1163485.0000000,1732035.0000000,35.5708620,129.3041066,111.4127347
,1163495.0000000,1732035.0000000,35.5708604,129.3042169,115.7700668
,1163505.0000000,1732035.0000000,35.5708587,129.3043272,117.7685943
,1163515.0000000,1732035.0000000,35.5708571,129.3044375,120.3317960
,1163525.0000000,1732035.0000000,35.5708554,129.3045478,121.4934910
,1163535.0000000,1732035.0000000,35.5708538,129.3046581,122.1461876
,1163545.0000000,1732035.0000000,35.5708521,129.3047684,123.0050217
,1163555.0000000,1732035.0000000,35.5708505,129.3048787,121.8655496
,1163565.0000000,1732035.0000000,35.5708488,129.3049890,121.4238924
,1163575.0000000,1732035.0000000,35.5708472,129.3050993,118.8632535
,1163585.0000000,1732035.0000000,35.5708455,129.3052096,116.4314599
,1163595.0000000,1732035.0000000,35.5708439,129.3053199,111.9738592
,1163605.0000000,1732035.0000000,35.5708422,129.3054302,111.5189299
,1163615.0000000,1732035.0000000,35.5708406,129.3055405,113.5782445
,1163625.0000000,1732035.0000000,35.5708389,129.3056508,116.3134300
,1163635.0000000,1732035.0000000,35.5708372,129.3057611,117.7707203
,1163645.0000000,1732035.0000000,35.5708356,129.3058714,118.2136370
,1163655.0000000,1732035.0000000,35.5708339,129.3059817,117.4576101
,1163665.0000000,1732035.0000000,35.5708323,129.3060920,116.5011290
,1163675.0000000,1732035.0000000,35.5708306,129.3062024,116.6146346
,1163685.0000000,1732035.0000000,35.5708290,129.3063127,116.6537810
,1163695.0000000,1732035.0000000,35.5708273,129.3064230,118.0415370
,1163705.0000000,1732035.0000000,35.5708257,129.3065333,121.3901354
,1163715.0000000,1732035.0000000,35.5708240,129.3066436,123.4265259
,1163725.0000000,1732035.0000000,35.5708224,129.3067539,126.5601898
,1163735.0000000,1732035.0000000,35.5708207,129.3068642,130.6428754
,1163745.0000000,1732035.0000000,35.5708191,129.3069745,131.8043806
,1163755.0000000,1732035.0000000,35.5708174,129.3070848,132.1165468
,1163765.0000000,1732035.0000000,35.5708158,129.3071951,131.4500135
,1163775.0000000,1732035.0000000,35.5708141,129.3073054,126.0683514
,1163785.0000000,1732035.0000000,35.5708124,129.3074157,121.2860147
,1163795.0000000,1732035.0000000,35.5708108,129.3075260,118.3825557
,1163805.0000000,1732035.0000000,35.5708091,129.3076363,116.6308520
,1163815.0000000,1732035.0000000,35.5708075,129.3077466,114.8880166
,1163825.0000000,1732035.0000000,35.5708058,129.3078569,111.7339025
,1163835.0000000,1732035.0000000,35.5708042,129.3079672,110.3120603
,1163845.0000000,1732035.0000000,35.5708025,129.3080775,106.5130446
,1163855.0000000,1732035.0000000,35.5708009,129.3081878,103.0145818
,1163865.0000000,1732035.0000000,35.5707992,129.3082981,100.3862246
,1163875.0000000,1732035.0000000,35.5707975,129.3084084,96.3013256
,1163885.0000000,1732035.0000000,35.5707959,129.3085187,91.4488608
,1163895.0000000,1732035.0000000,35.5707942,129.3086290,89.2147522
,1163905.0000000,1732035.0000000,35.5707926,129.3087393,87.0948856
,1163915.0000000,1732035.0000000,35.5707909,129.3088496,86.5198182
,1163925.0000000,1732035.0000000,35.5707893,129.3089599,90.0739832
,1163935.0000000,1732035.0000000,35.5707876,129.3090703,91.3887867
,1163945.0000000,1732035.0000000,35.5707860,129.3091806,94.3676699
,1163955.0000000,1732035.0000000,35.5707843,129.3092909,96.4999666
,1163965.0000000,1732035.0000000,35.5707826,129.3094012,98.6644248
,1163975.0000000,1732035.0000000,35.5707810,129.3095115,101.0617486
,1163985.0000000,1732035.0000000,35.5707793,129.3096218,103.2017266
,1163995.0000000,1732035.0000000,35.5707777,129.3097321,106.1226019
,1163005.0000000,1732045.0000000,35.5710313,129.2988140,127.9276901
,1163015.0000000,1732045.0000000,35.5710296,129.2989243,125.8698330
,1163025.0000000,1732045.0000000,35.5710280,129.2990346,123.3772923
,1163035.0000000,1732045.0000000,35.5710264,129.2991449,121.1501717
,1163045.0000000,1732045.0000000,35.5710247,129.2992552,117.2684336
,1163055.0000000,1732045.0000000,35.5710231,129.2993655,115.1690724
,1163065.0000000,1732045.0000000,35.5710214,129.2994758,111.6779500
,1163075.0000000,1732045.0000000,35.5710198,129.2995861,111.2099437
,1163085.0000000,1732045.0000000,35.5710181,129.2996964,110.4109729
,1163095.0000000,1732045.0000000,35.5710165,129.2998067,109.1199380
,1163105.0000000,1732045.0000000,35.5710148,129.2999170,109.7078210
,1163115.0000000,1732045.0000000,35.5710132,129.3000273,110.3920160
,1163125.0000000,1732045.0000000,35.5710115,129.3001376,111.5000000
,1163135.0000000,1732045.0000000,35.5710099,129.3002479,111.5204425
,1163145.0000000,1732045.0000000,35.5710082,129.3003582,112.8959683
,1163155.0000000,1732045.0000000,35.5710066,129.3004686,116.1450248
,1163165.0000000,1732045.0000000,35.5710049,129.3005789,119.6538753
,1163175.0000000,1732045.0000000,35.5710033,129.3006892,121.3263433
,1163185.0000000,1732045.0000000,35.5710016,129.3007995,121.2381365
,1163195.0000000,1732045.0000000,35.5710000,129.3009098,122.7725542
,1163205.0000000,1732045.0000000,35.5709983,129.3010201,124.8000155
,1163215.0000000,1732045.0000000,35.5709967,129.3011304,126.7979763
,1163225.0000000,1732045.0000000,35.5709950,129.3012407,129.4378390
,1163235.0000000,1732045.0000000,35.5709934,129.3013510,130.6803743
,1163245.0000000,1732045.0000000,35.5709917,129.3014613,131.6451139
,1163255.0000000,1732045.0000000,35.5709901,129.3015716,132.4999428
,1163265.0000000,1732045.0000000,35.5709884,129.3016819,134.3041087
,1163275.0000000,1732045.0000000,35.5709868,129.3017922,136.3446215
,1163285.0000000,1732045.0000000,35.5709852,129.3019025,136.5449786
,1163295.0000000,1732045.0000000,35.5709835,129.3020128,136.5541914
,1163305.0000000,1732045.0000000,35.5709819,129.3021231,136.0147563
,1163315.0000000,1732045.0000000,35.5709802,129.3022334,132.4463255
,1163325.0000000,1732045.0000000,35.5709786,129.3023437,128.1410783
,1163335.0000000,1732045.0000000,35.5709769,129.3024540,124.5098820
,1163345.0000000,1732045.0000000,35.5709753,129.3025643,121.6286434
,1163355.0000000,1732045.0000000,35.5709736,129.3026746,118.4954042
,1163365.0000000,1732045.0000000,35.5709720,129.3027849,116.7842149
,1163375.0000000,1732045.0000000,35.5709703,129.3028952,115.8589334
,1163385.0000000,1732045.0000000,35.5709687,129.3030056,112.8239332
,1163395.0000000,1732045.0000000,35.5709670,129.3031159,111.2825524
,1163405.0000000,1732045.0000000,35.5709654,129.3032262,108.2526756
,1163415.0000000,1732045.0000000,35.5709637,129.3033365,106.6692850
,1163425.0000000,1732045.0000000,35.5709621,129.3034468,106.5000000
,1163435.0000000,1732045.0000000,35.5709604,129.3035571,106.5000000
,1163445.0000000,1732045.0000000,35.5709588,129.3036674,106.4910551
,1163455.0000000,1732045.0000000,35.5709571,129.3037777,106.4699828
,1163465.0000000,1732045.0000000,35.5709554,129.3038880,106.5006897
,1163475.0000000,1732045.0000000,35.5709538,129.3039983,106.7339383
,1163485.0000000,1732045.0000000,35.5709521,129.3041086,111.1517155
,1163495.0000000,1732045.0000000,35.5709505,129.3042189,116.5506510
,1163505.0000000,1732045.0000000,35.5709488,129.3043292,120.6138634
,1163515.0000000,1732045.0000000,35.5709472,129.3044395,121.7305005
,1163525.0000000,1732045.0000000,35.5709455,129.3045498,124.2643974
,1163535.0000000,1732045.0000000,35.5709439,129.3046601,126.4484535
,1163545.0000000,1732045.0000000,35.5709422,129.3047704,126.1048638
,1163555.0000000,1732045.0000000,35.5709406,129.3048807,126.3882894
,1163565.0000000,1732045.0000000,35.5709389,129.3049910,123.7831504
,1163575.0000000,1732045.0000000,35.5709373,129.3051013,121.4188721
,1163585.0000000,1732045.0000000,35.5709356,129.3052116,116.8456743
,1163595.0000000,1732045.0000000,35.5709340,129.3053219,115.5418932
,1163605.0000000,1732045.0000000,35.5709323,129.3054322,114.5396998
,1163615.0000000,1732045.0000000,35.5709307,129.3055426,116.4300976
,1163625.0000000,1732045.0000000,35.5709290,129.3056529,119.2132105
,1163635.0000000,1732045.0000000,35.5709274,129.3057632,121.4116300
,1163645.0000000,1732045.0000000,35.5709257,129.3058735,121.5290046
,1163655.0000000,1732045.0000000,35.5709241,129.3059838,121.4454732
,1163665.0000000,1732045.0000000,35.5709224,129.3060941,120.2759774
,1163675.0000000,1732045.0000000,35.5709208,129.3062044,119.7088390
,1163685.0000000,1732045.0000000,35.5709191,129.3063147,119.8003970
,1163695.0000000,1732045.0000000,35.5709174,129.3064250,121.0769682
,1163705.0000000,1732045.0000000,35.5709158,129.3065353,122.5262957
,1163715.0000000,1732045.0000000,35.5709141,129.3066456,126.0814971
,1163725.0000000,1732045.0000000,35.5709125,129.3067559,128.2245026
,1163735.0000000,1732045.0000000,35.5709108,129.3068662,131.5250175
,1163745.0000000,1732045.0000000,35.5709092,129.3069765,134.3587045
,1163755.0000000,1732045.0000000,35.5709075,129.3070868,135.9115212
,1163765.0000000,1732045.0000000,35.5709059,129.3071971,132.7344932
,1163775.0000000,1732045.0000000,35.5709042,129.3073074,130.5513444
,1163785.0000000,1732045.0000000,35.5709026,129.3074177,124.7112012
,1163795.0000000,1732045.0000000,35.5709009,129.3075280,121.9503945
,1163805.0000000,1732045.0000000,35.5708993,129.3076383,121.4769693
,1163815.0000000,1732045.0000000,35.5708976,129.3077486,117.8783344
,1163825.0000000,1732045.0000000,35.5708959,129.3078589,115.8515677
,1163835.0000000,1732045.0000000,35.5708943,129.3079692,111.6416970
,1163845.0000000,1732045.0000000,35.5708926,129.3080795,107.8987961
,1163855.0000000,1732045.0000000,35.5708910,129.3081898,105.6992244
,1163865.0000000,1732045.0000000,35.5708893,129.3083002,101.4795260
,1163875.0000000,1732045.0000000,35.5708877,129.3084105,96.8699393
,1163885.0000000,1732045.0000000,35.5708860,129.3085208,93.0004488
,1163895.0000000,1732045.0000000,35.5708844,129.3086311,91.4064284
,1163905.0000000,1732045.0000000,35.5708827,129.3087414,89.3243139
,1163915.0000000,1732045.0000000,35.5708810,129.3088517,88.4149875
,1163925.0000000,1732045.0000000,35.5708794,129.3089620,91.0118564
,1163935.0000000,1732045.0000000,35.5708777,129.3090723,91.7466331
,1163945.0000000,1732045.0000000,35.5708761,129.3091826,95.4746909
,1163955.0000000,1732045.0000000,35.5708744,129.3092929,97.2467990
,1163965.0000000,1732045.0000000,35.5708728,129.3094032,101.1077228
,1163975.0000000,1732045.0000000,35.5708711,129.3095135,102.2218185
,1163985.0000000,1732045.0000000,35.5708695,129.3096238,106.0394865
,1163995.0000000,1732045.0000000,35.5708678,129.3097341,107.0030441
,1163005.0000000,1732055.0000000,35.5711214,129.2988160,129.8192437
,1163015.0000000,1732055.0000000,35.5711198,129.2989263,127.2496467
,1163025.0000000,1732055.0000000,35.5711181,129.2990366,125.7131824
,1163035.0000000,1732055.0000000,35.5711165,129.2991469,121.7067005
,1163045.0000000,1732055.0000000,35.5711148,129.2992572,118.0014665
,1163055.0000000,1732055.0000000,35.5711132,129.2993675,115.8058048
,1163065.0000000,1732055.0000000,35.5711115,129.2994778,112.0722972
,1163075.0000000,1732055.0000000,35.5711099,129.2995881,111.6575923
,1163085.0000000,1732055.0000000,35.5711082,129.2996984,111.5000000
,1163095.0000000,1732055.0000000,35.5711066,129.2998087,111.5000000
,1163105.0000000,1732055.0000000,35.5711049,129.2999190,111.4405863
,1163115.0000000,1732055.0000000,35.5711033,129.3000294,111.5000000
,1163125.0000000,1732055.0000000,35.5711016,129.3001397,111.5000000
,1163135.0000000,1732055.0000000,35.5711000,129.3002500,112.1095308
,1163145.0000000,1732055.0000000,35.5710984,129.3003603,114.4218246
,1163155.0000000,1732055.0000000,35.5710967,129.3004706,116.5552179
,1163165.0000000,1732055.0000000,35.5710951,129.3005809,119.5355743
,1163175.0000000,1732055.0000000,35.5710934,129.3006912,121.1476405
,1163185.0000000,1732055.0000000,35.5710918,129.3008015,123.1506443
,1163195.0000000,1732055.0000000,35.5710901,129.3009118,126.4791581
,1163205.0000000,1732055.0000000,35.5710885,129.3010221,127.5867149
,1163215.0000000,1732055.0000000,35.5710868,129.3011324,128.0858996
,1163225.0000000,1732055.0000000,35.5710852,129.3012427,131.1985499
,1163235.0000000,1732055.0000000,35.5710835,129.3013530,131.2891781
,1163245.0000000,1732055.0000000,35.5710819,129.3014633,132.7908709
,1163255.0000000,1732055.0000000,35.5710802,129.3015736,135.6387690
,1163265.0000000,1732055.0000000,35.5710786,129.3016839,136.8513171
,1163275.0000000,1732055.0000000,35.5710769,129.3017942,138.5275769
,1163285.0000000,1732055.0000000,35.5710753,129.3019045,140.8712209
,1163295.0000000,1732055.0000000,35.5710736,129.3020148,139.1999251
,1163305.0000000,1732055.0000000,35.5710720,129.3021251,136.5395248
,1163315.0000000,1732055.0000000,35.5710703,129.3022354,134.8280608
,1163325.0000000,1732055.0000000,35.5710687,129.3023457,128.1388405
,1163335.0000000,1732055.0000000,35.5710670,129.3024561,125.1042116
,1163345.0000000,1732055.0000000,35.5710654,129.3025664,122.3336627
,1163355.0000000,1732055.0000000,35.5710637,129.3026767,121.3235194
,1163365.0000000,1732055.0000000,35.5710621,129.3027870,117.3400316
,1163375.0000000,1732055.0000000,35.5710604,129.3028973,116.6306914
,1163385.0000000,1732055.0000000,35.5710588,129.3030076,114.7356322
,1163395.0000000,1732055.0000000,35.5710571,129.3031179,111.9155830
,1163405.0000000,1732055.0000000,35.5710555,129.3032282,109.9062481
,1163415.0000000,1732055.0000000,35.5710538,129.3033385,108.1553056
,1163425.0000000,1732055.0000000,35.5710522,129.3034488,106.7886081
,1163435.0000000,1732055.0000000,35.5710505,129.3035591,106.5757642
,1163445.0000000,1732055.0000000,35.5710489,129.3036694,106.5000000
,1163455.0000000,1732055.0000000,35.5710472,129.3037797,106.5000000
,1163465.0000000,1732055.0000000,35.5710456,129.3038900,106.6593930
,1163475.0000000,1732055.0000000,35.5710439,129.3040003,107.0779888
,1163485.0000000,1732055.0000000,35.5710423,129.3041106,111.5185969
,1163495.0000000,1732055.0000000,35.5710406,129.3042209,116.4873006
,1163505.0000000,1732055.0000000,35.5710390,129.3043312,121.4561144
,1163515.0000000,1732055.0000000,35.5710373,129.3044415,123.8402618
,1163525.0000000,1732055.0000000,35.5710357,129.3045518,126.1780693
,1163535.0000000,1732055.0000000,35.5710340,129.3046621,126.3032567
,1163545.0000000,1732055.0000000,35.5710324,129.3047724,126.8218720
,1163555.0000000,1732055.0000000,35.5710307,129.3048827,126.9708224
,1163565.0000000,1732055.0000000,35.5710291,129.3049931,126.1424283
,1163575.0000000,1732055.0000000,35.5710274,129.3051034,122.2549310
,1163585.0000000,1732055.0000000,35.5710257,129.3052137,120.3566268
,1163595.0000000,1732055.0000000,35.5710241,129.3053240,117.2268384
,1163605.0000000,1732055.0000000,35.5710224,129.3054343,116.5295065
,1163615.0000000,1732055.0000000,35.5710208,129.3055446,117.3192305
,1163625.0000000,1732055.0000000,35.5710191,129.3056549,120.8001574
,1163635.0000000,1732055.0000000,35.5710175,129.3057652,122.4982940
,1163645.0000000,1732055.0000000,35.5710158,129.3058755,125.6422002
,1163655.0000000,1732055.0000000,35.5710142,129.3059858,124.6240280
,1163665.0000000,1732055.0000000,35.5710125,129.3060961,122.7378352
,1163675.0000000,1732055.0000000,35.5710109,129.3062064,122.6621755
,1163685.0000000,1732055.0000000,35.5710092,129.3063167,122.3069832
,1163695.0000000,1732055.0000000,35.5710076,129.3064270,123.4794089
,1163705.0000000,1732055.0000000,35.5710059,129.3065373,125.7446554
,1163715.0000000,1732055.0000000,35.5710043,129.3066476,127.1035459
,1163725.0000000,1732055.0000000,35.5710026,129.3067579,131.1617148
,1163735.0000000,1732055.0000000,35.5710010,129.3068682,132.4958447
,1163745.0000000,1732055.0000000,35.5709993,129.3069785,136.2592764
,1163755.0000000,1732055.0000000,35.5709976,129.3070888,136.1508821
,1163765.0000000,1732055.0000000,35.5709960,129.3071991,136.4666828
,1163775.0000000,1732055.0000000,35.5709943,129.3073094,133.7154493
,1163785.0000000,1732055.0000000,35.5709927,129.3074197,131.0987978
,1163795.0000000,1732055.0000000,35.5709910,129.3075300,126.4672946
,1163805.0000000,1732055.0000000,35.5709894,129.3076404,123.4168530
,1163815.0000000,1732055.0000000,35.5709877,129.3077507,120.8170352
,1163825.0000000,1732055.0000000,35.5709861,129.3078610,116.4922241
,1163835.0000000,1732055.0000000,35.5709844,129.3079713,111.8099581
,1163845.0000000,1732055.0000000,35.5709828,129.3080816,108.5708861
,1163855.0000000,1732055.0000000,35.5709811,129.3081919,105.5760679
,1163865.0000000,1732055.0000000,35.5709794,129.3083022,101.2538671
,1163875.0000000,1732055.0000000,35.5709778,129.3084125,96.5052685
,1163885.0000000,1732055.0000000,35.5709761,129.3085228,95.4966348
,1163895.0000000,1732055.0000000,35.5709745,129.3086331,93.2590350
,1163905.0000000,1732055.0000000,35.5709728,129.3087434,91.5002035
,1163915.0000000,1732055.0000000,35.5709712,129.3088537,91.5000000
,1163925.0000000,1732055.0000000,35.5709695,129.3089640,91.5000000
,1163935.0000000,1732055.0000000,35.5709679,129.3090743,92.9082595
,1163945.0000000,1732055.0000000,35.5709662,129.3091846,96.1642996
,1163955.0000000,1732055.0000000,35.5709645,129.3092949,99.1209331
,1163965.0000000,1732055.0000000,35.5709629,129.3094052,101.5388110
,1163975.0000000,1732055.0000000,35.5709612,129.3095155,105.3316365
,1163985.0000000,1732055.0000000,35.5709596,129.3096258,107.0427468
,1163995.0000000,1732055.0000000,35.5709579,129.3097361,110.6737230
,1163005.0000000,1732065.0000000,35.5712115,129.2988180,131.3572719
,1163015.0000000,1732065.0000000,35.5712099,129.2989283,128.4728129
,1163025.0000000,1732065.0000000,35.5712082,129.2990386,126.1158802
,1163035.0000000,1732065.0000000,35.5712066,129.2991489,121.7129940
,1163045.0000000,1732065.0000000,35.5712049,129.2992592,119.4442501
,1163055.0000000,1732065.0000000,35.5712033,129.2993695,116.4660773
,1163065.0000000,1732065.0000000,35.5712017,129.2994798,114.3120699
,1163075.0000000,1732065.0000000,35.5712000,129.2995901,111.9602434
,1163085.0000000,1732065.0000000,35.5711984,129.2997005,111.7038687
,1163095.0000000,1732065.0000000,35.5711967,129.2998108,111.7979542
,1163105.0000000,1732065.0000000,35.5711951,129.2999211,111.5827296
,1163115.0000000,1732065.0000000,35.5711934,129.3000314,111.6805352
,1163125.0000000,1732065.0000000,35.5711918,129.3001417,111.7174223
,1163135.0000000,1732065.0000000,35.5711901,129.3002520,113.2461210
,1163145.0000000,1732065.0000000,35.5711885,129.3003623,115.6419596
,1163155.0000000,1732065.0000000,35.5711868,129.3004726,117.0600384
,1163165.0000000,1732065.0000000,35.5711852,129.3005829,120.7391410
,1163175.0000000,1732065.0000000,35.5711835,129.3006932,121.5996223
,1163185.0000000,1732065.0000000,35.5711819,129.3008035,125.4860502
,1163195.0000000,1732065.0000000,35.5711802,129.3009138,127.8766066
,1163205.0000000,1732065.0000000,35.5711786,129.3010241,130.2691053
,1163215.0000000,1732065.0000000,35.5711769,129.3011344,131.2538719
,1163225.0000000,1732065.0000000,35.5711753,129.3012447,131.4885871
,1163235.0000000,1732065.0000000,35.5711736,129.3013550,133.5079797
,1163245.0000000,1732065.0000000,35.5711720,129.3014653,135.4749392
,1163255.0000000,1732065.0000000,35.5711703,129.3015756,137.1029007
,1163265.0000000,1732065.0000000,35.5711687,129.3016859,137.9565591
,1163275.0000000,1732065.0000000,35.5711670,129.3017962,141.4054990
,1163285.0000000,1732065.0000000,35.5711654,129.3019065,141.5000000
,1163295.0000000,1732065.0000000,35.5711637,129.3020169,140.2657585
,1163305.0000000,1732065.0000000,35.5711621,129.3021272,136.3973991
,1163315.0000000,1732065.0000000,35.5711604,129.3022375,133.1120971
,1163325.0000000,1732065.0000000,35.5711588,129.3023478,129.3574821
,1163335.0000000,1732065.0000000,35.5711571,129.3024581,126.4107646
,1163345.0000000,1732065.0000000,35.5711555,129.3025684,125.9038565
,1163355.0000000,1732065.0000000,35.5711538,129.3026787,122.6238979
,1163365.0000000,1732065.0000000,35.5711522,129.3027890,121.1088014
,1163375.0000000,1732065.0000000,35.5711505,129.3028993,117.1043430
,1163385.0000000,1732065.0000000,35.5711489,129.3030096,115.7436267
,1163395.0000000,1732065.0000000,35.5711472,129.3031199,112.0269427
,1163405.0000000,1732065.0000000,35.5711456,129.3032302,111.2841572
,1163415.0000000,1732065.0000000,35.5711439,129.3033405,110.4354054
,1163425.0000000,1732065.0000000,35.5711423,129.3034508,109.2505250
,1163435.0000000,1732065.0000000,35.5711406,129.3035611,107.9263844
,1163445.0000000,1732065.0000000,35.5711390,129.3036714,106.8949721
,1163455.0000000,1732065.0000000,35.5711373,129.3037817,106.6021908
,1163465.0000000,1732065.0000000,35.5711357,129.3038920,107.3396886
,1163475.0000000,1732065.0000000,35.5711340,129.3040023,109.9385817
,1163485.0000000,1732065.0000000,35.5711324,129.3041126,112.8344797
,1163495.0000000,1732065.0000000,35.5711307,129.3042229,116.4606244
,1163505.0000000,1732065.0000000,35.5711291,129.3043332,121.1699487
,1163515.0000000,1732065.0000000,35.5711274,129.3044436,125.3637650
,1163525.0000000,1732065.0000000,35.5711258,129.3045539,126.5051456
,1163535.0000000,1732065.0000000,35.5711241,129.3046642,127.8487057
,1163545.0000000,1732065.0000000,35.5711225,129.3047745,130.1526659
,1163555.0000000,1732065.0000000,35.5711208,129.3048848,130.5960481
,1163565.0000000,1732065.0000000,35.5711192,129.3049951,128.4684630
,1163575.0000000,1732065.0000000,35.5711175,129.3051054,126.4626890
,1163585.0000000,1732065.0000000,35.5711159,129.3052157,122.3939502
,1163595.0000000,1732065.0000000,35.5711142,129.3053260,120.8977031
,1163605.0000000,1732065.0000000,35.5711126,129.3054363,119.2335000
,1163615.0000000,1732065.0000000,35.5711109,129.3055466,120.2958888
,1163625.0000000,1732065.0000000,35.5711093,129.3056569,121.7237387
,1163635.0000000,1732065.0000000,35.5711076,129.3057672,123.5463148
,1163645.0000000,1732065.0000000,35.5711060,129.3058775,125.9379258
,1163655.0000000,1732065.0000000,35.5711043,129.3059878,126.3639442
,1163665.0000000,1732065.0000000,35.5711026,129.3060981,126.4730068
,1163675.0000000,1732065.0000000,35.5711010,129.3062084,126.4558300
,1163685.0000000,1732065.0000000,35.5710993,129.3063187,126.4960258
,1163695.0000000,1732065.0000000,35.5710977,129.3064290,126.3956373
,1163705.0000000,1732065.0000000,35.5710960,129.3065393,126.5999877
,1163715.0000000,1732065.0000000,35.5710944,129.3066496,129.4583721
,1163725.0000000,1732065.0000000,35.5710927,129.3067599,131.3131560
,1163735.0000000,1732065.0000000,35.5710911,129.3068702,133.7596791
,1163745.0000000,1732065.0000000,35.5710894,129.3069806,136.6296457
,1163755.0000000,1732065.0000000,35.5710878,129.3070909,138.1593702
,1163765.0000000,1732065.0000000,35.5710861,129.3072012,137.7482189
,1163775.0000000,1732065.0000000,35.5710845,129.3073115,136.4987456
,1163785.0000000,1732065.0000000,35.5710828,129.3074218,133.4133426
,1163795.0000000,1732065.0000000,35.5710812,129.3075321,130.2648494
,1163805.0000000,1732065.0000000,35.5710795,129.3076424,125.0422153
,1163815.0000000,1732065.0000000,35.5710778,129.3077527,120.5567175
,1163825.0000000,1732065.0000000,35.5710762,129.3078630,116.5963193
,1163835.0000000,1732065.0000000,35.5710745,129.3079733,111.4836563
,1163845.0000000,1732065.0000000,35.5710729,129.3080836,106.6963961
,1163855.0000000,1732065.0000000,35.5710712,129.3081939,103.4085872
,1163865.0000000,1732065.0000000,35.5710696,129.3083042,101.2657847
,1163875.0000000,1732065.0000000,35.5710679,129.3084145,98.8097603
,1163885.0000000,1732065.0000000,35.5710663,129.3085248,96.7328264
,1163895.0000000,1732065.0000000,35.5710646,129.3086351,96.1958293
,1163905.0000000,1732065.0000000,35.5710629,129.3087454,92.3793917
,1163915.0000000,1732065.0000000,35.5710613,129.3088557,91.5000000
,1163925.0000000,1732065.0000000,35.5710596,129.3089660,91.5722456
,1163935.0000000,1732065.0000000,35.5710580,129.3090763,94.1213385
,1163945.0000000,1732065.0000000,35.5710563,129.3091866,96.4265212
,1163955.0000000,1732065.0000000,35.5710547,129.3092969,99.2424395
,1163965.0000000,1732065.0000000,35.5710530,129.3094072,102.4383998
,1163975.0000000,1732065.0000000,35.5710514,129.3095175,106.4012391
,1163985.0000000,1732065.0000000,35.5710497,129.3096279,108.0788803
,1163995.0000000,1732065.0000000,35.5710480,129.3097382,111.5074948
,1163005.0000000,1732075.0000000,35.5713017,129.2988200,131.2606278
,1163015.0000000,1732075.0000000,35.5713000,129.2989303,129.9811620
,1163025.0000000,1732075.0000000,35.5712984,129.2990406,126.0104090
,1163035.0000000,1732075.0000000,35.5712967,129.2991509,121.9673322
,1163045.0000000,1732075.0000000,35.5712951,129.2992612,121.0804281
,1163055.0000000,1732075.0000000,35.5712934,129.2993716,117.9409686
,1163065.0000000,1732075.0000000,35.5712918,129.2994819,116.5018916
,1163075.0000000,1732075.0000000,35.5712901,129.2995922,115.6488705
,1163085.0000000,1732075.0000000,35.5712885,129.2997025,115.0226872
,1163095.0000000,1732075.0000000,35.5712868,129.2998128,114.8494752
,1163105.0000000,1732075.0000000,35.5712852,129.2999231,114.8418091
,1163115.0000000,1732075.0000000,35.5712835,129.3000334,114.3188863
,1163125.0000000,1732075.0000000,35.5712819,129.3001437,115.1743049
,1163135.0000000,1732075.0000000,35.5712802,129.3002540,116.2471178
,1163145.0000000,1732075.0000000,35.5712786,129.3003643,117.0752395
,1163155.0000000,1732075.0000000,35.5712769,129.3004746,118.5314961
,1163165.0000000,1732075.0000000,35.5712753,129.3005849,121.3252489
,1163175.0000000,1732075.0000000,35.5712737,129.3006952,123.3259084
,1163185.0000000,1732075.0000000,35.5712720,129.3008055,126.9936889
,1163195.0000000,1732075.0000000,35.5712704,129.3009158,128.6902056
,1163205.0000000,1732075.0000000,35.5712687,129.3010261,131.4861606
,1163215.0000000,1732075.0000000,35.5712671,129.3011364,132.0072841
,1163225.0000000,1732075.0000000,35.5712654,129.3012467,134.2747225
,1163235.0000000,1732075.0000000,35.5712638,129.3013570,135.6398854
,1163245.0000000,1732075.0000000,35.5712621,129.3014673,136.9571199
,1163255.0000000,1732075.0000000,35.5712605,129.3015777,136.6558948
,1163265.0000000,1732075.0000000,35.5712588,129.3016880,140.2551005
,1163275.0000000,1732075.0000000,35.5712572,129.3017983,141.5000000
,1163285.0000000,1732075.0000000,35.5712555,129.3019086,141.3519977
,1163295.0000000,1732075.0000000,35.5712539,129.3020189,137.7724842
,1163305.0000000,1732075.0000000,35.5712522,129.3021292,136.2353145
,1163315.0000000,1732075.0000000,35.5712506,129.3022395,132.3634768
,1163325.0000000,1732075.0000000,35.5712489,129.3023498,130.6746574
,1163335.0000000,1732075.0000000,35.5712473,129.3024601,126.5000000
,1163345.0000000,1732075.0000000,35.5712456,129.3025704,126.3907086
,1163355.0000000,1732075.0000000,35.5712440,129.3026807,123.2152615
,1163365.0000000,1732075.0000000,35.5712423,129.3027910,121.3889836
,1163375.0000000,1732075.0000000,35.5712407,129.3029013,117.2728356
,1163385.0000000,1732075.0000000,35.5712390,129.3030116,116.3694570
,1163395.0000000,1732075.0000000,35.5712374,129.3031219,113.7758618
,1163405.0000000,1732075.0000000,35.5712357,129.3032322,111.6607971
,1163415.0000000,1732075.0000000,35.5712341,129.3033425,111.4914717
,1163425.0000000,1732075.0000000,35.5712324,129.3034528,111.0857894
,1163435.0000000,1732075.0000000,35.5712308,129.3035631,110.4235913
,1163445.0000000,1732075.0000000,35.5712291,129.3036734,109.9850327
,1163455.0000000,1732075.0000000,35.5712275,129.3037837,110.4336094
,1163465.0000000,1732075.0000000,35.5712258,129.3038941,110.5533816
,1163475.0000000,1732075.0000000,35.5712242,129.3040044,112.1065035
,1163485.0000000,1732075.0000000,35.5712225,129.3041147,113.4711447
,1163495.0000000,1732075.0000000,35.5712209,129.3042250,116.4732449
,1163505.0000000,1732075.0000000,35.5712192,129.3043353,121.2342108
,1163515.0000000,1732075.0000000,35.5712176,129.3044456,125.6035780
,1163525.0000000,1732075.0000000,35.5712159,129.3045559,126.6246177
,1163535.0000000,1732075.0000000,35.5712143,129.3046662,129.0519509
,1163545.0000000,1732075.0000000,35.5712126,129.3047765,131.4549842
,1163555.0000000,1732075.0000000,35.5712109,129.3048868,131.2437864
,1163565.0000000,1732075.0000000,35.5712093,129.3049971,131.2642947
,1163575.0000000,1732075.0000000,35.5712076,129.3051074,128.5893775
,1163585.0000000,1732075.0000000,35.5712060,129.3052177,126.5636642
,1163595.0000000,1732075.0000000,35.5712043,129.3053280,122.1004019
,1163605.0000000,1732075.0000000,35.5712027,129.3054383,121.7315001
,1163615.0000000,1732075.0000000,35.5712010,129.3055486,121.7456470
,1163625.0000000,1732075.0000000,35.5711994,129.3056589,124.1589866
,1163635.0000000,1732075.0000000,35.5711977,129.3057692,126.3186852
,1163645.0000000,1732075.0000000,35.5711961,129.3058795,126.4384071
,1163655.0000000,1732075.0000000,35.5711944,129.3059898,127.6710032
,1163665.0000000,1732075.0000000,35.5711928,129.3061001,129.8627326
,1163675.0000000,1732075.0000000,35.5711911,129.3062104,130.8278208
,1163685.0000000,1732075.0000000,35.5711895,129.3063208,130.5385864
,1163695.0000000,1732075.0000000,35.5711878,129.3064311,128.8456480
,1163705.0000000,1732075.0000000,35.5711862,129.3065414,128.9676190
,1163715.0000000,1732075.0000000,35.5711845,129.3066517,131.3403226
,1163725.0000000,1732075.0000000,35.5711828,129.3067620,133.4291838
,1163735.0000000,1732075.0000000,35.5711812,129.3068723,136.3942596
,1163745.0000000,1732075.0000000,35.5711795,129.3069826,138.6792549
,1163755.0000000,1732075.0000000,35.5711779,129.3070929,140.9861401
,1163765.0000000,1732075.0000000,35.5711762,129.3072032,140.8255100
,1163775.0000000,1732075.0000000,35.5711746,129.3073135,140.2816223
,1163785.0000000,1732075.0000000,35.5711729,129.3074238,136.3008754
,1163795.0000000,1732075.0000000,35.5711713,129.3075341,131.2111590
,1163805.0000000,1732075.0000000,35.5711696,129.3076444,126.3040406
,1163815.0000000,1732075.0000000,35.5711680,129.3077547,121.3610287
,1163825.0000000,1732075.0000000,35.5711663,129.3078650,116.5293494
,1163835.0000000,1732075.0000000,35.5711647,129.3079753,111.4337647
,1163845.0000000,1732075.0000000,35.5711630,129.3080856,106.8054139
,1163855.0000000,1732075.0000000,35.5711613,129.3081959,105.9222313
,1163865.0000000,1732075.0000000,35.5711597,129.3083062,102.0537882
,1163875.0000000,1732075.0000000,35.5711580,129.3084165,101.2498643
,1163885.0000000,1732075.0000000,35.5711564,129.3085268,98.2332303
,1163895.0000000,1732075.0000000,35.5711547,129.3086371,96.5366771
,1163905.0000000,1732075.0000000,35.5711531,129.3087474,95.4987633
,1163915.0000000,1732075.0000000,35.5711514,129.3088578,93.1869422
,1163925.0000000,1732075.0000000,35.5711498,129.3089681,93.7403073
,1163935.0000000,1732075.0000000,35.5711481,129.3090784,96.4072117
,1163945.0000000,1732075.0000000,35.5711464,129.3091887,96.6082030
,1163955.0000000,1732075.0000000,35.5711448,129.3092990,99.7824540
,1163965.0000000,1732075.0000000,35.5711431,129.3094093,102.9051166
,1163975.0000000,1732075.0000000,35.5711415,129.3095196,106.1696598
,1163985.0000000,1732075.0000000,35.5711398,129.3096299,109.1407524
,1163995.0000000,1732075.0000000,35.5711382,129.3097402,111.5716400
,1163005.0000000,1732085.0000000,35.5713918,129.2988220,131.7107981
,1163015.0000000,1732085.0000000,35.5713901,129.2989323,130.9176337
,1163025.0000000,1732085.0000000,35.5713885,129.2990427,126.8901659
,1163035.0000000,1732085.0000000,35.5713868,129.2991530,124.9463224
,1163045.0000000,1732085.0000000,35.5713852,129.2992633,121.5247643
,1163055.0000000,1732085.0000000,35.5713835,129.2993736,121.2717556
,1163065.0000000,1732085.0000000,35.5713819,129.2994839,119.2161233
,1163075.0000000,1732085.0000000,35.5713802,129.2995942,117.1941884
,1163085.0000000,1732085.0000000,35.5713786,129.2997045,116.7708325
,1163095.0000000,1732085.0000000,35.5713770,129.2998148,116.7047731
,1163105.0000000,1732085.0000000,35.5713753,129.2999251,116.5931106
,1163115.0000000,1732085.0000000,35.5713737,129.3000354,116.5000000
,1163125.0000000,1732085.0000000,35.5713720,129.3001457,116.5000000
,1163135.0000000,1732085.0000000,35.5713704,129.3002560,116.5624219
,1163145.0000000,1732085.0000000,35.5713687,129.3003663,116.7206386
,1163155.0000000,1732085.0000000,35.5713671,129.3004766,120.3149748
,1163165.0000000,1732085.0000000,35.5713654,129.3005869,122.3104779
,1163175.0000000,1732085.0000000,35.5713638,129.3006972,126.2052315
,1163185.0000000,1732085.0000000,35.5713621,129.3008075,127.2449194
,1163195.0000000,1732085.0000000,35.5713605,129.3009178,130.7956483
,1163205.0000000,1732085.0000000,35.5713588,129.3010281,131.3522362
,1163215.0000000,1732085.0000000,35.5713572,129.3011385,133.4688629
,1163225.0000000,1732085.0000000,35.5713555,129.3012488,136.3005069
,1163235.0000000,1732085.0000000,35.5713539,129.3013591,136.4866883
,1163245.0000000,1732085.0000000,35.5713522,129.3014694,136.6193249
,1163255.0000000,1732085.0000000,35.5713506,129.3015797,139.0878264
,1163265.0000000,1732085.0000000,35.5713489,129.3016900,141.4541409
,1163275.0000000,1732085.0000000,35.5713473,129.3018003,141.4259289
,1163285.0000000,1732085.0000000,35.5713456,129.3019106,139.0744951
,1163295.0000000,1732085.0000000,35.5713440,129.3020209,136.5725937
,1163305.0000000,1732085.0000000,35.5713423,129.3021312,135.3779758
,1163315.0000000,1732085.0000000,35.5713407,129.3022415,131.6554793
,1163325.0000000,1732085.0000000,35.5713390,129.3023518,131.0978225
,1163335.0000000,1732085.0000000,35.5713374,129.3024621,127.6023635
,1163345.0000000,1732085.0000000,35.5713357,129.3025724,126.0609167
,1163355.0000000,1732085.0000000,35.5713341,129.3026827,122.2557495
,1163365.0000000,1732085.0000000,35.5713324,129.3027930,120.4771641
,1163375.0000000,1732085.0000000,35.5713308,129.3029033,117.2782442
,1163385.0000000,1732085.0000000,35.5713291,129.3030136,116.4994289
,1163395.0000000,1732085.0000000,35.5713275,129.3031239,115.5686233
,1163405.0000000,1732085.0000000,35.5713258,129.3032342,113.2132518
,1163415.0000000,1732085.0000000,35.5713242,129.3033445,112.1061057
,1163425.0000000,1732085.0000000,35.5713225,129.3034549,111.5260793
,1163435.0000000,1732085.0000000,35.5713209,129.3035652,111.4528001
,1163445.0000000,1732085.0000000,35.5713192,129.3036755,111.5000000
,1163455.0000000,1732085.0000000,35.5713176,129.3037858,111.5000000
,1163465.0000000,1732085.0000000,35.5713159,129.3038961,111.5000000
,1163475.0000000,1732085.0000000,35.5713143,129.3040064,111.5553877
,1163485.0000000,1732085.0000000,35.5713126,129.3041167,112.2428817
,1163495.0000000,1732085.0000000,35.5713110,129.3042270,116.6042904
,1163505.0000000,1732085.0000000,35.5713093,129.3043373,121.4697565
,1163515.0000000,1732085.0000000,35.5713077,129.3044476,124.6761508
,1163525.0000000,1732085.0000000,35.5713060,129.3045579,126.0003505
,1163535.0000000,1732085.0000000,35.5713044,129.3046682,129.0578363
,1163545.0000000,1732085.0000000,35.5713027,129.3047785,131.3145952
,1163555.0000000,1732085.0000000,35.5713011,129.3048888,131.2564910
,1163565.0000000,1732085.0000000,35.5712994,129.3049991,130.8704840
,1163575.0000000,1732085.0000000,35.5712978,129.3051094,130.4856612
,1163585.0000000,1732085.0000000,35.5712961,129.3052197,129.1688752
,1163595.0000000,1732085.0000000,35.5712945,129.3053300,126.4273711
,1163605.0000000,1732085.0000000,35.5712928,129.3054403,123.8762980
,1163615.0000000,1732085.0000000,35.5712912,129.3055506,124.2331825
,1163625.0000000,1732085.0000000,35.5712895,129.3056609,126.2981855
,1163635.0000000,1732085.0000000,35.5712878,129.3057713,127.5187974
,1163645.0000000,1732085.0000000,35.5712862,129.3058816,129.8139619
,1163655.0000000,1732085.0000000,35.5712845,129.3059919,131.9129972
,1163665.0000000,1732085.0000000,35.5712829,129.3061022,131.7862388
,1163675.0000000,1732085.0000000,35.5712812,129.3062125,133.3357625
,1163685.0000000,1732085.0000000,35.5712796,129.3063228,132.1898010
,1163695.0000000,1732085.0000000,35.5712779,129.3064331,131.5651344
,1163705.0000000,1732085.0000000,35.5712763,129.3065434,131.5830056
,1163715.0000000,1732085.0000000,35.5712746,129.3066537,132.4838946
,1163725.0000000,1732085.0000000,35.5712730,129.3067640,135.6349709
,1163735.0000000,1732085.0000000,35.5712713,129.3068743,136.9788989
,1163745.0000000,1732085.0000000,35.5712697,129.3069846,140.5162878
,1163755.0000000,1732085.0000000,35.5712680,129.3070949,141.5116246
,1163765.0000000,1732085.0000000,35.5712664,129.3072052,141.1667797
,1163775.0000000,1732085.0000000,35.5712647,129.3073155,140.8277072
,1163785.0000000,1732085.0000000,35.5712630,129.3074258,138.3344085
,1163795.0000000,1732085.0000000,35.5712614,129.3075361,134.1654903
,1163805.0000000,1732085.0000000,35.5712597,129.3076464,128.3618508
,1163815.0000000,1732085.0000000,35.5712581,129.3077567,122.4078019
,1163825.0000000,1732085.0000000,35.5712564,129.3078670,117.7168843
,1163835.0000000,1732085.0000000,35.5712548,129.3079773,113.3974689
,1163845.0000000,1732085.0000000,35.5712531,129.3080876,111.4506503
,1163855.0000000,1732085.0000000,35.5712515,129.3081980,108.7053089
,1163865.0000000,1732085.0000000,35.5712498,129.3083083,105.5788739
,1163875.0000000,1732085.0000000,35.5712482,129.3084186,101.7580583
,1163885.0000000,1732085.0000000,35.5712465,129.3085289,99.9654575
,1163895.0000000,1732085.0000000,35.5712448,129.3086392,96.7271890
,1163905.0000000,1732085.0000000,35.5712432,129.3087495,96.5301106
,1163915.0000000,1732085.0000000,35.5712415,129.3088598,96.1129565
,1163925.0000000,1732085.0000000,35.5712399,129.3089701,96.4406092
,1163935.0000000,1732085.0000000,35.5712382,129.3090804,96.4856689
,1163945.0000000,1732085.0000000,35.5712366,129.3091907,97.0017430
,1163955.0000000,1732085.0000000,35.5712349,129.3093010,100.3697440
,1163965.0000000,1732085.0000000,35.5712333,129.3094113,101.5503144
,1163975.0000000,1732085.0000000,35.5712316,129.3095216,105.3401998
,1163985.0000000,1732085.0000000,35.5712299,129.3096319,108.4474020
,1163995.0000000,1732085.0000000,35.5712283,129.3097422,111.5193877
,1163005.0000000,1732095.0000000,35.5714819,129.2988241,134.2453300
,1163015.0000000,1732095.0000000,35.5714803,129.2989344,131.6892893
,1163025.0000000,1732095.0000000,35.5714786,129.2990447,129.2502690
,1163035.0000000,1732095.0000000,35.5714770,129.2991550,126.5728477
,1163045.0000000,1732095.0000000,35.5714753,129.2992653,124.9498287
,1163055.0000000,1732095.0000000,35.5714737,129.2993756,122.6432663
,1163065.0000000,1732095.0000000,35.5714720,129.2994859,121.5677777
,1163075.0000000,1732095.0000000,35.5714704,129.2995962,120.6379579
,1163085.0000000,1732095.0000000,35.5714687,129.2997065,120.1961484
,1163095.0000000,1732095.0000000,35.5714671,129.2998168,119.7824984
,1163105.0000000,1732095.0000000,35.5714654,129.2999271,118.7606058
,1163115.0000000,1732095.0000000,35.5714638,129.3000374,116.9120594
,1163125.0000000,1732095.0000000,35.5714621,129.3001477,116.5277595
,1163135.0000000,1732095.0000000,35.5714605,129.3002580,116.6917850
,1163145.0000000,1732095.0000000,35.5714588,129.3003683,118.4923897
,1163155.0000000,1732095.0000000,35.5714572,129.3004786,121.0155554
,1163165.0000000,1732095.0000000,35.5714555,129.3005889,124.0223408
,1163175.0000000,1732095.0000000,35.5714539,129.3006992,126.9170448
,1163185.0000000,1732095.0000000,35.5714522,129.3008096,128.3721691
,1163195.0000000,1732095.0000000,35.5714506,129.3009199,131.4623970
,1163205.0000000,1732095.0000000,35.5714489,129.3010302,132.0323141
,1163215.0000000,1732095.0000000,35.5714473,129.3011405,134.7969529
,1163225.0000000,1732095.0000000,35.5714457,129.3012508,136.1401573
,1163235.0000000,1732095.0000000,35.5714440,129.3013611,137.3393216
,1163245.0000000,1732095.0000000,35.5714424,129.3014714,138.5971850
,1163255.0000000,1732095.0000000,35.5714407,129.3015817,140.5710201
,1163265.0000000,1732095.0000000,35.5714391,129.3016920,141.1318367
,1163275.0000000,1732095.0000000,35.5714374,129.3018023,140.9055525
,1163285.0000000,1732095.0000000,35.5714358,129.3019126,137.1484274
,1163295.0000000,1732095.0000000,35.5714341,129.3020229,136.5715582
,1163305.0000000,1732095.0000000,35.5714325,129.3021332,134.5452000
,1163315.0000000,1732095.0000000,35.5714308,129.3022435,131.6138128
,1163325.0000000,1732095.0000000,35.5714292,129.3023538,131.2438621
,1163335.0000000,1732095.0000000,35.5714275,129.3024641,126.6411514
,1163345.0000000,1732095.0000000,35.5714259,129.3025744,123.3183571
,1163355.0000000,1732095.0000000,35.5714242,129.3026847,122.0062259
,1163365.0000000,1732095.0000000,35.5714226,129.3027950,120.7456280
,1163375.0000000,1732095.0000000,35.5714209,129.3029053,117.5025730
,1163385.0000000,1732095.0000000,35.5714193,129.3030157,116.6050510
,1163395.0000000,1732095.0000000,35.5714176,129.3031260,116.3789042
,1163405.0000000,1732095.0000000,35.5714160,129.3032363,115.3745934
,1163415.0000000,1732095.0000000,35.5714143,129.3033466,113.4908063
,1163425.0000000,1732095.0000000,35.5714127,129.3034569,111.9987476
,1163435.0000000,1732095.0000000,35.5714110,129.3035672,111.5166517
,1163445.0000000,1732095.0000000,35.5714094,129.3036775,111.5000000
,1163455.0000000,1732095.0000000,35.5714077,129.3037878,111.5000000
,1163465.0000000,1732095.0000000,35.5714061,129.3038981,111.5000000
,1163475.0000000,1732095.0000000,35.5714044,129.3040084,111.5000000
,1163485.0000000,1732095.0000000,35.5714028,129.3041187,111.7489520
,1163495.0000000,1732095.0000000,35.5714011,129.3042290,116.5017745
,1163505.0000000,1732095.0000000,35.5713994,129.3043393,121.1107857
,1163515.0000000,1732095.0000000,35.5713978,129.3044496,122.6220783
,1163525.0000000,1732095.0000000,35.5713961,129.3045599,125.2495119
,1163535.0000000,1732095.0000000,35.5713945,129.3046702,128.6576715
,1163545.0000000,1732095.0000000,35.5713928,129.3047805,130.9622866
,1163555.0000000,1732095.0000000,35.5713912,129.3048908,131.5000000
,1163565.0000000,1732095.0000000,35.5713895,129.3050011,131.3989383
,1163575.0000000,1732095.0000000,35.5713879,129.3051114,130.5572945
,1163585.0000000,1732095.0000000,35.5713862,129.3052218,130.6807492
,1163595.0000000,1732095.0000000,35.5713846,129.3053321,127.2124171
,1163605.0000000,1732095.0000000,35.5713829,129.3054424,126.2487996
,1163615.0000000,1732095.0000000,35.5713813,129.3055527,126.2314532
,1163625.0000000,1732095.0000000,35.5713796,129.3056630,127.9951489
,1163635.0000000,1732095.0000000,35.5713780,129.3057733,130.6777386
,1163645.0000000,1732095.0000000,35.5713763,129.3058836,131.5540136
,1163655.0000000,1732095.0000000,35.5713747,129.3059939,133.3933003
,1163665.0000000,1732095.0000000,35.5713730,129.3061042,136.1626474
,1163675.0000000,1732095.0000000,35.5713714,129.3062145,135.8611061
,1163685.0000000,1732095.0000000,35.5713697,129.3063248,136.2501570
,1163695.0000000,1732095.0000000,35.5713681,129.3064351,134.7100291
,1163705.0000000,1732095.0000000,35.5713664,129.3065454,134.3262225
,1163715.0000000,1732095.0000000,35.5713647,129.3066557,135.1352589
,1163725.0000000,1732095.0000000,35.5713631,129.3067660,136.4883316
,1163735.0000000,1732095.0000000,35.5713614,129.3068763,137.6761234
,1163745.0000000,1732095.0000000,35.5713598,129.3069866,141.4083080
,1163755.0000000,1732095.0000000,35.5713581,129.3070969,143.3898792
,1163765.0000000,1732095.0000000,35.5713565,129.3072072,143.3616695
,1163775.0000000,1732095.0000000,35.5713548,129.3073175,140.9355598
,1163785.0000000,1732095.0000000,35.5713532,129.3074278,141.2501030
,1163795.0000000,1732095.0000000,35.5713515,129.3075381,136.4451017
,1163805.0000000,1732095.0000000,35.5713499,129.3076485,131.4312274
,1163815.0000000,1732095.0000000,35.5713482,129.3077588,126.4054285
,1163825.0000000,1732095.0000000,35.5713465,129.3078691,121.6214306
,1163835.0000000,1732095.0000000,35.5713449,129.3079794,116.0298163
,1163845.0000000,1732095.0000000,35.5713432,129.3080897,112.1537865
,1163855.0000000,1732095.0000000,35.5713416,129.3082000,111.3905373
,1163865.0000000,1732095.0000000,35.5713399,129.3083103,107.8091658
,1163875.0000000,1732095.0000000,35.5713383,129.3084206,104.7109954
,1163885.0000000,1732095.0000000,35.5713366,129.3085309,101.5353643
,1163895.0000000,1732095.0000000,35.5713350,129.3086412,100.0213500
,1163905.0000000,1732095.0000000,35.5713333,129.3087515,98.5397297
,1163915.0000000,1732095.0000000,35.5713317,129.3088618,98.3480311
,1163925.0000000,1732095.0000000,35.5713300,129.3089721,97.1819787
,1163935.0000000,1732095.0000000,35.5713283,129.3090824,96.5663617
,1163945.0000000,1732095.0000000,35.5713267,129.3091927,97.9817444
,1163955.0000000,1732095.0000000,35.5713250,129.3093030,100.9595344
,1163965.0000000,1732095.0000000,35.5713234,129.3094133,101.6114958
,1163975.0000000,1732095.0000000,35.5713217,129.3095236,104.4415136
,1163985.0000000,1732095.0000000,35.5713201,129.3096339,107.0534345
,1163995.0000000,1732095.0000000,35.5713184,129.3097442,111.3440583
,1163005.0000000,1732105.0000000,35.5715720,129.2988261,136.3946809
,1163015.0000000,1732105.0000000,35.5715704,129.2989364,134.5633534
,1163025.0000000,1732105.0000000,35.5715687,129.2990467,131.6360617
,1163035.0000000,1732105.0000000,35.5715671,129.2991570,130.1061931
,1163045.0000000,1732105.0000000,35.5715654,129.2992673,127.0338992
,1163055.0000000,1732105.0000000,35.5715638,129.2993776,126.0955969
,1163065.0000000,1732105.0000000,35.5715621,129.2994879,123.0270300
,1163075.0000000,1732105.0000000,35.5715605,129.2995982,121.5471389
,1163085.0000000,1732105.0000000,35.5715588,129.2997085,121.5716883
,1163095.0000000,1732105.0000000,35.5715572,129.2998188,121.5061117
,1163105.0000000,1732105.0000000,35.5715555,129.2999291,121.5368843
,1163115.0000000,1732105.0000000,35.5715539,129.3000394,120.7688164
,1163125.0000000,1732105.0000000,35.5715523,129.3001497,119.7724404
,1163135.0000000,1732105.0000000,35.5715506,129.3002600,119.3521973
,1163145.0000000,1732105.0000000,35.5715490,129.3003703,120.3523807
,1163155.0000000,1732105.0000000,35.5715473,129.3004807,122.5288208
,1163165.0000000,1732105.0000000,35.5715457,129.3005910,125.7005036
,1163175.0000000,1732105.0000000,35.5715440,129.3007013,126.8062054
,1163185.0000000,1732105.0000000,35.5715424,129.3008116,130.9159326
,1163195.0000000,1732105.0000000,35.5715407,129.3009219,132.5698619
,1163205.0000000,1732105.0000000,35.5715391,129.3010322,133.9900538
,1163215.0000000,1732105.0000000,35.5715374,129.3011425,135.7855941
,1163225.0000000,1732105.0000000,35.5715358,129.3012528,136.6462918
,1163235.0000000,1732105.0000000,35.5715341,129.3013631,138.7852827
,1163245.0000000,1732105.0000000,35.5715325,129.3014734,139.9695970
,1163255.0000000,1732105.0000000,35.5715308,129.3015837,140.9558656
,1163265.0000000,1732105.0000000,35.5715292,129.3016940,141.3927165
,1163275.0000000,1732105.0000000,35.5715275,129.3018043,138.3948425
,1163285.0000000,1732105.0000000,35.5715259,129.3019146,136.6406105
,1163295.0000000,1732105.0000000,35.5715242,129.3020249,135.9876321
,1163305.0000000,1732105.0000000,35.5715226,129.3021352,132.8782837
,1163315.0000000,1732105.0000000,35.5715209,129.3022455,131.4817799
,1163325.0000000,1732105.0000000,35.5715193,129.3023558,130.2937563
,1163335.0000000,1732105.0000000,35.5715176,129.3024661,126.4911581
,1163345.0000000,1732105.0000000,35.5715160,129.3025765,122.9511069
,1163355.0000000,1732105.0000000,35.5715143,129.3026868,121.6693474
,1163365.0000000,1732105.0000000,35.5715127,129.3027971,121.5000000
,1163375.0000000,1732105.0000000,35.5715110,129.3029074,120.3727012
,1163385.0000000,1732105.0000000,35.5715094,129.3030177,118.2348231
,1163395.0000000,1732105.0000000,35.5715077,129.3031280,116.6685768
,1163405.0000000,1732105.0000000,35.5715061,129.3032383,116.6463279
,1163415.0000000,1732105.0000000,35.5715044,129.3033486,115.2993885
,1163425.0000000,1732105.0000000,35.5715028,129.3034589,113.2096331
,1163435.0000000,1732105.0000000,35.5715011,129.3035692,111.8668809
,1163445.0000000,1732105.0000000,35.5714995,129.3036795,111.5000000
,1163455.0000000,1732105.0000000,35.5714978,129.3037898,111.5000000
,1163465.0000000,1732105.0000000,35.5714962,129.3039001,111.5000000
,1163475.0000000,1732105.0000000,35.5714945,129.3040104,111.5000000
,1163485.0000000,1732105.0000000,35.5714929,129.3041207,112.4525769
,1163495.0000000,1732105.0000000,35.5714912,129.3042310,116.5817593
,1163505.0000000,1732105.0000000,35.5714896,129.3043413,120.2725659
,1163515.0000000,1732105.0000000,35.5714879,129.3044516,122.5802817
,1163525.0000000,1732105.0000000,35.5714863,129.3045619,126.3340158
,1163535.0000000,1732105.0000000,35.5714846,129.3046722,128.1318733
,1163545.0000000,1732105.0000000,35.5714830,129.3047826,130.8404597
,1163555.0000000,1732105.0000000,35.5714813,129.3048929,131.2637670
,1163565.0000000,1732105.0000000,35.5714797,129.3050032,131.5000000
,1163575.0000000,1732105.0000000,35.5714780,129.3051135,131.0591018
,1163585.0000000,1732105.0000000,35.5714764,129.3052238,131.2291245
,1163595.0000000,1732105.0000000,35.5714747,129.3053341,128.9331645
,1163605.0000000,1732105.0000000,35.5714730,129.3054444,126.7579980
,1163615.0000000,1732105.0000000,35.5714714,129.3055547,126.8691055
,1163625.0000000,1732105.0000000,35.5714697,129.3056650,129.4259922
,1163635.0000000,1732105.0000000,35.5714681,129.3057753,131.4241481
,1163645.0000000,1732105.0000000,35.5714664,129.3058856,132.0694042
,1163655.0000000,1732105.0000000,35.5714648,129.3059959,135.2056103
,1163665.0000000,1732105.0000000,35.5714631,129.3061062,136.3902646
,1163675.0000000,1732105.0000000,35.5714615,129.3062165,136.5000000
,1163685.0000000,1732105.0000000,35.5714598,129.3063268,136.2160916
,1163695.0000000,1732105.0000000,35.5714582,129.3064371,136.4701286
,1163705.0000000,1732105.0000000,35.5714565,129.3065474,136.3672462
,1163715.0000000,1732105.0000000,35.5714549,129.3066577,136.5100207
,1163725.0000000,1732105.0000000,35.5714532,129.3067680,137.7124160
,1163735.0000000,1732105.0000000,35.5714516,129.3068783,141.3354520
,1163745.0000000,1732105.0000000,35.5714499,129.3069887,143.3928847
,1163755.0000000,1732105.0000000,35.5714483,129.3070990,145.6682747
,1163765.0000000,1732105.0000000,35.5714466,129.3072093,145.4604696
,1163775.0000000,1732105.0000000,35.5714449,129.3073196,142.1678705
,1163785.0000000,1732105.0000000,35.5714433,129.3074299,140.9227828
,1163795.0000000,1732105.0000000,35.5714416,129.3075402,136.5901072
,1163805.0000000,1732105.0000000,35.5714400,129.3076505,131.4657004
,1163815.0000000,1732105.0000000,35.5714383,129.3077608,126.5988659
,1163825.0000000,1732105.0000000,35.5714367,129.3078711,122.7969544
,1163835.0000000,1732105.0000000,35.5714350,129.3079814,118.8760386
,1163845.0000000,1732105.0000000,35.5714334,129.3080917,115.5081828
,1163855.0000000,1732105.0000000,35.5714317,129.3082020,112.0733444
,1163865.0000000,1732105.0000000,35.5714301,129.3083123,111.0711692
,1163875.0000000,1732105.0000000,35.5714284,129.3084226,106.5713060
,1163885.0000000,1732105.0000000,35.5714267,129.3085329,105.9097685
,1163895.0000000,1732105.0000000,35.5714251,129.3086432,102.7632161
,1163905.0000000,1732105.0000000,35.5714234,129.3087535,101.7696572
,1163915.0000000,1732105.0000000,35.5714218,129.3088638,101.2818694
,1163925.0000000,1732105.0000000,35.5714201,129.3089741,100.1051878
,1163935.0000000,1732105.0000000,35.5714185,129.3090844,99.2816051
,1163945.0000000,1732105.0000000,35.5714168,129.3091947,100.3744508
,1163955.0000000,1732105.0000000,35.5714152,129.3093050,101.5000000
,1163965.0000000,1732105.0000000,35.5714135,129.3094154,101.6909050
,1163975.0000000,1732105.0000000,35.5714118,129.3095257,103.1518055
,1163985.0000000,1732105.0000000,35.5714102,129.3096360,106.8305546
,1163995.0000000,1732105.0000000,35.5714085,129.3097463,110.6127794
,1163005.0000000,1732115.0000000,35.5716621,129.2988281,136.7034029
,1163015.0000000,1732115.0000000,35.5716605,129.2989384,136.4324970
,1163025.0000000,1732115.0000000,35.5716588,129.2990487,135.6736328
,1163035.0000000,1732115.0000000,35.5716572,129.2991590,133.2736863
,1163045.0000000,1732115.0000000,35.5716556,129.2992693,131.2417027
,1163055.0000000,1732115.0000000,35.5716539,129.2993796,127.4228355
,1163065.0000000,1732115.0000000,35.5716523,129.2994899,126.3085252
,1163075.0000000,1732115.0000000,35.5716506,129.2996002,124.0811503
,1163085.0000000,1732115.0000000,35.5716490,129.2997105,123.4306980
,1163095.0000000,1732115.0000000,35.5716473,129.2998208,124.2782976
,1163105.0000000,1732115.0000000,35.5716457,129.2999311,123.3270011
,1163115.0000000,1732115.0000000,35.5716440,129.3000414,122.1503986
,1163125.0000000,1732115.0000000,35.5716424,129.3001518,121.5339099
,1163135.0000000,1732115.0000000,35.5716407,129.3002621,121.6906505
,1163145.0000000,1732115.0000000,35.5716391,129.3003724,121.5200293
,1163155.0000000,1732115.0000000,35.5716374,129.3004827,124.4674246
,1163165.0000000,1732115.0000000,35.5716358,129.3005930,126.5309548
,1163175.0000000,1732115.0000000,35.5716341,129.3007033,127.5836168
,1163185.0000000,1732115.0000000,35.5716325,129.3008136,131.8824586
,1163195.0000000,1732115.0000000,35.5716308,129.3009239,135.1848119
,1163205.0000000,1732115.0000000,35.5716292,129.3010342,136.1265116
,1163215.0000000,1732115.0000000,35.5716275,129.3011445,136.5359449
,1163225.0000000,1732115.0000000,35.5716259,129.3012548,139.1434153
,1163235.0000000,1732115.0000000,35.5716242,129.3013651,140.8745209
,1163245.0000000,1732115.0000000,35.5716226,129.3014754,141.0135557
,1163255.0000000,1732115.0000000,35.5716209,129.3015857,140.9843433
,1163265.0000000,1732115.0000000,35.5716193,129.3016960,139.8685879
,1163275.0000000,1732115.0000000,35.5716176,129.3018063,137.4348944
,1163285.0000000,1732115.0000000,35.5716160,129.3019166,136.3888549
,1163295.0000000,1732115.0000000,35.5716144,129.3020269,134.9685199
,1163305.0000000,1732115.0000000,35.5716127,129.3021373,131.7191516
,1163315.0000000,1732115.0000000,35.5716111,129.3022476,131.2848856
,1163325.0000000,1732115.0000000,35.5716094,129.3023579,129.1702557
,1163335.0000000,1732115.0000000,35.5716078,129.3024682,126.3945645
,1163345.0000000,1732115.0000000,35.5716061,129.3025785,125.1156245
,1163355.0000000,1732115.0000000,35.5716045,129.3026888,121.9382631
,1163365.0000000,1732115.0000000,35.5716028,129.3027991,121.5630879
,1163375.0000000,1732115.0000000,35.5716012,129.3029094,121.5085503
,1163385.0000000,1732115.0000000,35.5715995,129.3030197,121.1188405
,1163395.0000000,1732115.0000000,35.5715979,129.3031300,118.2922730
,1163405.0000000,1732115.0000000,35.5715962,129.3032403,116.5868192
,1163415.0000000,1732115.0000000,35.5715946,129.3033506,116.6940243
,1163425.0000000,1732115.0000000,35.5715929,129.3034609,114.4550959
,1163435.0000000,1732115.0000000,35.5715912,129.3035712,112.7489722
,1163445.0000000,1732115.0000000,35.5715896,129.3036815,112.0415216
,1163455.0000000,1732115.0000000,35.5715879,129.3037918,111.9963969
,1163465.0000000,1732115.0000000,35.5715863,129.3039021,111.5000000
,1163475.0000000,1732115.0000000,35.5715846,129.3040124,112.1821853
,1163485.0000000,1732115.0000000,35.5715830,129.3041227,115.2983652
,1163495.0000000,1732115.0000000,35.5715813,129.3042330,116.9756023
,1163505.0000000,1732115.0000000,35.5715797,129.3043434,120.5957991
,1163515.0000000,1732115.0000000,35.5715780,129.3044537,123.3468135
,1163525.0000000,1732115.0000000,35.5715764,129.3045640,126.2823643
,1163535.0000000,1732115.0000000,35.5715747,129.3046743,127.6731126
,1163545.0000000,1732115.0000000,35.5715731,129.3047846,131.0757400
,1163555.0000000,1732115.0000000,35.5715714,129.3048949,131.2415225
,1163565.0000000,1732115.0000000,35.5715698,129.3050052,131.5000000
,1163575.0000000,1732115.0000000,35.5715681,129.3051155,131.5000000
,1163585.0000000,1732115.0000000,35.5715665,129.3052258,131.4927812
,1163595.0000000,1732115.0000000,35.5715648,129.3053361,130.6918476
,1163605.0000000,1732115.0000000,35.5715632,129.3054464,128.8642265
,1163615.0000000,1732115.0000000,35.5715615,129.3055567,128.9552285
,1163625.0000000,1732115.0000000,35.5715599,129.3056670,130.8684541
,1163635.0000000,1732115.0000000,35.5715582,129.3057773,131.5265997
,1163645.0000000,1732115.0000000,35.5715566,129.3058876,131.9500260
,1163655.0000000,1732115.0000000,35.5715549,129.3059979,135.4882108
,1163665.0000000,1732115.0000000,35.5715533,129.3061082,136.4787253
,1163675.0000000,1732115.0000000,35.5715516,129.3062185,136.5000000
,1163685.0000000,1732115.0000000,35.5715499,129.3063288,137.3587642
,1163695.0000000,1732115.0000000,35.5715483,129.3064392,138.1329592
,1163705.0000000,1732115.0000000,35.5715466,129.3065495,138.4282377
,1163715.0000000,1732115.0000000,35.5715450,129.3066598,139.1232924
,1163725.0000000,1732115.0000000,35.5715433,129.3067701,141.0892104
,1163735.0000000,1732115.0000000,35.5715417,129.3068804,143.2840889
,1163745.0000000,1732115.0000000,35.5715400,129.3069907,145.7848656
,1163755.0000000,1732115.0000000,35.5715384,129.3071010,146.2812397
,1163765.0000000,1732115.0000000,35.5715367,129.3072113,144.6665148
,1163775.0000000,1732115.0000000,35.5715351,129.3073216,141.5996586
,1163785.0000000,1732115.0000000,35.5715334,129.3074319,139.0619151
,1163795.0000000,1732115.0000000,35.5715318,129.3075422,135.9776478
,1163805.0000000,1732115.0000000,35.5715301,129.3076525,131.4853758
,1163815.0000000,1732115.0000000,35.5715284,129.3077628,127.0895485
,1163825.0000000,1732115.0000000,35.5715268,129.3078731,124.0180239
,1163835.0000000,1732115.0000000,35.5715251,129.3079834,121.0135509
,1163845.0000000,1732115.0000000,35.5715235,129.3080937,116.6115181
,1163855.0000000,1732115.0000000,35.5715218,129.3082040,113.9958568
,1163865.0000000,1732115.0000000,35.5715202,129.3083143,111.5038940
,1163875.0000000,1732115.0000000,35.5715185,129.3084246,109.8058348
,1163885.0000000,1732115.0000000,35.5715169,129.3085349,106.9699870
,1163895.0000000,1732115.0000000,35.5715152,129.3086452,106.4836376
,1163905.0000000,1732115.0000000,35.5715135,129.3087556,103.8867168
,1163915.0000000,1732115.0000000,35.5715119,129.3088659,102.5332729
,1163925.0000000,1732115.0000000,35.5715102,129.3089762,102.2068418
,1163935.0000000,1732115.0000000,35.5715086,129.3090865,101.6820547
,1163945.0000000,1732115.0000000,35.5715069,129.3091968,101.5668548
,1163955.0000000,1732115.0000000,35.5715053,129.3093071,101.5397402
,1163965.0000000,1732115.0000000,35.5715036,129.3094174,101.6275450
,1163975.0000000,1732115.0000000,35.5715020,129.3095277,103.2574896
,1163985.0000000,1732115.0000000,35.5715003,129.3096380,106.4764405
,1163995.0000000,1732115.0000000,35.5714986,129.3097483,109.4180294
,1163005.0000000,1732125.0000000,35.5717523,129.2988301,138.8213512
,1163015.0000000,1732125.0000000,35.5717506,129.2989404,139.6359213
,1163025.0000000,1732125.0000000,35.5717490,129.2990507,138.4045314
,1163035.0000000,1732125.0000000,35.5717473,129.2991610,136.6343447
,1163045.0000000,1732125.0000000,35.5717457,129.2992713,135.5946233
,1163055.0000000,1732125.0000000,35.5717440,129.2993816,131.3128906
,1163065.0000000,1732125.0000000,35.5717424,129.2994919,128.7068993
,1163075.0000000,1732125.0000000,35.5717407,129.2996022,126.5970800
,1163085.0000000,1732125.0000000,35.5717391,129.2997125,126.5443395
,1163095.0000000,1732125.0000000,35.5717374,129.2998229,127.0579010
,1163105.0000000,1732125.0000000,35.5717358,129.2999332,126.5471269
,1163115.0000000,1732125.0000000,35.5717341,129.3000435,125.9621644
,1163125.0000000,1732125.0000000,35.5717325,129.3001538,123.2191787
,1163135.0000000,1732125.0000000,35.5717308,129.3002641,122.1419149
,1163145.0000000,1732125.0000000,35.5717292,129.3003744,123.9547300
,1163155.0000000,1732125.0000000,35.5717276,129.3004847,126.1743543
,1163165.0000000,1732125.0000000,35.5717259,129.3005950,126.6032741
,1163175.0000000,1732125.0000000,35.5717243,129.3007053,129.1457157
,1163185.0000000,1732125.0000000,35.5717226,129.3008156,132.6856589
,1163195.0000000,1732125.0000000,35.5717210,129.3009259,135.2919295
,1163205.0000000,1732125.0000000,35.5717193,129.3010362,137.3168083
,1163215.0000000,1732125.0000000,35.5717177,129.3011465,139.3805112
,1163225.0000000,1732125.0000000,35.5717160,129.3012568,140.4211676
,1163235.0000000,1732125.0000000,35.5717144,129.3013671,141.2473342
,1163245.0000000,1732125.0000000,35.5717127,129.3014774,141.5000000
,1163255.0000000,1732125.0000000,35.5717111,129.3015877,141.3528894
,1163265.0000000,1732125.0000000,35.5717094,129.3016980,140.1023870
,1163275.0000000,1732125.0000000,35.5717078,129.3018084,137.5332980
,1163285.0000000,1732125.0000000,35.5717061,129.3019187,136.4492378
,1163295.0000000,1732125.0000000,35.5717045,129.3020290,133.2781137
,1163305.0000000,1732125.0000000,35.5717028,129.3021393,131.5896643
,1163315.0000000,1732125.0000000,35.5717012,129.3022496,131.5000000
,1163325.0000000,1732125.0000000,35.5716995,129.3023599,128.9022591
,1163335.0000000,1732125.0000000,35.5716979,129.3024702,126.6604662
,1163345.0000000,1732125.0000000,35.5716962,129.3025805,126.4271124
,1163355.0000000,1732125.0000000,35.5716946,129.3026908,125.6790369
,1163365.0000000,1732125.0000000,35.5716929,129.3028011,123.9815727
,1163375.0000000,1732125.0000000,35.5716913,129.3029114,122.2232278
,1163385.0000000,1732125.0000000,35.5716896,129.3030217,121.4055198
,1163395.0000000,1732125.0000000,35.5716880,129.3031320,119.6674975
,1163405.0000000,1732125.0000000,35.5716863,129.3032423,116.9462957
,1163415.0000000,1732125.0000000,35.5716847,129.3033526,117.7310848
,1163425.0000000,1732125.0000000,35.5716830,129.3034629,116.3083912
,1163435.0000000,1732125.0000000,35.5716814,129.3035732,114.7894966
,1163445.0000000,1732125.0000000,35.5716797,129.3036835,114.4760771
,1163455.0000000,1732125.0000000,35.5716781,129.3037939,114.4113215
,1163465.0000000,1732125.0000000,35.5716764,129.3039042,114.4992696
,1163475.0000000,1732125.0000000,35.5716748,129.3040145,115.7256452
,1163485.0000000,1732125.0000000,35.5716731,129.3041248,117.9445802
,1163495.0000000,1732125.0000000,35.5716715,129.3042351,117.4744656
,1163505.0000000,1732125.0000000,35.5716698,129.3043454,121.5761273
,1163515.0000000,1732125.0000000,35.5716682,129.3044557,125.4914423
,1163525.0000000,1732125.0000000,35.5716665,129.3045660,126.4914510
,1163535.0000000,1732125.0000000,35.5716649,129.3046763,128.3213801
,1163545.0000000,1732125.0000000,35.5716632,129.3047866,131.2356863
,1163555.0000000,1732125.0000000,35.5716616,129.3048969,131.2409711
,1163565.0000000,1732125.0000000,35.5716599,129.3050072,131.5000000
,1163575.0000000,1732125.0000000,35.5716582,129.3051175,131.5000000
,1163585.0000000,1732125.0000000,35.5716566,129.3052278,131.4924286
,1163595.0000000,1732125.0000000,35.5716549,129.3053381,131.4426872
,1163605.0000000,1732125.0000000,35.5716533,129.3054484,131.3055670
,1163615.0000000,1732125.0000000,35.5716516,129.3055587,131.0997863
,1163625.0000000,1732125.0000000,35.5716500,129.3056690,131.4557665
,1163635.0000000,1732125.0000000,35.5716483,129.3057793,131.5691024
,1163645.0000000,1732125.0000000,35.5716467,129.3058896,132.0904365
,1163655.0000000,1732125.0000000,35.5716450,129.3060000,135.8247830
,1163665.0000000,1732125.0000000,35.5716434,129.3061103,136.2424281
,1163675.0000000,1732125.0000000,35.5716417,129.3062206,137.6040872
,1163685.0000000,1732125.0000000,35.5716401,129.3063309,139.7583713
,1163695.0000000,1732125.0000000,35.5716384,129.3064412,140.6830332
,1163705.0000000,1732125.0000000,35.5716368,129.3065515,140.9739747
,1163715.0000000,1732125.0000000,35.5716351,129.3066618,141.5282316
,1163725.0000000,1732125.0000000,35.5716335,129.3067721,143.4410183
,1163735.0000000,1732125.0000000,35.5716318,129.3068824,145.9698519
,1163745.0000000,1732125.0000000,35.5716301,129.3069927,146.2897680
,1163755.0000000,1732125.0000000,35.5716285,129.3071030,144.5146730
,1163765.0000000,1732125.0000000,35.5716268,129.3072133,142.0753243
,1163775.0000000,1732125.0000000,35.5716252,129.3073236,139.6156687
,1163785.0000000,1732125.0000000,35.5716235,129.3074339,136.7440120
,1163795.0000000,1732125.0000000,35.5716219,129.3075442,133.9463018
,1163805.0000000,1732125.0000000,35.5716202,129.3076545,131.4854929
,1163815.0000000,1732125.0000000,35.5716186,129.3077648,127.3560696
,1163825.0000000,1732125.0000000,35.5716169,129.3078751,124.1500260
,1163835.0000000,1732125.0000000,35.5716153,129.3079854,121.4762001
,1163845.0000000,1732125.0000000,35.5716136,129.3080957,118.6892854
,1163855.0000000,1732125.0000000,35.5716119,129.3082061,116.2112937
,1163865.0000000,1732125.0000000,35.5716103,129.3083164,113.7953214
,1163875.0000000,1732125.0000000,35.5716086,129.3084267,112.0100401
,1163885.0000000,1732125.0000000,35.5716070,129.3085370,111.4062720
,1163895.0000000,1732125.0000000,35.5716053,129.3086473,109.8746778
,1163905.0000000,1732125.0000000,35.5716037,129.3087576,106.7438337
,1163915.0000000,1732125.0000000,35.5716020,129.3088679,105.9497097
,1163925.0000000,1732125.0000000,35.5716004,129.3089782,105.2933175
,1163935.0000000,1732125.0000000,35.5715987,129.3090885,104.8929421
,1163945.0000000,1732125.0000000,35.5715970,129.3091988,103.5709181
,1163955.0000000,1732125.0000000,35.5715954,129.3093091,102.1746747
,1163965.0000000,1732125.0000000,35.5715937,129.3094194,101.6650839
,1163975.0000000,1732125.0000000,35.5715921,129.3095297,103.8647524
,1163985.0000000,1732125.0000000,35.5715904,129.3096400,106.4870082
,1163995.0000000,1732125.0000000,35.5715888,129.3097503,109.2182202
,1163005.0000000,1732135.0000000,35.5718424,129.2988321,140.9680870
,1163015.0000000,1732135.0000000,35.5718407,129.2989424,141.4192072
,1163025.0000000,1732135.0000000,35.5718391,129.2990527,141.2801620
,1163035.0000000,1732135.0000000,35.5718374,129.2991630,140.7116335
,1163045.0000000,1732135.0000000,35.5718358,129.2992733,138.0372274
,1163055.0000000,1732135.0000000,35.5718341,129.2993836,135.6106776
,1163065.0000000,1732135.0000000,35.5718325,129.2994940,131.6394222
,1163075.0000000,1732135.0000000,35.5718309,129.2996043,130.8308488
,1163085.0000000,1732135.0000000,35.5718292,129.2997146,130.8603908
,1163095.0000000,1732135.0000000,35.5718276,129.2998249,130.9945728
,1163105.0000000,1732135.0000000,35.5718259,129.2999352,130.2228168
,1163115.0000000,1732135.0000000,35.5718243,129.3000455,128.6223199
,1163125.0000000,1732135.0000000,35.5718226,129.3001558,126.5712613
,1163135.0000000,1732135.0000000,35.5718210,129.3002661,126.3595939
,1163145.0000000,1732135.0000000,35.5718193,129.3003764,126.5253566
,1163155.0000000,1732135.0000000,35.5718177,129.3004867,127.4931185
,1163165.0000000,1732135.0000000,35.5718160,129.3005970,129.3557740
,1163175.0000000,1732135.0000000,35.5718144,129.3007073,131.7074791
,1163185.0000000,1732135.0000000,35.5718127,129.3008176,136.1786016
,1163195.0000000,1732135.0000000,35.5718111,129.3009279,136.5825405
,1163205.0000000,1732135.0000000,35.5718094,129.3010382,140.7679025
,1163215.0000000,1732135.0000000,35.5718078,129.3011485,141.1666279
,1163225.0000000,1732135.0000000,35.5718061,129.3012588,141.3956926
,1163235.0000000,1732135.0000000,35.5718045,129.3013692,141.5000000
,1163245.0000000,1732135.0000000,35.5718028,129.3014795,141.5000000
,1163255.0000000,1732135.0000000,35.5718012,129.3015898,141.3475214
,1163265.0000000,1732135.0000000,35.5717995,129.3017001,141.2963222
,1163275.0000000,1732135.0000000,35.5717979,129.3018104,137.6620824
,1163285.0000000,1732135.0000000,35.5717962,129.3019207,136.2620022
,1163295.0000000,1732135.0000000,35.5717946,129.3020310,132.5513764
,1163305.0000000,1732135.0000000,35.5717929,129.3021413,131.6561700
,1163315.0000000,1732135.0000000,35.5717913,129.3022516,132.0406451
,1163325.0000000,1732135.0000000,35.5717896,129.3023619,131.5036261
,1163335.0000000,1732135.0000000,35.5717880,129.3024722,129.2357270
,1163345.0000000,1732135.0000000,35.5717863,129.3025825,127.9881593
,1163355.0000000,1732135.0000000,35.5717847,129.3026928,127.0284221
,1163365.0000000,1732135.0000000,35.5717830,129.3028031,126.5017494
,1163375.0000000,1732135.0000000,35.5717814,129.3029134,124.6593319
,1163385.0000000,1732135.0000000,35.5717797,129.3030237,121.8353991
,1163395.0000000,1732135.0000000,35.5717781,129.3031340,120.8949005
,1163405.0000000,1732135.0000000,35.5717764,129.3032443,118.0460248
,1163415.0000000,1732135.0000000,35.5717748,129.3033546,118.8641266
,1163425.0000000,1732135.0000000,35.5717731,129.3034650,118.1882011
,1163435.0000000,1732135.0000000,35.5717715,129.3035753,117.4328743
,1163445.0000000,1732135.0000000,35.5717698,129.3036856,116.1320587
,1163455.0000000,1732135.0000000,35.5717682,129.3037959,116.4428214
,1163465.0000000,1732135.0000000,35.5717665,129.3039062,116.5000000
,1163475.0000000,1732135.0000000,35.5717649,129.3040165,116.5000000
,1163485.0000000,1732135.0000000,35.5717632,129.3041268,117.1715188
,1163495.0000000,1732135.0000000,35.5717616,129.3042371,118.1076844
,1163505.0000000,1732135.0000000,35.5717599,129.3043474,123.5672852
,1163515.0000000,1732135.0000000,35.5717583,129.3044577,126.1628257
,1163525.0000000,1732135.0000000,35.5717566,129.3045680,127.5633302
,1163535.0000000,1732135.0000000,35.5717550,129.3046783,130.4956156
,1163545.0000000,1732135.0000000,35.5717533,129.3047886,131.4874183
,1163555.0000000,1732135.0000000,35.5717517,129.3048989,131.5999524
,1163565.0000000,1732135.0000000,35.5717500,129.3050092,132.1015984
,1163575.0000000,1732135.0000000,35.5717484,129.3051195,132.1396796
,1163585.0000000,1732135.0000000,35.5717467,129.3052298,131.5722914
,1163595.0000000,1732135.0000000,35.5717451,129.3053401,131.5000000
,1163605.0000000,1732135.0000000,35.5717434,129.3054505,131.5000000
,1163615.0000000,1732135.0000000,35.5717418,129.3055608,131.5000000
,1163625.0000000,1732135.0000000,35.5717401,129.3056711,131.5000000
,1163635.0000000,1732135.0000000,35.5717385,129.3057814,131.6633516
,1163645.0000000,1732135.0000000,35.5717368,129.3058917,132.4640299
,1163655.0000000,1732135.0000000,35.5717351,129.3060020,135.5704493
,1163665.0000000,1732135.0000000,35.5717335,129.3061123,136.5499358
,1163675.0000000,1732135.0000000,35.5717318,129.3062226,138.3457901
,1163685.0000000,1732135.0000000,35.5717302,129.3063329,140.8215258
,1163695.0000000,1732135.0000000,35.5717285,129.3064432,141.4360786
,1163705.0000000,1732135.0000000,35.5717269,129.3065535,141.6294769
,1163715.0000000,1732135.0000000,35.5717252,129.3066638,142.4669974
,1163725.0000000,1732135.0000000,35.5717236,129.3067741,145.0847843
,1163735.0000000,1732135.0000000,35.5717219,129.3068844,146.4226504
,1163745.0000000,1732135.0000000,35.5717203,129.3069947,146.2469351
,1163755.0000000,1732135.0000000,35.5717186,129.3071050,143.8509265
,1163765.0000000,1732135.0000000,35.5717170,129.3072153,140.7021376
,1163775.0000000,1732135.0000000,35.5717153,129.3073256,137.1856754
,1163785.0000000,1732135.0000000,35.5717137,129.3074359,135.8577774
,1163795.0000000,1732135.0000000,35.5717120,129.3075462,132.2988841
,1163805.0000000,1732135.0000000,35.5717103,129.3076566,130.9518112
,1163815.0000000,1732135.0000000,35.5717087,129.3077669,126.9376446
,1163825.0000000,1732135.0000000,35.5717070,129.3078772,124.4915217
,1163835.0000000,1732135.0000000,35.5717054,129.3079875,121.5673286
,1163845.0000000,1732135.0000000,35.5717037,129.3080978,119.6903357
,1163855.0000000,1732135.0000000,35.5717021,129.3082081,116.7996408
,1163865.0000000,1732135.0000000,35.5717004,129.3083184,116.7495289
,1163875.0000000,1732135.0000000,35.5716988,129.3084287,116.6968953
,1163885.0000000,1732135.0000000,35.5716971,129.3085390,116.0258129
,1163895.0000000,1732135.0000000,35.5716954,129.3086493,113.4931994
,1163905.0000000,1732135.0000000,35.5716938,129.3087596,111.4558811
,1163915.0000000,1732135.0000000,35.5716921,129.3088699,108.1323262
,1163925.0000000,1732135.0000000,35.5716905,129.3089802,106.6295774
,1163935.0000000,1732135.0000000,35.5716888,129.3090905,106.5684967
,1163945.0000000,1732135.0000000,35.5716872,129.3092008,106.4244857
,1163955.0000000,1732135.0000000,35.5716855,129.3093111,104.7280808
,1163965.0000000,1732135.0000000,35.5716839,129.3094214,103.9879640
,1163975.0000000,1732135.0000000,35.5716822,129.3095317,105.5961606
,1163985.0000000,1732135.0000000,35.5716805,129.3096420,106.9176802
,1163995.0000000,1732135.0000000,35.5716789,129.3097523,109.5659725
,1163005.0000000,1732145.0000000,35.5719325,129.2988341,141.4931189
,1163015.0000000,1732145.0000000,35.5719309,129.2989444,142.3649404
,1163025.0000000,1732145.0000000,35.5719292,129.2990547,143.5316249
,1163035.0000000,1732145.0000000,35.5719276,129.2991651,142.1584442
,1163045.0000000,1732145.0000000,35.5719259,129.2992754,141.2873526
,1163055.0000000,1732145.0000000,35.5719243,129.2993857,137.1762093
,1163065.0000000,1732145.0000000,35.5719226,129.2994960,136.1017899
,1163075.0000000,1732145.0000000,35.5719210,129.2996063,134.3473226
,1163085.0000000,1732145.0000000,35.5719193,129.2997166,134.2150524
,1163095.0000000,1732145.0000000,35.5719177,129.2998269,133.8973740
,1163105.0000000,1732145.0000000,35.5719160,129.2999372,132.4064054
,1163115.0000000,1732145.0000000,35.5719144,129.3000475,131.4927480
,1163125.0000000,1732145.0000000,35.5719127,129.3001578,130.4564857
,1163135.0000000,1732145.0000000,35.5719111,129.3002681,129.4290739
,1163145.0000000,1732145.0000000,35.5719094,129.3003784,129.9770304
,1163155.0000000,1732145.0000000,35.5719078,129.3004887,131.4921264
,1163165.0000000,1732145.0000000,35.5719061,129.3005990,132.0971571
,1163175.0000000,1732145.0000000,35.5719045,129.3007093,134.2488855
,1163185.0000000,1732145.0000000,35.5719029,129.3008196,135.8073622
,1163195.0000000,1732145.0000000,35.5719012,129.3009299,137.9130522
,1163205.0000000,1732145.0000000,35.5718996,129.3010403,141.0699470
,1163215.0000000,1732145.0000000,35.5718979,129.3011506,140.8428285
,1163225.0000000,1732145.0000000,35.5718963,129.3012609,141.4910621
,1163235.0000000,1732145.0000000,35.5718946,129.3013712,141.5000000
,1163245.0000000,1732145.0000000,35.5718930,129.3014815,141.5000000
,1163255.0000000,1732145.0000000,35.5718913,129.3015918,141.4185082
,1163265.0000000,1732145.0000000,35.5718897,129.3017021,141.0066816
,1163275.0000000,1732145.0000000,35.5718880,129.3018124,137.6357203
,1163285.0000000,1732145.0000000,35.5718864,129.3019227,136.3850434
,1163295.0000000,1732145.0000000,35.5718847,129.3020330,133.9609638
,1163305.0000000,1732145.0000000,35.5718831,129.3021433,131.7853284
,1163315.0000000,1732145.0000000,35.5718814,129.3022536,133.4116207
,1163325.0000000,1732145.0000000,35.5718798,129.3023639,134.9447630
,1163335.0000000,1732145.0000000,35.5718781,129.3024742,132.3734384
,1163345.0000000,1732145.0000000,35.5718765,129.3025845,131.5058845
,1163355.0000000,1732145.0000000,35.5718748,129.3026948,130.1669069
,1163365.0000000,1732145.0000000,35.5718732,129.3028051,127.2386386
,1163375.0000000,1732145.0000000,35.5718715,129.3029154,125.9685750
,1163385.0000000,1732145.0000000,35.5718699,129.3030258,122.3747675
,1163395.0000000,1732145.0000000,35.5718682,129.3031361,121.4591599
,1163405.0000000,1732145.0000000,35.5718666,129.3032464,120.9791406
,1163415.0000000,1732145.0000000,35.5718649,129.3033567,120.0889882
,1163425.0000000,1732145.0000000,35.5718633,129.3034670,118.6032257
,1163435.0000000,1732145.0000000,35.5718616,129.3035773,117.8838149
,1163445.0000000,1732145.0000000,35.5718600,129.3036876,116.9361782
,1163455.0000000,1732145.0000000,35.5718583,129.3037979,116.5166480
,1163465.0000000,1732145.0000000,35.5718567,129.3039082,116.5000000
,1163475.0000000,1732145.0000000,35.5718550,129.3040185,116.5000000
,1163485.0000000,1732145.0000000,35.5718534,129.3041288,116.5000000
,1163495.0000000,1732145.0000000,35.5718517,129.3042391,116.8690282
,1163505.0000000,1732145.0000000,35.5718501,129.3043494,122.2688241
,1163515.0000000,1732145.0000000,35.5718484,129.3044597,125.9667820
,1163525.0000000,1732145.0000000,35.5718468,129.3045700,129.9064408
,1163535.0000000,1732145.0000000,35.5718451,129.3046803,131.4564638
,1163545.0000000,1732145.0000000,35.5718434,129.3047906,131.5000000
,1163555.0000000,1732145.0000000,35.5718418,129.3049009,132.4350442
,1163565.0000000,1732145.0000000,35.5718401,129.3050113,134.6866745
,1163575.0000000,1732145.0000000,35.5718385,129.3051216,134.4845627
,1163585.0000000,1732145.0000000,35.5718368,129.3052319,133.0709906
,1163595.0000000,1732145.0000000,35.5718352,129.3053422,132.1360164
,1163605.0000000,1732145.0000000,35.5718335,129.3054525,131.8890469
,1163615.0000000,1732145.0000000,35.5718319,129.3055628,131.5000000
,1163625.0000000,1732145.0000000,35.5718302,129.3056731,131.5915352
,1163635.0000000,1732145.0000000,35.5718286,129.3057834,132.3626284
,1163645.0000000,1732145.0000000,35.5718269,129.3058937,133.7560940
,1163655.0000000,1732145.0000000,35.5718253,129.3060040,135.7284379
,1163665.0000000,1732145.0000000,35.5718236,129.3061143,136.5652773
,1163675.0000000,1732145.0000000,35.5718220,129.3062246,138.6270014
,1163685.0000000,1732145.0000000,35.5718203,129.3063349,141.3212868
,1163695.0000000,1732145.0000000,35.5718187,129.3064452,141.6586824
,1163705.0000000,1732145.0000000,35.5718170,129.3065555,142.3411281
,1163715.0000000,1732145.0000000,35.5718153,129.3066658,144.1863049
,1163725.0000000,1732145.0000000,35.5718137,129.3067761,146.2237346
,1163735.0000000,1732145.0000000,35.5718120,129.3068864,146.3505685
,1163745.0000000,1732145.0000000,35.5718104,129.3069967,146.1852387
,1163755.0000000,1732145.0000000,35.5718087,129.3071071,141.9286744
,1163765.0000000,1732145.0000000,35.5718071,129.3072174,139.4266015
,1163775.0000000,1732145.0000000,35.5718054,129.3073277,136.5536853
,1163785.0000000,1732145.0000000,35.5718038,129.3074380,135.3541384
,1163795.0000000,1732145.0000000,35.5718021,129.3075483,132.0544368
,1163805.0000000,1732145.0000000,35.5718005,129.3076586,130.4593161
,1163815.0000000,1732145.0000000,35.5717988,129.3077689,127.2170884
,1163825.0000000,1732145.0000000,35.5717972,129.3078792,125.3408599
,1163835.0000000,1732145.0000000,35.5717955,129.3079895,123.0044870
,1163845.0000000,1732145.0000000,35.5717938,129.3080998,121.4688810
,1163855.0000000,1732145.0000000,35.5717922,129.3082101,121.2864918
,1163865.0000000,1732145.0000000,35.5717905,129.3083204,121.4368123
,1163875.0000000,1732145.0000000,35.5717889,129.3084307,121.5676731
,1163885.0000000,1732145.0000000,35.5717872,129.3085410,119.2621311
,1163895.0000000,1732145.0000000,35.5717856,129.3086513,117.5932662
,1163905.0000000,1732145.0000000,35.5717839,129.3087616,115.8759956
,1163915.0000000,1732145.0000000,35.5717823,129.3088719,111.5109623
,1163925.0000000,1732145.0000000,35.5717806,129.3089822,110.7315684
,1163935.0000000,1732145.0000000,35.5717789,129.3090925,108.8931489
,1163945.0000000,1732145.0000000,35.5717773,129.3092029,107.7679417
,1163955.0000000,1732145.0000000,35.5717756,129.3093132,106.6732783
,1163965.0000000,1732145.0000000,35.5717740,129.3094235,107.1600160
,1163975.0000000,1732145.0000000,35.5717723,129.3095338,106.7171402
,1163985.0000000,1732145.0000000,35.5717707,129.3096441,106.9843111
,1163995.0000000,1732145.0000000,35.5717690,129.3097544,110.0914427
,1163005.0000000,1732155.0000000,35.5720226,129.2988362,141.8834369
,1163015.0000000,1732155.0000000,35.5720210,129.2989465,145.1780980
,1163025.0000000,1732155.0000000,35.5720193,129.2990568,146.5174801
,1163035.0000000,1732155.0000000,35.5720177,129.2991671,146.2076104
,1163045.0000000,1732155.0000000,35.5720160,129.2992774,142.8076514
,1163055.0000000,1732155.0000000,35.5720144,129.2993877,141.2469688
,1163065.0000000,1732155.0000000,35.5720127,129.2994980,138.8383000
,1163075.0000000,1732155.0000000,35.5720111,129.2996083,137.2521744
,1163085.0000000,1732155.0000000,35.5720095,129.2997186,136.9083156
,1163095.0000000,1732155.0000000,35.5720078,129.2998289,136.7231493
,1163105.0000000,1732155.0000000,35.5720062,129.2999392,135.9476647
,1163115.0000000,1732155.0000000,35.5720045,129.3000495,133.7872365
,1163125.0000000,1732155.0000000,35.5720029,129.3001598,132.0877650
,1163135.0000000,1732155.0000000,35.5720012,129.3002701,131.7840818
,1163145.0000000,1732155.0000000,35.5719996,129.3003804,132.1410263
,1163155.0000000,1732155.0000000,35.5719979,129.3004907,134.8556335
,1163165.0000000,1732155.0000000,35.5719963,129.3006010,136.4352363
,1163175.0000000,1732155.0000000,35.5719946,129.3007114,136.6312093
,1163185.0000000,1732155.0000000,35.5719930,129.3008217,137.1810434
,1163195.0000000,1732155.0000000,35.5719913,129.3009320,139.2385273
,1163205.0000000,1732155.0000000,35.5719897,129.3010423,139.9525512
,1163215.0000000,1732155.0000000,35.5719880,129.3011526,140.3432457
,1163225.0000000,1732155.0000000,35.5719864,129.3012629,141.5000000
,1163235.0000000,1732155.0000000,35.5719847,129.3013732,141.5000000
,1163245.0000000,1732155.0000000,35.5719831,129.3014835,141.5000000
,1163255.0000000,1732155.0000000,35.5719814,129.3015938,141.5000000
,1163265.0000000,1732155.0000000,35.5719798,129.3017041,141.2170273
,1163275.0000000,1732155.0000000,35.5719781,129.3018144,138.6384802
,1163285.0000000,1732155.0000000,35.5719765,129.3019247,136.2223392
,1163295.0000000,1732155.0000000,35.5719748,129.3020350,136.3185519
,1163305.0000000,1732155.0000000,35.5719732,129.3021453,136.0427009
,1163315.0000000,1732155.0000000,35.5719715,129.3022556,136.3738980
,1163325.0000000,1732155.0000000,35.5719699,129.3023659,136.4654826
,1163335.0000000,1732155.0000000,35.5719682,129.3024762,135.9654556
,1163345.0000000,1732155.0000000,35.5719666,129.3025866,134.9028023
,1163355.0000000,1732155.0000000,35.5719649,129.3026969,132.1723296
,1163365.0000000,1732155.0000000,35.5719633,129.3028072,130.1426764
,1163375.0000000,1732155.0000000,35.5719616,129.3029175,126.5581473
,1163385.0000000,1732155.0000000,35.5719600,129.3030278,124.0976577
,1163395.0000000,1732155.0000000,35.5719583,129.3031381,121.8912797
,1163405.0000000,1732155.0000000,35.5719567,129.3032484,121.5031998
,1163415.0000000,1732155.0000000,35.5719550,129.3033587,121.2955493
,1163425.0000000,1732155.0000000,35.5719534,129.3034690,120.5279762
,1163435.0000000,1732155.0000000,35.5719517,129.3035793,118.2206579
,1163445.0000000,1732155.0000000,35.5719501,129.3036896,116.5663901
,1163455.0000000,1732155.0000000,35.5719484,129.3037999,116.6587888
,1163465.0000000,1732155.0000000,35.5719468,129.3039102,116.5452627
,1163475.0000000,1732155.0000000,35.5719451,129.3040205,116.5000000
,1163485.0000000,1732155.0000000,35.5719435,129.3041308,116.5720399
,1163495.0000000,1732155.0000000,35.5719418,129.3042411,117.4007321
,1163505.0000000,1732155.0000000,35.5719402,129.3043514,121.7912153
,1163515.0000000,1732155.0000000,35.5719385,129.3044617,126.3498043
,1163525.0000000,1732155.0000000,35.5719369,129.3045721,129.4216669
,1163535.0000000,1732155.0000000,35.5719352,129.3046824,131.3035659
,1163545.0000000,1732155.0000000,35.5719336,129.3047927,131.5000000
,1163555.0000000,1732155.0000000,35.5719319,129.3049030,134.7219353
,1163565.0000000,1732155.0000000,35.5719303,129.3050133,136.2450302
,1163575.0000000,1732155.0000000,35.5719286,129.3051236,136.3947106
,1163585.0000000,1732155.0000000,35.5719270,129.3052339,136.0070778
,1163595.0000000,1732155.0000000,35.5719253,129.3053442,135.3514067
,1163605.0000000,1732155.0000000,35.5719237,129.3054545,134.1753493
,1163615.0000000,1732155.0000000,35.5719220,129.3055648,134.0108907
,1163625.0000000,1732155.0000000,35.5719203,129.3056751,133.3983720
,1163635.0000000,1732155.0000000,35.5719187,129.3057854,133.3762489
,1163645.0000000,1732155.0000000,35.5719170,129.3058957,135.2285798
,1163655.0000000,1732155.0000000,35.5719154,129.3060060,136.2318042
,1163665.0000000,1732155.0000000,35.5719137,129.3061163,136.6239303
,1163675.0000000,1732155.0000000,35.5719121,129.3062266,138.6108569
,1163685.0000000,1732155.0000000,35.5719104,129.3063369,141.1536774
,1163695.0000000,1732155.0000000,35.5719088,129.3064472,142.0332109
,1163705.0000000,1732155.0000000,35.5719071,129.3065576,143.5861066
,1163715.0000000,1732155.0000000,35.5719055,129.3066679,145.8863847
,1163725.0000000,1732155.0000000,35.5719038,129.3067782,146.4864469
,1163735.0000000,1732155.0000000,35.5719022,129.3068885,146.2253220
,1163745.0000000,1732155.0000000,35.5719005,129.3069988,145.0007670
,1163755.0000000,1732155.0000000,35.5718989,129.3071091,141.6467300
,1163765.0000000,1732155.0000000,35.5718972,129.3072194,139.1646110
,1163775.0000000,1732155.0000000,35.5718955,129.3073297,136.6920442
,1163785.0000000,1732155.0000000,35.5718939,129.3074400,135.3825859
,1163795.0000000,1732155.0000000,35.5718922,129.3075503,132.6463879
,1163805.0000000,1732155.0000000,35.5718906,129.3076606,131.1332922
,1163815.0000000,1732155.0000000,35.5718889,129.3077709,127.8698230
,1163825.0000000,1732155.0000000,35.5718873,129.3078812,126.6133943
,1163835.0000000,1732155.0000000,35.5718856,129.3079915,125.5166631
,1163845.0000000,1732155.0000000,35.5718840,129.3081018,124.5624577
,1163855.0000000,1732155.0000000,35.5718823,129.3082121,124.6062029
,1163865.0000000,1732155.0000000,35.5718807,129.3083224,126.1465447
,1163875.0000000,1732155.0000000,35.5718790,129.3084327,126.3278781
,1163885.0000000,1732155.0000000,35.5718773,129.3085430,124.3568187
,1163895.0000000,1732155.0000000,35.5718757,129.3086534,121.4928515
,1163905.0000000,1732155.0000000,35.5718740,129.3087637,118.9932495
,1163915.0000000,1732155.0000000,35.5718724,129.3088740,116.2105510
,1163925.0000000,1732155.0000000,35.5718707,129.3089843,112.5288077
,1163935.0000000,1732155.0000000,35.5718691,129.3090946,111.4187714
,1163945.0000000,1732155.0000000,35.5718674,129.3092049,110.4628795
,1163955.0000000,1732155.0000000,35.5718658,129.3093152,108.9557188
,1163965.0000000,1732155.0000000,35.5718641,129.3094255,106.8432556
,1163975.0000000,1732155.0000000,35.5718624,129.3095358,106.9945585
,1163985.0000000,1732155.0000000,35.5718608,129.3096461,106.7492375
,1163995.0000000,1732155.0000000,35.5718591,129.3097564,109.5959843
,1163005.0000000,1732165.0000000,35.5721127,129.2988382,143.7528400
,1163015.0000000,1732165.0000000,35.5721111,129.2989485,146.5552964
,1163025.0000000,1732165.0000000,35.5721095,129.2990588,148.9232700
,1163035.0000000,1732165.0000000,35.5721078,129.2991691,149.8516514
,1163045.0000000,1732165.0000000,35.5721062,129.2992794,147.2395571
,1163055.0000000,1732165.0000000,35.5721045,129.2993897,144.4342840
,1163065.0000000,1732165.0000000,35.5721029,129.2995000,141.5622776
,1163075.0000000,1732165.0000000,35.5721012,129.2996103,141.3618638
,1163085.0000000,1732165.0000000,35.5720996,129.2997206,141.2124596
,1163095.0000000,1732165.0000000,35.5720979,129.2998309,140.1835227
,1163105.0000000,1732165.0000000,35.5720963,129.2999412,138.2692973
,1163115.0000000,1732165.0000000,35.5720946,129.3000515,136.5437905
,1163125.0000000,1732165.0000000,35.5720930,129.3001618,136.0419973
,1163135.0000000,1732165.0000000,35.5720913,129.3002721,136.2424436
,1163145.0000000,1732165.0000000,35.5720897,129.3003825,136.5804880
,1163155.0000000,1732165.0000000,35.5720880,129.3004928,136.7771192
,1163165.0000000,1732165.0000000,35.5720864,129.3006031,138.9989993
,1163175.0000000,1732165.0000000,35.5720847,129.3007134,138.9392159
,1163185.0000000,1732165.0000000,35.5720831,129.3008237,139.3544119
,1163195.0000000,1732165.0000000,35.5720814,129.3009340,140.7408194
,1163205.0000000,1732165.0000000,35.5720798,129.3010443,139.9181099
,1163215.0000000,1732165.0000000,35.5720781,129.3011546,140.4733557
,1163225.0000000,1732165.0000000,35.5720765,129.3012649,141.5000000
,1163235.0000000,1732165.0000000,35.5720749,129.3013752,141.5000000
,1163245.0000000,1732165.0000000,35.5720732,129.3014855,141.5000000
,1163255.0000000,1732165.0000000,35.5720716,129.3015958,141.5000000
,1163265.0000000,1732165.0000000,35.5720699,129.3017061,141.5000000
,1163275.0000000,1732165.0000000,35.5720683,129.3018164,140.4212842
,1163285.0000000,1732165.0000000,35.5720666,129.3019267,137.7861494
,1163295.0000000,1732165.0000000,35.5720650,129.3020370,136.7875361
,1163305.0000000,1732165.0000000,35.5720633,129.3021473,137.0269648
,1163315.0000000,1732165.0000000,35.5720617,129.3022577,137.7708519
,1163325.0000000,1732165.0000000,35.5720600,129.3023680,137.9258958
,1163335.0000000,1732165.0000000,35.5720584,129.3024783,137.1639314
,1163345.0000000,1732165.0000000,35.5720567,129.3025886,136.4981008
,1163355.0000000,1732165.0000000,35.5720551,129.3026989,135.5902121
,1163365.0000000,1732165.0000000,35.5720534,129.3028092,131.6182777
,1163375.0000000,1732165.0000000,35.5720518,129.3029195,127.9229377
,1163385.0000000,1732165.0000000,35.5720501,129.3030298,126.3305200
,1163395.0000000,1732165.0000000,35.5720485,129.3031401,124.0339608
,1163405.0000000,1732165.0000000,35.5720468,129.3032504,122.5771747
,1163415.0000000,1732165.0000000,35.5720452,129.3033607,121.7556500
,1163425.0000000,1732165.0000000,35.5720435,129.3034710,121.4579126
,1163435.0000000,1732165.0000000,35.5720419,129.3035813,120.6733283
,1163445.0000000,1732165.0000000,35.5720402,129.3036916,119.1312937
,1163455.0000000,1732165.0000000,35.5720386,129.3038019,118.4538307
,1163465.0000000,1732165.0000000,35.5720369,129.3039122,118.5471837
,1163475.0000000,1732165.0000000,35.5720353,129.3040225,118.3248802
,1163485.0000000,1732165.0000000,35.5720336,129.3041329,117.5390567
,1163495.0000000,1732165.0000000,35.5720319,129.3042432,119.5215982
,1163505.0000000,1732165.0000000,35.5720303,129.3043535,121.9306543
,1163515.0000000,1732165.0000000,35.5720286,129.3044638,124.9720818
,1163525.0000000,1732165.0000000,35.5720270,129.3045741,128.2865726
,1163535.0000000,1732165.0000000,35.5720253,129.3046844,131.3362329
,1163545.0000000,1732165.0000000,35.5720237,129.3047947,131.8802903
,1163555.0000000,1732165.0000000,35.5720220,129.3049050,135.5343819
,1163565.0000000,1732165.0000000,35.5720204,129.3050153,136.5000000
,1163575.0000000,1732165.0000000,35.5720187,129.3051256,136.5000000
,1163585.0000000,1732165.0000000,35.5720171,129.3052359,136.5000000
,1163595.0000000,1732165.0000000,35.5720154,129.3053462,136.5000000
,1163605.0000000,1732165.0000000,35.5720138,129.3054565,136.4516175
,1163615.0000000,1732165.0000000,35.5720121,129.3055668,136.4262001
,1163625.0000000,1732165.0000000,35.5720105,129.3056771,136.3141945
,1163635.0000000,1732165.0000000,35.5720088,129.3057874,136.5000000
,1163645.0000000,1732165.0000000,35.5720072,129.3058977,136.5000000
,1163655.0000000,1732165.0000000,35.5720055,129.3060080,136.8572693
,1163665.0000000,1732165.0000000,35.5720039,129.3061184,136.9558614
,1163675.0000000,1732165.0000000,35.5720022,129.3062287,139.1311220
,1163685.0000000,1732165.0000000,35.5720006,129.3063390,141.0902591
,1163695.0000000,1732165.0000000,35.5719989,129.3064493,142.7072667
,1163705.0000000,1732165.0000000,35.5719972,129.3065596,145.2590788
,1163715.0000000,1732165.0000000,35.5719956,129.3066699,146.4556067
,1163725.0000000,1732165.0000000,35.5719939,129.3067802,146.4627361
,1163735.0000000,1732165.0000000,35.5719923,129.3068905,146.3087274
,1163745.0000000,1732165.0000000,35.5719906,129.3070008,144.4421201
,1163755.0000000,1732165.0000000,35.5719890,129.3071111,141.7742277
,1163765.0000000,1732165.0000000,35.5719873,129.3072214,140.2222958
,1163775.0000000,1732165.0000000,35.5719857,129.3073317,137.2914103
,1163785.0000000,1732165.0000000,35.5719840,129.3074420,136.3254134
,1163795.0000000,1732165.0000000,35.5719824,129.3075523,134.4289615
,1163805.0000000,1732165.0000000,35.5719807,129.3076626,131.7071059
,1163815.0000000,1732165.0000000,35.5719791,129.3077729,130.1935208
,1163825.0000000,1732165.0000000,35.5719774,129.3078832,127.7025068
,1163835.0000000,1732165.0000000,35.5719757,129.3079935,126.6952160
,1163845.0000000,1732165.0000000,35.5719741,129.3081039,126.7178501
,1163855.0000000,1732165.0000000,35.5719724,129.3082142,126.6605726
,1163865.0000000,1732165.0000000,35.5719708,129.3083245,127.8888881
,1163875.0000000,1732165.0000000,35.5719691,129.3084348,128.3206395
,1163885.0000000,1732165.0000000,35.5719675,129.3085451,126.8305866
,1163895.0000000,1732165.0000000,35.5719658,129.3086554,126.2379948
,1163905.0000000,1732165.0000000,35.5719642,129.3087657,121.9015723
,1163915.0000000,1732165.0000000,35.5719625,129.3088760,117.2858915
,1163925.0000000,1732165.0000000,35.5719608,129.3089863,116.5293579
,1163935.0000000,1732165.0000000,35.5719592,129.3090966,114.1970457
,1163945.0000000,1732165.0000000,35.5719575,129.3092069,111.6662221
,1163955.0000000,1732165.0000000,35.5719559,129.3093172,110.9985459
,1163965.0000000,1732165.0000000,35.5719542,129.3094275,109.4897588
,1163975.0000000,1732165.0000000,35.5719526,129.3095378,111.2150443
,1163985.0000000,1732165.0000000,35.5719509,129.3096481,108.9158386
,1163995.0000000,1732165.0000000,35.5719492,129.3097584,110.7515378
,1163005.0000000,1732175.0000000,35.5722029,129.2988402,145.2281915
,1163015.0000000,1732175.0000000,35.5722012,129.2989505,147.7746773
,1163025.0000000,1732175.0000000,35.5721996,129.2990608,151.3642427
,1163035.0000000,1732175.0000000,35.5721979,129.2991711,151.2935255
,1163045.0000000,1732175.0000000,35.5721963,129.2992814,151.2814460
,1163055.0000000,1732175.0000000,35.5721946,129.2993917,147.2832545
,1163065.0000000,1732175.0000000,35.5721930,129.2995020,145.8868739
,1163075.0000000,1732175.0000000,35.5721913,129.2996123,144.0190199
,1163085.0000000,1732175.0000000,35.5721897,129.2997226,143.4725737
,1163095.0000000,1732175.0000000,35.5721880,129.2998329,142.4487952
,1163105.0000000,1732175.0000000,35.5721864,129.2999432,141.5234912
,1163115.0000000,1732175.0000000,35.5721848,129.3000535,140.5055432
,1163125.0000000,1732175.0000000,35.5721831,129.3001639,139.6005712
,1163135.0000000,1732175.0000000,35.5721815,129.3002742,139.7678225
,1163145.0000000,1732175.0000000,35.5721798,129.3003845,140.7913567
,1163155.0000000,1732175.0000000,35.5721782,129.3004948,140.2606668
,1163165.0000000,1732175.0000000,35.5721765,129.3006051,138.9780268
,1163175.0000000,1732175.0000000,35.5721749,129.3007154,138.6374991
,1163185.0000000,1732175.0000000,35.5721732,129.3008257,138.8893304
,1163195.0000000,1732175.0000000,35.5721716,129.3009360,139.3731607
,1163205.0000000,1732175.0000000,35.5721699,129.3010463,139.7147161
,1163215.0000000,1732175.0000000,35.5721683,129.3011566,140.6468974
,1163225.0000000,1732175.0000000,35.5721666,129.3012669,141.5000000
,1163235.0000000,1732175.0000000,35.5721650,129.3013772,141.5000000
,1163245.0000000,1732175.0000000,35.5721633,129.3014875,141.5000000
,1163255.0000000,1732175.0000000,35.5721617,129.3015978,141.5000000
,1163265.0000000,1732175.0000000,35.5721600,129.3017081,141.5000000
,1163275.0000000,1732175.0000000,35.5721584,129.3018184,141.4313959
,1163285.0000000,1732175.0000000,35.5721567,129.3019288,140.2598191
,1163295.0000000,1732175.0000000,35.5721551,129.3020391,139.4518767
,1163305.0000000,1732175.0000000,35.5721534,129.3021494,140.3258248
,1163315.0000000,1732175.0000000,35.5721518,129.3022597,141.2845653
,1163325.0000000,1732175.0000000,35.5721501,129.3023700,141.3854892
,1163335.0000000,1732175.0000000,35.5721485,129.3024803,140.7125047
,1163345.0000000,1732175.0000000,35.5721468,129.3025906,138.5271546
,1163355.0000000,1732175.0000000,35.5721452,129.3027009,136.4995003
,1163365.0000000,1732175.0000000,35.5721435,129.3028112,133.8444234
,1163375.0000000,1732175.0000000,35.5721419,129.3029215,130.6061806
,1163385.0000000,1732175.0000000,35.5721402,129.3030318,127.2030691
,1163395.0000000,1732175.0000000,35.5721386,129.3031421,126.2467646
,1163405.0000000,1732175.0000000,35.5721369,129.3032524,125.3606719
,1163415.0000000,1732175.0000000,35.5721353,129.3033627,124.2252207
,1163425.0000000,1732175.0000000,35.5721336,129.3034730,123.1548341
,1163435.0000000,1732175.0000000,35.5721320,129.3035833,121.7082878
,1163445.0000000,1732175.0000000,35.5721303,129.3036936,121.5017349
,1163455.0000000,1732175.0000000,35.5721287,129.3038040,121.4958678
,1163465.0000000,1732175.0000000,35.5721270,129.3039143,121.4586986
,1163475.0000000,1732175.0000000,35.5721254,129.3040246,121.4140531
,1163485.0000000,1732175.0000000,35.5721237,129.3041349,121.5000000
,1163495.0000000,1732175.0000000,35.5721221,129.3042452,121.5000000
,1163505.0000000,1732175.0000000,35.5721204,129.3043555,121.7489333
,1163515.0000000,1732175.0000000,35.5721188,129.3044658,124.4750835
,1163525.0000000,1732175.0000000,35.5721171,129.3045761,127.7229809
,1163535.0000000,1732175.0000000,35.5721155,129.3046864,131.4608505
,1163545.0000000,1732175.0000000,35.5721138,129.3047967,132.1583596
,1163555.0000000,1732175.0000000,35.5721122,129.3049070,135.1407242
,1163565.0000000,1732175.0000000,35.5721105,129.3050173,136.5000000
,1163575.0000000,1732175.0000000,35.5721089,129.3051276,136.5000000
,1163585.0000000,1732175.0000000,35.5721072,129.3052379,136.5000000
,1163595.0000000,1732175.0000000,35.5721055,129.3053482,136.5000000
,1163605.0000000,1732175.0000000,35.5721039,129.3054585,136.5000000
,1163615.0000000,1732175.0000000,35.5721022,129.3055688,136.5000000
,1163625.0000000,1732175.0000000,35.5721006,129.3056792,136.5000000
,1163635.0000000,1732175.0000000,35.5720989,129.3057895,136.5000000
,1163645.0000000,1732175.0000000,35.5720973,129.3058998,136.5000000
,1163655.0000000,1732175.0000000,35.5720956,129.3060101,136.7987853
,1163665.0000000,1732175.0000000,35.5720940,129.3061204,136.7381790
,1163675.0000000,1732175.0000000,35.5720923,129.3062307,139.7732074
,1163685.0000000,1732175.0000000,35.5720907,129.3063410,141.4918756
,1163695.0000000,1732175.0000000,35.5720890,129.3064513,143.4332186
,1163705.0000000,1732175.0000000,35.5720874,129.3065616,146.0046527
,1163715.0000000,1732175.0000000,35.5720857,129.3066719,146.5000000
,1163725.0000000,1732175.0000000,35.5720841,129.3067822,146.5000000
,1163735.0000000,1732175.0000000,35.5720824,129.3068925,146.1223952
,1163745.0000000,1732175.0000000,35.5720808,129.3070028,144.4174681
,1163755.0000000,1732175.0000000,35.5720791,129.3071131,141.5927070
,1163765.0000000,1732175.0000000,35.5720774,129.3072234,140.9624305
,1163775.0000000,1732175.0000000,35.5720758,129.3073337,139.9948657
,1163785.0000000,1732175.0000000,35.5720741,129.3074440,138.1191556
,1163795.0000000,1732175.0000000,35.5720725,129.3075543,136.6052782
,1163805.0000000,1732175.0000000,35.5720708,129.3076647,135.5245869
,1163815.0000000,1732175.0000000,35.5720692,129.3077750,131.8144262
,1163825.0000000,1732175.0000000,35.5720675,129.3078853,130.9647746
,1163835.0000000,1732175.0000000,35.5720659,129.3079956,130.0066818
,1163845.0000000,1732175.0000000,35.5720642,129.3081059,129.1272242
,1163855.0000000,1732175.0000000,35.5720626,129.3082162,129.2688721
,1163865.0000000,1732175.0000000,35.5720609,129.3083265,131.3693063
,1163875.0000000,1732175.0000000,35.5720592,129.3084368,131.4942041
,1163885.0000000,1732175.0000000,35.5720576,129.3085471,130.8957331
,1163895.0000000,1732175.0000000,35.5720559,129.3086574,127.5556543
,1163905.0000000,1732175.0000000,35.5720543,129.3087677,124.7887061
,1163915.0000000,1732175.0000000,35.5720526,129.3088780,121.5100999
,1163925.0000000,1732175.0000000,35.5720510,129.3089883,119.2661734
,1163935.0000000,1732175.0000000,35.5720493,129.3090986,117.0296414
,1163945.0000000,1732175.0000000,35.5720477,129.3092089,116.5092195
,1163955.0000000,1732175.0000000,35.5720460,129.3093192,115.0131636
,1163965.0000000,1732175.0000000,35.5720443,129.3094295,114.1660136
,1163975.0000000,1732175.0000000,35.5720427,129.3095398,113.7442869
,1163985.0000000,1732175.0000000,35.5720410,129.3096502,113.3704612
,1163995.0000000,1732175.0000000,35.5720394,129.3097605,111.5137280
,1163005.0000000,1732185.0000000,35.5722930,129.2988422,146.4036576
,1163015.0000000,1732185.0000000,35.5722913,129.2989525,148.7220481
,1163025.0000000,1732185.0000000,35.5722897,129.2990628,151.7193160
,1163035.0000000,1732185.0000000,35.5722880,129.2991731,154.2861855
,1163045.0000000,1732185.0000000,35.5722864,129.2992834,153.9940930
,1163055.0000000,1732185.0000000,35.5722848,129.2993937,151.4478399
,1163065.0000000,1732185.0000000,35.5722831,129.2995040,149.6047103
,1163075.0000000,1732185.0000000,35.5722815,129.2996143,146.8518988
,1163085.0000000,1732185.0000000,35.5722798,129.2997246,146.6426270
,1163095.0000000,1732185.0000000,35.5722782,129.2998350,146.5335596
,1163105.0000000,1732185.0000000,35.5722765,129.2999453,144.3108052
,1163115.0000000,1732185.0000000,35.5722749,129.3000556,141.7989587
,1163125.0000000,1732185.0000000,35.5722732,129.3001659,141.6506249
,1163135.0000000,1732185.0000000,35.5722716,129.3002762,141.3064162
,1163145.0000000,1732185.0000000,35.5722699,129.3003865,140.9479491
,1163155.0000000,1732185.0000000,35.5722683,129.3004968,140.4429920
,1163165.0000000,1732185.0000000,35.5722666,129.3006071,139.5779003
,1163175.0000000,1732185.0000000,35.5722650,129.3007174,139.0822086
,1163185.0000000,1732185.0000000,35.5722633,129.3008277,138.7656376
,1163195.0000000,1732185.0000000,35.5722617,129.3009380,138.8589411
,1163205.0000000,1732185.0000000,35.5722600,129.3010483,139.5020300
,1163215.0000000,1732185.0000000,35.5722584,129.3011586,140.8401877
,1163225.0000000,1732185.0000000,35.5722567,129.3012689,141.5000000
,1163235.0000000,1732185.0000000,35.5722551,129.3013792,141.5000000
,1163245.0000000,1732185.0000000,35.5722534,129.3014895,141.5000000
,1163255.0000000,1732185.0000000,35.5722518,129.3015999,141.5000000
,1163265.0000000,1732185.0000000,35.5722501,129.3017102,141.5000000
,1163275.0000000,1732185.0000000,35.5722485,129.3018205,141.5000000
,1163285.0000000,1732185.0000000,35.5722468,129.3019308,141.5000000
,1163295.0000000,1732185.0000000,35.5722452,129.3020411,141.5000000
,1163305.0000000,1732185.0000000,35.5722435,129.3021514,141.5075914
,1163315.0000000,1732185.0000000,35.5722419,129.3022617,141.8423082
,1163325.0000000,1732185.0000000,35.5722402,129.3023720,142.0916194
,1163335.0000000,1732185.0000000,35.5722386,129.3024823,141.5977529
,1163345.0000000,1732185.0000000,35.5722370,129.3025926,140.6180635
,1163355.0000000,1732185.0000000,35.5722353,129.3027029,136.7470367
,1163365.0000000,1732185.0000000,35.5722337,129.3028132,135.0384050
,1163375.0000000,1732185.0000000,35.5722320,129.3029235,131.7131152
,1163385.0000000,1732185.0000000,35.5722303,129.3030338,128.2077621
,1163395.0000000,1732185.0000000,35.5722287,129.3031441,126.6574686
,1163405.0000000,1732185.0000000,35.5722270,129.3032544,126.6738659
,1163415.0000000,1732185.0000000,35.5722254,129.3033648,126.1620330
,1163425.0000000,1732185.0000000,35.5722237,129.3034751,125.4448638
,1163435.0000000,1732185.0000000,35.5722221,129.3035854,124.7861464
,1163445.0000000,1732185.0000000,35.5722204,129.3036957,124.3467948
,1163455.0000000,1732185.0000000,35.5722188,129.3038060,123.3996031
,1163465.0000000,1732185.0000000,35.5722171,129.3039163,122.0642057
,1163475.0000000,1732185.0000000,35.5722155,129.3040266,121.5000000
,1163485.0000000,1732185.0000000,35.5722138,129.3041369,121.5000000
,1163495.0000000,1732185.0000000,35.5722122,129.3042472,121.5000000
,1163505.0000000,1732185.0000000,35.5722105,129.3043575,121.8832121
,1163515.0000000,1732185.0000000,35.5722089,129.3044678,125.1118831
,1163525.0000000,1732185.0000000,35.5722072,129.3045781,126.8545356
,1163535.0000000,1732185.0000000,35.5722056,129.3046884,130.3263466
,1163545.0000000,1732185.0000000,35.5722039,129.3047987,131.5524263
,1163555.0000000,1732185.0000000,35.5722023,129.3049090,134.9263905
,1163565.0000000,1732185.0000000,35.5722006,129.3050193,136.3656237
,1163575.0000000,1732185.0000000,35.5721990,129.3051296,136.5000000
,1163585.0000000,1732185.0000000,35.5721973,129.3052400,136.5000000
,1163595.0000000,1732185.0000000,35.5721957,129.3053503,136.5000000
,1163605.0000000,1732185.0000000,35.5721940,129.3054606,136.5000000
,1163615.0000000,1732185.0000000,35.5721924,129.3055709,136.5000000
,1163625.0000000,1732185.0000000,35.5721907,129.3056812,136.5000000
,1163635.0000000,1732185.0000000,35.5721891,129.3057915,136.5000000
,1163645.0000000,1732185.0000000,35.5721874,129.3059018,136.5000000
,1163655.0000000,1732185.0000000,35.5721858,129.3060121,136.7061648
,1163665.0000000,1732185.0000000,35.5721841,129.3061224,137.4351684
,1163675.0000000,1732185.0000000,35.5721824,129.3062327,140.3017518
,1163685.0000000,1732185.0000000,35.5721808,129.3063430,141.5941728
,1163695.0000000,1732185.0000000,35.5721791,129.3064533,144.1484111
,1163705.0000000,1732185.0000000,35.5721775,129.3065636,146.2630538
,1163715.0000000,1732185.0000000,35.5721758,129.3066739,146.5000000
,1163725.0000000,1732185.0000000,35.5721742,129.3067842,146.5000000
,1163735.0000000,1732185.0000000,35.5721725,129.3068945,146.2370196
,1163745.0000000,1732185.0000000,35.5721709,129.3070048,144.8515733
,1163755.0000000,1732185.0000000,35.5721692,129.3071152,142.2478065
,1163765.0000000,1732185.0000000,35.5721676,129.3072255,141.4955043
,1163775.0000000,1732185.0000000,35.5721659,129.3073358,141.3243274
,1163785.0000000,1732185.0000000,35.5721643,129.3074461,140.9899208
,1163795.0000000,1732185.0000000,35.5721626,129.3075564,139.7359223
,1163805.0000000,1732185.0000000,35.5721609,129.3076667,136.8230646
,1163815.0000000,1732185.0000000,35.5721593,129.3077770,134.8727770
,1163825.0000000,1732185.0000000,35.5721576,129.3078873,132.2762924
,1163835.0000000,1732185.0000000,35.5721560,129.3079976,131.8890960
,1163845.0000000,1732185.0000000,35.5721543,129.3081079,131.5028693
,1163855.0000000,1732185.0000000,35.5721527,129.3082182,132.1328559
,1163865.0000000,1732185.0000000,35.5721510,129.3083285,134.3420588
,1163875.0000000,1732185.0000000,35.5721494,129.3084388,135.5244703
,1163885.0000000,1732185.0000000,35.5721477,129.3085491,134.3219843
,1163895.0000000,1732185.0000000,35.5721461,129.3086594,132.1769436
,1163905.0000000,1732185.0000000,35.5721444,129.3087697,128.4853909
,1163915.0000000,1732185.0000000,35.5721427,129.3088800,124.6163700
,1163925.0000000,1732185.0000000,35.5721411,129.3089903,122.1637223
,1163935.0000000,1732185.0000000,35.5721394,129.3091007,121.1122071
,1163945.0000000,1732185.0000000,35.5721378,129.3092110,119.5332408
,1163955.0000000,1732185.0000000,35.5721361,129.3093213,117.5466338
,1163965.0000000,1732185.0000000,35.5721345,129.3094316,116.6723792
,1163975.0000000,1732185.0000000,35.5721328,129.3095419,116.1277115
,1163985.0000000,1732185.0000000,35.5721311,129.3096522,115.5288125
,1163995.0000000,1732185.0000000,35.5721295,129.3097625,114.6239147
,1163005.0000000,1732195.0000000,35.5723831,129.2988442,146.8238617
,1163015.0000000,1732195.0000000,35.5723815,129.2989545,150.0030062
,1163025.0000000,1732195.0000000,35.5723798,129.2990648,153.1075659
,1163035.0000000,1732195.0000000,35.5723782,129.2991751,156.4805692
,1163045.0000000,1732195.0000000,35.5723765,129.2992854,156.4737066
,1163055.0000000,1732195.0000000,35.5723749,129.2993957,155.8555476
,1163065.0000000,1732195.0000000,35.5723732,129.2995061,154.0793888
,1163075.0000000,1732195.0000000,35.5723716,129.2996164,153.2222306
,1163085.0000000,1732195.0000000,35.5723699,129.2997267,151.1434348
,1163095.0000000,1732195.0000000,35.5723683,129.2998370,150.4315242
,1163105.0000000,1732195.0000000,35.5723666,129.2999473,147.3062771
,1163115.0000000,1732195.0000000,35.5723650,129.3000576,145.9154468
,1163125.0000000,1732195.0000000,35.5723633,129.3001679,145.1568987
,1163135.0000000,1732195.0000000,35.5723617,129.3002782,142.8117847
,1163145.0000000,1732195.0000000,35.5723600,129.3003885,142.0373042
,1163155.0000000,1732195.0000000,35.5723584,129.3004988,141.2042030
,1163165.0000000,1732195.0000000,35.5723568,129.3006091,140.9166093
,1163175.0000000,1732195.0000000,35.5723551,129.3007194,141.5000000
,1163185.0000000,1732195.0000000,35.5723535,129.3008297,140.9458295
,1163195.0000000,1732195.0000000,35.5723518,129.3009400,140.3076053
,1163205.0000000,1732195.0000000,35.5723502,129.3010503,140.4732689
,1163215.0000000,1732195.0000000,35.5723485,129.3011606,141.5000000
,1163225.0000000,1732195.0000000,35.5723469,129.3012710,141.5000000
,1163235.0000000,1732195.0000000,35.5723452,129.3013813,141.5000000
,1163245.0000000,1732195.0000000,35.5723436,129.3014916,141.5000000
,1163255.0000000,1732195.0000000,35.5723419,129.3016019,141.5000000
,1163265.0000000,1732195.0000000,35.5723403,129.3017122,141.5000000
,1163275.0000000,1732195.0000000,35.5723386,129.3018225,141.5000000
,1163285.0000000,1732195.0000000,35.5723370,129.3019328,141.5000000
,1163295.0000000,1732195.0000000,35.5723353,129.3020431,141.5577718
,1163305.0000000,1732195.0000000,35.5723337,129.3021534,142.0159329
,1163315.0000000,1732195.0000000,35.5723320,129.3022637,144.2388496
,1163325.0000000,1732195.0000000,35.5723304,129.3023740,145.2735298
,1163335.0000000,1732195.0000000,35.5723287,129.3024843,143.5843022
,1163345.0000000,1732195.0000000,35.5723271,129.3025946,141.3511822
,1163355.0000000,1732195.0000000,35.5723254,129.3027049,137.2999284
,1163365.0000000,1732195.0000000,35.5723238,129.3028152,135.7278714
,1163375.0000000,1732195.0000000,35.5723221,129.3029255,132.0463226
,1163385.0000000,1732195.0000000,35.5723205,129.3030359,130.6017042
,1163395.0000000,1732195.0000000,35.5723188,129.3031462,128.9489208
,1163405.0000000,1732195.0000000,35.5723172,129.3032565,127.1440129
,1163415.0000000,1732195.0000000,35.5723155,129.3033668,126.5293968
,1163425.0000000,1732195.0000000,35.5723139,129.3034771,126.5638294
,1163435.0000000,1732195.0000000,35.5723122,129.3035874,126.3669751
,1163445.0000000,1732195.0000000,35.5723106,129.3036977,126.1973519
,1163455.0000000,1732195.0000000,35.5723089,129.3038080,126.2918909
,1163465.0000000,1732195.0000000,35.5723073,129.3039183,124.4582105
,1163475.0000000,1732195.0000000,35.5723056,129.3040286,121.5000000
,1163485.0000000,1732195.0000000,35.5723040,129.3041389,121.5000000
,1163495.0000000,1732195.0000000,35.5723023,129.3042492,121.5000000
,1163505.0000000,1732195.0000000,35.5723007,129.3043595,122.1304713
,1163515.0000000,1732195.0000000,35.5722990,129.3044698,125.2578411
,1163525.0000000,1732195.0000000,35.5722974,129.3045801,126.7432626
,1163535.0000000,1732195.0000000,35.5722957,129.3046904,128.4275295
,1163545.0000000,1732195.0000000,35.5722941,129.3048008,131.4776349
,1163555.0000000,1732195.0000000,35.5722924,129.3049111,133.9224298
,1163565.0000000,1732195.0000000,35.5722907,129.3050214,136.0267099
,1163575.0000000,1732195.0000000,35.5722891,129.3051317,136.5000000
,1163585.0000000,1732195.0000000,35.5722874,129.3052420,136.5000000
,1163595.0000000,1732195.0000000,35.5722858,129.3053523,136.5000000
,1163605.0000000,1732195.0000000,35.5722841,129.3054626,136.5000000
,1163615.0000000,1732195.0000000,35.5722825,129.3055729,136.6701578
,1163625.0000000,1732195.0000000,35.5722808,129.3056832,136.5454312
,1163635.0000000,1732195.0000000,35.5722792,129.3057935,136.7627139
,1163645.0000000,1732195.0000000,35.5722775,129.3059038,136.8529127
,1163655.0000000,1732195.0000000,35.5722759,129.3060141,137.3626093
,1163665.0000000,1732195.0000000,35.5722742,129.3061244,138.6896774
,1163675.0000000,1732195.0000000,35.5722726,129.3062347,140.4523017
,1163685.0000000,1732195.0000000,35.5722709,129.3063450,141.6689645
,1163695.0000000,1732195.0000000,35.5722693,129.3064553,143.7884129
,1163705.0000000,1732195.0000000,35.5722676,129.3065656,146.2552293
,1163715.0000000,1732195.0000000,35.5722660,129.3066760,146.5000000
,1163725.0000000,1732195.0000000,35.5722643,129.3067863,146.5000000
,1163735.0000000,1732195.0000000,35.5722626,129.3068966,146.4800010
,1163745.0000000,1732195.0000000,35.5722610,129.3070069,145.4032668
,1163755.0000000,1732195.0000000,35.5722593,129.3071172,143.6752839
,1163765.0000000,1732195.0000000,35.5722577,129.3072275,142.2362200
,1163775.0000000,1732195.0000000,35.5722560,129.3073378,141.1343823
,1163785.0000000,1732195.0000000,35.5722544,129.3074481,140.8662750
,1163795.0000000,1732195.0000000,35.5722527,129.3075584,140.9789771
,1163805.0000000,1732195.0000000,35.5722511,129.3076687,140.5341869
,1163815.0000000,1732195.0000000,35.5722494,129.3077790,136.7485248
,1163825.0000000,1732195.0000000,35.5722478,129.3078893,136.5289549
,1163835.0000000,1732195.0000000,35.5722461,129.3079996,135.7313470
,1163845.0000000,1732195.0000000,35.5722444,129.3081099,135.7332710
,1163855.0000000,1732195.0000000,35.5722428,129.3082202,136.3148474
,1163865.0000000,1732195.0000000,35.5722411,129.3083305,136.6782177
,1163875.0000000,1732195.0000000,35.5722395,129.3084408,138.5037972
,1163885.0000000,1732195.0000000,35.5722378,129.3085512,137.5078205
,1163895.0000000,1732195.0000000,35.5722362,129.3086615,134.0382986
,1163905.0000000,1732195.0000000,35.5722345,129.3087718,133.5528093
,1163915.0000000,1732195.0000000,35.5722329,129.3088821,128.9602536
,1163925.0000000,1732195.0000000,35.5722312,129.3089924,125.6009004
,1163935.0000000,1732195.0000000,35.5722295,129.3091027,122.4883907
,1163945.0000000,1732195.0000000,35.5722279,129.3092130,121.5348068
,1163955.0000000,1732195.0000000,35.5722262,129.3093233,121.1423799
,1163965.0000000,1732195.0000000,35.5722246,129.3094336,120.1129762
,1163975.0000000,1732195.0000000,35.5722229,129.3095439,119.1522389
,1163985.0000000,1732195.0000000,35.5722213,129.3096542,118.4567981
,1163995.0000000,1732195.0000000,35.5722196,129.3097645,118.2133721
,1163005.0000000,1732205.0000000,35.5724732,129.2988462,147.5639957
,1163015.0000000,1732205.0000000,35.5724716,129.2989565,152.0236616
,1163025.0000000,1732205.0000000,35.5724699,129.2990668,154.6693010
,1163035.0000000,1732205.0000000,35.5724683,129.2991771,156.5454852
,1163045.0000000,1732205.0000000,35.5724666,129.2992875,158.9973227
,1163055.0000000,1732205.0000000,35.5724650,129.2993978,159.2252784
,1163065.0000000,1732205.0000000,35.5724634,129.2995081,156.8489978
,1163075.0000000,1732205.0000000,35.5724617,129.2996184,156.5022570
,1163085.0000000,1732205.0000000,35.5724601,129.2997287,153.2953790
,1163095.0000000,1732205.0000000,35.5724584,129.2998390,151.3182826
,1163105.0000000,1732205.0000000,35.5724568,129.2999493,150.2284908
,1163115.0000000,1732205.0000000,35.5724551,129.3000596,147.4867293
,1163125.0000000,1732205.0000000,35.5724535,129.3001699,145.2341841
,1163135.0000000,1732205.0000000,35.5724518,129.3002802,142.9309353
,1163145.0000000,1732205.0000000,35.5724502,129.3003905,141.9981320
,1163155.0000000,1732205.0000000,35.5724485,129.3005008,141.5000000
,1163165.0000000,1732205.0000000,35.5724469,129.3006111,141.5000000
,1163175.0000000,1732205.0000000,35.5724452,129.3007214,141.5000000
,1163185.0000000,1732205.0000000,35.5724436,129.3008317,141.5000000
,1163195.0000000,1732205.0000000,35.5724419,129.3009421,141.5000000
,1163205.0000000,1732205.0000000,35.5724403,129.3010524,141.0779093
,1163215.0000000,1732205.0000000,35.5724386,129.3011627,140.8391675
,1163225.0000000,1732205.0000000,35.5724370,129.3012730,141.5000000
,1163235.0000000,1732205.0000000,35.5724353,129.3013833,141.5000000
,1163245.0000000,1732205.0000000,35.5724337,129.3014936,141.5000000
,1163255.0000000,1732205.0000000,35.5724320,129.3016039,141.5000000
,1163265.0000000,1732205.0000000,35.5724304,129.3017142,141.5000000
,1163275.0000000,1732205.0000000,35.5724287,129.3018245,141.5000000
,1163285.0000000,1732205.0000000,35.5724271,129.3019348,141.5159618
,1163295.0000000,1732205.0000000,35.5724254,129.3020451,141.6010617
,1163305.0000000,1732205.0000000,35.5724238,129.3021554,144.2181624
,1163315.0000000,1732205.0000000,35.5724221,129.3022657,146.2715618
,1163325.0000000,1732205.0000000,35.5724205,129.3023760,146.4527279
,1163335.0000000,1732205.0000000,35.5724188,129.3024863,145.6974633
,1163345.0000000,1732205.0000000,35.5724172,129.3025966,142.1585474
,1163355.0000000,1732205.0000000,35.5724155,129.3027070,137.7482991
,1163365.0000000,1732205.0000000,35.5724139,129.3028173,136.1833778
,1163375.0000000,1732205.0000000,35.5724122,129.3029276,133.7496752
,1163385.0000000,1732205.0000000,35.5724106,129.3030379,131.6337993
,1163395.0000000,1732205.0000000,35.5724089,129.3031482,131.2968822
,1163405.0000000,1732205.0000000,35.5724073,129.3032585,130.2275048
,1163415.0000000,1732205.0000000,35.5724056,129.3033688,128.5958752
,1163425.0000000,1732205.0000000,35.5724040,129.3034791,127.3727976
,1163435.0000000,1732205.0000000,35.5724023,129.3035894,126.5000000
,1163445.0000000,1732205.0000000,35.5724007,129.3036997,126.5000000
,1163455.0000000,1732205.0000000,35.5723990,129.3038100,126.5000000
,1163465.0000000,1732205.0000000,35.5723974,129.3039203,126.5000000
,1163475.0000000,1732205.0000000,35.5723957,129.3040306,124.6442779
,1163485.0000000,1732205.0000000,35.5723941,129.3041409,122.9571076
,1163495.0000000,1732205.0000000,35.5723924,129.3042512,123.3206878
,1163505.0000000,1732205.0000000,35.5723908,129.3043615,124.9873785
,1163515.0000000,1732205.0000000,35.5723891,129.3044719,126.5000000
,1163525.0000000,1732205.0000000,35.5723875,129.3045822,126.5000000
,1163535.0000000,1732205.0000000,35.5723858,129.3046925,127.1468160
,1163545.0000000,1732205.0000000,35.5723842,129.3048028,131.4978606
,1163555.0000000,1732205.0000000,35.5723825,129.3049131,132.8898928
,1163565.0000000,1732205.0000000,35.5723809,129.3050234,136.0694443
,1163575.0000000,1732205.0000000,35.5723792,129.3051337,135.4532594
,1163585.0000000,1732205.0000000,35.5723776,129.3052440,137.3488134
,1163595.0000000,1732205.0000000,35.5723759,129.3053543,138.5195698
,1163605.0000000,1732205.0000000,35.5723743,129.3054646,138.8650641
,1163615.0000000,1732205.0000000,35.5723726,129.3055749,138.5171757
,1163625.0000000,1732205.0000000,35.5723710,129.3056852,138.2254985
,1163635.0000000,1732205.0000000,35.5723693,129.3057955,138.5974444
,1163645.0000000,1732205.0000000,35.5723676,129.3059058,138.7951192
,1163655.0000000,1732205.0000000,35.5723660,129.3060161,138.5206474
,1163665.0000000,1732205.0000000,35.5723643,129.3061264,139.6398036
,1163675.0000000,1732205.0000000,35.5723627,129.3062368,140.9941835
,1163685.0000000,1732205.0000000,35.5723610,129.3063471,141.8085214
,1163695.0000000,1732205.0000000,35.5723594,129.3064574,142.6537092
,1163705.0000000,1732205.0000000,35.5723577,129.3065677,145.2758141
,1163715.0000000,1732205.0000000,35.5723561,129.3066780,146.4891900
,1163725.0000000,1732205.0000000,35.5723544,129.3067883,146.5000000
,1163735.0000000,1732205.0000000,35.5723528,129.3068986,146.5000000
,1163745.0000000,1732205.0000000,35.5723511,129.3070089,146.2569140
,1163755.0000000,1732205.0000000,35.5723495,129.3071192,144.7090928
,1163765.0000000,1732205.0000000,35.5723478,129.3072295,143.1697993
,1163775.0000000,1732205.0000000,35.5723462,129.3073398,141.0196647
,1163785.0000000,1732205.0000000,35.5723445,129.3074501,140.4003937
,1163795.0000000,1732205.0000000,35.5723428,129.3075604,140.0552703
,1163805.0000000,1732205.0000000,35.5723412,129.3076707,139.0322896
,1163815.0000000,1732205.0000000,35.5723395,129.3077810,138.0740152
,1163825.0000000,1732205.0000000,35.5723379,129.3078913,138.4661282
,1163835.0000000,1732205.0000000,35.5723362,129.3080016,138.0288153
,1163845.0000000,1732205.0000000,35.5723346,129.3081120,137.6039326
,1163855.0000000,1732205.0000000,35.5723329,129.3082223,139.6420767
,1163865.0000000,1732205.0000000,35.5723313,129.3083326,141.1791573
,1163875.0000000,1732205.0000000,35.5723296,129.3084429,140.6914288
,1163885.0000000,1732205.0000000,35.5723279,129.3085532,140.1891438
,1163895.0000000,1732205.0000000,35.5723263,129.3086635,141.2965920
,1163905.0000000,1732205.0000000,35.5723246,129.3087738,136.8881531
,1163915.0000000,1732205.0000000,35.5723230,129.3088841,131.8750658
,1163925.0000000,1732205.0000000,35.5723213,129.3089944,130.7949219
,1163935.0000000,1732205.0000000,35.5723197,129.3091047,126.4998038
,1163945.0000000,1732205.0000000,35.5723180,129.3092150,124.7585924
,1163955.0000000,1732205.0000000,35.5723164,129.3093253,123.0506790
,1163965.0000000,1732205.0000000,35.5723147,129.3094356,122.0882893
,1163975.0000000,1732205.0000000,35.5723130,129.3095459,121.5293523
,1163985.0000000,1732205.0000000,35.5723114,129.3096562,121.4043588
,1163995.0000000,1732205.0000000,35.5723097,129.3097665,121.3061182
,1163005.0000000,1732215.0000000,35.5725634,129.2988482,148.5991421
,1163015.0000000,1732215.0000000,35.5725617,129.2989585,151.9544136
,1163025.0000000,1732215.0000000,35.5725601,129.2990689,154.5228841
,1163035.0000000,1732215.0000000,35.5725584,129.2991792,156.8799051
,1163045.0000000,1732215.0000000,35.5725568,129.2992895,161.1126151
,1163055.0000000,1732215.0000000,35.5725551,129.2993998,161.3902343
,1163065.0000000,1732215.0000000,35.5725535,129.2995101,160.4023622
,1163075.0000000,1732215.0000000,35.5725518,129.2996204,156.7002434
,1163085.0000000,1732215.0000000,35.5725502,129.2997307,154.6605835
,1163095.0000000,1732215.0000000,35.5725485,129.2998410,151.4642005
,1163105.0000000,1732215.0000000,35.5725469,129.2999513,148.6925493
,1163115.0000000,1732215.0000000,35.5725452,129.3000616,146.5245962
,1163125.0000000,1732215.0000000,35.5725436,129.3001719,142.7600010
,1163135.0000000,1732215.0000000,35.5725419,129.3002822,141.6859553
,1163145.0000000,1732215.0000000,35.5725403,129.3003925,141.5000000
,1163155.0000000,1732215.0000000,35.5725386,129.3005028,141.5000000
,1163165.0000000,1732215.0000000,35.5725370,129.3006131,141.2254458
,1163175.0000000,1732215.0000000,35.5725353,129.3007235,140.8139333
,1163185.0000000,1732215.0000000,35.5725337,129.3008338,140.8741201
,1163195.0000000,1732215.0000000,35.5725321,129.3009441,140.8779299
,1163205.0000000,1732215.0000000,35.5725304,129.3010544,140.6297095
,1163215.0000000,1732215.0000000,35.5725288,129.3011647,140.5766885
,1163225.0000000,1732215.0000000,35.5725271,129.3012750,141.1776265
,1163235.0000000,1732215.0000000,35.5725255,129.3013853,141.5000000
,1163245.0000000,1732215.0000000,35.5725238,129.3014956,141.5000000
,1163255.0000000,1732215.0000000,35.5725222,129.3016059,141.5000000
,1163265.0000000,1732215.0000000,35.5725205,129.3017162,141.5000000
,1163275.0000000,1732215.0000000,35.5725189,129.3018265,141.6925116
,1163285.0000000,1732215.0000000,35.5725172,129.3019368,142.1711804
,1163295.0000000,1732215.0000000,35.5725156,129.3020471,144.0528942
,1163305.0000000,1732215.0000000,35.5725139,129.3021574,146.4181610
,1163315.0000000,1732215.0000000,35.5725123,129.3022677,146.5000000
,1163325.0000000,1732215.0000000,35.5725106,129.3023781,146.3185767
,1163335.0000000,1732215.0000000,35.5725090,129.3024884,145.7444584
,1163345.0000000,1732215.0000000,35.5725073,129.3025987,142.2580814
,1163355.0000000,1732215.0000000,35.5725057,129.3027090,139.4712227
,1163365.0000000,1732215.0000000,35.5725040,129.3028193,136.4469639
,1163375.0000000,1732215.0000000,35.5725024,129.3029296,135.6133045
,1163385.0000000,1732215.0000000,35.5725007,129.3030399,133.9566738
,1163395.0000000,1732215.0000000,35.5724991,129.3031502,132.0239634
,1163405.0000000,1732215.0000000,35.5724974,129.3032605,131.4880450
,1163415.0000000,1732215.0000000,35.5724958,129.3033708,131.1075413
,1163425.0000000,1732215.0000000,35.5724941,129.3034811,130.1178804
,1163435.0000000,1732215.0000000,35.5724925,129.3035914,128.2453641
,1163445.0000000,1732215.0000000,35.5724908,129.3037017,126.5000000
,1163455.0000000,1732215.0000000,35.5724892,129.3038120,126.5000000
,1163465.0000000,1732215.0000000,35.5724875,129.3039223,126.5000000
,1163475.0000000,1732215.0000000,35.5724859,129.3040327,126.5000000
,1163485.0000000,1732215.0000000,35.5724842,129.3041430,126.4320312
,1163495.0000000,1732215.0000000,35.5724826,129.3042533,126.2835679
,1163505.0000000,1732215.0000000,35.5724809,129.3043636,126.4340408
,1163515.0000000,1732215.0000000,35.5724792,129.3044739,126.5000000
,1163525.0000000,1732215.0000000,35.5724776,129.3045842,126.5000000
,1163535.0000000,1732215.0000000,35.5724759,129.3046945,126.6382104
,1163545.0000000,1732215.0000000,35.5724743,129.3048048,130.2974395
,1163555.0000000,1732215.0000000,35.5724726,129.3049151,131.7482584
,1163565.0000000,1732215.0000000,35.5724710,129.3050254,134.6426631
,1163575.0000000,1732215.0000000,35.5724693,129.3051357,135.5596749
,1163585.0000000,1732215.0000000,35.5724677,129.3052460,136.7051034
,1163595.0000000,1732215.0000000,35.5724660,129.3053563,139.4829430
,1163605.0000000,1732215.0000000,35.5724644,129.3054666,140.9010736
,1163615.0000000,1732215.0000000,35.5724627,129.3055769,141.1439347
,1163625.0000000,1732215.0000000,35.5724611,129.3056872,141.1761849
,1163635.0000000,1732215.0000000,35.5724594,129.3057976,141.0971660
,1163645.0000000,1732215.0000000,35.5724578,129.3059079,140.8169119
,1163655.0000000,1732215.0000000,35.5724561,129.3060182,140.8069573
,1163665.0000000,1732215.0000000,35.5724545,129.3061285,141.5000000
,1163675.0000000,1732215.0000000,35.5724528,129.3062388,141.5000000
,1163685.0000000,1732215.0000000,35.5724512,129.3063491,141.8728553
,1163695.0000000,1732215.0000000,35.5724495,129.3064594,141.7017449
,1163705.0000000,1732215.0000000,35.5724478,129.3065697,144.2089240
,1163715.0000000,1732215.0000000,35.5724462,129.3066800,146.2151698
,1163725.0000000,1732215.0000000,35.5724445,129.3067903,146.4735552
,1163735.0000000,1732215.0000000,35.5724429,129.3069006,146.5000000
,1163745.0000000,1732215.0000000,35.5724412,129.3070109,146.3832847
,1163755.0000000,1732215.0000000,35.5724396,129.3071212,145.5017945
,1163765.0000000,1732215.0000000,35.5724379,129.3072315,143.8120536
,1163775.0000000,1732215.0000000,35.5724363,129.3073418,142.1722072
,1163785.0000000,1732215.0000000,35.5724346,129.3074521,139.9918222
,1163795.0000000,1732215.0000000,35.5724330,129.3075624,139.7088924
,1163805.0000000,1732215.0000000,35.5724313,129.3076728,139.2167088
,1163815.0000000,1732215.0000000,35.5724297,129.3077831,138.4400930
,1163825.0000000,1732215.0000000,35.5724280,129.3078934,138.6296811
,1163835.0000000,1732215.0000000,35.5724263,129.3080037,140.7320877
,1163845.0000000,1732215.0000000,35.5724247,129.3081140,140.1698290
,1163855.0000000,1732215.0000000,35.5724230,129.3082243,141.5943722
,1163865.0000000,1732215.0000000,35.5724214,129.3083346,143.1469232
,1163875.0000000,1732215.0000000,35.5724197,129.3084449,143.0356950
,1163885.0000000,1732215.0000000,35.5724181,129.3085552,144.7325100
,1163895.0000000,1732215.0000000,35.5724164,129.3086655,142.2574382
,1163905.0000000,1732215.0000000,35.5724148,129.3087758,138.8460600
,1163915.0000000,1732215.0000000,35.5724131,129.3088861,140.9349102
,1163925.0000000,1732215.0000000,35.5724114,129.3089964,133.1020593
,1163935.0000000,1732215.0000000,35.5724098,129.3091067,130.0049914
,1163945.0000000,1732215.0000000,35.5724081,129.3092170,127.4161725
,1163955.0000000,1732215.0000000,35.5724065,129.3093273,126.4854916
,1163965.0000000,1732215.0000000,35.5724048,129.3094377,125.5339553
,1163975.0000000,1732215.0000000,35.5724032,129.3095480,124.4834121
,1163985.0000000,1732215.0000000,35.5724015,129.3096583,122.9370281
,1163995.0000000,1732215.0000000,35.5723999,129.3097686,122.1795152
,1163005.0000000,1732225.0000000,35.5726535,129.2988503,150.0570164
,1163015.0000000,1732225.0000000,35.5726518,129.2989606,151.5068241
,1163025.0000000,1732225.0000000,35.5726502,129.2990709,154.7627302
,1163035.0000000,1732225.0000000,35.5726485,129.2991812,156.4480435
,1163045.0000000,1732225.0000000,35.5726469,129.2992915,157.9028624
,1163055.0000000,1732225.0000000,35.5726452,129.2994018,159.5492980
,1163065.0000000,1732225.0000000,35.5726436,129.2995121,158.0409486
,1163075.0000000,1732225.0000000,35.5726419,129.2996224,156.5707089
,1163085.0000000,1732225.0000000,35.5726403,129.2997327,153.5952307
,1163095.0000000,1732225.0000000,35.5726387,129.2998430,151.3186086
,1163105.0000000,1732225.0000000,35.5726370,129.2999533,147.1316276
,1163115.0000000,1732225.0000000,35.5726354,129.3000636,142.8752459
,1163125.0000000,1732225.0000000,35.5726337,129.3001739,141.5972689
,1163135.0000000,1732225.0000000,35.5726321,129.3002842,141.5000000
,1163145.0000000,1732225.0000000,35.5726304,129.3003946,141.3536338
,1163155.0000000,1732225.0000000,35.5726288,129.3005049,141.4636735
,1163165.0000000,1732225.0000000,35.5726271,129.3006152,140.9019836
,1163175.0000000,1732225.0000000,35.5726255,129.3007255,140.5606797
,1163185.0000000,1732225.0000000,35.5726238,129.3008358,140.6571450
,1163195.0000000,1732225.0000000,35.5726222,129.3009461,140.7002489
,1163205.0000000,1732225.0000000,35.5726205,129.3010564,140.5404012
,1163215.0000000,1732225.0000000,35.5726189,129.3011667,140.5192490
,1163225.0000000,1732225.0000000,35.5726172,129.3012770,140.8352380
,1163235.0000000,1732225.0000000,35.5726156,129.3013873,141.5000000
,1163245.0000000,1732225.0000000,35.5726139,129.3014976,141.5000000
,1163255.0000000,1732225.0000000,35.5726123,129.3016079,141.5000000
,1163265.0000000,1732225.0000000,35.5726106,129.3017182,142.3626556
,1163275.0000000,1732225.0000000,35.5726090,129.3018285,143.2062267
,1163285.0000000,1732225.0000000,35.5726073,129.3019388,144.4683548
,1163295.0000000,1732225.0000000,35.5726057,129.3020492,146.0688724
,1163305.0000000,1732225.0000000,35.5726040,129.3021595,146.4976822
,1163315.0000000,1732225.0000000,35.5726024,129.3022698,146.5000000
,1163325.0000000,1732225.0000000,35.5726007,129.3023801,146.2428732
,1163335.0000000,1732225.0000000,35.5725991,129.3024904,146.3714425
,1163345.0000000,1732225.0000000,35.5725974,129.3026007,143.3950985
,1163355.0000000,1732225.0000000,35.5725958,129.3027110,140.3248979
,1163365.0000000,1732225.0000000,35.5725941,129.3028213,137.3106959
,1163375.0000000,1732225.0000000,35.5725925,129.3029316,136.4783508
,1163385.0000000,1732225.0000000,35.5725908,129.3030419,136.2401149
,1163395.0000000,1732225.0000000,35.5725892,129.3031522,134.9583808
,1163405.0000000,1732225.0000000,35.5725875,129.3032625,132.7463837
,1163415.0000000,1732225.0000000,35.5725859,129.3033728,131.5915638
,1163425.0000000,1732225.0000000,35.5725842,129.3034831,131.7345455
,1163435.0000000,1732225.0000000,35.5725826,129.3035934,130.6824131
,1163445.0000000,1732225.0000000,35.5725809,129.3037038,128.2145204
,1163455.0000000,1732225.0000000,35.5725793,129.3038141,126.5512073
,1163465.0000000,1732225.0000000,35.5725776,129.3039244,126.5000000
,1163475.0000000,1732225.0000000,35.5725760,129.3040347,126.5000000
,1163485.0000000,1732225.0000000,35.5725743,129.3041450,126.7456135
,1163495.0000000,1732225.0000000,35.5725727,129.3042553,126.7609698
,1163505.0000000,1732225.0000000,35.5725710,129.3043656,126.6147475
,1163515.0000000,1732225.0000000,35.5725694,129.3044759,126.5000000
,1163525.0000000,1732225.0000000,35.5725677,129.3045862,126.5000000
,1163535.0000000,1732225.0000000,35.5725661,129.3046965,127.1950447
,1163545.0000000,1732225.0000000,35.5725644,129.3048068,130.0055077
,1163555.0000000,1732225.0000000,35.5725628,129.3049171,131.5629096
,1163565.0000000,1732225.0000000,35.5725611,129.3050274,132.6236015
,1163575.0000000,1732225.0000000,35.5725595,129.3051377,135.8638721
,1163585.0000000,1732225.0000000,35.5725578,129.3052480,136.2471846
,1163595.0000000,1732225.0000000,35.5725562,129.3053583,139.1438530
,1163605.0000000,1732225.0000000,35.5725545,129.3054687,141.4177855
,1163615.0000000,1732225.0000000,35.5725528,129.3055790,141.4845856
,1163625.0000000,1732225.0000000,35.5725512,129.3056893,141.5000000
,1163635.0000000,1732225.0000000,35.5725495,129.3057996,141.5000000
,1163645.0000000,1732225.0000000,35.5725479,129.3059099,141.5000000
,1163655.0000000,1732225.0000000,35.5725462,129.3060202,141.5000000
,1163665.0000000,1732225.0000000,35.5725446,129.3061305,141.5000000
,1163675.0000000,1732225.0000000,35.5725429,129.3062408,141.5000000
,1163685.0000000,1732225.0000000,35.5725413,129.3063511,141.5000000
,1163695.0000000,1732225.0000000,35.5725396,129.3064614,141.8065537
,1163705.0000000,1732225.0000000,35.5725380,129.3065717,143.7943683
,1163715.0000000,1732225.0000000,35.5725363,129.3066820,145.9580241
,1163725.0000000,1732225.0000000,35.5725347,129.3067923,146.3642465
,1163735.0000000,1732225.0000000,35.5725330,129.3069026,146.4649610
,1163745.0000000,1732225.0000000,35.5725314,129.3070129,146.5000000
,1163755.0000000,1732225.0000000,35.5725297,129.3071232,145.9505420
,1163765.0000000,1732225.0000000,35.5725280,129.3072336,144.8255044
,1163775.0000000,1732225.0000000,35.5725264,129.3073439,143.3330851
,1163785.0000000,1732225.0000000,35.5725247,129.3074542,140.8103189
,1163795.0000000,1732225.0000000,35.5725231,129.3075645,139.8601638
,1163805.0000000,1732225.0000000,35.5725214,129.3076748,139.4082288
,1163815.0000000,1732225.0000000,35.5725198,129.3077851,139.4153473
,1163825.0000000,1732225.0000000,35.5725181,129.3078954,139.9781179
,1163835.0000000,1732225.0000000,35.5725165,129.3080057,140.7013682
,1163845.0000000,1732225.0000000,35.5725148,129.3081160,142.4909839
,1163855.0000000,1732225.0000000,35.5725132,129.3082263,145.3373474
,1163865.0000000,1732225.0000000,35.5725115,129.3083366,145.8216210
,1163875.0000000,1732225.0000000,35.5725098,129.3084469,144.7339317
,1163885.0000000,1732225.0000000,35.5725082,129.3085572,144.7381315
,1163895.0000000,1732225.0000000,35.5725065,129.3086675,144.2992272
,1163905.0000000,1732225.0000000,35.5725049,129.3087778,140.7795943
,1163915.0000000,1732225.0000000,35.5725032,129.3088881,139.4471865
,1163925.0000000,1732225.0000000,35.5725016,129.3089985,136.5287126
,1163935.0000000,1732225.0000000,35.5724999,129.3091088,135.7316059
,1163945.0000000,1732225.0000000,35.5724983,129.3092191,130.6559138
,1163955.0000000,1732225.0000000,35.5724966,129.3093294,130.0525100
,1163965.0000000,1732225.0000000,35.5724949,129.3094397,126.5109009
,1163975.0000000,1732225.0000000,35.5724933,129.3095500,126.8220947
,1163985.0000000,1732225.0000000,35.5724916,129.3096603,125.6885690
,1163995.0000000,1732225.0000000,35.5724900,129.3097706,124.3447626
,1163005.0000000,1732235.0000000,35.5727436,129.2988523,151.4669322
,1163015.0000000,1732235.0000000,35.5727419,129.2989626,151.8523431
,1163025.0000000,1732235.0000000,35.5727403,129.2990729,153.1728510
,1163035.0000000,1732235.0000000,35.5727387,129.2991832,153.9988950
,1163045.0000000,1732235.0000000,35.5727370,129.2992935,154.3812983
,1163055.0000000,1732235.0000000,35.5727354,129.2994038,154.9175147
,1163065.0000000,1732235.0000000,35.5727337,129.2995141,154.9533511
,1163075.0000000,1732235.0000000,35.5727321,129.2996244,153.3640776
,1163085.0000000,1732235.0000000,35.5727304,129.2997347,151.6053064
,1163095.0000000,1732235.0000000,35.5727288,129.2998450,148.8564185
,1163105.0000000,1732235.0000000,35.5727271,129.2999553,143.9752485
,1163115.0000000,1732235.0000000,35.5727255,129.3000656,141.7256028
,1163125.0000000,1732235.0000000,35.5727238,129.3001760,141.5000000
,1163135.0000000,1732235.0000000,35.5727222,129.3002863,140.5286788
,1163145.0000000,1732235.0000000,35.5727205,129.3003966,138.5332821
,1163155.0000000,1732235.0000000,35.5727189,129.3005069,138.6721542
,1163165.0000000,1732235.0000000,35.5727172,129.3006172,140.2727723
,1163175.0000000,1732235.0000000,35.5727156,129.3007275,141.4007041
,1163185.0000000,1732235.0000000,35.5727139,129.3008378,141.1949876
,1163195.0000000,1732235.0000000,35.5727123,129.3009481,141.2419991
,1163205.0000000,1732235.0000000,35.5727106,129.3010584,140.7343462
,1163215.0000000,1732235.0000000,35.5727090,129.3011687,140.7421933
,1163225.0000000,1732235.0000000,35.5727073,129.3012790,140.8847912
,1163235.0000000,1732235.0000000,35.5727057,129.3013893,141.5000000
,1163245.0000000,1732235.0000000,35.5727041,129.3014996,141.5000000
,1163255.0000000,1732235.0000000,35.5727024,129.3016099,141.5000000
,1163265.0000000,1732235.0000000,35.5727008,129.3017203,142.5955330
,1163275.0000000,1732235.0000000,35.5726991,129.3018306,144.9184670
,1163285.0000000,1732235.0000000,35.5726975,129.3019409,146.0414169
,1163295.0000000,1732235.0000000,35.5726958,129.3020512,146.4733359
,1163305.0000000,1732235.0000000,35.5726942,129.3021615,146.5000000
,1163315.0000000,1732235.0000000,35.5726925,129.3022718,146.5000000
,1163325.0000000,1732235.0000000,35.5726909,129.3023821,146.5000000
,1163335.0000000,1732235.0000000,35.5726892,129.3024924,146.4530019
,1163345.0000000,1732235.0000000,35.5726876,129.3026027,143.6697715
,1163355.0000000,1732235.0000000,35.5726859,129.3027130,141.5772805
,1163365.0000000,1732235.0000000,35.5726843,129.3028233,138.6052761
,1163375.0000000,1732235.0000000,35.5726826,129.3029336,136.8093355
,1163385.0000000,1732235.0000000,35.5726810,129.3030439,136.6538277
,1163395.0000000,1732235.0000000,35.5726793,129.3031542,136.4937657
,1163405.0000000,1732235.0000000,35.5726777,129.3032645,135.9436140
,1163415.0000000,1732235.0000000,35.5726760,129.3033749,133.1395177
,1163425.0000000,1732235.0000000,35.5726744,129.3034852,131.5821385
,1163435.0000000,1732235.0000000,35.5726727,129.3035955,131.4878448
,1163445.0000000,1732235.0000000,35.5726711,129.3037058,131.0801159
,1163455.0000000,1732235.0000000,35.5726694,129.3038161,130.2910517
,1163465.0000000,1732235.0000000,35.5726677,129.3039264,129.0593791
,1163475.0000000,1732235.0000000,35.5726661,129.3040367,129.4282648
,1163485.0000000,1732235.0000000,35.5726644,129.3041470,129.7169936
,1163495.0000000,1732235.0000000,35.5726628,129.3042573,129.1149950
,1163505.0000000,1732235.0000000,35.5726611,129.3043676,128.2800574
,1163515.0000000,1732235.0000000,35.5726595,129.3044779,127.5199933
,1163525.0000000,1732235.0000000,35.5726578,129.3045882,127.2634339
,1163535.0000000,1732235.0000000,35.5726562,129.3046985,128.0980772
,1163545.0000000,1732235.0000000,35.5726545,129.3048088,130.1967168
,1163555.0000000,1732235.0000000,35.5726529,129.3049191,131.7451241
,1163565.0000000,1732235.0000000,35.5726512,129.3050295,131.6530597
,1163575.0000000,1732235.0000000,35.5726496,129.3051398,132.7207835
,1163585.0000000,1732235.0000000,35.5726479,129.3052501,136.2171591
,1163595.0000000,1732235.0000000,35.5726463,129.3053604,138.0262293
,1163605.0000000,1732235.0000000,35.5726446,129.3054707,141.2908320
,1163615.0000000,1732235.0000000,35.5726430,129.3055810,141.5000000
,1163625.0000000,1732235.0000000,35.5726413,129.3056913,141.5000000
,1163635.0000000,1732235.0000000,35.5726397,129.3058016,141.5000000
,1163645.0000000,1732235.0000000,35.5726380,129.3059119,141.5000000
,1163655.0000000,1732235.0000000,35.5726364,129.3060222,141.5000000
,1163665.0000000,1732235.0000000,35.5726347,129.3061325,141.5000000
,1163675.0000000,1732235.0000000,35.5726331,129.3062428,141.5000000
,1163685.0000000,1732235.0000000,35.5726314,129.3063531,141.5000000
,1163695.0000000,1732235.0000000,35.5726297,129.3064634,141.9907357
,1163705.0000000,1732235.0000000,35.5726281,129.3065737,143.3313067
,1163715.0000000,1732235.0000000,35.5726264,129.3066840,145.1569781
,1163725.0000000,1732235.0000000,35.5726248,129.3067944,146.0111513
,1163735.0000000,1732235.0000000,35.5726231,129.3069047,146.2656368
,1163745.0000000,1732235.0000000,35.5726215,129.3070150,146.5000000
,1163755.0000000,1732235.0000000,35.5726198,129.3071253,146.5000000
,1163765.0000000,1732235.0000000,35.5726182,129.3072356,146.1515008
,1163775.0000000,1732235.0000000,35.5726165,129.3073459,145.2576480
,1163785.0000000,1732235.0000000,35.5726149,129.3074562,144.3131400
,1163795.0000000,1732235.0000000,35.5726132,129.3075665,142.9189576
,1163805.0000000,1732235.0000000,35.5726116,129.3076768,142.3247712
,1163815.0000000,1732235.0000000,35.5726099,129.3077871,142.0121630
,1163825.0000000,1732235.0000000,35.5726082,129.3078974,142.0708917
,1163835.0000000,1732235.0000000,35.5726066,129.3080077,143.2509831
,1163845.0000000,1732235.0000000,35.5726049,129.3081180,145.1290009
,1163855.0000000,1732235.0000000,35.5726033,129.3082283,146.2791094
,1163865.0000000,1732235.0000000,35.5726016,129.3083386,145.9770910
,1163875.0000000,1732235.0000000,35.5726000,129.3084489,145.6586406
,1163885.0000000,1732235.0000000,35.5725983,129.3085593,145.4052856
,1163895.0000000,1732235.0000000,35.5725967,129.3086696,144.2272900
,1163905.0000000,1732235.0000000,35.5725950,129.3087799,143.5537543
,1163915.0000000,1732235.0000000,35.5725933,129.3088902,145.2081191
,1163925.0000000,1732235.0000000,35.5725917,129.3090005,139.2189803
,1163935.0000000,1732235.0000000,35.5725900,129.3091108,138.1298876
,1163945.0000000,1732235.0000000,35.5725884,129.3092211,134.7296236
,1163955.0000000,1732235.0000000,35.5725867,129.3093314,133.6325639
,1163965.0000000,1732235.0000000,35.5725851,129.3094417,133.5441836
,1163975.0000000,1732235.0000000,35.5725834,129.3095520,128.1033625
,1163985.0000000,1732235.0000000,35.5725818,129.3096623,126.6324203
,1163995.0000000,1732235.0000000,35.5725801,129.3097726,126.4894405
,1163005.0000000,1732245.0000000,35.5728337,129.2988543,151.5000000
,1163015.0000000,1732245.0000000,35.5728321,129.2989646,151.5000000
,1163025.0000000,1732245.0000000,35.5728304,129.2990749,151.6369270
,1163035.0000000,1732245.0000000,35.5728288,129.2991852,151.5811453
,1163045.0000000,1732245.0000000,35.5728271,129.2992955,151.8783560
,1163055.0000000,1732245.0000000,35.5728255,129.2994058,151.8548762
,1163065.0000000,1732245.0000000,35.5728238,129.2995161,151.5416270
,1163075.0000000,1732245.0000000,35.5728222,129.2996264,151.3838772
,1163085.0000000,1732245.0000000,35.5728205,129.2997367,149.9723331
,1163095.0000000,1732245.0000000,35.5728189,129.2998471,146.8267130
,1163105.0000000,1732245.0000000,35.5728172,129.2999574,142.2325613
,1163115.0000000,1732245.0000000,35.5728156,129.3000677,141.4958181
,1163125.0000000,1732245.0000000,35.5728140,129.3001780,140.7792159
,1163135.0000000,1732245.0000000,35.5728123,129.3002883,137.4015037
,1163145.0000000,1732245.0000000,35.5728107,129.3003986,136.5364413
,1163155.0000000,1732245.0000000,35.5728090,129.3005089,136.5154724
,1163165.0000000,1732245.0000000,35.5728074,129.3006192,136.5141531
,1163175.0000000,1732245.0000000,35.5728057,129.3007295,136.8001217
,1163185.0000000,1732245.0000000,35.5728041,129.3008398,138.1417054
,1163195.0000000,1732245.0000000,35.5728024,129.3009501,139.0700808
,1163205.0000000,1732245.0000000,35.5728008,129.3010604,140.5720874
,1163215.0000000,1732245.0000000,35.5727991,129.3011707,141.2721440
,1163225.0000000,1732245.0000000,35.5727975,129.3012810,141.0517718
,1163235.0000000,1732245.0000000,35.5727958,129.3013914,141.5000000
,1163245.0000000,1732245.0000000,35.5727942,129.3015017,141.5000000
,1163255.0000000,1732245.0000000,35.5727925,129.3016120,141.5000000
,1163265.0000000,1732245.0000000,35.5727909,129.3017223,142.2642469
,1163275.0000000,1732245.0000000,35.5727892,129.3018326,143.9943481
,1163285.0000000,1732245.0000000,35.5727876,129.3019429,145.8343598
,1163295.0000000,1732245.0000000,35.5727859,129.3020532,146.5000000
,1163305.0000000,1732245.0000000,35.5727843,129.3021635,146.5000000
,1163315.0000000,1732245.0000000,35.5727826,129.3022738,146.5000000
,1163325.0000000,1732245.0000000,35.5727810,129.3023841,146.5000000
,1163335.0000000,1732245.0000000,35.5727793,129.3024944,146.2493893
,1163345.0000000,1732245.0000000,35.5727777,129.3026047,143.2898017
,1163355.0000000,1732245.0000000,35.5727760,129.3027150,141.5605483
,1163365.0000000,1732245.0000000,35.5727744,129.3028253,140.9584130
,1163375.0000000,1732245.0000000,35.5727727,129.3029356,139.5890056
,1163385.0000000,1732245.0000000,35.5727711,129.3030460,138.4527445
,1163395.0000000,1732245.0000000,35.5727694,129.3031563,137.4184335
,1163405.0000000,1732245.0000000,35.5727678,129.3032666,136.6394836
,1163415.0000000,1732245.0000000,35.5727661,129.3033769,135.9851960
,1163425.0000000,1732245.0000000,35.5727645,129.3034872,134.0816221
,1163435.0000000,1732245.0000000,35.5727628,129.3035975,133.0020358
,1163445.0000000,1732245.0000000,35.5727612,129.3037078,132.8551725
,1163455.0000000,1732245.0000000,35.5727595,129.3038181,131.8488202
,1163465.0000000,1732245.0000000,35.5727579,129.3039284,131.5297657
,1163475.0000000,1732245.0000000,35.5727562,129.3040387,132.1805885
,1163485.0000000,1732245.0000000,35.5727546,129.3041490,131.7363830
,1163495.0000000,1732245.0000000,35.5727529,129.3042593,131.4973609
,1163505.0000000,1732245.0000000,35.5727513,129.3043696,131.2409676
,1163515.0000000,1732245.0000000,35.5727496,129.3044799,130.7776020
,1163525.0000000,1732245.0000000,35.5727480,129.3045902,130.3382445
,1163535.0000000,1732245.0000000,35.5727463,129.3047006,130.0416055
,1163545.0000000,1732245.0000000,35.5727447,129.3048109,131.2110602
,1163555.0000000,1732245.0000000,35.5727430,129.3049212,131.5000000
,1163565.0000000,1732245.0000000,35.5727414,129.3050315,131.6940438
,1163575.0000000,1732245.0000000,35.5727397,129.3051418,131.6839027
,1163585.0000000,1732245.0000000,35.5727380,129.3052521,133.9668287
,1163595.0000000,1732245.0000000,35.5727364,129.3053624,136.7486202
,1163605.0000000,1732245.0000000,35.5727347,129.3054727,140.3045288
,1163615.0000000,1732245.0000000,35.5727331,129.3055830,141.4985493
,1163625.0000000,1732245.0000000,35.5727314,129.3056933,141.5000000
,1163635.0000000,1732245.0000000,35.5727298,129.3058036,141.5000000
,1163645.0000000,1732245.0000000,35.5727281,129.3059139,141.5000000
,1163655.0000000,1732245.0000000,35.5727265,129.3060242,141.5000000
,1163665.0000000,1732245.0000000,35.5727248,129.3061345,141.5000000
,1163675.0000000,1732245.0000000,35.5727232,129.3062448,141.5000000
,1163685.0000000,1732245.0000000,35.5727215,129.3063552,141.5000000
,1163695.0000000,1732245.0000000,35.5727199,129.3064655,141.8741798
,1163705.0000000,1732245.0000000,35.5727182,129.3065758,143.1515203
,1163715.0000000,1732245.0000000,35.5727166,129.3066861,144.6699130
,1163725.0000000,1732245.0000000,35.5727149,129.3067964,145.7899874
,1163735.0000000,1732245.0000000,35.5727133,129.3069067,146.5000000
,1163745.0000000,1732245.0000000,35.5727116,129.3070170,146.5000000
,1163755.0000000,1732245.0000000,35.5727099,129.3071273,146.5000000
,1163765.0000000,1732245.0000000,35.5727083,129.3072376,146.5000000
,1163775.0000000,1732245.0000000,35.5727066,129.3073479,146.5000000
,1163785.0000000,1732245.0000000,35.5727050,129.3074582,146.1043653
,1163795.0000000,1732245.0000000,35.5727033,129.3075685,145.9758470
,1163805.0000000,1732245.0000000,35.5727017,129.3076788,145.9548348
,1163815.0000000,1732245.0000000,35.5727000,129.3077891,145.9983578
,1163825.0000000,1732245.0000000,35.5726984,129.3078994,146.0303061
,1163835.0000000,1732245.0000000,35.5726967,129.3080097,146.0967847
,1163845.0000000,1732245.0000000,35.5726951,129.3081201,146.2917865
,1163855.0000000,1732245.0000000,35.5726934,129.3082304,146.4972718
,1163865.0000000,1732245.0000000,35.5726917,129.3083407,146.4655073
,1163875.0000000,1732245.0000000,35.5726901,129.3084510,146.5000000
,1163885.0000000,1732245.0000000,35.5726884,129.3085613,146.2145442
,1163895.0000000,1732245.0000000,35.5726868,129.3086716,146.0419501
,1163905.0000000,1732245.0000000,35.5726851,129.3087819,145.1376576
,1163915.0000000,1732245.0000000,35.5726835,129.3088922,144.3828520
,1163925.0000000,1732245.0000000,35.5726818,129.3090025,143.0837251
,1163935.0000000,1732245.0000000,35.5726802,129.3091128,146.1570617
,1163945.0000000,1732245.0000000,35.5726785,129.3092231,140.6748799
,1163955.0000000,1732245.0000000,35.5726768,129.3093334,138.7844667
,1163965.0000000,1732245.0000000,35.5726752,129.3094437,139.1560439
,1163975.0000000,1732245.0000000,35.5726735,129.3095540,136.5820014
,1163985.0000000,1732245.0000000,35.5726719,129.3096643,132.9994163
,1163995.0000000,1732245.0000000,35.5726702,129.3097747,129.7982785
,1163005.0000000,1732255.0000000,35.5729238,129.2988563,151.5000000
,1163015.0000000,1732255.0000000,35.5729222,129.2989666,151.5000000
,1163025.0000000,1732255.0000000,35.5729205,129.2990769,151.5000000
,1163035.0000000,1732255.0000000,35.5729189,129.2991872,151.4543092
,1163045.0000000,1732255.0000000,35.5729173,129.2992975,150.3837503
,1163055.0000000,1732255.0000000,35.5729156,129.2994078,149.0033410
,1163065.0000000,1732255.0000000,35.5729140,129.2995181,148.6006681
,1163075.0000000,1732255.0000000,35.5729123,129.2996285,147.8369948
,1163085.0000000,1732255.0000000,35.5729107,129.2997388,146.6693606
,1163095.0000000,1732255.0000000,35.5729090,129.2998491,145.2662245
,1163105.0000000,1732255.0000000,35.5729074,129.2999594,141.6863510
,1163115.0000000,1732255.0000000,35.5729057,129.3000697,141.3719520
,1163125.0000000,1732255.0000000,35.5729041,129.3001800,138.6262782
,1163135.0000000,1732255.0000000,35.5729024,129.3002903,136.5000461
,1163145.0000000,1732255.0000000,35.5729008,129.3004006,135.3551661
,1163155.0000000,1732255.0000000,35.5728991,129.3005109,133.5880816
,1163165.0000000,1732255.0000000,35.5728975,129.3006212,132.7524610
,1163175.0000000,1732255.0000000,35.5728958,129.3007315,133.8885632
,1163185.0000000,1732255.0000000,35.5728942,129.3008418,136.1867794
,1163195.0000000,1732255.0000000,35.5728925,129.3009521,136.4710702
,1163205.0000000,1732255.0000000,35.5728909,129.3010624,137.4153764
,1163215.0000000,1732255.0000000,35.5728892,129.3011728,140.1634903
,1163225.0000000,1732255.0000000,35.5728876,129.3012831,141.4450782
,1163235.0000000,1732255.0000000,35.5728859,129.3013934,141.4555926
,1163245.0000000,1732255.0000000,35.5728843,129.3015037,141.5000000
,1163255.0000000,1732255.0000000,35.5728826,129.3016140,141.5000000
,1163265.0000000,1732255.0000000,35.5728810,129.3017243,141.4511113
,1163275.0000000,1732255.0000000,35.5728793,129.3018346,142.7130594
,1163285.0000000,1732255.0000000,35.5728777,129.3019449,145.1460959
,1163295.0000000,1732255.0000000,35.5728760,129.3020552,146.2714973
,1163305.0000000,1732255.0000000,35.5728744,129.3021655,146.5000000
,1163315.0000000,1732255.0000000,35.5728727,129.3022758,146.5000000
,1163325.0000000,1732255.0000000,35.5728711,129.3023861,146.5000000
,1163335.0000000,1732255.0000000,35.5728694,129.3024964,146.4490651
,1163345.0000000,1732255.0000000,35.5728678,129.3026067,144.9881145
,1163355.0000000,1732255.0000000,35.5728661,129.3027171,143.3182784
,1163365.0000000,1732255.0000000,35.5728645,129.3028274,142.4119657
,1163375.0000000,1732255.0000000,35.5728628,129.3029377,141.5354419
,1163385.0000000,1732255.0000000,35.5728612,129.3030480,141.5272085
,1163395.0000000,1732255.0000000,35.5728595,129.3031583,141.0839139
,1163405.0000000,1732255.0000000,35.5728579,129.3032686,139.1043087
,1163415.0000000,1732255.0000000,35.5728562,129.3033789,137.1761931
,1163425.0000000,1732255.0000000,35.5728546,129.3034892,136.5800595
,1163435.0000000,1732255.0000000,35.5728529,129.3035995,135.8727307
,1163445.0000000,1732255.0000000,35.5728513,129.3037098,135.8437234
,1163455.0000000,1732255.0000000,35.5728496,129.3038201,135.6316831
,1163465.0000000,1732255.0000000,35.5728480,129.3039304,134.6501772
,1163475.0000000,1732255.0000000,35.5728463,129.3040407,133.7166073
,1163485.0000000,1732255.0000000,35.5728447,129.3041510,132.1607744
,1163495.0000000,1732255.0000000,35.5728430,129.3042613,131.8871190
,1163505.0000000,1732255.0000000,35.5728414,129.3043717,131.5395933
,1163515.0000000,1732255.0000000,35.5728397,129.3044820,131.5976736
,1163525.0000000,1732255.0000000,35.5728381,129.3045923,131.4650034
,1163535.0000000,1732255.0000000,35.5728364,129.3047026,131.3524979
,1163545.0000000,1732255.0000000,35.5728348,129.3048129,131.5000000
,1163555.0000000,1732255.0000000,35.5728331,129.3049232,131.5000000
,1163565.0000000,1732255.0000000,35.5728315,129.3050335,131.5364366
,1163575.0000000,1732255.0000000,35.5728298,129.3051438,131.6936146
,1163585.0000000,1732255.0000000,35.5728282,129.3052541,133.8457811
,1163595.0000000,1732255.0000000,35.5728265,129.3053644,136.3386261
,1163605.0000000,1732255.0000000,35.5728249,129.3054747,138.1601904
,1163615.0000000,1732255.0000000,35.5728232,129.3055850,140.8188474
,1163625.0000000,1732255.0000000,35.5728216,129.3056953,141.5000000
,1163635.0000000,1732255.0000000,35.5728199,129.3058056,141.5000000
,1163645.0000000,1732255.0000000,35.5728183,129.3059159,141.5000000
,1163655.0000000,1732255.0000000,35.5728166,129.3060263,141.5000000
,1163665.0000000,1732255.0000000,35.5728149,129.3061366,141.5000000
,1163675.0000000,1732255.0000000,35.5728133,129.3062469,141.5334160
,1163685.0000000,1732255.0000000,35.5728116,129.3063572,141.7020895
,1163695.0000000,1732255.0000000,35.5728100,129.3064675,142.5970850
,1163705.0000000,1732255.0000000,35.5728083,129.3065778,143.8649505
,1163715.0000000,1732255.0000000,35.5728067,129.3066881,145.3819876
,1163725.0000000,1732255.0000000,35.5728050,129.3067984,146.3648943
,1163735.0000000,1732255.0000000,35.5728034,129.3069087,146.5000000
,1163745.0000000,1732255.0000000,35.5728017,129.3070190,146.5000000
,1163755.0000000,1732255.0000000,35.5728001,129.3071293,146.5000000
,1163765.0000000,1732255.0000000,35.5727984,129.3072396,146.5000000
,1163775.0000000,1732255.0000000,35.5727968,129.3073499,146.5000000
,1163785.0000000,1732255.0000000,35.5727951,129.3074602,146.5000000
,1163795.0000000,1732255.0000000,35.5727934,129.3075705,146.5000000
,1163805.0000000,1732255.0000000,35.5727918,129.3076809,146.5000000
,1163815.0000000,1732255.0000000,35.5727901,129.3077912,146.5000000
,1163825.0000000,1732255.0000000,35.5727885,129.3079015,146.5000000
,1163835.0000000,1732255.0000000,35.5727868,129.3080118,146.5000000
,1163845.0000000,1732255.0000000,35.5727852,129.3081221,146.5000000
,1163855.0000000,1732255.0000000,35.5727835,129.3082324,146.5000000
,1163865.0000000,1732255.0000000,35.5727819,129.3083427,146.5000000
,1163875.0000000,1732255.0000000,35.5727802,129.3084530,146.5000000
,1163885.0000000,1732255.0000000,35.5727786,129.3085633,146.5000000
,1163895.0000000,1732255.0000000,35.5727769,129.3086736,146.4800288
,1163905.0000000,1732255.0000000,35.5727752,129.3087839,146.3969952
,1163915.0000000,1732255.0000000,35.5727736,129.3088942,145.8536099
,1163925.0000000,1732255.0000000,35.5727719,129.3090045,145.8150163
,1163935.0000000,1732255.0000000,35.5727703,129.3091148,144.8334471
,1163945.0000000,1732255.0000000,35.5727686,129.3092251,145.4485140
,1163955.0000000,1732255.0000000,35.5727670,129.3093355,142.3924664
,1163965.0000000,1732255.0000000,35.5727653,129.3094458,141.4574963
,1163975.0000000,1732255.0000000,35.5727636,129.3095561,140.7814338
,1163985.0000000,1732255.0000000,35.5727620,129.3096664,140.0045697
,1163995.0000000,1732255.0000000,35.5727603,129.3097767,135.7844818
,1163005.0000000,1732265.0000000,35.5730140,129.2988583,151.5000000
,1163015.0000000,1732265.0000000,35.5730123,129.2989686,151.5000000
,1163025.0000000,1732265.0000000,35.5730107,129.2990789,151.2934053
,1163035.0000000,1732265.0000000,35.5730090,129.2991892,149.5215242
,1163045.0000000,1732265.0000000,35.5730074,129.2992995,147.2733005
,1163055.0000000,1732265.0000000,35.5730057,129.2994099,146.7260622
,1163065.0000000,1732265.0000000,35.5730041,129.2995202,146.6101987
,1163075.0000000,1732265.0000000,35.5730024,129.2996305,146.5764196
,1163085.0000000,1732265.0000000,35.5730008,129.2997408,145.2079566
,1163095.0000000,1732265.0000000,35.5729991,129.2998511,142.6610815
,1163105.0000000,1732265.0000000,35.5729975,129.2999614,141.5000000
,1163115.0000000,1732265.0000000,35.5729958,129.3000717,141.3891005
,1163125.0000000,1732265.0000000,35.5729942,129.3001820,137.3437203
,1163135.0000000,1732265.0000000,35.5729925,129.3002923,135.2996295
,1163145.0000000,1732265.0000000,35.5729909,129.3004026,132.3237791
,1163155.0000000,1732265.0000000,35.5729893,129.3005129,131.5000000
,1163165.0000000,1732265.0000000,35.5729876,129.3006232,131.6053295
,1163175.0000000,1732265.0000000,35.5729860,129.3007335,131.6698464
,1163185.0000000,1732265.0000000,35.5729843,129.3008439,131.5925078
,1163195.0000000,1732265.0000000,35.5729827,129.3009542,134.0360852
,1163205.0000000,1732265.0000000,35.5729810,129.3010645,136.3876923
,1163215.0000000,1732265.0000000,35.5729794,129.3011748,137.3085946
,1163225.0000000,1732265.0000000,35.5729777,129.3012851,139.4436416
,1163235.0000000,1732265.0000000,35.5729761,129.3013954,141.3164296
,1163245.0000000,1732265.0000000,35.5729744,129.3015057,141.4265780
,1163255.0000000,1732265.0000000,35.5729728,129.3016160,141.3858280
,1163265.0000000,1732265.0000000,35.5729711,129.3017263,141.3042083
,1163275.0000000,1732265.0000000,35.5729695,129.3018366,141.4752924
,1163285.0000000,1732265.0000000,35.5729678,129.3019469,143.3887679
,1163295.0000000,1732265.0000000,35.5729662,129.3020572,146.4513618
,1163305.0000000,1732265.0000000,35.5729645,129.3021675,146.0557360
,1163315.0000000,1732265.0000000,35.5729629,129.3022778,146.5000000
,1163325.0000000,1732265.0000000,35.5729612,129.3023882,146.5000000
,1163335.0000000,1732265.0000000,35.5729596,129.3024985,146.5000000
,1163345.0000000,1732265.0000000,35.5729579,129.3026088,146.4043324
,1163355.0000000,1732265.0000000,35.5729563,129.3027191,146.2367418
,1163365.0000000,1732265.0000000,35.5729546,129.3028294,146.3240942
,1163375.0000000,1732265.0000000,35.5729530,129.3029397,146.5205884
,1163385.0000000,1732265.0000000,35.5729513,129.3030500,145.9814840
,1163395.0000000,1732265.0000000,35.5729497,129.3031603,144.4993478
,1163405.0000000,1732265.0000000,35.5729480,129.3032706,141.6489120
,1163415.0000000,1732265.0000000,35.5729464,129.3033809,140.9982519
,1163425.0000000,1732265.0000000,35.5729447,129.3034912,138.5772320
,1163435.0000000,1732265.0000000,35.5729431,129.3036015,137.2005731
,1163445.0000000,1732265.0000000,35.5729414,129.3037118,136.9501770
,1163455.0000000,1732265.0000000,35.5729398,129.3038221,136.7076540
,1163465.0000000,1732265.0000000,35.5729381,129.3039324,136.4659756
,1163475.0000000,1732265.0000000,35.5729365,129.3040428,136.1809085
,1163485.0000000,1732265.0000000,35.5729348,129.3041531,135.7533514
,1163495.0000000,1732265.0000000,35.5729332,129.3042634,134.0887100
,1163505.0000000,1732265.0000000,35.5729315,129.3043737,131.9976265
,1163515.0000000,1732265.0000000,35.5729299,129.3044840,131.7946860
,1163525.0000000,1732265.0000000,35.5729282,129.3045943,131.8317927
,1163535.0000000,1732265.0000000,35.5729266,129.3047046,131.6275582
,1163545.0000000,1732265.0000000,35.5729249,129.3048149,131.5000000
,1163555.0000000,1732265.0000000,35.5729232,129.3049252,131.5236980
,1163565.0000000,1732265.0000000,35.5729216,129.3050355,131.8352730
,1163575.0000000,1732265.0000000,35.5729199,129.3051458,132.6793233
,1163585.0000000,1732265.0000000,35.5729183,129.3052561,135.0610507
,1163595.0000000,1732265.0000000,35.5729166,129.3053664,136.5000000
,1163605.0000000,1732265.0000000,35.5729150,129.3054767,136.6586841
,1163615.0000000,1732265.0000000,35.5729133,129.3055871,138.3787791
,1163625.0000000,1732265.0000000,35.5729117,129.3056974,141.4331047
,1163635.0000000,1732265.0000000,35.5729100,129.3058077,141.5000000
,1163645.0000000,1732265.0000000,35.5729084,129.3059180,141.5000000
,1163655.0000000,1732265.0000000,35.5729067,129.3060283,141.5000000
,1163665.0000000,1732265.0000000,35.5729051,129.3061386,141.5000000
,1163675.0000000,1732265.0000000,35.5729034,129.3062489,142.2702981
,1163685.0000000,1732265.0000000,35.5729018,129.3063592,143.1690315
,1163695.0000000,1732265.0000000,35.5729001,129.3064695,144.2802689
,1163705.0000000,1732265.0000000,35.5728985,129.3065798,145.6094687
,1163715.0000000,1732265.0000000,35.5728968,129.3066901,146.1582308
,1163725.0000000,1732265.0000000,35.5728951,129.3068004,146.5000000
,1163735.0000000,1732265.0000000,35.5728935,129.3069107,146.5000000
,1163745.0000000,1732265.0000000,35.5728918,129.3070210,146.5000000
,1163755.0000000,1732265.0000000,35.5728902,129.3071313,146.5000000
,1163765.0000000,1732265.0000000,35.5728885,129.3072417,146.5960471
,1163775.0000000,1732265.0000000,35.5728869,129.3073520,146.6957061
,1163785.0000000,1732265.0000000,35.5728852,129.3074623,146.5000000
,1163795.0000000,1732265.0000000,35.5728836,129.3075726,146.5465644
,1163805.0000000,1732265.0000000,35.5728819,129.3076829,146.5000000
,1163815.0000000,1732265.0000000,35.5728803,129.3077932,146.5000000
,1163825.0000000,1732265.0000000,35.5728786,129.3079035,146.5000000
,1163835.0000000,1732265.0000000,35.5728769,129.3080138,146.5000000
,1163845.0000000,1732265.0000000,35.5728753,129.3081241,146.5000000
,1163855.0000000,1732265.0000000,35.5728736,129.3082344,146.5000000
,1163865.0000000,1732265.0000000,35.5728720,129.3083447,146.5000000
,1163875.0000000,1732265.0000000,35.5728703,129.3084550,146.5000000
,1163885.0000000,1732265.0000000,35.5728687,129.3085653,146.5000000
,1163895.0000000,1732265.0000000,35.5728670,129.3086756,146.5000000
,1163905.0000000,1732265.0000000,35.5728654,129.3087859,146.5220836
,1163915.0000000,1732265.0000000,35.5728637,129.3088963,146.4633452
,1163925.0000000,1732265.0000000,35.5728621,129.3090066,146.3651863
,1163935.0000000,1732265.0000000,35.5728604,129.3091169,146.2765890
,1163945.0000000,1732265.0000000,35.5728587,129.3092272,144.6460885
,1163955.0000000,1732265.0000000,35.5728571,129.3093375,143.0181188
,1163965.0000000,1732265.0000000,35.5728554,129.3094478,141.6756588
,1163975.0000000,1732265.0000000,35.5728538,129.3095581,141.5901470
,1163985.0000000,1732265.0000000,35.5728521,129.3096684,141.5000000
,1163995.0000000,1732265.0000000,35.5728505,129.3097787,139.5176415
,1163005.0000000,1732275.0000000,35.5731041,129.2988603,150.8190300
,1163015.0000000,1732275.0000000,35.5731024,129.2989706,150.7777194
,1163025.0000000,1732275.0000000,35.5731008,129.2990809,148.8634692
,1163035.0000000,1732275.0000000,35.5730991,129.2991913,146.9832400
,1163045.0000000,1732275.0000000,35.5730975,129.2993016,146.5000000
,1163055.0000000,1732275.0000000,35.5730958,129.2994119,146.4805763
,1163065.0000000,1732275.0000000,35.5730942,129.2995222,146.1216719
,1163075.0000000,1732275.0000000,35.5730926,129.2996325,144.6994495
,1163085.0000000,1732275.0000000,35.5730909,129.2997428,142.4128547
,1163095.0000000,1732275.0000000,35.5730893,129.2998531,141.2022501
,1163105.0000000,1732275.0000000,35.5730876,129.2999634,141.4000824
,1163115.0000000,1732275.0000000,35.5730860,129.3000737,140.3499060
,1163125.0000000,1732275.0000000,35.5730843,129.3001840,136.4609803
,1163135.0000000,1732275.0000000,35.5730827,129.3002943,132.8102657
,1163145.0000000,1732275.0000000,35.5730810,129.3004046,131.5293109
,1163155.0000000,1732275.0000000,35.5730794,129.3005149,131.5000000
,1163165.0000000,1732275.0000000,35.5730777,129.3006253,131.5000000
,1163175.0000000,1732275.0000000,35.5730761,129.3007356,131.5000000
,1163185.0000000,1732275.0000000,35.5730744,129.3008459,131.7800148
,1163195.0000000,1732275.0000000,35.5730728,129.3009562,131.7448891
,1163205.0000000,1732275.0000000,35.5730711,129.3010665,134.4107962
,1163215.0000000,1732275.0000000,35.5730695,129.3011768,136.3972975
,1163225.0000000,1732275.0000000,35.5730678,129.3012871,136.6095780
,1163235.0000000,1732275.0000000,35.5730662,129.3013974,138.8266178
,1163245.0000000,1732275.0000000,35.5730645,129.3015077,140.3636823
,1163255.0000000,1732275.0000000,35.5730629,129.3016180,138.8216161
,1163265.0000000,1732275.0000000,35.5730612,129.3017283,137.7313758
,1163275.0000000,1732275.0000000,35.5730596,129.3018386,138.6626241
,1163285.0000000,1732275.0000000,35.5730579,129.3019489,140.8079145
,1163295.0000000,1732275.0000000,35.5730563,129.3020592,142.3327230
,1163305.0000000,1732275.0000000,35.5730546,129.3021696,146.0092895
,1163315.0000000,1732275.0000000,35.5730530,129.3022799,145.2922556
,1163325.0000000,1732275.0000000,35.5730513,129.3023902,146.2964681
,1163335.0000000,1732275.0000000,35.5730497,129.3025005,147.1506524
,1163345.0000000,1732275.0000000,35.5730480,129.3026108,147.2312172
,1163355.0000000,1732275.0000000,35.5730464,129.3027211,147.3934645
,1163365.0000000,1732275.0000000,35.5730447,129.3028314,147.7028377
,1163375.0000000,1732275.0000000,35.5730431,129.3029417,149.9397942
,1163385.0000000,1732275.0000000,35.5730414,129.3030520,150.2514830
,1163395.0000000,1732275.0000000,35.5730398,129.3031623,147.1699379
,1163405.0000000,1732275.0000000,35.5730381,129.3032726,145.9057576
,1163415.0000000,1732275.0000000,35.5730365,129.3033829,142.6663557
,1163425.0000000,1732275.0000000,35.5730348,129.3034932,141.5425113
,1163435.0000000,1732275.0000000,35.5730332,129.3036035,140.8771793
,1163445.0000000,1732275.0000000,35.5730315,129.3037139,139.7531702
,1163455.0000000,1732275.0000000,35.5730299,129.3038242,138.6877502
,1163465.0000000,1732275.0000000,35.5730282,129.3039345,137.5122654
,1163475.0000000,1732275.0000000,35.5730266,129.3040448,137.0523755
,1163485.0000000,1732275.0000000,35.5730249,129.3041551,136.6988420
,1163495.0000000,1732275.0000000,35.5730233,129.3042654,136.4441904
,1163505.0000000,1732275.0000000,35.5730216,129.3043757,134.8354229
,1163515.0000000,1732275.0000000,35.5730200,129.3044860,133.2659542
,1163525.0000000,1732275.0000000,35.5730183,129.3045963,132.6991795
,1163535.0000000,1732275.0000000,35.5730167,129.3047066,132.3711815
,1163545.0000000,1732275.0000000,35.5730150,129.3048169,131.7919319
,1163555.0000000,1732275.0000000,35.5730134,129.3049272,132.1383049
,1163565.0000000,1732275.0000000,35.5730117,129.3050375,132.9312491
,1163575.0000000,1732275.0000000,35.5730101,129.3051478,134.4156481
,1163585.0000000,1732275.0000000,35.5730084,129.3052582,136.5000000
,1163595.0000000,1732275.0000000,35.5730068,129.3053685,136.5000000
,1163605.0000000,1732275.0000000,35.5730051,129.3054788,136.5018541
,1163615.0000000,1732275.0000000,35.5730035,129.3055891,137.4227821
,1163625.0000000,1732275.0000000,35.5730018,129.3056994,141.2918547
,1163635.0000000,1732275.0000000,35.5730001,129.3058097,141.5015308
,1163645.0000000,1732275.0000000,35.5729985,129.3059200,141.6707523
,1163655.0000000,1732275.0000000,35.5729968,129.3060303,141.8331618
,1163665.0000000,1732275.0000000,35.5729952,129.3061406,142.8319797
,1163675.0000000,1732275.0000000,35.5729935,129.3062509,144.6144201
,1163685.0000000,1732275.0000000,35.5729919,129.3063612,145.2101739
,1163695.0000000,1732275.0000000,35.5729902,129.3064715,145.8145706
,1163705.0000000,1732275.0000000,35.5729886,129.3065818,146.3023042
,1163715.0000000,1732275.0000000,35.5729869,129.3066921,146.5000000
,1163725.0000000,1732275.0000000,35.5729853,129.3068025,146.5000000
,1163735.0000000,1732275.0000000,35.5729836,129.3069128,146.5000000
,1163745.0000000,1732275.0000000,35.5729820,129.3070231,146.5186808
,1163755.0000000,1732275.0000000,35.5729803,129.3071334,146.5177046
,1163765.0000000,1732275.0000000,35.5729787,129.3072437,146.7826145
,1163775.0000000,1732275.0000000,35.5729770,129.3073540,146.6229317
,1163785.0000000,1732275.0000000,35.5729753,129.3074643,146.6640982
,1163795.0000000,1732275.0000000,35.5729737,129.3075746,146.6153082
,1163805.0000000,1732275.0000000,35.5729720,129.3076849,146.5148009
,1163815.0000000,1732275.0000000,35.5729704,129.3077952,146.5000000
,1163825.0000000,1732275.0000000,35.5729687,129.3079055,146.5000000
,1163835.0000000,1732275.0000000,35.5729671,129.3080158,146.5000000
,1163845.0000000,1732275.0000000,35.5729654,129.3081261,146.5000000
,1163855.0000000,1732275.0000000,35.5729638,129.3082364,146.5120509
,1163865.0000000,1732275.0000000,35.5729621,129.3083467,146.5000000
,1163875.0000000,1732275.0000000,35.5729604,129.3084571,146.5000000
,1163885.0000000,1732275.0000000,35.5729588,129.3085674,146.5000000
,1163895.0000000,1732275.0000000,35.5729571,129.3086777,146.6290076
,1163905.0000000,1732275.0000000,35.5729555,129.3087880,146.5525674
,1163915.0000000,1732275.0000000,35.5729538,129.3088983,146.6331097
,1163925.0000000,1732275.0000000,35.5729522,129.3090086,146.5708567
,1163935.0000000,1732275.0000000,35.5729505,129.3091189,146.0906966
,1163945.0000000,1732275.0000000,35.5729489,129.3092292,145.6220614
,1163955.0000000,1732275.0000000,35.5729472,129.3093395,144.6081786
,1163965.0000000,1732275.0000000,35.5729455,129.3094498,143.8582336
,1163975.0000000,1732275.0000000,35.5729439,129.3095601,141.7274018
,1163985.0000000,1732275.0000000,35.5729422,129.3096704,141.5000000
,1163995.0000000,1732275.0000000,35.5729406,129.3097807,141.1287535
,1163005.0000000,1732285.0000000,35.5731942,129.2988623,148.5783356
,1163015.0000000,1732285.0000000,35.5731926,129.2989727,148.0292012
,1163025.0000000,1732285.0000000,35.5731909,129.2990830,146.8162972
,1163035.0000000,1732285.0000000,35.5731893,129.2991933,146.5000000
,1163045.0000000,1732285.0000000,35.5731876,129.2993036,146.5000000
,1163055.0000000,1732285.0000000,35.5731860,129.2994139,145.8478341
,1163065.0000000,1732285.0000000,35.5731843,129.2995242,143.6609624
,1163075.0000000,1732285.0000000,35.5731827,129.2996345,141.8493439
,1163085.0000000,1732285.0000000,35.5731810,129.2997448,141.4976275
,1163095.0000000,1732285.0000000,35.5731794,129.2998551,141.4200672
,1163105.0000000,1732285.0000000,35.5731777,129.2999654,138.1100005
,1163115.0000000,1732285.0000000,35.5731761,129.3000757,136.3952606
,1163125.0000000,1732285.0000000,35.5731744,129.3001860,132.4879481
,1163135.0000000,1732285.0000000,35.5731728,129.3002963,131.9596792
,1163145.0000000,1732285.0000000,35.5731711,129.3004067,131.7428352
,1163155.0000000,1732285.0000000,35.5731695,129.3005170,130.9511069
,1163165.0000000,1732285.0000000,35.5731678,129.3006273,130.1068217
,1163175.0000000,1732285.0000000,35.5731662,129.3007376,130.0081815
,1163185.0000000,1732285.0000000,35.5731645,129.3008479,130.7773010
,1163195.0000000,1732285.0000000,35.5731629,129.3009582,132.1997912
,1163205.0000000,1732285.0000000,35.5731613,129.3010685,131.5484642
,1163215.0000000,1732285.0000000,35.5731596,129.3011788,132.9875525
,1163225.0000000,1732285.0000000,35.5731580,129.3012891,135.1436718
,1163235.0000000,1732285.0000000,35.5731563,129.3013994,136.0653385
,1163245.0000000,1732285.0000000,35.5731547,129.3015097,136.9089172
,1163255.0000000,1732285.0000000,35.5731530,129.3016200,136.5243130
,1163265.0000000,1732285.0000000,35.5731514,129.3017303,136.5886550
,1163275.0000000,1732285.0000000,35.5731497,129.3018407,136.7469828
,1163285.0000000,1732285.0000000,35.5731481,129.3019510,136.5125018
,1163295.0000000,1732285.0000000,35.5731464,129.3020613,139.5401562
,1163305.0000000,1732285.0000000,35.5731448,129.3021716,141.5444922
,1163315.0000000,1732285.0000000,35.5731431,129.3022819,146.4547520
,1163325.0000000,1732285.0000000,35.5731415,129.3023922,145.7357160
,1163335.0000000,1732285.0000000,35.5731398,129.3025025,148.4408488
,1163345.0000000,1732285.0000000,35.5731382,129.3026128,150.3912868
,1163355.0000000,1732285.0000000,35.5731365,129.3027231,151.1783324
,1163365.0000000,1732285.0000000,35.5731349,129.3028334,150.9225225
,1163375.0000000,1732285.0000000,35.5731332,129.3029437,151.7742518
,1163385.0000000,1732285.0000000,35.5731316,129.3030540,151.8663415
,1163395.0000000,1732285.0000000,35.5731299,129.3031643,151.4711003
,1163405.0000000,1732285.0000000,35.5731283,129.3032746,148.1239567
,1163415.0000000,1732285.0000000,35.5731266,129.3033850,146.4902205
,1163425.0000000,1732285.0000000,35.5731250,129.3034953,144.8957957
,1163435.0000000,1732285.0000000,35.5731233,129.3036056,142.9872359
,1163445.0000000,1732285.0000000,35.5731217,129.3037159,141.8181522
,1163455.0000000,1732285.0000000,35.5731200,129.3038262,141.5579032
,1163465.0000000,1732285.0000000,35.5731184,129.3039365,140.9954800
,1163475.0000000,1732285.0000000,35.5731167,129.3040468,140.0971079
,1163485.0000000,1732285.0000000,35.5731151,129.3041571,138.9315046
,1163495.0000000,1732285.0000000,35.5731134,129.3042674,137.4286231
,1163505.0000000,1732285.0000000,35.5731117,129.3043777,136.4935909
,1163515.0000000,1732285.0000000,35.5731101,129.3044880,135.2876899
,1163525.0000000,1732285.0000000,35.5731084,129.3045983,134.1972346
,1163535.0000000,1732285.0000000,35.5731068,129.3047086,133.6995509
,1163545.0000000,1732285.0000000,35.5731051,129.3048189,133.7042907
,1163555.0000000,1732285.0000000,35.5731035,129.3049293,133.5969368
,1163565.0000000,1732285.0000000,35.5731018,129.3050396,134.4117907
,1163575.0000000,1732285.0000000,35.5731002,129.3051499,135.9327906
,1163585.0000000,1732285.0000000,35.5730985,129.3052602,136.5000000
,1163595.0000000,1732285.0000000,35.5730969,129.3053705,136.5000000
,1163605.0000000,1732285.0000000,35.5730952,129.3054808,136.8591703
,1163615.0000000,1732285.0000000,35.5730936,129.3055911,139.1901806
,1163625.0000000,1732285.0000000,35.5730919,129.3057014,141.5741866
,1163635.0000000,1732285.0000000,35.5730903,129.3058117,142.0372507
,1163645.0000000,1732285.0000000,35.5730886,129.3059220,142.6089432
,1163655.0000000,1732285.0000000,35.5730870,129.3060323,143.4067049
,1163665.0000000,1732285.0000000,35.5730853,129.3061426,144.9554782
,1163675.0000000,1732285.0000000,35.5730837,129.3062529,145.8320762
,1163685.0000000,1732285.0000000,35.5730820,129.3063632,146.3142398
,1163695.0000000,1732285.0000000,35.5730803,129.3064736,146.4275145
,1163705.0000000,1732285.0000000,35.5730787,129.3065839,146.4950717
,1163715.0000000,1732285.0000000,35.5730770,129.3066942,146.5000000
,1163725.0000000,1732285.0000000,35.5730754,129.3068045,146.5000000
,1163735.0000000,1732285.0000000,35.5730737,129.3069148,146.5000000
,1163745.0000000,1732285.0000000,35.5730721,129.3070251,146.5045624
,1163755.0000000,1732285.0000000,35.5730704,129.3071354,146.6247513
,1163765.0000000,1732285.0000000,35.5730688,129.3072457,147.1313950
,1163775.0000000,1732285.0000000,35.5730671,129.3073560,147.2009599
,1163785.0000000,1732285.0000000,35.5730655,129.3074663,147.3524995
,1163795.0000000,1732285.0000000,35.5730638,129.3075766,147.2630782
,1163805.0000000,1732285.0000000,35.5730622,129.3076869,146.7643221
,1163815.0000000,1732285.0000000,35.5730605,129.3077972,146.5000000
,1163825.0000000,1732285.0000000,35.5730588,129.3079075,146.5000000
,1163835.0000000,1732285.0000000,35.5730572,129.3080179,146.5381662
,1163845.0000000,1732285.0000000,35.5730555,129.3081282,146.5880583
,1163855.0000000,1732285.0000000,35.5730539,129.3082385,146.8432479
,1163865.0000000,1732285.0000000,35.5730522,129.3083488,147.1648244
,1163875.0000000,1732285.0000000,35.5730506,129.3084591,146.9280518
,1163885.0000000,1732285.0000000,35.5730489,129.3085694,147.2091824
,1163895.0000000,1732285.0000000,35.5730473,129.3086797,147.3331216
,1163905.0000000,1732285.0000000,35.5730456,129.3087900,147.2910529
,1163915.0000000,1732285.0000000,35.5730439,129.3089003,146.9323285
,1163925.0000000,1732285.0000000,35.5730423,129.3090106,146.5108418
,1163935.0000000,1732285.0000000,35.5730406,129.3091209,146.5000000
,1163945.0000000,1732285.0000000,35.5730390,129.3092312,146.3588735
,1163955.0000000,1732285.0000000,35.5730373,129.3093415,146.2675919
,1163965.0000000,1732285.0000000,35.5730357,129.3094518,144.3133974
,1163975.0000000,1732285.0000000,35.5730340,129.3095621,141.5244561
,1163985.0000000,1732285.0000000,35.5730324,129.3096725,141.9962753
,1163995.0000000,1732285.0000000,35.5730307,129.3097828,141.8321727
,1163005.0000000,1732295.0000000,35.5732843,129.2988644,146.5000000
,1163015.0000000,1732295.0000000,35.5732827,129.2989747,146.5000000
,1163025.0000000,1732295.0000000,35.5732810,129.2990850,146.5000000
,1163035.0000000,1732295.0000000,35.5732794,129.2991953,146.5000000
,1163045.0000000,1732295.0000000,35.5732777,129.2993056,146.4270336
,1163055.0000000,1732295.0000000,35.5732761,129.2994159,143.3969464
,1163065.0000000,1732295.0000000,35.5732744,129.2995262,141.5890937
,1163075.0000000,1732295.0000000,35.5732728,129.2996365,141.5000000
,1163085.0000000,1732295.0000000,35.5732711,129.2997468,141.2580162
,1163095.0000000,1732295.0000000,35.5732695,129.2998571,138.5048939
,1163105.0000000,1732295.0000000,35.5732679,129.2999674,136.6179448
,1163115.0000000,1732295.0000000,35.5732662,129.3000777,133.4797724
,1163125.0000000,1732295.0000000,35.5732646,129.3001881,131.6509495
,1163135.0000000,1732295.0000000,35.5732629,129.3002984,131.8185158
,1163145.0000000,1732295.0000000,35.5732613,129.3004087,130.0117185
,1163155.0000000,1732295.0000000,35.5732596,129.3005190,127.1152942
,1163165.0000000,1732295.0000000,35.5732580,129.3006293,124.7892180
,1163175.0000000,1732295.0000000,35.5732563,129.3007396,124.9114944
,1163185.0000000,1732295.0000000,35.5732547,129.3008499,126.5964706
,1163195.0000000,1732295.0000000,35.5732530,129.3009602,129.1308121
,1163205.0000000,1732295.0000000,35.5732514,129.3010705,130.5974574
,1163215.0000000,1732295.0000000,35.5732497,129.3011808,131.1091197
,1163225.0000000,1732295.0000000,35.5732481,129.3012911,131.6212729
,1163235.0000000,1732295.0000000,35.5732464,129.3014014,132.6576807
,1163245.0000000,1732295.0000000,35.5732448,129.3015117,134.2928446
,1163255.0000000,1732295.0000000,35.5732431,129.3016221,135.7704352
,1163265.0000000,1732295.0000000,35.5732415,129.3017324,136.5000000
,1163275.0000000,1732295.0000000,35.5732398,129.3018427,136.5000000
,1163285.0000000,1732295.0000000,35.5732382,129.3019530,136.7828094
,1163295.0000000,1732295.0000000,35.5732365,129.3020633,137.3765933
,1163305.0000000,1732295.0000000,35.5732349,129.3021736,141.5535577
,1163315.0000000,1732295.0000000,35.5732332,129.3022839,144.0051473
,1163325.0000000,1732295.0000000,35.5732316,129.3023942,146.1749788
,1163335.0000000,1732295.0000000,35.5732299,129.3025045,148.7573305
,1163345.0000000,1732295.0000000,35.5732283,129.3026148,151.3521917
,1163355.0000000,1732295.0000000,35.5732266,129.3027251,151.8629280
,1163365.0000000,1732295.0000000,35.5732250,129.3028354,154.1251594
,1163375.0000000,1732295.0000000,35.5732233,129.3029457,155.9861148
,1163385.0000000,1732295.0000000,35.5732217,129.3030561,155.9652223
,1163395.0000000,1732295.0000000,35.5732200,129.3031664,153.8343162
,1163405.0000000,1732295.0000000,35.5732184,129.3032767,151.4552532
,1163415.0000000,1732295.0000000,35.5732167,129.3033870,150.5425194
,1163425.0000000,1732295.0000000,35.5732151,129.3034973,148.1649303
,1163435.0000000,1732295.0000000,35.5732134,129.3036076,146.7099633
,1163445.0000000,1732295.0000000,35.5732118,129.3037179,146.3154343
,1163455.0000000,1732295.0000000,35.5732101,129.3038282,144.7989075
,1163465.0000000,1732295.0000000,35.5732085,129.3039385,142.7773578
,1163475.0000000,1732295.0000000,35.5732068,129.3040488,141.7381207
,1163485.0000000,1732295.0000000,35.5732052,129.3041591,141.3153523
,1163495.0000000,1732295.0000000,35.5732035,129.3042694,139.9118362
,1163505.0000000,1732295.0000000,35.5732019,129.3043797,137.8591367
,1163515.0000000,1732295.0000000,35.5732002,129.3044900,136.9520701
,1163525.0000000,1732295.0000000,35.5731986,129.3046004,136.5064367
,1163535.0000000,1732295.0000000,35.5731969,129.3047107,135.4601127
,1163545.0000000,1732295.0000000,35.5731953,129.3048210,135.8631520
,1163555.0000000,1732295.0000000,35.5731936,129.3049313,136.2622037
,1163565.0000000,1732295.0000000,35.5731920,129.3050416,136.6443057
,1163575.0000000,1732295.0000000,35.5731903,129.3051519,137.0614624
,1163585.0000000,1732295.0000000,35.5731887,129.3052622,136.5996597
,1163595.0000000,1732295.0000000,35.5731870,129.3053725,137.5362941
,1163605.0000000,1732295.0000000,35.5731853,129.3054828,139.3476221
,1163615.0000000,1732295.0000000,35.5731837,129.3055931,141.4132298
,1163625.0000000,1732295.0000000,35.5731820,129.3057034,143.7412714
,1163635.0000000,1732295.0000000,35.5731804,129.3058137,144.9083446
,1163645.0000000,1732295.0000000,35.5731787,129.3059240,145.3279042
,1163655.0000000,1732295.0000000,35.5731771,129.3060344,146.1021684
,1163665.0000000,1732295.0000000,35.5731754,129.3061447,146.3856977
,1163675.0000000,1732295.0000000,35.5731738,129.3062550,146.5000000
,1163685.0000000,1732295.0000000,35.5731721,129.3063653,146.4952676
,1163695.0000000,1732295.0000000,35.5731705,129.3064756,146.5244692
,1163705.0000000,1732295.0000000,35.5731688,129.3065859,146.5998227
,1163715.0000000,1732295.0000000,35.5731672,129.3066962,146.5046115
,1163725.0000000,1732295.0000000,35.5731655,129.3068065,146.5000000
,1163735.0000000,1732295.0000000,35.5731639,129.3069168,146.6524639
,1163745.0000000,1732295.0000000,35.5731622,129.3070271,146.7080259
,1163755.0000000,1732295.0000000,35.5731605,129.3071374,146.6834608
,1163765.0000000,1732295.0000000,35.5731589,129.3072477,147.9207091
,1163775.0000000,1732295.0000000,35.5731572,129.3073580,148.9400994
,1163785.0000000,1732295.0000000,35.5731556,129.3074683,149.4682105
,1163795.0000000,1732295.0000000,35.5731539,129.3075786,148.7490027
,1163805.0000000,1732295.0000000,35.5731523,129.3076890,147.7224816
,1163815.0000000,1732295.0000000,35.5731506,129.3077993,146.7162379
,1163825.0000000,1732295.0000000,35.5731490,129.3079096,146.7114642
,1163835.0000000,1732295.0000000,35.5731473,129.3080199,147.3544385
,1163845.0000000,1732295.0000000,35.5731457,129.3081302,147.8197440
,1163855.0000000,1732295.0000000,35.5731440,129.3082405,148.5431616
,1163865.0000000,1732295.0000000,35.5731423,129.3083508,148.9345403
,1163875.0000000,1732295.0000000,35.5731407,129.3084611,149.8831570
,1163885.0000000,1732295.0000000,35.5731390,129.3085714,149.5894955
,1163895.0000000,1732295.0000000,35.5731374,129.3086817,149.4461913
,1163905.0000000,1732295.0000000,35.5731357,129.3087920,149.3449625
,1163915.0000000,1732295.0000000,35.5731341,129.3089023,148.7084477
,1163925.0000000,1732295.0000000,35.5731324,129.3090126,147.5672197
,1163935.0000000,1732295.0000000,35.5731308,129.3091229,146.8630324
,1163945.0000000,1732295.0000000,35.5731291,129.3092333,146.6767387
,1163955.0000000,1732295.0000000,35.5731274,129.3093436,145.8952833
,1163965.0000000,1732295.0000000,35.5731258,129.3094539,144.9771512
,1163975.0000000,1732295.0000000,35.5731241,129.3095642,142.8444873
,1163985.0000000,1732295.0000000,35.5731225,129.3096745,144.6554023
,1163995.0000000,1732295.0000000,35.5731208,129.3097848,142.8968157
,1163005.0000000,1732305.0000000,35.5733744,129.2988664,146.5000000
,1163015.0000000,1732305.0000000,35.5733728,129.2989767,146.5000000
,1163025.0000000,1732305.0000000,35.5733712,129.2990870,146.5000000
,1163035.0000000,1732305.0000000,35.5733695,129.2991973,146.2475181
,1163045.0000000,1732305.0000000,35.5733679,129.2993076,144.9792015
,1163055.0000000,1732305.0000000,35.5733662,129.2994179,140.9019880
,1163065.0000000,1732305.0000000,35.5733646,129.2995282,141.4080931
,1163075.0000000,1732305.0000000,35.5733629,129.2996385,141.5000000
,1163085.0000000,1732305.0000000,35.5733613,129.2997488,140.5239078
,1163095.0000000,1732305.0000000,35.5733596,129.2998592,137.2474654
,1163105.0000000,1732305.0000000,35.5733580,129.2999695,136.0748356
,1163115.0000000,1732305.0000000,35.5733563,129.3000798,132.3079021
,1163125.0000000,1732305.0000000,35.5733547,129.3001901,131.2806437
,1163135.0000000,1732305.0000000,35.5733530,129.3003004,129.3305414
,1163145.0000000,1732305.0000000,35.5733514,129.3004107,127.1176859
,1163155.0000000,1732305.0000000,35.5733497,129.3005210,125.4459222
,1163165.0000000,1732305.0000000,35.5733481,129.3006313,125.6506173
,1163175.0000000,1732305.0000000,35.5733464,129.3007416,125.7818273
,1163185.0000000,1732305.0000000,35.5733448,129.3008519,125.6191008
,1163195.0000000,1732305.0000000,35.5733431,129.3009622,125.9911637
,1163205.0000000,1732305.0000000,35.5733415,129.3010725,127.1254830
,1163215.0000000,1732305.0000000,35.5733398,129.3011828,127.6985790
,1163225.0000000,1732305.0000000,35.5733382,129.3012932,129.9236726
,1163235.0000000,1732305.0000000,35.5733365,129.3014035,131.4335603
,1163245.0000000,1732305.0000000,35.5733349,129.3015138,132.0349022
,1163255.0000000,1732305.0000000,35.5733332,129.3016241,133.6375608
,1163265.0000000,1732305.0000000,35.5733316,129.3017344,135.7053036
,1163275.0000000,1732305.0000000,35.5733300,129.3018447,136.5000000
,1163285.0000000,1732305.0000000,35.5733283,129.3019550,136.5648533
,1163295.0000000,1732305.0000000,35.5733267,129.3020653,137.1694691
,1163305.0000000,1732305.0000000,35.5733250,129.3021756,140.8624170
,1163315.0000000,1732305.0000000,35.5733234,129.3022859,142.8270095
,1163325.0000000,1732305.0000000,35.5733217,129.3023962,146.2723150
,1163335.0000000,1732305.0000000,35.5733201,129.3025065,148.0504497
,1163345.0000000,1732305.0000000,35.5733184,129.3026168,151.1045267
,1163355.0000000,1732305.0000000,35.5733168,129.3027272,152.0819271
,1163365.0000000,1732305.0000000,35.5733151,129.3028375,155.4967146
,1163375.0000000,1732305.0000000,35.5733135,129.3029478,156.4781740
,1163385.0000000,1732305.0000000,35.5733118,129.3030581,156.5000000
,1163395.0000000,1732305.0000000,35.5733102,129.3031684,156.2639040
,1163405.0000000,1732305.0000000,35.5733085,129.3032787,154.4034778
,1163415.0000000,1732305.0000000,35.5733069,129.3033890,152.1762558
,1163425.0000000,1732305.0000000,35.5733052,129.3034993,151.4882482
,1163435.0000000,1732305.0000000,35.5733035,129.3036096,150.9715305
,1163445.0000000,1732305.0000000,35.5733019,129.3037199,148.9225054
,1163455.0000000,1732305.0000000,35.5733002,129.3038302,146.6275055
,1163465.0000000,1732305.0000000,35.5732986,129.3039405,145.4048610
,1163475.0000000,1732305.0000000,35.5732969,129.3040508,143.5302388
,1163485.0000000,1732305.0000000,35.5732953,129.3041611,141.9810664
,1163495.0000000,1732305.0000000,35.5732936,129.3042715,141.3130716
,1163505.0000000,1732305.0000000,35.5732920,129.3043818,139.7772706
,1163515.0000000,1732305.0000000,35.5732903,129.3044921,137.6389828
,1163525.0000000,1732305.0000000,35.5732887,129.3046024,137.2144917
,1163535.0000000,1732305.0000000,35.5732870,129.3047127,136.8116707
,1163545.0000000,1732305.0000000,35.5732854,129.3048230,136.9530063
,1163555.0000000,1732305.0000000,35.5732837,129.3049333,137.5942869
,1163565.0000000,1732305.0000000,35.5732821,129.3050436,138.6009622
,1163575.0000000,1732305.0000000,35.5732804,129.3051539,136.7519154
,1163585.0000000,1732305.0000000,35.5732788,129.3052642,138.6809504
,1163595.0000000,1732305.0000000,35.5732771,129.3053745,140.9940676
,1163605.0000000,1732305.0000000,35.5732755,129.3054848,141.6931404
,1163615.0000000,1732305.0000000,35.5732738,129.3055951,143.1600433
,1163625.0000000,1732305.0000000,35.5732722,129.3057055,145.4930527
,1163635.0000000,1732305.0000000,35.5732705,129.3058158,146.4576768
,1163645.0000000,1732305.0000000,35.5732689,129.3059261,146.2987550
,1163655.0000000,1732305.0000000,35.5732672,129.3060364,146.4184886
,1163665.0000000,1732305.0000000,35.5732656,129.3061467,146.5000000
,1163675.0000000,1732305.0000000,35.5732639,129.3062570,146.5000000
,1163685.0000000,1732305.0000000,35.5732622,129.3063673,146.6868598
,1163695.0000000,1732305.0000000,35.5732606,129.3064776,146.8071668
,1163705.0000000,1732305.0000000,35.5732589,129.3065879,146.9399524
,1163715.0000000,1732305.0000000,35.5732573,129.3066982,147.0085426
,1163725.0000000,1732305.0000000,35.5732556,129.3068085,147.0197542
,1163735.0000000,1732305.0000000,35.5732540,129.3069188,147.3068658
,1163745.0000000,1732305.0000000,35.5732523,129.3070291,147.6477203
,1163755.0000000,1732305.0000000,35.5732507,129.3071394,148.2117647
,1163765.0000000,1732305.0000000,35.5732490,129.3072498,149.6373812
,1163775.0000000,1732305.0000000,35.5732474,129.3073601,150.6348370
,1163785.0000000,1732305.0000000,35.5732457,129.3074704,151.2512222
,1163795.0000000,1732305.0000000,35.5732441,129.3075807,151.0274797
,1163805.0000000,1732305.0000000,35.5732424,129.3076910,149.9233265
,1163815.0000000,1732305.0000000,35.5732407,129.3078013,148.6108583
,1163825.0000000,1732305.0000000,35.5732391,129.3079116,148.3140348
,1163835.0000000,1732305.0000000,35.5732374,129.3080219,149.2628029
,1163845.0000000,1732305.0000000,35.5732358,129.3081322,150.5248663
,1163855.0000000,1732305.0000000,35.5732341,129.3082425,151.3183934
,1163865.0000000,1732305.0000000,35.5732325,129.3083528,151.5542758
,1163875.0000000,1732305.0000000,35.5732308,129.3084631,151.8084535
,1163885.0000000,1732305.0000000,35.5732292,129.3085734,151.5843765
,1163895.0000000,1732305.0000000,35.5732275,129.3086837,151.2874618
,1163905.0000000,1732305.0000000,35.5732258,129.3087941,151.2887890
,1163915.0000000,1732305.0000000,35.5732242,129.3089044,151.2485129
,1163925.0000000,1732305.0000000,35.5732225,129.3090147,150.1626155
,1163935.0000000,1732305.0000000,35.5732209,129.3091250,147.0322214
,1163945.0000000,1732305.0000000,35.5732192,129.3092353,146.7422445
,1163955.0000000,1732305.0000000,35.5732176,129.3093456,146.5085477
,1163965.0000000,1732305.0000000,35.5732159,129.3094559,146.3310826
,1163975.0000000,1732305.0000000,35.5732143,129.3095662,145.3637417
,1163985.0000000,1732305.0000000,35.5732126,129.3096765,145.7081284
,1163995.0000000,1732305.0000000,35.5732109,129.3097868,146.1649795
,1163005.0000000,1732315.0000000,35.5734646,129.2988684,146.5000000
,1163015.0000000,1732315.0000000,35.5734629,129.2989787,146.5000000
,1163025.0000000,1732315.0000000,35.5734613,129.2990890,146.4978594
,1163035.0000000,1732315.0000000,35.5734596,129.2991993,144.9142331
,1163045.0000000,1732315.0000000,35.5734580,129.2993096,140.9800798
,1163055.0000000,1732315.0000000,35.5734563,129.2994199,140.5832192
,1163065.0000000,1732315.0000000,35.5734547,129.2995302,141.3635363
,1163075.0000000,1732315.0000000,35.5734530,129.2996406,140.7082676
,1163085.0000000,1732315.0000000,35.5734514,129.2997509,139.8744687
,1163095.0000000,1732315.0000000,35.5734497,129.2998612,136.1902488
,1163105.0000000,1732315.0000000,35.5734481,129.2999715,136.0117904
,1163115.0000000,1732315.0000000,35.5734464,129.3000818,133.7532204
,1163125.0000000,1732315.0000000,35.5734448,129.3001921,131.1643714
,1163135.0000000,1732315.0000000,35.5734432,129.3003024,127.0888232
,1163145.0000000,1732315.0000000,35.5734415,129.3004127,126.4916372
,1163155.0000000,1732315.0000000,35.5734399,129.3005230,125.2635686
,1163165.0000000,1732315.0000000,35.5734382,129.3006333,121.9715197
,1163175.0000000,1732315.0000000,35.5734366,129.3007436,121.5537407
,1163185.0000000,1732315.0000000,35.5734349,129.3008539,124.2635175
,1163195.0000000,1732315.0000000,35.5734333,129.3009642,126.4108835
,1163205.0000000,1732315.0000000,35.5734316,129.3010746,126.4167806
,1163215.0000000,1732315.0000000,35.5734300,129.3011849,126.5450649
,1163225.0000000,1732315.0000000,35.5734283,129.3012952,127.0005927
,1163235.0000000,1732315.0000000,35.5734267,129.3014055,129.6324198
,1163245.0000000,1732315.0000000,35.5734250,129.3015158,130.9057842
,1163255.0000000,1732315.0000000,35.5734234,129.3016261,131.3687155
,1163265.0000000,1732315.0000000,35.5734217,129.3017364,133.5216182
,1163275.0000000,1732315.0000000,35.5734201,129.3018467,135.5939867
,1163285.0000000,1732315.0000000,35.5734184,129.3019570,136.5322915
,1163295.0000000,1732315.0000000,35.5734168,129.3020673,136.9403809
,1163305.0000000,1732315.0000000,35.5734151,129.3021776,139.2976594
,1163315.0000000,1732315.0000000,35.5734135,129.3022879,141.7727493
,1163325.0000000,1732315.0000000,35.5734118,129.3023982,145.0167546
,1163335.0000000,1732315.0000000,35.5734102,129.3025086,147.0757021
,1163345.0000000,1732315.0000000,35.5734085,129.3026189,150.0475821
,1163355.0000000,1732315.0000000,35.5734069,129.3027292,151.6679539
,1163365.0000000,1732315.0000000,35.5734052,129.3028395,154.5783931
,1163375.0000000,1732315.0000000,35.5734036,129.3029498,156.4890914
,1163385.0000000,1732315.0000000,35.5734019,129.3030601,156.5000000
,1163395.0000000,1732315.0000000,35.5734003,129.3031704,156.5000000
,1163405.0000000,1732315.0000000,35.5733986,129.3032807,156.3537738
,1163415.0000000,1732315.0000000,35.5733970,129.3033910,155.5534730
,1163425.0000000,1732315.0000000,35.5733953,129.3035013,153.2497408
,1163435.0000000,1732315.0000000,35.5733937,129.3036116,151.7951615
,1163445.0000000,1732315.0000000,35.5733920,129.3037219,151.1004219
,1163455.0000000,1732315.0000000,35.5733904,129.3038322,148.8452332
,1163465.0000000,1732315.0000000,35.5733887,129.3039426,146.7062152
,1163475.0000000,1732315.0000000,35.5733871,129.3040529,145.6563575
,1163485.0000000,1732315.0000000,35.5733854,129.3041632,143.0140578
,1163495.0000000,1732315.0000000,35.5733838,129.3042735,141.5216321
,1163505.0000000,1732315.0000000,35.5733821,129.3043838,140.7956965
,1163515.0000000,1732315.0000000,35.5733805,129.3044941,138.2609723
,1163525.0000000,1732315.0000000,35.5733788,129.3046044,136.7420211
,1163535.0000000,1732315.0000000,35.5733772,129.3047147,136.5250568
,1163545.0000000,1732315.0000000,35.5733755,129.3048250,136.8350516
,1163555.0000000,1732315.0000000,35.5733739,129.3049353,137.9681048
,1163565.0000000,1732315.0000000,35.5733722,129.3050456,140.2285732
,1163575.0000000,1732315.0000000,35.5733705,129.3051559,140.8312632
,1163585.0000000,1732315.0000000,35.5733689,129.3052662,141.6313602
,1163595.0000000,1732315.0000000,35.5733672,129.3053766,143.6570210
,1163605.0000000,1732315.0000000,35.5733656,129.3054869,144.4414978
,1163615.0000000,1732315.0000000,35.5733639,129.3055972,144.6995428
,1163625.0000000,1732315.0000000,35.5733623,129.3057075,145.6825347
,1163635.0000000,1732315.0000000,35.5733606,129.3058178,146.4514017
,1163645.0000000,1732315.0000000,35.5733590,129.3059281,146.4780908
,1163655.0000000,1732315.0000000,35.5733573,129.3060384,146.5300958
,1163665.0000000,1732315.0000000,35.5733557,129.3061487,146.5000000
,1163675.0000000,1732315.0000000,35.5733540,129.3062590,146.6876303
,1163685.0000000,1732315.0000000,35.5733524,129.3063693,147.4490534
,1163695.0000000,1732315.0000000,35.5733507,129.3064796,148.1649144
,1163705.0000000,1732315.0000000,35.5733491,129.3065899,148.6114298
,1163715.0000000,1732315.0000000,35.5733474,129.3067002,149.0105606
,1163725.0000000,1732315.0000000,35.5733458,129.3068105,149.4652015
,1163735.0000000,1732315.0000000,35.5733441,129.3069209,149.3488281
,1163745.0000000,1732315.0000000,35.5733424,129.3070312,149.3535884
,1163755.0000000,1732315.0000000,35.5733408,129.3071415,150.0775612
,1163765.0000000,1732315.0000000,35.5733391,129.3072518,150.9302318
,1163775.0000000,1732315.0000000,35.5733375,129.3073621,151.4455259
,1163785.0000000,1732315.0000000,35.5733358,129.3074724,151.4430250
,1163795.0000000,1732315.0000000,35.5733342,129.3075827,151.4136418
,1163805.0000000,1732315.0000000,35.5733325,129.3076930,151.1501624
,1163815.0000000,1732315.0000000,35.5733309,129.3078033,150.5652013
,1163825.0000000,1732315.0000000,35.5733292,129.3079136,150.6914462
,1163835.0000000,1732315.0000000,35.5733276,129.3080239,151.4043857
,1163845.0000000,1732315.0000000,35.5733259,129.3081342,151.5068306
,1163855.0000000,1732315.0000000,35.5733242,129.3082445,151.5347885
,1163865.0000000,1732315.0000000,35.5733226,129.3083549,151.6839980
,1163875.0000000,1732315.0000000,35.5733209,129.3084652,152.0864801
,1163885.0000000,1732315.0000000,35.5733193,129.3085755,152.2372740
,1163895.0000000,1732315.0000000,35.5733176,129.3086858,152.0523402
,1163905.0000000,1732315.0000000,35.5733160,129.3087961,151.7248786
,1163915.0000000,1732315.0000000,35.5733143,129.3089064,151.8748724
,1163925.0000000,1732315.0000000,35.5733127,129.3090167,151.9152092
,1163935.0000000,1732315.0000000,35.5733110,129.3091270,149.3694728
,1163945.0000000,1732315.0000000,35.5733093,129.3092373,147.7989968
,1163955.0000000,1732315.0000000,35.5733077,129.3093476,146.7705160
,1163965.0000000,1732315.0000000,35.5733060,129.3094579,146.6815078
,1163975.0000000,1732315.0000000,35.5733044,129.3095682,146.0567348
,1163985.0000000,1732315.0000000,35.5733027,129.3096785,145.9470950
,1163995.0000000,1732315.0000000,35.5733011,129.3097888,146.4183499
,1163005.0000000,1732325.0000000,35.5735547,129.2988704,146.5000000
,1163015.0000000,1732325.0000000,35.5735530,129.2989807,146.4470032
,1163025.0000000,1732325.0000000,35.5735514,129.2990910,145.4524707
,1163035.0000000,1732325.0000000,35.5735497,129.2992013,141.3107238
,1163045.0000000,1732325.0000000,35.5735481,129.2993116,140.5513046
,1163055.0000000,1732325.0000000,35.5735465,129.2994220,138.2886003
,1163065.0000000,1732325.0000000,35.5735448,129.2995323,138.0342297
,1163075.0000000,1732325.0000000,35.5735432,129.2996426,138.0063676
,1163085.0000000,1732325.0000000,35.5735415,129.2997529,137.7315107
,1163095.0000000,1732325.0000000,35.5735399,129.2998632,136.5000000
,1163105.0000000,1732325.0000000,35.5735382,129.2999735,135.5983175
,1163115.0000000,1732325.0000000,35.5735366,129.3000838,135.6537071
,1163125.0000000,1732325.0000000,35.5735349,129.3001941,131.3110227
,1163135.0000000,1732325.0000000,35.5735333,129.3003044,126.8870271
,1163145.0000000,1732325.0000000,35.5735316,129.3004147,125.5478034
,1163155.0000000,1732325.0000000,35.5735300,129.3005250,122.6576700
,1163165.0000000,1732325.0000000,35.5735283,129.3006353,121.5000000
,1163175.0000000,1732325.0000000,35.5735267,129.3007456,121.5000000
,1163185.0000000,1732325.0000000,35.5735250,129.3008560,122.1194781
,1163195.0000000,1732325.0000000,35.5735234,129.3009663,122.4763804
,1163205.0000000,1732325.0000000,35.5735217,129.3010766,124.0274385
,1163215.0000000,1732325.0000000,35.5735201,129.3011869,125.9111835
,1163225.0000000,1732325.0000000,35.5735184,129.3012972,126.4147473
,1163235.0000000,1732325.0000000,35.5735168,129.3014075,126.9826273
,1163245.0000000,1732325.0000000,35.5735151,129.3015178,128.8313261
,1163255.0000000,1732325.0000000,35.5735135,129.3016281,129.9601950
,1163265.0000000,1732325.0000000,35.5735118,129.3017384,131.9509451
,1163275.0000000,1732325.0000000,35.5735102,129.3018487,134.1073316
,1163285.0000000,1732325.0000000,35.5735085,129.3019590,136.1545289
,1163295.0000000,1732325.0000000,35.5735069,129.3020693,136.6228284
,1163305.0000000,1732325.0000000,35.5735052,129.3021797,137.7664138
,1163315.0000000,1732325.0000000,35.5735036,129.3022900,141.2798476
,1163325.0000000,1732325.0000000,35.5735019,129.3024003,144.2008692
,1163335.0000000,1732325.0000000,35.5735003,129.3025106,146.3243577
,1163345.0000000,1732325.0000000,35.5734986,129.3026209,148.5456910
,1163355.0000000,1732325.0000000,35.5734970,129.3027312,151.2921401
,1163365.0000000,1732325.0000000,35.5734953,129.3028415,153.0987791
,1163375.0000000,1732325.0000000,35.5734937,129.3029518,156.0279918
,1163385.0000000,1732325.0000000,35.5734920,129.3030621,156.5000000
,1163395.0000000,1732325.0000000,35.5734904,129.3031724,156.5000000
,1163405.0000000,1732325.0000000,35.5734887,129.3032827,156.3724767
,1163415.0000000,1732325.0000000,35.5734871,129.3033930,156.2366434
,1163425.0000000,1732325.0000000,35.5734854,129.3035033,156.1543895
,1163435.0000000,1732325.0000000,35.5734838,129.3036137,153.2487796
,1163445.0000000,1732325.0000000,35.5734821,129.3037240,151.5101794
,1163455.0000000,1732325.0000000,35.5734805,129.3038343,150.3827096
,1163465.0000000,1732325.0000000,35.5734788,129.3039446,147.6727911
,1163475.0000000,1732325.0000000,35.5734772,129.3040549,146.3764979
,1163485.0000000,1732325.0000000,35.5734755,129.3041652,144.0386499
,1163495.0000000,1732325.0000000,35.5734739,129.3042755,141.7600774
,1163505.0000000,1732325.0000000,35.5734722,129.3043858,140.9667004
,1163515.0000000,1732325.0000000,35.5734706,129.3044961,138.2103260
,1163525.0000000,1732325.0000000,35.5734689,129.3046064,136.5113122
,1163535.0000000,1732325.0000000,35.5734673,129.3047167,136.7629422
,1163545.0000000,1732325.0000000,35.5734656,129.3048270,137.7554481
,1163555.0000000,1732325.0000000,35.5734640,129.3049373,140.3406234
,1163565.0000000,1732325.0000000,35.5734623,129.3050477,141.8305074
,1163575.0000000,1732325.0000000,35.5734607,129.3051580,142.5310618
,1163585.0000000,1732325.0000000,35.5734590,129.3052683,144.0663567
,1163595.0000000,1732325.0000000,35.5734574,129.3053786,145.8714240
,1163605.0000000,1732325.0000000,35.5734557,129.3054889,145.9727666
,1163615.0000000,1732325.0000000,35.5734541,129.3055992,145.5315936
,1163625.0000000,1732325.0000000,35.5734524,129.3057095,146.3513772
,1163635.0000000,1732325.0000000,35.5734508,129.3058198,146.5627064
,1163645.0000000,1732325.0000000,35.5734491,129.3059301,146.5902137
,1163655.0000000,1732325.0000000,35.5734474,129.3060404,146.7806167
,1163665.0000000,1732325.0000000,35.5734458,129.3061507,146.8627515
,1163675.0000000,1732325.0000000,35.5734441,129.3062610,147.8110426
,1163685.0000000,1732325.0000000,35.5734425,129.3063713,148.6689590
,1163695.0000000,1732325.0000000,35.5734408,129.3064817,149.8483107
,1163705.0000000,1732325.0000000,35.5734392,129.3065920,150.9196470
,1163715.0000000,1732325.0000000,35.5734375,129.3067023,151.0907906
,1163725.0000000,1732325.0000000,35.5734359,129.3068126,150.9350411
,1163735.0000000,1732325.0000000,35.5734342,129.3069229,150.9645957
,1163745.0000000,1732325.0000000,35.5734326,129.3070332,151.0436315
,1163755.0000000,1732325.0000000,35.5734309,129.3071435,151.3485387
,1163765.0000000,1732325.0000000,35.5734293,129.3072538,151.4720016
,1163775.0000000,1732325.0000000,35.5734276,129.3073641,151.5717438
,1163785.0000000,1732325.0000000,35.5734259,129.3074744,151.5910334
,1163795.0000000,1732325.0000000,35.5734243,129.3075847,151.5583322
,1163805.0000000,1732325.0000000,35.5734226,129.3076950,151.5984123
,1163815.0000000,1732325.0000000,35.5734210,129.3078053,151.7825442
,1163825.0000000,1732325.0000000,35.5734193,129.3079156,151.8535742
,1163835.0000000,1732325.0000000,35.5734177,129.3080260,152.8186784
,1163845.0000000,1732325.0000000,35.5734160,129.3081363,152.4653172
,1163855.0000000,1732325.0000000,35.5734144,129.3082466,152.6393712
,1163865.0000000,1732325.0000000,35.5734127,129.3083569,153.1781226
,1163875.0000000,1732325.0000000,35.5734111,129.3084672,151.7572033
,1163885.0000000,1732325.0000000,35.5734094,129.3085775,152.0836609
,1163895.0000000,1732325.0000000,35.5734077,129.3086878,152.6521190
,1163905.0000000,1732325.0000000,35.5734061,129.3087981,153.2170532
,1163915.0000000,1732325.0000000,35.5734044,129.3089084,156.3142357
,1163925.0000000,1732325.0000000,35.5734028,129.3090187,153.2926933
,1163935.0000000,1732325.0000000,35.5734011,129.3091290,150.9214117
,1163945.0000000,1732325.0000000,35.5733995,129.3092393,150.3655362
,1163955.0000000,1732325.0000000,35.5733978,129.3093496,147.5103791
,1163965.0000000,1732325.0000000,35.5733962,129.3094599,148.0725068
,1163975.0000000,1732325.0000000,35.5733945,129.3095703,146.7778268
,1163985.0000000,1732325.0000000,35.5733928,129.3096806,146.8181465
,1163995.0000000,1732325.0000000,35.5733912,129.3097909,147.1818990
,1163005.0000000,1732335.0000000,35.5736448,129.2988724,146.3648590
,1163015.0000000,1732335.0000000,35.5736432,129.2989827,146.0074310
,1163025.0000000,1732335.0000000,35.5736415,129.2990930,142.3892276
,1163035.0000000,1732335.0000000,35.5736399,129.2992034,140.6521731
,1163045.0000000,1732335.0000000,35.5736382,129.2993137,137.0113638
,1163055.0000000,1732335.0000000,35.5736366,129.2994240,137.2472948
,1163065.0000000,1732335.0000000,35.5736349,129.2995343,136.7131001
,1163075.0000000,1732335.0000000,35.5736333,129.2996446,136.5863772
,1163085.0000000,1732335.0000000,35.5736316,129.2997549,136.5822697
,1163095.0000000,1732335.0000000,35.5736300,129.2998652,136.5000000
,1163105.0000000,1732335.0000000,35.5736283,129.2999755,135.8762072
,1163115.0000000,1732335.0000000,35.5736267,129.3000858,136.2739022
,1163125.0000000,1732335.0000000,35.5736250,129.3001961,131.3845597
,1163135.0000000,1732335.0000000,35.5736234,129.3003064,126.6143117
,1163145.0000000,1732335.0000000,35.5736217,129.3004167,123.2111791
,1163155.0000000,1732335.0000000,35.5736201,129.3005270,121.5804330
,1163165.0000000,1732335.0000000,35.5736185,129.3006374,121.5000000
,1163175.0000000,1732335.0000000,35.5736168,129.3007477,121.5000000
,1163185.0000000,1732335.0000000,35.5736152,129.3008580,121.3698259
,1163195.0000000,1732335.0000000,35.5736135,129.3009683,121.5157842
,1163205.0000000,1732335.0000000,35.5736119,129.3010786,121.6170265
,1163215.0000000,1732335.0000000,35.5736102,129.3011889,122.3197164
,1163225.0000000,1732335.0000000,35.5736086,129.3012992,124.1683243
,1163235.0000000,1732335.0000000,35.5736069,129.3014095,125.9240777
,1163245.0000000,1732335.0000000,35.5736053,129.3015198,126.7703430
,1163255.0000000,1732335.0000000,35.5736036,129.3016301,129.5632167
,1163265.0000000,1732335.0000000,35.5736020,129.3017404,131.0244887
,1163275.0000000,1732335.0000000,35.5736003,129.3018507,132.2396060
,1163285.0000000,1732335.0000000,35.5735987,129.3019611,133.9100034
,1163295.0000000,1732335.0000000,35.5735970,129.3020714,135.9716791
,1163305.0000000,1732335.0000000,35.5735954,129.3021817,136.5381761
,1163315.0000000,1732335.0000000,35.5735937,129.3022920,139.2621595
,1163325.0000000,1732335.0000000,35.5735921,129.3024023,141.9342146
,1163335.0000000,1732335.0000000,35.5735904,129.3025126,145.5685169
,1163345.0000000,1732335.0000000,35.5735888,129.3026229,147.3644340
,1163355.0000000,1732335.0000000,35.5735871,129.3027332,150.9269342
,1163365.0000000,1732335.0000000,35.5735855,129.3028435,151.8991441
,1163375.0000000,1732335.0000000,35.5735838,129.3029538,154.9504199
,1163385.0000000,1732335.0000000,35.5735822,129.3030641,156.3080198
,1163395.0000000,1732335.0000000,35.5735805,129.3031744,156.5000000
,1163405.0000000,1732335.0000000,35.5735789,129.3032847,156.5000000
,1163415.0000000,1732335.0000000,35.5735772,129.3033951,156.5000000
,1163425.0000000,1732335.0000000,35.5735756,129.3035054,156.4410578
,1163435.0000000,1732335.0000000,35.5735739,129.3036157,154.6711640
,1163445.0000000,1732335.0000000,35.5735723,129.3037260,151.8256132
,1163455.0000000,1732335.0000000,35.5735706,129.3038363,151.3550706
,1163465.0000000,1732335.0000000,35.5735690,129.3039466,149.4336761
,1163475.0000000,1732335.0000000,35.5735673,129.3040569,146.7308056
,1163485.0000000,1732335.0000000,35.5735657,129.3041672,144.6448969
,1163495.0000000,1732335.0000000,35.5735640,129.3042775,141.6666830
,1163505.0000000,1732335.0000000,35.5735624,129.3043878,141.2208341
,1163515.0000000,1732335.0000000,35.5735607,129.3044981,138.4098465
,1163525.0000000,1732335.0000000,35.5735591,129.3046084,136.7475817
,1163535.0000000,1732335.0000000,35.5735574,129.3047188,137.2482672
,1163545.0000000,1732335.0000000,35.5735557,129.3048291,139.0904558
,1163555.0000000,1732335.0000000,35.5735541,129.3049394,142.0006632
,1163565.0000000,1732335.0000000,35.5735524,129.3050497,142.5209163
,1163575.0000000,1732335.0000000,35.5735508,129.3051600,144.5968685
,1163585.0000000,1732335.0000000,35.5735491,129.3052703,146.0053989
,1163595.0000000,1732335.0000000,35.5735475,129.3053806,146.3579768
,1163605.0000000,1732335.0000000,35.5735458,129.3054909,146.5536275
,1163615.0000000,1732335.0000000,35.5735442,129.3056012,147.7178528
,1163625.0000000,1732335.0000000,35.5735425,129.3057115,148.8309061
,1163635.0000000,1732335.0000000,35.5735409,129.3058218,148.8251416
,1163645.0000000,1732335.0000000,35.5735392,129.3059321,148.1810386
,1163655.0000000,1732335.0000000,35.5735376,129.3060424,147.9475838
,1163665.0000000,1732335.0000000,35.5735359,129.3061528,148.1618041
,1163675.0000000,1732335.0000000,35.5735343,129.3062631,149.3447260
,1163685.0000000,1732335.0000000,35.5735326,129.3063734,150.3624782
,1163695.0000000,1732335.0000000,35.5735310,129.3064837,151.2086103
,1163705.0000000,1732335.0000000,35.5735293,129.3065940,151.4713848
,1163715.0000000,1732335.0000000,35.5735276,129.3067043,151.4577913
,1163725.0000000,1732335.0000000,35.5735260,129.3068146,151.3536937
,1163735.0000000,1732335.0000000,35.5735243,129.3069249,151.4233176
,1163745.0000000,1732335.0000000,35.5735227,129.3070352,151.5518964
,1163755.0000000,1732335.0000000,35.5735210,129.3071455,151.7547335
,1163765.0000000,1732335.0000000,35.5735194,129.3072558,152.4071231
,1163775.0000000,1732335.0000000,35.5735177,129.3073661,152.0869578
,1163785.0000000,1732335.0000000,35.5735161,129.3074764,151.9385494
,1163795.0000000,1732335.0000000,35.5735144,129.3075868,151.6111825
,1163805.0000000,1732335.0000000,35.5735128,129.3076971,151.7342906
,1163815.0000000,1732335.0000000,35.5735111,129.3078074,152.5433560
,1163825.0000000,1732335.0000000,35.5735094,129.3079177,153.5770015
,1163835.0000000,1732335.0000000,35.5735078,129.3080280,154.7565472
,1163845.0000000,1732335.0000000,35.5735061,129.3081383,154.4239897
,1163855.0000000,1732335.0000000,35.5735045,129.3082486,154.3693240
,1163865.0000000,1732335.0000000,35.5735028,129.3083589,155.3193269
,1163875.0000000,1732335.0000000,35.5735012,129.3084692,154.1718804
,1163885.0000000,1732335.0000000,35.5734995,129.3085795,155.0132228
,1163895.0000000,1732335.0000000,35.5734979,129.3086898,153.7857399
,1163905.0000000,1732335.0000000,35.5734962,129.3088001,153.9267738
,1163915.0000000,1732335.0000000,35.5734946,129.3089104,153.9048355
,1163925.0000000,1732335.0000000,35.5734929,129.3090207,154.0008366
,1163935.0000000,1732335.0000000,35.5734912,129.3091311,153.6511495
,1163945.0000000,1732335.0000000,35.5734896,129.3092414,151.6128487
,1163955.0000000,1732335.0000000,35.5734879,129.3093517,151.0532254
,1163965.0000000,1732335.0000000,35.5734863,129.3094620,150.6020355
,1163975.0000000,1732335.0000000,35.5734846,129.3095723,150.6762679
,1163985.0000000,1732335.0000000,35.5734830,129.3096826,149.5027681
,1163995.0000000,1732335.0000000,35.5734813,129.3097929,149.5188389
,1163005.0000000,1732345.0000000,35.5737349,129.2988744,145.1135589
,1163015.0000000,1732345.0000000,35.5737333,129.2989848,143.0942841
,1163025.0000000,1732345.0000000,35.5737316,129.2990951,140.8231787
,1163035.0000000,1732345.0000000,35.5737300,129.2992054,137.6180345
,1163045.0000000,1732345.0000000,35.5737283,129.2993157,137.5369348
,1163055.0000000,1732345.0000000,35.5737267,129.2994260,136.6978985
,1163065.0000000,1732345.0000000,35.5737250,129.2995363,136.2012963
,1163075.0000000,1732345.0000000,35.5737234,129.2996466,136.3995451
,1163085.0000000,1732345.0000000,35.5737218,129.2997569,136.4852055
,1163095.0000000,1732345.0000000,35.5737201,129.2998672,136.5000000
,1163105.0000000,1732345.0000000,35.5737185,129.2999775,135.8477163
,1163115.0000000,1732345.0000000,35.5737168,129.3000878,136.0234390
,1163125.0000000,1732345.0000000,35.5737152,129.3001981,131.4402856
,1163135.0000000,1732345.0000000,35.5737135,129.3003085,126.4478388
,1163145.0000000,1732345.0000000,35.5737119,129.3004188,121.5468252
,1163155.0000000,1732345.0000000,35.5737102,129.3005291,121.7110099
,1163165.0000000,1732345.0000000,35.5737086,129.3006394,120.1348564
,1163175.0000000,1732345.0000000,35.5737069,129.3007497,118.0705173
,1163185.0000000,1732345.0000000,35.5737053,129.3008600,118.5768061
,1163195.0000000,1732345.0000000,35.5737036,129.3009703,120.6377516
,1163205.0000000,1732345.0000000,35.5737020,129.3010806,121.3022795
,1163215.0000000,1732345.0000000,35.5737003,129.3011909,121.5127975
,1163225.0000000,1732345.0000000,35.5736987,129.3013012,121.9372485
,1163235.0000000,1732345.0000000,35.5736970,129.3014115,123.5553877
,1163245.0000000,1732345.0000000,35.5736954,129.3015218,126.3082823
,1163255.0000000,1732345.0000000,35.5736937,129.3016321,127.5206918
,1163265.0000000,1732345.0000000,35.5736921,129.3017425,130.2948578
,1163275.0000000,1732345.0000000,35.5736904,129.3018528,131.3257757
,1163285.0000000,1732345.0000000,35.5736888,129.3019631,131.6488014
,1163295.0000000,1732345.0000000,35.5736871,129.3020734,133.7055400
,1163305.0000000,1732345.0000000,35.5736855,129.3021837,136.1755798
,1163315.0000000,1732345.0000000,35.5736838,129.3022940,137.7154224
,1163325.0000000,1732345.0000000,35.5736822,129.3024043,141.5692386
,1163335.0000000,1732345.0000000,35.5736805,129.3025146,145.2357565
,1163345.0000000,1732345.0000000,35.5736789,129.3026249,146.9203243
,1163355.0000000,1732345.0000000,35.5736772,129.3027352,150.7580377
,1163365.0000000,1732345.0000000,35.5736756,129.3028455,151.5095031
,1163375.0000000,1732345.0000000,35.5736739,129.3029558,153.5557864
,1163385.0000000,1732345.0000000,35.5736723,129.3030662,156.4428398
,1163395.0000000,1732345.0000000,35.5736706,129.3031765,156.5000000
,1163405.0000000,1732345.0000000,35.5736690,129.3032868,156.5000000
,1163415.0000000,1732345.0000000,35.5736673,129.3033971,156.5000000
,1163425.0000000,1732345.0000000,35.5736657,129.3035074,156.3589106
,1163435.0000000,1732345.0000000,35.5736640,129.3036177,154.1397010
,1163445.0000000,1732345.0000000,35.5736624,129.3037280,151.5000000
,1163455.0000000,1732345.0000000,35.5736607,129.3038383,151.5000000
,1163465.0000000,1732345.0000000,35.5736591,129.3039486,151.0901843
,1163475.0000000,1732345.0000000,35.5736574,129.3040589,148.0094146
,1163485.0000000,1732345.0000000,35.5736558,129.3041692,145.6084510
,1163495.0000000,1732345.0000000,35.5736541,129.3042795,141.9697538
,1163505.0000000,1732345.0000000,35.5736525,129.3043898,141.4701774
,1163515.0000000,1732345.0000000,35.5736508,129.3045002,139.0307056
,1163525.0000000,1732345.0000000,35.5736492,129.3046105,136.7725295
,1163535.0000000,1732345.0000000,35.5736475,129.3047208,138.1746322
,1163545.0000000,1732345.0000000,35.5736459,129.3048311,141.4556568
,1163555.0000000,1732345.0000000,35.5736442,129.3049414,143.9685704
,1163565.0000000,1732345.0000000,35.5736426,129.3050517,145.8102471
,1163575.0000000,1732345.0000000,35.5736409,129.3051620,146.2984952
,1163585.0000000,1732345.0000000,35.5736393,129.3052723,146.5000000
,1163595.0000000,1732345.0000000,35.5736376,129.3053826,146.6654169
,1163605.0000000,1732345.0000000,35.5736360,129.3054929,147.8962503
,1163615.0000000,1732345.0000000,35.5736343,129.3056032,150.1353912
,1163625.0000000,1732345.0000000,35.5736326,129.3057135,150.9023554
,1163635.0000000,1732345.0000000,35.5736310,129.3058239,150.9655855
,1163645.0000000,1732345.0000000,35.5736293,129.3059342,150.2253500
,1163655.0000000,1732345.0000000,35.5736277,129.3060445,149.6813857
,1163665.0000000,1732345.0000000,35.5736260,129.3061548,150.1067218
,1163675.0000000,1732345.0000000,35.5736244,129.3062651,150.5504731
,1163685.0000000,1732345.0000000,35.5736227,129.3063754,151.1370673
,1163695.0000000,1732345.0000000,35.5736211,129.3064857,151.5000000
,1163705.0000000,1732345.0000000,35.5736194,129.3065960,151.5000000
,1163715.0000000,1732345.0000000,35.5736178,129.3067063,151.5000000
,1163725.0000000,1732345.0000000,35.5736161,129.3068166,151.5621377
,1163735.0000000,1732345.0000000,35.5736145,129.3069269,151.5325233
,1163745.0000000,1732345.0000000,35.5736128,129.3070372,152.0347033
,1163755.0000000,1732345.0000000,35.5736112,129.3071475,153.0232377
,1163765.0000000,1732345.0000000,35.5736095,129.3072579,154.3128213
,1163775.0000000,1732345.0000000,35.5736078,129.3073682,154.8108490
,1163785.0000000,1732345.0000000,35.5736062,129.3074785,154.5683314
,1163795.0000000,1732345.0000000,35.5736045,129.3075888,153.2680626
,1163805.0000000,1732345.0000000,35.5736029,129.3076991,152.4336752
,1163815.0000000,1732345.0000000,35.5736012,129.3078094,153.8282240
,1163825.0000000,1732345.0000000,35.5735996,129.3079197,155.7364604
,1163835.0000000,1732345.0000000,35.5735979,129.3080300,156.4182553
,1163845.0000000,1732345.0000000,35.5735963,129.3081403,155.7577915
,1163855.0000000,1732345.0000000,35.5735946,129.3082506,155.4925732
,1163865.0000000,1732345.0000000,35.5735930,129.3083609,155.4547676
,1163875.0000000,1732345.0000000,35.5735913,129.3084712,155.7433058
,1163885.0000000,1732345.0000000,35.5735896,129.3085815,156.1579288
,1163895.0000000,1732345.0000000,35.5735880,129.3086919,155.1880594
,1163905.0000000,1732345.0000000,35.5735863,129.3088022,154.7332501
,1163915.0000000,1732345.0000000,35.5735847,129.3089125,155.1951218
,1163925.0000000,1732345.0000000,35.5735830,129.3090228,156.1422457
,1163935.0000000,1732345.0000000,35.5735814,129.3091331,155.7728205
,1163945.0000000,1732345.0000000,35.5735797,129.3092434,151.9281739
,1163955.0000000,1732345.0000000,35.5735780,129.3093537,151.5415363
,1163965.0000000,1732345.0000000,35.5735764,129.3094640,152.6101232
,1163975.0000000,1732345.0000000,35.5735747,129.3095743,153.7811353
,1163985.0000000,1732345.0000000,35.5735731,129.3096846,154.6269393
,1163995.0000000,1732345.0000000,35.5735714,129.3097949,153.3300851
,1163005.0000000,1732355.0000000,35.5738251,129.2988765,143.0208197
,1163015.0000000,1732355.0000000,35.5738234,129.2989868,140.4281755
,1163025.0000000,1732355.0000000,35.5738218,129.2990971,141.3542953
,1163035.0000000,1732355.0000000,35.5738201,129.2992074,136.7715726
,1163045.0000000,1732355.0000000,35.5738185,129.2993177,136.2656214
,1163055.0000000,1732355.0000000,35.5738168,129.2994280,133.4190860
,1163065.0000000,1732355.0000000,35.5738152,129.2995383,133.8433358
,1163075.0000000,1732355.0000000,35.5738135,129.2996486,134.9567140
,1163085.0000000,1732355.0000000,35.5738119,129.2997589,136.1108794
,1163095.0000000,1732355.0000000,35.5738102,129.2998692,136.3200892
,1163105.0000000,1732355.0000000,35.5738086,129.2999795,136.2124506
,1163115.0000000,1732355.0000000,35.5738069,129.3000899,132.8649727
,1163125.0000000,1732355.0000000,35.5738053,129.3002002,130.2054175
,1163135.0000000,1732355.0000000,35.5738036,129.3003105,125.4101732
,1163145.0000000,1732355.0000000,35.5738020,129.3004208,121.7229968
,1163155.0000000,1732355.0000000,35.5738003,129.3005311,119.9214491
,1163165.0000000,1732355.0000000,35.5737987,129.3006414,117.9510311
,1163175.0000000,1732355.0000000,35.5737970,129.3007517,116.6159825
,1163185.0000000,1732355.0000000,35.5737954,129.3008620,116.5391099
,1163195.0000000,1732355.0000000,35.5737937,129.3009723,117.1466988
,1163205.0000000,1732355.0000000,35.5737921,129.3010826,119.2483611
,1163215.0000000,1732355.0000000,35.5737905,129.3011929,121.2166140
,1163225.0000000,1732355.0000000,35.5737888,129.3013032,121.7354655
,1163235.0000000,1732355.0000000,35.5737872,129.3014136,121.6618556
,1163245.0000000,1732355.0000000,35.5737855,129.3015239,123.9528503
,1163255.0000000,1732355.0000000,35.5737839,129.3016342,126.3597262
,1163265.0000000,1732355.0000000,35.5737822,129.3017445,126.9452717
,1163275.0000000,1732355.0000000,35.5737806,129.3018548,129.5122120
,1163285.0000000,1732355.0000000,35.5737789,129.3019651,131.2282171
,1163295.0000000,1732355.0000000,35.5737773,129.3020754,132.3584013
,1163305.0000000,1732355.0000000,35.5737756,129.3021857,135.9813305
,1163315.0000000,1732355.0000000,35.5737740,129.3022960,137.7285718
,1163325.0000000,1732355.0000000,35.5737723,129.3024063,141.5634284
,1163335.0000000,1732355.0000000,35.5737707,129.3025166,145.2530652
,1163345.0000000,1732355.0000000,35.5737690,129.3026269,146.4336967
,1163355.0000000,1732355.0000000,35.5737674,129.3027372,150.6314814
,1163365.0000000,1732355.0000000,35.5737657,129.3028476,151.5000000
,1163375.0000000,1732355.0000000,35.5737641,129.3029579,152.4967430
,1163385.0000000,1732355.0000000,35.5737624,129.3030682,156.0594498
,1163395.0000000,1732355.0000000,35.5737608,129.3031785,156.4002385
,1163405.0000000,1732355.0000000,35.5737591,129.3032888,156.5000000
,1163415.0000000,1732355.0000000,35.5737575,129.3033991,156.4247058
,1163425.0000000,1732355.0000000,35.5737558,129.3035094,154.5557069
,1163435.0000000,1732355.0000000,35.5737542,129.3036197,152.1487143
,1163445.0000000,1732355.0000000,35.5737525,129.3037300,151.5000000
,1163455.0000000,1732355.0000000,35.5737509,129.3038403,151.4293112
,1163465.0000000,1732355.0000000,35.5737492,129.3039506,151.3611215
,1163475.0000000,1732355.0000000,35.5737476,129.3040609,148.3182029
,1163485.0000000,1732355.0000000,35.5737459,129.3041713,145.7179817
,1163495.0000000,1732355.0000000,35.5737442,129.3042816,142.0948210
,1163505.0000000,1732355.0000000,35.5737426,129.3043919,141.5000000
,1163515.0000000,1732355.0000000,35.5737409,129.3045022,140.2092059
,1163525.0000000,1732355.0000000,35.5737393,129.3046125,139.9043294
,1163535.0000000,1732355.0000000,35.5737376,129.3047228,141.0677466
,1163545.0000000,1732355.0000000,35.5737360,129.3048331,143.1385129
,1163555.0000000,1732355.0000000,35.5737343,129.3049434,146.2169474
,1163565.0000000,1732355.0000000,35.5737327,129.3050537,146.4383134
,1163575.0000000,1732355.0000000,35.5737310,129.3051640,146.5000000
,1163585.0000000,1732355.0000000,35.5737294,129.3052743,146.5885118
,1163595.0000000,1732355.0000000,35.5737277,129.3053846,147.1146300
,1163605.0000000,1732355.0000000,35.5737261,129.3054950,149.4671468
,1163615.0000000,1732355.0000000,35.5737244,129.3056053,150.9153177
,1163625.0000000,1732355.0000000,35.5737228,129.3057156,151.2724986
,1163635.0000000,1732355.0000000,35.5737211,129.3058259,151.4646505
,1163645.0000000,1732355.0000000,35.5737195,129.3059362,151.1614602
,1163655.0000000,1732355.0000000,35.5737178,129.3060465,150.8871006
,1163665.0000000,1732355.0000000,35.5737162,129.3061568,151.1660668
,1163675.0000000,1732355.0000000,35.5737145,129.3062671,151.3939557
,1163685.0000000,1732355.0000000,35.5737128,129.3063774,151.5000000
,1163695.0000000,1732355.0000000,35.5737112,129.3064877,151.5000000
,1163705.0000000,1732355.0000000,35.5737095,129.3065980,151.5000000
,1163715.0000000,1732355.0000000,35.5737079,129.3067083,151.5903145
,1163725.0000000,1732355.0000000,35.5737062,129.3068186,151.5149362
,1163735.0000000,1732355.0000000,35.5737046,129.3069290,151.8595295
,1163745.0000000,1732355.0000000,35.5737029,129.3070393,153.1206382
,1163755.0000000,1732355.0000000,35.5737013,129.3071496,154.4764308
,1163765.0000000,1732355.0000000,35.5736996,129.3072599,155.9169176
,1163775.0000000,1732355.0000000,35.5736980,129.3073702,156.2135236
,1163785.0000000,1732355.0000000,35.5736963,129.3074805,155.9281165
,1163795.0000000,1732355.0000000,35.5736947,129.3075908,155.6902114
,1163805.0000000,1732355.0000000,35.5736930,129.3077011,156.1086896
,1163815.0000000,1732355.0000000,35.5736913,129.3078114,155.7928856
,1163825.0000000,1732355.0000000,35.5736897,129.3079217,156.0875981
,1163835.0000000,1732355.0000000,35.5736880,129.3080320,156.4426389
,1163845.0000000,1732355.0000000,35.5736864,129.3081423,156.5794916
,1163855.0000000,1732355.0000000,35.5736847,129.3082526,156.5329213
,1163865.0000000,1732355.0000000,35.5736831,129.3083630,156.2134845
,1163875.0000000,1732355.0000000,35.5736814,129.3084733,156.5248787
,1163885.0000000,1732355.0000000,35.5736798,129.3085836,156.9009174
,1163895.0000000,1732355.0000000,35.5736781,129.3086939,158.4305554
,1163905.0000000,1732355.0000000,35.5736764,129.3088042,157.8624265
,1163915.0000000,1732355.0000000,35.5736748,129.3089145,157.0825154
,1163925.0000000,1732355.0000000,35.5736731,129.3090248,156.4456675
,1163935.0000000,1732355.0000000,35.5736715,129.3091351,156.2350530
,1163945.0000000,1732355.0000000,35.5736698,129.3092454,154.8215387
,1163955.0000000,1732355.0000000,35.5736682,129.3093557,153.3187896
,1163965.0000000,1732355.0000000,35.5736665,129.3094660,154.6785161
,1163975.0000000,1732355.0000000,35.5736649,129.3095763,155.5188434
,1163985.0000000,1732355.0000000,35.5736632,129.3096866,156.0283948
,1163995.0000000,1732355.0000000,35.5736615,129.3097970,155.7917971
,1163005.0000000,1732365.0000000,35.5739152,129.2988785,140.8202732
,1163015.0000000,1732365.0000000,35.5739135,129.2989888,141.0011654
,1163025.0000000,1732365.0000000,35.5739119,129.2990991,139.4237050
,1163035.0000000,1732365.0000000,35.5739102,129.2992094,136.5110485
,1163045.0000000,1732365.0000000,35.5739086,129.2993197,133.1495291
,1163055.0000000,1732365.0000000,35.5739069,129.2994300,131.7686152
,1163065.0000000,1732365.0000000,35.5739053,129.2995403,131.5974432
,1163075.0000000,1732365.0000000,35.5739036,129.2996506,132.2320941
,1163085.0000000,1732365.0000000,35.5739020,129.2997609,132.8469455
,1163095.0000000,1732365.0000000,35.5739003,129.2998713,133.6040584
,1163105.0000000,1732365.0000000,35.5738987,129.2999816,132.8985710
,1163115.0000000,1732365.0000000,35.5738971,129.3000919,131.1230638
,1163125.0000000,1732365.0000000,35.5738954,129.3002022,126.5579466
,1163135.0000000,1732365.0000000,35.5738938,129.3003125,121.8588371
,1163145.0000000,1732365.0000000,35.5738921,129.3004228,119.2244771
,1163155.0000000,1732365.0000000,35.5738905,129.3005331,117.0561226
,1163165.0000000,1732365.0000000,35.5738888,129.3006434,116.7554056
,1163175.0000000,1732365.0000000,35.5738872,129.3007537,116.5000000
,1163185.0000000,1732365.0000000,35.5738855,129.3008640,116.5000000
,1163195.0000000,1732365.0000000,35.5738839,129.3009743,116.5000000
,1163205.0000000,1732365.0000000,35.5738822,129.3010846,116.6459545
,1163215.0000000,1732365.0000000,35.5738806,129.3011950,119.1393192
,1163225.0000000,1732365.0000000,35.5738789,129.3013053,121.2651639
,1163235.0000000,1732365.0000000,35.5738773,129.3014156,121.6825647
,1163245.0000000,1732365.0000000,35.5738756,129.3015259,121.8238572
,1163255.0000000,1732365.0000000,35.5738740,129.3016362,124.2245790
,1163265.0000000,1732365.0000000,35.5738723,129.3017465,126.1354289
,1163275.0000000,1732365.0000000,35.5738707,129.3018568,127.3061020
,1163285.0000000,1732365.0000000,35.5738690,129.3019671,130.3901424
,1163295.0000000,1732365.0000000,35.5738674,129.3020774,132.3837739
,1163305.0000000,1732365.0000000,35.5738657,129.3021877,136.3347782
,1163315.0000000,1732365.0000000,35.5738641,129.3022980,139.1005669
,1163325.0000000,1732365.0000000,35.5738624,129.3024083,141.7735636
,1163335.0000000,1732365.0000000,35.5738608,129.3025187,146.0178141
,1163345.0000000,1732365.0000000,35.5738591,129.3026290,148.0996795
,1163355.0000000,1732365.0000000,35.5738575,129.3027393,151.1280816
,1163365.0000000,1732365.0000000,35.5738558,129.3028496,151.5000000
,1163375.0000000,1732365.0000000,35.5738542,129.3029599,151.5576895
,1163385.0000000,1732365.0000000,35.5738525,129.3030702,153.9276928
,1163395.0000000,1732365.0000000,35.5738509,129.3031805,156.1849188
,1163405.0000000,1732365.0000000,35.5738492,129.3032908,156.3687281
,1163415.0000000,1732365.0000000,35.5738476,129.3034011,155.3133321
,1163425.0000000,1732365.0000000,35.5738459,129.3035114,152.6518688
,1163435.0000000,1732365.0000000,35.5738443,129.3036217,151.4569025
,1163445.0000000,1732365.0000000,35.5738426,129.3037320,150.5353424
,1163455.0000000,1732365.0000000,35.5738410,129.3038424,149.5903857
,1163465.0000000,1732365.0000000,35.5738393,129.3039527,149.1937932
,1163475.0000000,1732365.0000000,35.5738377,129.3040630,146.7212500
,1163485.0000000,1732365.0000000,35.5738360,129.3041733,144.1471067
,1163495.0000000,1732365.0000000,35.5738344,129.3042836,141.6179851
,1163505.0000000,1732365.0000000,35.5738327,129.3043939,141.5000000
,1163515.0000000,1732365.0000000,35.5738311,129.3045042,141.7213174
,1163525.0000000,1732365.0000000,35.5738294,129.3046145,141.6841464
,1163535.0000000,1732365.0000000,35.5738278,129.3047248,143.4463535
,1163545.0000000,1732365.0000000,35.5738261,129.3048351,146.4032668
,1163555.0000000,1732365.0000000,35.5738245,129.3049454,146.3824703
,1163565.0000000,1732365.0000000,35.5738228,129.3050557,146.5000000
,1163575.0000000,1732365.0000000,35.5738212,129.3051660,146.5000000
,1163585.0000000,1732365.0000000,35.5738195,129.3052764,146.9696152
,1163595.0000000,1732365.0000000,35.5738178,129.3053867,149.7049931
,1163605.0000000,1732365.0000000,35.5738162,129.3054970,151.0259515
,1163615.0000000,1732365.0000000,35.5738145,129.3056073,151.4735696
,1163625.0000000,1732365.0000000,35.5738129,129.3057176,151.5482815
,1163635.0000000,1732365.0000000,35.5738112,129.3058279,151.6945881
,1163645.0000000,1732365.0000000,35.5738096,129.3059382,152.0016578
,1163655.0000000,1732365.0000000,35.5738079,129.3060485,152.1617314
,1163665.0000000,1732365.0000000,35.5738063,129.3061588,151.9049580
,1163675.0000000,1732365.0000000,35.5738046,129.3062691,151.5000000
,1163685.0000000,1732365.0000000,35.5738030,129.3063794,151.6514851
,1163695.0000000,1732365.0000000,35.5738013,129.3064897,151.7117665
,1163705.0000000,1732365.0000000,35.5737997,129.3066001,151.5887057
,1163715.0000000,1732365.0000000,35.5737980,129.3067104,151.9497827
,1163725.0000000,1732365.0000000,35.5737964,129.3068207,153.2933411
,1163735.0000000,1732365.0000000,35.5737947,129.3069310,154.2720634
,1163745.0000000,1732365.0000000,35.5737930,129.3070413,155.3774035
,1163755.0000000,1732365.0000000,35.5737914,129.3071516,156.2597718
,1163765.0000000,1732365.0000000,35.5737897,129.3072619,156.5000000
,1163775.0000000,1732365.0000000,35.5737881,129.3073722,156.4992201
,1163785.0000000,1732365.0000000,35.5737864,129.3074825,156.4604276
,1163795.0000000,1732365.0000000,35.5737848,129.3075928,156.4034573
,1163805.0000000,1732365.0000000,35.5737831,129.3077031,156.4391048
,1163815.0000000,1732365.0000000,35.5737815,129.3078134,156.4262613
,1163825.0000000,1732365.0000000,35.5737798,129.3079237,156.5236249
,1163835.0000000,1732365.0000000,35.5737782,129.3080341,156.8825350
,1163845.0000000,1732365.0000000,35.5737765,129.3081444,157.3050179
,1163855.0000000,1732365.0000000,35.5737748,129.3082547,158.1808667
,1163865.0000000,1732365.0000000,35.5737732,129.3083650,158.7142424
,1163875.0000000,1732365.0000000,35.5737715,129.3084753,159.2544539
,1163885.0000000,1732365.0000000,35.5737699,129.3085856,159.9430988
,1163895.0000000,1732365.0000000,35.5737682,129.3086959,160.4184767
,1163905.0000000,1732365.0000000,35.5737666,129.3088062,160.5948624
,1163915.0000000,1732365.0000000,35.5737649,129.3089165,159.8835013
,1163925.0000000,1732365.0000000,35.5737633,129.3090268,159.2023581
,1163935.0000000,1732365.0000000,35.5737616,129.3091371,158.7316705
,1163945.0000000,1732365.0000000,35.5737599,129.3092474,156.5058035
,1163955.0000000,1732365.0000000,35.5737583,129.3093578,155.9947552
,1163965.0000000,1732365.0000000,35.5737566,129.3094681,156.4640919
,1163975.0000000,1732365.0000000,35.5737550,129.3095784,156.5539324
,1163985.0000000,1732365.0000000,35.5737533,129.3096887,156.5325304
,1163995.0000000,1732365.0000000,35.5737517,129.3097990,156.4463734
,1163005.0000000,1732375.0000000,35.5740053,129.2988805,141.9804496
,1163015.0000000,1732375.0000000,35.5740036,129.2989908,141.3941548
,1163025.0000000,1732375.0000000,35.5740020,129.2991011,137.6739526
,1163035.0000000,1732375.0000000,35.5740004,129.2992114,135.2409213
,1163045.0000000,1732375.0000000,35.5739987,129.2993217,131.5820970
,1163055.0000000,1732375.0000000,35.5739971,129.2994320,131.6231798
,1163065.0000000,1732375.0000000,35.5739954,129.2995423,131.5000000
,1163075.0000000,1732375.0000000,35.5739938,129.2996526,131.1298537
,1163085.0000000,1732375.0000000,35.5739921,129.2997630,131.3645141
,1163095.0000000,1732375.0000000,35.5739905,129.2998733,131.3578019
,1163105.0000000,1732375.0000000,35.5739888,129.2999836,131.0151818
,1163115.0000000,1732375.0000000,35.5739872,129.3000939,127.6840234
,1163125.0000000,1732375.0000000,35.5739855,129.3002042,124.7822575
,1163135.0000000,1732375.0000000,35.5739839,129.3003145,119.7884988
,1163145.0000000,1732375.0000000,35.5739822,129.3004248,117.2322611
,1163155.0000000,1732375.0000000,35.5739806,129.3005351,117.4682394
,1163165.0000000,1732375.0000000,35.5739789,129.3006454,117.0542602
,1163175.0000000,1732375.0000000,35.5739773,129.3007557,116.5000000
,1163185.0000000,1732375.0000000,35.5739756,129.3008660,116.5000000
,1163195.0000000,1732375.0000000,35.5739740,129.3009764,116.5000000
,1163205.0000000,1732375.0000000,35.5739723,129.3010867,116.5000000
,1163215.0000000,1732375.0000000,35.5739707,129.3011970,117.2008996
,1163225.0000000,1732375.0000000,35.5739690,129.3013073,120.1244405
,1163235.0000000,1732375.0000000,35.5739674,129.3014176,121.5888538
,1163245.0000000,1732375.0000000,35.5739657,129.3015279,121.5986204
,1163255.0000000,1732375.0000000,35.5739641,129.3016382,122.1766747
,1163265.0000000,1732375.0000000,35.5739624,129.3017485,124.5936250
,1163275.0000000,1732375.0000000,35.5739608,129.3018588,126.7548130
,1163285.0000000,1732375.0000000,35.5739591,129.3019691,129.0945683
,1163295.0000000,1732375.0000000,35.5739575,129.3020794,132.4449607
,1163305.0000000,1732375.0000000,35.5739559,129.3021897,136.5604415
,1163315.0000000,1732375.0000000,35.5739542,129.3023001,140.1473082
,1163325.0000000,1732375.0000000,35.5739526,129.3024104,142.6783865
,1163335.0000000,1732375.0000000,35.5739509,129.3025207,146.4677252
,1163345.0000000,1732375.0000000,35.5739493,129.3026310,149.4140559
,1163355.0000000,1732375.0000000,35.5739476,129.3027413,151.5000000
,1163365.0000000,1732375.0000000,35.5739460,129.3028516,151.5000000
,1163375.0000000,1732375.0000000,35.5739443,129.3029619,151.5000000
,1163385.0000000,1732375.0000000,35.5739427,129.3030722,151.8422215
,1163395.0000000,1732375.0000000,35.5739410,129.3031825,153.1053105
,1163405.0000000,1732375.0000000,35.5739393,129.3032928,154.0261114
,1163415.0000000,1732375.0000000,35.5739377,129.3034031,153.1153648
,1163425.0000000,1732375.0000000,35.5739360,129.3035134,151.4508809
,1163435.0000000,1732375.0000000,35.5739344,129.3036238,150.7393673
,1163445.0000000,1732375.0000000,35.5739327,129.3037341,147.2827756
,1163455.0000000,1732375.0000000,35.5739311,129.3038444,146.7968279
,1163465.0000000,1732375.0000000,35.5739294,129.3039547,146.5322486
,1163475.0000000,1732375.0000000,35.5739278,129.3040650,145.2745574
,1163485.0000000,1732375.0000000,35.5739261,129.3041753,142.4945316
,1163495.0000000,1732375.0000000,35.5739245,129.3042856,141.5441974
,1163505.0000000,1732375.0000000,35.5739228,129.3043959,141.5252455
,1163515.0000000,1732375.0000000,35.5739212,129.3045062,143.0625288
,1163525.0000000,1732375.0000000,35.5739195,129.3046165,144.5592280
,1163535.0000000,1732375.0000000,35.5739179,129.3047268,145.8987414
,1163545.0000000,1732375.0000000,35.5739162,129.3048371,146.3132436
,1163555.0000000,1732375.0000000,35.5739146,129.3049475,146.5000000
,1163565.0000000,1732375.0000000,35.5739129,129.3050578,146.8418779
,1163575.0000000,1732375.0000000,35.5739113,129.3051681,147.9006584
,1163585.0000000,1732375.0000000,35.5739096,129.3052784,149.0122508
,1163595.0000000,1732375.0000000,35.5739080,129.3053887,150.1518216
,1163605.0000000,1732375.0000000,35.5739063,129.3054990,151.5512097
,1163615.0000000,1732375.0000000,35.5739047,129.3056093,152.0208095
,1163625.0000000,1732375.0000000,35.5739030,129.3057196,152.2243329
,1163635.0000000,1732375.0000000,35.5739014,129.3058299,152.5405179
,1163645.0000000,1732375.0000000,35.5738997,129.3059402,152.9761048
,1163655.0000000,1732375.0000000,35.5738981,129.3060505,152.8796245
,1163665.0000000,1732375.0000000,35.5738964,129.3061608,152.3537930
,1163675.0000000,1732375.0000000,35.5738947,129.3062712,151.7081334
,1163685.0000000,1732375.0000000,35.5738931,129.3063815,151.7429484
,1163695.0000000,1732375.0000000,35.5738914,129.3064918,152.0125687
,1163705.0000000,1732375.0000000,35.5738898,129.3066021,154.0508206
,1163715.0000000,1732375.0000000,35.5738881,129.3067124,155.8246257
,1163725.0000000,1732375.0000000,35.5738865,129.3068227,156.7524778
,1163735.0000000,1732375.0000000,35.5738848,129.3069330,156.8825590
,1163745.0000000,1732375.0000000,35.5738832,129.3070433,156.6512736
,1163755.0000000,1732375.0000000,35.5738815,129.3071536,156.6344468
,1163765.0000000,1732375.0000000,35.5738799,129.3072639,156.5000000
,1163775.0000000,1732375.0000000,35.5738782,129.3073742,156.5000000
,1163785.0000000,1732375.0000000,35.5738766,129.3074845,156.5000000
,1163795.0000000,1732375.0000000,35.5738749,129.3075949,156.5000000
,1163805.0000000,1732375.0000000,35.5738732,129.3077052,156.6462114
,1163815.0000000,1732375.0000000,35.5738716,129.3078155,156.5346802
,1163825.0000000,1732375.0000000,35.5738699,129.3079258,156.7749636
,1163835.0000000,1732375.0000000,35.5738683,129.3080361,157.9385249
,1163845.0000000,1732375.0000000,35.5738666,129.3081464,159.4648400
,1163855.0000000,1732375.0000000,35.5738650,129.3082567,160.4577523
,1163865.0000000,1732375.0000000,35.5738633,129.3083670,160.5095543
,1163875.0000000,1732375.0000000,35.5738617,129.3084773,160.7794198
,1163885.0000000,1732375.0000000,35.5738600,129.3085876,161.2632368
,1163895.0000000,1732375.0000000,35.5738583,129.3086979,161.4996496
,1163905.0000000,1732375.0000000,35.5738567,129.3088082,161.5719080
,1163915.0000000,1732375.0000000,35.5738550,129.3089185,161.4467019
,1163925.0000000,1732375.0000000,35.5738534,129.3090289,161.4209529
,1163935.0000000,1732375.0000000,35.5738517,129.3091392,161.3295157
,1163945.0000000,1732375.0000000,35.5738501,129.3092495,160.2248298
,1163955.0000000,1732375.0000000,35.5738484,129.3093598,158.3528094
,1163965.0000000,1732375.0000000,35.5738468,129.3094701,157.3339959
,1163975.0000000,1732375.0000000,35.5738451,129.3095804,156.7419444
,1163985.0000000,1732375.0000000,35.5738434,129.3096907,157.0485997
,1163995.0000000,1732375.0000000,35.5738418,129.3098010,157.0270183
,1163005.0000000,1732385.0000000,35.5740954,129.2988825,143.4663282
,1163015.0000000,1732385.0000000,35.5740938,129.2989928,141.2534721
,1163025.0000000,1732385.0000000,35.5740921,129.2991031,136.5673157
,1163035.0000000,1732385.0000000,35.5740905,129.2992134,134.5207891
,1163045.0000000,1732385.0000000,35.5740888,129.2993237,131.7406744
,1163055.0000000,1732385.0000000,35.5740872,129.2994340,131.5000000
,1163065.0000000,1732385.0000000,35.5740855,129.2995444,131.5000000
,1163075.0000000,1732385.0000000,35.5740839,129.2996547,129.0967160
,1163085.0000000,1732385.0000000,35.5740822,129.2997650,128.4900064
,1163095.0000000,1732385.0000000,35.5740806,129.2998753,127.5426079
,1163105.0000000,1732385.0000000,35.5740789,129.2999856,127.3763379
,1163115.0000000,1732385.0000000,35.5740773,129.3000959,126.3175358
,1163125.0000000,1732385.0000000,35.5740756,129.3002062,123.1558488
,1163135.0000000,1732385.0000000,35.5740740,129.3003165,119.2279414
,1163145.0000000,1732385.0000000,35.5740724,129.3004268,117.2863247
,1163155.0000000,1732385.0000000,35.5740707,129.3005371,117.1348713
,1163165.0000000,1732385.0000000,35.5740691,129.3006474,115.1975759
,1163175.0000000,1732385.0000000,35.5740674,129.3007578,114.6288516
,1163185.0000000,1732385.0000000,35.5740658,129.3008681,115.9892212
,1163195.0000000,1732385.0000000,35.5740641,129.3009784,116.5000000
,1163205.0000000,1732385.0000000,35.5740625,129.3010887,116.5000000
,1163215.0000000,1732385.0000000,35.5740608,129.3011990,116.5810462
,1163225.0000000,1732385.0000000,35.5740592,129.3013093,118.1847443
,1163235.0000000,1732385.0000000,35.5740575,129.3014196,120.9760642
,1163245.0000000,1732385.0000000,35.5740559,129.3015299,121.5000000
,1163255.0000000,1732385.0000000,35.5740542,129.3016402,121.5266694
,1163265.0000000,1732385.0000000,35.5740526,129.3017505,122.6297450
,1163275.0000000,1732385.0000000,35.5740509,129.3018608,125.8885808
,1163285.0000000,1732385.0000000,35.5740493,129.3019711,129.0711764
,1163295.0000000,1732385.0000000,35.5740476,129.3020815,132.7058095
,1163305.0000000,1732385.0000000,35.5740460,129.3021918,136.6824126
,1163315.0000000,1732385.0000000,35.5740443,129.3023021,140.7021120
,1163325.0000000,1732385.0000000,35.5740427,129.3024124,142.5953227
,1163335.0000000,1732385.0000000,35.5740410,129.3025227,146.4809699
,1163345.0000000,1732385.0000000,35.5740394,129.3026330,149.9620471
,1163355.0000000,1732385.0000000,35.5740377,129.3027433,151.5000000
,1163365.0000000,1732385.0000000,35.5740361,129.3028536,151.5000000
,1163375.0000000,1732385.0000000,35.5740344,129.3029639,151.5000000
,1163385.0000000,1732385.0000000,35.5740328,129.3030742,151.5000000
,1163395.0000000,1732385.0000000,35.5740311,129.3031845,151.5407865
,1163405.0000000,1732385.0000000,35.5740295,129.3032949,151.5429187
,1163415.0000000,1732385.0000000,35.5740278,129.3034052,151.5000000
,1163425.0000000,1732385.0000000,35.5740262,129.3035155,151.4155719
,1163435.0000000,1732385.0000000,35.5740245,129.3036258,149.5381781
,1163445.0000000,1732385.0000000,35.5740229,129.3037361,146.8362857
,1163455.0000000,1732385.0000000,35.5740212,129.3038464,146.8684067
,1163465.0000000,1732385.0000000,35.5740196,129.3039567,146.5000000
,1163475.0000000,1732385.0000000,35.5740179,129.3040670,145.2349851
,1163485.0000000,1732385.0000000,35.5740163,129.3041773,143.6851707
,1163495.0000000,1732385.0000000,35.5740146,129.3042876,142.4193686
,1163505.0000000,1732385.0000000,35.5740130,129.3043979,144.2586850
,1163515.0000000,1732385.0000000,35.5740113,129.3045082,145.9170704
,1163525.0000000,1732385.0000000,35.5740097,129.3046186,146.1900746
,1163535.0000000,1732385.0000000,35.5740080,129.3047289,146.2343494
,1163545.0000000,1732385.0000000,35.5740064,129.3048392,146.5419047
,1163555.0000000,1732385.0000000,35.5740047,129.3049495,146.8446673
,1163565.0000000,1732385.0000000,35.5740030,129.3050598,148.7348143
,1163575.0000000,1732385.0000000,35.5740014,129.3051701,150.3544417
,1163585.0000000,1732385.0000000,35.5739997,129.3052804,151.4720814
,1163595.0000000,1732385.0000000,35.5739981,129.3053907,151.5494721
,1163605.0000000,1732385.0000000,35.5739964,129.3055010,152.9035248
,1163615.0000000,1732385.0000000,35.5739948,129.3056113,154.5532187
,1163625.0000000,1732385.0000000,35.5739931,129.3057216,154.5856954
,1163635.0000000,1732385.0000000,35.5739915,129.3058319,154.7190893
,1163645.0000000,1732385.0000000,35.5739898,129.3059423,155.0579402
,1163655.0000000,1732385.0000000,35.5739882,129.3060526,154.4314465
,1163665.0000000,1732385.0000000,35.5739865,129.3061629,154.1029692
,1163675.0000000,1732385.0000000,35.5739849,129.3062732,153.2955285
,1163685.0000000,1732385.0000000,35.5739832,129.3063835,153.2497879
,1163695.0000000,1732385.0000000,35.5739816,129.3064938,154.1724005
,1163705.0000000,1732385.0000000,35.5739799,129.3066041,156.1187194
,1163715.0000000,1732385.0000000,35.5739783,129.3067144,157.4562834
,1163725.0000000,1732385.0000000,35.5739766,129.3068247,157.6343263
,1163735.0000000,1732385.0000000,35.5739749,129.3069350,157.1740557
,1163745.0000000,1732385.0000000,35.5739733,129.3070453,156.8644559
,1163755.0000000,1732385.0000000,35.5739716,129.3071556,156.6438960
,1163765.0000000,1732385.0000000,35.5739700,129.3072660,156.5000000
,1163775.0000000,1732385.0000000,35.5739683,129.3073763,156.5000000
,1163785.0000000,1732385.0000000,35.5739667,129.3074866,157.3890057
,1163795.0000000,1732385.0000000,35.5739650,129.3075969,157.9528676
,1163805.0000000,1732385.0000000,35.5739634,129.3077072,158.0662658
,1163815.0000000,1732385.0000000,35.5739617,129.3078175,157.9666426
,1163825.0000000,1732385.0000000,35.5739601,129.3079278,159.0732950
,1163835.0000000,1732385.0000000,35.5739584,129.3080381,159.9044216
,1163845.0000000,1732385.0000000,35.5739567,129.3081484,160.8423359
,1163855.0000000,1732385.0000000,35.5739551,129.3082587,161.4738558
,1163865.0000000,1732385.0000000,35.5739534,129.3083690,161.6180418
,1163875.0000000,1732385.0000000,35.5739518,129.3084793,161.7374840
,1163885.0000000,1732385.0000000,35.5739501,129.3085896,161.5146055
,1163895.0000000,1732385.0000000,35.5739485,129.3087000,161.8204292
,1163905.0000000,1732385.0000000,35.5739468,129.3088103,161.7405870
,1163915.0000000,1732385.0000000,35.5739452,129.3089206,162.2431842
,1163925.0000000,1732385.0000000,35.5739435,129.3090309,162.9918760
,1163935.0000000,1732385.0000000,35.5739418,129.3091412,162.7519096
,1163945.0000000,1732385.0000000,35.5739402,129.3092515,162.0253856
,1163955.0000000,1732385.0000000,35.5739385,129.3093618,161.3167680
,1163965.0000000,1732385.0000000,35.5739369,129.3094721,160.8820952
,1163975.0000000,1732385.0000000,35.5739352,129.3095824,158.5362207
,1163985.0000000,1732385.0000000,35.5739336,129.3096927,158.4437438
,1163995.0000000,1732385.0000000,35.5739319,129.3098030,158.8585411
,1163005.0000000,1732395.0000000,35.5741855,129.2988845,145.7927347
,1163015.0000000,1732395.0000000,35.5741839,129.2989948,141.5196538
,1163025.0000000,1732395.0000000,35.5741822,129.2991051,137.8308426
,1163035.0000000,1732395.0000000,35.5741806,129.2992154,136.3210615
,1163045.0000000,1732395.0000000,35.5741789,129.2993258,132.0366955
,1163055.0000000,1732395.0000000,35.5741773,129.2994361,131.7290211
,1163065.0000000,1732395.0000000,35.5741757,129.2995464,129.5669944
,1163075.0000000,1732395.0000000,35.5741740,129.2996567,127.0851744
,1163085.0000000,1732395.0000000,35.5741724,129.2997670,126.5863313
,1163095.0000000,1732395.0000000,35.5741707,129.2998773,126.1847645
,1163105.0000000,1732395.0000000,35.5741691,129.2999876,125.9024683
,1163115.0000000,1732395.0000000,35.5741674,129.3000979,125.0049088
,1163125.0000000,1732395.0000000,35.5741658,129.3002082,121.6174471
,1163135.0000000,1732395.0000000,35.5741641,129.3003185,118.2367766
,1163145.0000000,1732395.0000000,35.5741625,129.3004288,117.0373422
,1163155.0000000,1732395.0000000,35.5741608,129.3005392,114.9864467
,1163165.0000000,1732395.0000000,35.5741592,129.3006495,112.2181864
,1163175.0000000,1732395.0000000,35.5741575,129.3007598,111.6614087
,1163185.0000000,1732395.0000000,35.5741559,129.3008701,113.9347852
,1163195.0000000,1732395.0000000,35.5741542,129.3009804,115.8730935
,1163205.0000000,1732395.0000000,35.5741526,129.3010907,116.4761354
,1163215.0000000,1732395.0000000,35.5741509,129.3012010,116.4812698
,1163225.0000000,1732395.0000000,35.5741493,129.3013113,116.9431584
,1163235.0000000,1732395.0000000,35.5741476,129.3014216,119.2646023
,1163245.0000000,1732395.0000000,35.5741460,129.3015319,121.3215130
,1163255.0000000,1732395.0000000,35.5741443,129.3016422,121.5917816
,1163265.0000000,1732395.0000000,35.5741427,129.3017525,121.8491070
,1163275.0000000,1732395.0000000,35.5741410,129.3018629,125.0648939
,1163285.0000000,1732395.0000000,35.5741394,129.3019732,128.3741304
,1163295.0000000,1732395.0000000,35.5741377,129.3020835,131.8197285
,1163305.0000000,1732395.0000000,35.5741361,129.3021938,136.4833338
,1163315.0000000,1732395.0000000,35.5741344,129.3023041,140.5585755
,1163325.0000000,1732395.0000000,35.5741328,129.3024144,141.8907554
,1163335.0000000,1732395.0000000,35.5741311,129.3025247,145.9245288
,1163345.0000000,1732395.0000000,35.5741295,129.3026350,147.7436928
,1163355.0000000,1732395.0000000,35.5741278,129.3027453,150.2513911
,1163365.0000000,1732395.0000000,35.5741262,129.3028556,150.9974320
,1163375.0000000,1732395.0000000,35.5741245,129.3029659,151.4169454
,1163385.0000000,1732395.0000000,35.5741229,129.3030763,151.5000000
,1163395.0000000,1732395.0000000,35.5741212,129.3031866,151.5000000
,1163405.0000000,1732395.0000000,35.5741196,129.3032969,151.5000000
,1163415.0000000,1732395.0000000,35.5741179,129.3034072,151.4372014
,1163425.0000000,1732395.0000000,35.5741163,129.3035175,150.6653180
,1163435.0000000,1732395.0000000,35.5741146,129.3036278,147.8667122
,1163445.0000000,1732395.0000000,35.5741130,129.3037381,146.5784495
,1163455.0000000,1732395.0000000,35.5741113,129.3038484,146.5000000
,1163465.0000000,1732395.0000000,35.5741097,129.3039587,146.5000000
,1163475.0000000,1732395.0000000,35.5741080,129.3040690,146.3041716
,1163485.0000000,1732395.0000000,35.5741064,129.3041793,146.4129426
,1163495.0000000,1732395.0000000,35.5741047,129.3042896,145.1180607
,1163505.0000000,1732395.0000000,35.5741031,129.3044000,144.2828156
,1163515.0000000,1732395.0000000,35.5741014,129.3045103,144.7106169
,1163525.0000000,1732395.0000000,35.5740998,129.3046206,146.7372287
,1163535.0000000,1732395.0000000,35.5740981,129.3047309,147.3292840
,1163545.0000000,1732395.0000000,35.5740965,129.3048412,146.6442745
,1163555.0000000,1732395.0000000,35.5740948,129.3049515,148.3680743
,1163565.0000000,1732395.0000000,35.5740932,129.3050618,150.7395857
,1163575.0000000,1732395.0000000,35.5740915,129.3051721,151.1390436
,1163585.0000000,1732395.0000000,35.5740899,129.3052824,151.5410183
,1163595.0000000,1732395.0000000,35.5740882,129.3053927,152.1136765
,1163605.0000000,1732395.0000000,35.5740866,129.3055030,154.0720614
,1163615.0000000,1732395.0000000,35.5740849,129.3056134,156.4091719
,1163625.0000000,1732395.0000000,35.5740833,129.3057237,156.1288451
,1163635.0000000,1732395.0000000,35.5740816,129.3058340,156.3364746
,1163645.0000000,1732395.0000000,35.5740799,129.3059443,156.2705019
,1163655.0000000,1732395.0000000,35.5740783,129.3060546,156.0692457
,1163665.0000000,1732395.0000000,35.5740766,129.3061649,155.4907761
,1163675.0000000,1732395.0000000,35.5740750,129.3062752,155.2489051
,1163685.0000000,1732395.0000000,35.5740733,129.3063855,155.6942179
,1163695.0000000,1732395.0000000,35.5740717,129.3064958,156.6714148
,1163705.0000000,1732395.0000000,35.5740700,129.3066061,157.4167441
,1163715.0000000,1732395.0000000,35.5740684,129.3067164,156.9545075
,1163725.0000000,1732395.0000000,35.5740667,129.3068267,159.2078159
,1163735.0000000,1732395.0000000,35.5740651,129.3069371,157.9823169
,1163745.0000000,1732395.0000000,35.5740634,129.3070474,156.6793108
,1163755.0000000,1732395.0000000,35.5740618,129.3071577,156.6948033
,1163765.0000000,1732395.0000000,35.5740601,129.3072680,156.7751467
,1163775.0000000,1732395.0000000,35.5740584,129.3073783,157.9016470
,1163785.0000000,1732395.0000000,35.5740568,129.3074886,159.3644887
,1163795.0000000,1732395.0000000,35.5740551,129.3075989,160.1689497
,1163805.0000000,1732395.0000000,35.5740535,129.3077092,160.3878852
,1163815.0000000,1732395.0000000,35.5740518,129.3078195,160.3969025
,1163825.0000000,1732395.0000000,35.5740502,129.3079298,161.4632328
,1163835.0000000,1732395.0000000,35.5740485,129.3080401,161.3088600
,1163845.0000000,1732395.0000000,35.5740469,129.3081504,161.4880511
,1163855.0000000,1732395.0000000,35.5740452,129.3082608,161.7829150
,1163865.0000000,1732395.0000000,35.5740436,129.3083711,161.5963777
,1163875.0000000,1732395.0000000,35.5740419,129.3084814,162.5602954
,1163885.0000000,1732395.0000000,35.5740402,129.3085917,162.7585141
,1163895.0000000,1732395.0000000,35.5740386,129.3087020,163.2949909
,1163905.0000000,1732395.0000000,35.5740369,129.3088123,163.8631822
,1163915.0000000,1732395.0000000,35.5740353,129.3089226,164.7972245
,1163925.0000000,1732395.0000000,35.5740336,129.3090329,164.6188952
,1163935.0000000,1732395.0000000,35.5740320,129.3091432,165.5287931
,1163945.0000000,1732395.0000000,35.5740303,129.3092535,164.9679933
,1163955.0000000,1732395.0000000,35.5740287,129.3093638,163.6503824
,1163965.0000000,1732395.0000000,35.5740270,129.3094741,161.3946439
,1163975.0000000,1732395.0000000,35.5740253,129.3095844,160.9226457
,1163985.0000000,1732395.0000000,35.5740237,129.3096948,160.8200935
,1163995.0000000,1732395.0000000,35.5740220,129.3098051,161.2941393
,1163005.0000000,1732405.0000000,35.5742757,129.2988865,146.0199276
,1163015.0000000,1732405.0000000,35.5742740,129.2989968,144.0348501
,1163025.0000000,1732405.0000000,35.5742724,129.2991072,141.2595357
,1163035.0000000,1732405.0000000,35.5742707,129.2992175,136.7551627
,1163045.0000000,1732405.0000000,35.5742691,129.2993278,133.5434217
,1163055.0000000,1732405.0000000,35.5742674,129.2994381,131.6442324
,1163065.0000000,1732405.0000000,35.5742658,129.2995484,129.4058221
,1163075.0000000,1732405.0000000,35.5742641,129.2996587,126.6271589
,1163085.0000000,1732405.0000000,35.5742625,129.2997690,126.1027061
,1163095.0000000,1732405.0000000,35.5742608,129.2998793,123.5867667
,1163105.0000000,1732405.0000000,35.5742592,129.2999896,121.8702107
,1163115.0000000,1732405.0000000,35.5742575,129.3000999,121.5211079
,1163125.0000000,1732405.0000000,35.5742559,129.3002102,119.4225941
,1163135.0000000,1732405.0000000,35.5742542,129.3003206,116.6139380
,1163145.0000000,1732405.0000000,35.5742526,129.3004309,116.7631041
,1163155.0000000,1732405.0000000,35.5742509,129.3005412,112.9135573
,1163165.0000000,1732405.0000000,35.5742493,129.3006515,111.5000000
,1163175.0000000,1732405.0000000,35.5742477,129.3007618,111.5000000
,1163185.0000000,1732405.0000000,35.5742460,129.3008721,111.5000000
,1163195.0000000,1732405.0000000,35.5742444,129.3009824,114.2813225
,1163205.0000000,1732405.0000000,35.5742427,129.3010927,116.0686132
,1163215.0000000,1732405.0000000,35.5742411,129.3012030,116.4412466
,1163225.0000000,1732405.0000000,35.5742394,129.3013133,116.0767939
,1163235.0000000,1732405.0000000,35.5742378,129.3014236,117.7728379
,1163245.0000000,1732405.0000000,35.5742361,129.3015340,119.9411776
,1163255.0000000,1732405.0000000,35.5742345,129.3016443,121.5059196
,1163265.0000000,1732405.0000000,35.5742328,129.3017546,121.5561739
,1163275.0000000,1732405.0000000,35.5742312,129.3018649,124.4907563
,1163285.0000000,1732405.0000000,35.5742295,129.3019752,126.9105019
,1163295.0000000,1732405.0000000,35.5742279,129.3020855,131.5304380
,1163305.0000000,1732405.0000000,35.5742262,129.3021958,136.0791872
,1163315.0000000,1732405.0000000,35.5742246,129.3023061,138.7163295
,1163325.0000000,1732405.0000000,35.5742229,129.3024164,141.3228847
,1163335.0000000,1732405.0000000,35.5742213,129.3025267,142.9019720
,1163345.0000000,1732405.0000000,35.5742196,129.3026370,146.0981872
,1163355.0000000,1732405.0000000,35.5742180,129.3027473,146.3133930
,1163365.0000000,1732405.0000000,35.5742163,129.3028577,146.6554187
,1163375.0000000,1732405.0000000,35.5742147,129.3029680,146.9481339
,1163385.0000000,1732405.0000000,35.5742130,129.3030783,148.2892165
,1163395.0000000,1732405.0000000,35.5742114,129.3031886,150.2862362
,1163405.0000000,1732405.0000000,35.5742097,129.3032989,150.9175976
,1163415.0000000,1732405.0000000,35.5742081,129.3034092,149.9501640
,1163425.0000000,1732405.0000000,35.5742064,129.3035195,147.3066857
,1163435.0000000,1732405.0000000,35.5742048,129.3036298,146.5322048
,1163445.0000000,1732405.0000000,35.5742031,129.3037401,146.5000000
,1163455.0000000,1732405.0000000,35.5742015,129.3038504,146.5000000
,1163465.0000000,1732405.0000000,35.5741998,129.3039607,146.5000000
,1163475.0000000,1732405.0000000,35.5741982,129.3040711,146.5000000
,1163485.0000000,1732405.0000000,35.5741965,129.3041814,146.4576813
,1163495.0000000,1732405.0000000,35.5741949,129.3042917,146.0433808
,1163505.0000000,1732405.0000000,35.5741932,129.3044020,145.3642423
,1163515.0000000,1732405.0000000,35.5741915,129.3045123,147.7159949
,1163525.0000000,1732405.0000000,35.5741899,129.3046226,149.5395369
,1163535.0000000,1732405.0000000,35.5741882,129.3047329,149.9422620
,1163545.0000000,1732405.0000000,35.5741866,129.3048432,149.7475063
,1163555.0000000,1732405.0000000,35.5741849,129.3049535,150.3080657
,1163565.0000000,1732405.0000000,35.5741833,129.3050638,151.1969328
,1163575.0000000,1732405.0000000,35.5741816,129.3051741,151.3277792
,1163585.0000000,1732405.0000000,35.5741800,129.3052844,151.7873402
,1163595.0000000,1732405.0000000,35.5741783,129.3053948,153.2980761
,1163605.0000000,1732405.0000000,35.5741767,129.3055051,155.1875486
,1163615.0000000,1732405.0000000,35.5741750,129.3056154,156.5000000
,1163625.0000000,1732405.0000000,35.5741734,129.3057257,156.5000000
,1163635.0000000,1732405.0000000,35.5741717,129.3058360,156.5000000
,1163645.0000000,1732405.0000000,35.5741701,129.3059463,156.5000000
,1163655.0000000,1732405.0000000,35.5741684,129.3060566,156.5000000
,1163665.0000000,1732405.0000000,35.5741668,129.3061669,156.5430892
,1163675.0000000,1732405.0000000,35.5741651,129.3062772,156.7456820
,1163685.0000000,1732405.0000000,35.5741635,129.3063875,157.2977564
,1163695.0000000,1732405.0000000,35.5741618,129.3064978,157.7081145
,1163705.0000000,1732405.0000000,35.5741601,129.3066082,157.2877894
,1163715.0000000,1732405.0000000,35.5741585,129.3067185,158.0609657
,1163725.0000000,1732405.0000000,35.5741568,129.3068288,158.7442719
,1163735.0000000,1732405.0000000,35.5741552,129.3069391,158.0570585
,1163745.0000000,1732405.0000000,35.5741535,129.3070494,157.2276473
,1163755.0000000,1732405.0000000,35.5741519,129.3071597,157.0526734
,1163765.0000000,1732405.0000000,35.5741502,129.3072700,158.0423057
,1163775.0000000,1732405.0000000,35.5741486,129.3073803,159.7783453
,1163785.0000000,1732405.0000000,35.5741469,129.3074906,160.7430520
,1163795.0000000,1732405.0000000,35.5741453,129.3076009,161.3922959
,1163805.0000000,1732405.0000000,35.5741436,129.3077112,161.4807045
,1163815.0000000,1732405.0000000,35.5741420,129.3078215,161.1160994
,1163825.0000000,1732405.0000000,35.5741403,129.3079319,161.2700610
,1163835.0000000,1732405.0000000,35.5741386,129.3080422,161.5968821
,1163845.0000000,1732405.0000000,35.5741370,129.3081525,161.7296312
,1163855.0000000,1732405.0000000,35.5741353,129.3082628,162.9402553
,1163865.0000000,1732405.0000000,35.5741337,129.3083731,163.7354055
,1163875.0000000,1732405.0000000,35.5741320,129.3084834,164.7447217
,1163885.0000000,1732405.0000000,35.5741304,129.3085937,165.0627700
,1163895.0000000,1732405.0000000,35.5741287,129.3087040,165.6093594
,1163905.0000000,1732405.0000000,35.5741271,129.3088143,165.9628479
,1163915.0000000,1732405.0000000,35.5741254,129.3089246,166.4241716
,1163925.0000000,1732405.0000000,35.5741237,129.3090349,166.0075581
,1163935.0000000,1732405.0000000,35.5741221,129.3091452,165.9336694
,1163945.0000000,1732405.0000000,35.5741204,129.3092556,166.2950567
,1163955.0000000,1732405.0000000,35.5741188,129.3093659,165.6024282
,1163965.0000000,1732405.0000000,35.5741171,129.3094762,163.5852251
,1163975.0000000,1732405.0000000,35.5741155,129.3095865,161.7218486
,1163985.0000000,1732405.0000000,35.5741138,129.3096968,161.6274695
,1163995.0000000,1732405.0000000,35.5741121,129.3098071,161.6172281
,1163005.0000000,1732415.0000000,35.5743658,129.2988886,146.4965548
,1163015.0000000,1732415.0000000,35.5743641,129.2989989,145.6156060
,1163025.0000000,1732415.0000000,35.5743625,129.2991092,141.4597563
,1163035.0000000,1732415.0000000,35.5743608,129.2992195,139.2405079
,1163045.0000000,1732415.0000000,35.5743592,129.2993298,135.2476223
,1163055.0000000,1732415.0000000,35.5743575,129.2994401,131.6079706
,1163065.0000000,1732415.0000000,35.5743559,129.2995504,129.8960324
,1163075.0000000,1732415.0000000,35.5743543,129.2996607,126.8273009
,1163085.0000000,1732415.0000000,35.5743526,129.2997710,125.2349478
,1163095.0000000,1732415.0000000,35.5743510,129.2998813,121.8658649
,1163105.0000000,1732415.0000000,35.5743493,129.2999916,121.3620937
,1163115.0000000,1732415.0000000,35.5743477,129.3001020,118.9256227
,1163125.0000000,1732415.0000000,35.5743460,129.3002123,116.5834855
,1163135.0000000,1732415.0000000,35.5743444,129.3003226,115.7826750
,1163145.0000000,1732415.0000000,35.5743427,129.3004329,114.1441286
,1163155.0000000,1732415.0000000,35.5743411,129.3005432,111.5000000
,1163165.0000000,1732415.0000000,35.5743394,129.3006535,111.5000000
,1163175.0000000,1732415.0000000,35.5743378,129.3007638,111.5000000
,1163185.0000000,1732415.0000000,35.5743361,129.3008741,111.5000000
,1163195.0000000,1732415.0000000,35.5743345,129.3009844,112.4359025
,1163205.0000000,1732415.0000000,35.5743328,129.3010947,114.3673677
,1163215.0000000,1732415.0000000,35.5743312,129.3012050,115.6506378
,1163225.0000000,1732415.0000000,35.5743295,129.3013154,116.3244137
,1163235.0000000,1732415.0000000,35.5743279,129.3014257,115.8771247
,1163245.0000000,1732415.0000000,35.5743262,129.3015360,118.2172125
,1163255.0000000,1732415.0000000,35.5743246,129.3016463,120.0285212
,1163265.0000000,1732415.0000000,35.5743229,129.3017566,121.8363840
,1163275.0000000,1732415.0000000,35.5743213,129.3018669,123.7368873
,1163285.0000000,1732415.0000000,35.5743196,129.3019772,126.5037478
,1163295.0000000,1732415.0000000,35.5743180,129.3020875,130.6944793
,1163305.0000000,1732415.0000000,35.5743163,129.3021978,133.3278264
,1163315.0000000,1732415.0000000,35.5743147,129.3023081,136.5808352
,1163325.0000000,1732415.0000000,35.5743130,129.3024184,139.9474867
,1163335.0000000,1732415.0000000,35.5743114,129.3025288,141.4795051
,1163345.0000000,1732415.0000000,35.5743097,129.3026391,141.8754375
,1163355.0000000,1732415.0000000,35.5743081,129.3027494,143.5519433
,1163365.0000000,1732415.0000000,35.5743064,129.3028597,145.9541021
,1163375.0000000,1732415.0000000,35.5743048,129.3029700,145.6830880
,1163385.0000000,1732415.0000000,35.5743031,129.3030803,145.6998034
,1163395.0000000,1732415.0000000,35.5743015,129.3031906,146.6686910
,1163405.0000000,1732415.0000000,35.5742998,129.3033009,147.8044748
,1163415.0000000,1732415.0000000,35.5742982,129.3034112,147.1262608
,1163425.0000000,1732415.0000000,35.5742965,129.3035215,146.5000000
,1163435.0000000,1732415.0000000,35.5742949,129.3036318,146.5000000
,1163445.0000000,1732415.0000000,35.5742932,129.3037421,146.5000000
,1163455.0000000,1732415.0000000,35.5742916,129.3038525,146.5000000
,1163465.0000000,1732415.0000000,35.5742899,129.3039628,146.5000000
,1163475.0000000,1732415.0000000,35.5742883,129.3040731,146.5000000
,1163485.0000000,1732415.0000000,35.5742866,129.3041834,146.5000000
,1163495.0000000,1732415.0000000,35.5742850,129.3042937,146.5000000
,1163505.0000000,1732415.0000000,35.5742833,129.3044040,147.1935957
,1163515.0000000,1732415.0000000,35.5742817,129.3045143,150.5442431
,1163525.0000000,1732415.0000000,35.5742800,129.3046246,151.3552971
,1163535.0000000,1732415.0000000,35.5742784,129.3047349,151.4712780
,1163545.0000000,1732415.0000000,35.5742767,129.3048452,151.3604186
,1163555.0000000,1732415.0000000,35.5742751,129.3049555,151.3939143
,1163565.0000000,1732415.0000000,35.5742734,129.3050659,151.4861178
,1163575.0000000,1732415.0000000,35.5742718,129.3051762,152.3575817
,1163585.0000000,1732415.0000000,35.5742701,129.3052865,153.4267530
,1163595.0000000,1732415.0000000,35.5742685,129.3053968,155.1230765
,1163605.0000000,1732415.0000000,35.5742668,129.3055071,156.4746779
,1163615.0000000,1732415.0000000,35.5742651,129.3056174,156.5000000
,1163625.0000000,1732415.0000000,35.5742635,129.3057277,156.5000000
,1163635.0000000,1732415.0000000,35.5742618,129.3058380,156.5000000
,1163645.0000000,1732415.0000000,35.5742602,129.3059483,156.5000000
,1163655.0000000,1732415.0000000,35.5742585,129.3060586,156.5000000
,1163665.0000000,1732415.0000000,35.5742569,129.3061689,156.5807321
,1163675.0000000,1732415.0000000,35.5742552,129.3062792,156.5287054
,1163685.0000000,1732415.0000000,35.5742536,129.3063896,156.8533382
,1163695.0000000,1732415.0000000,35.5742519,129.3064999,158.6098774
,1163705.0000000,1732415.0000000,35.5742503,129.3066102,158.2730775
,1163715.0000000,1732415.0000000,35.5742486,129.3067205,158.6923024
,1163725.0000000,1732415.0000000,35.5742470,129.3068308,158.3681836
,1163735.0000000,1732415.0000000,35.5742453,129.3069411,158.0950813
,1163745.0000000,1732415.0000000,35.5742437,129.3070514,157.7976025
,1163755.0000000,1732415.0000000,35.5742420,129.3071617,158.3503866
,1163765.0000000,1732415.0000000,35.5742403,129.3072720,159.6376532
,1163775.0000000,1732415.0000000,35.5742387,129.3073823,160.7936567
,1163785.0000000,1732415.0000000,35.5742370,129.3074926,161.4368789
,1163795.0000000,1732415.0000000,35.5742354,129.3076030,161.6507664
,1163805.0000000,1732415.0000000,35.5742337,129.3077133,161.8648609
,1163815.0000000,1732415.0000000,35.5742321,129.3078236,162.0859851
,1163825.0000000,1732415.0000000,35.5742304,129.3079339,162.2688698
,1163835.0000000,1732415.0000000,35.5742288,129.3080442,162.4072683
,1163845.0000000,1732415.0000000,35.5742271,129.3081545,163.6514914
,1163855.0000000,1732415.0000000,35.5742255,129.3082648,165.2563140
,1163865.0000000,1732415.0000000,35.5742238,129.3083751,166.0615165
,1163875.0000000,1732415.0000000,35.5742221,129.3084854,166.4327604
,1163885.0000000,1732415.0000000,35.5742205,129.3085957,166.1809719
,1163895.0000000,1732415.0000000,35.5742188,129.3087060,166.4720944
,1163905.0000000,1732415.0000000,35.5742172,129.3088163,166.4998084
,1163915.0000000,1732415.0000000,35.5742155,129.3089267,166.6875718
,1163925.0000000,1732415.0000000,35.5742139,129.3090370,166.9693129
,1163935.0000000,1732415.0000000,35.5742122,129.3091473,166.5729843
,1163945.0000000,1732415.0000000,35.5742106,129.3092576,166.5419786
,1163955.0000000,1732415.0000000,35.5742089,129.3093679,166.4666724
,1163965.0000000,1732415.0000000,35.5742072,129.3094782,165.4676556
,1163975.0000000,1732415.0000000,35.5742056,129.3095885,163.6153026
,1163985.0000000,1732415.0000000,35.5742039,129.3096988,162.7201055
,1163995.0000000,1732415.0000000,35.5742023,129.3098091,162.6213617
,1163005.0000000,1732425.0000000,35.5744559,129.2988906,146.5352978
,1163015.0000000,1732425.0000000,35.5744543,129.2990009,145.0953699
,1163025.0000000,1732425.0000000,35.5744526,129.2991112,141.8136126
,1163035.0000000,1732425.0000000,35.5744510,129.2992215,139.9136109
,1163045.0000000,1732425.0000000,35.5744493,129.2993318,136.2575036
,1163055.0000000,1732425.0000000,35.5744477,129.2994421,131.8676987
,1163065.0000000,1732425.0000000,35.5744460,129.2995524,130.6971326
,1163075.0000000,1732425.0000000,35.5744444,129.2996627,126.6356179
,1163085.0000000,1732425.0000000,35.5744427,129.2997730,126.1870285
,1163095.0000000,1732425.0000000,35.5744411,129.2998833,123.1182477
,1163105.0000000,1732425.0000000,35.5744394,129.2999937,121.6251229
,1163115.0000000,1732425.0000000,35.5744378,129.3001040,119.0956637
,1163125.0000000,1732425.0000000,35.5744361,129.3002143,115.7262491
,1163135.0000000,1732425.0000000,35.5744345,129.3003246,111.9705170
,1163145.0000000,1732425.0000000,35.5744328,129.3004349,111.5000000
,1163155.0000000,1732425.0000000,35.5744312,129.3005452,111.5000000
,1163165.0000000,1732425.0000000,35.5744295,129.3006555,111.5000000
,1163175.0000000,1732425.0000000,35.5744279,129.3007658,111.5000000
,1163185.0000000,1732425.0000000,35.5744262,129.3008761,111.5000000
,1163195.0000000,1732425.0000000,35.5744246,129.3009864,111.5000000
,1163205.0000000,1732425.0000000,35.5744229,129.3010968,112.2185886
,1163215.0000000,1732425.0000000,35.5744213,129.3012071,112.5853445
,1163225.0000000,1732425.0000000,35.5744197,129.3013174,114.4840522
,1163235.0000000,1732425.0000000,35.5744180,129.3014277,116.2996861
,1163245.0000000,1732425.0000000,35.5744164,129.3015380,116.2174798
,1163255.0000000,1732425.0000000,35.5744147,129.3016483,118.1115818
,1163265.0000000,1732425.0000000,35.5744131,129.3017586,120.7672908
,1163275.0000000,1732425.0000000,35.5744114,129.3018689,122.3442915
,1163285.0000000,1732425.0000000,35.5744098,129.3019792,126.2749568
,1163295.0000000,1732425.0000000,35.5744081,129.3020895,128.6215593
,1163305.0000000,1732425.0000000,35.5744065,129.3021998,131.6987053
,1163315.0000000,1732425.0000000,35.5744048,129.3023102,135.3416604
,1163325.0000000,1732425.0000000,35.5744032,129.3024205,136.7041266
,1163335.0000000,1732425.0000000,35.5744015,129.3025308,139.5826306
,1163345.0000000,1732425.0000000,35.5743999,129.3026411,140.8621825
,1163355.0000000,1732425.0000000,35.5743982,129.3027514,141.8999672
,1163365.0000000,1732425.0000000,35.5743966,129.3028617,141.6200602
,1163375.0000000,1732425.0000000,35.5743949,129.3029720,142.8639611
,1163385.0000000,1732425.0000000,35.5743933,129.3030823,146.3719548
,1163395.0000000,1732425.0000000,35.5743916,129.3031926,145.9806841
,1163405.0000000,1732425.0000000,35.5743900,129.3033029,146.5000000
,1163415.0000000,1732425.0000000,35.5743883,129.3034132,146.5000000
,1163425.0000000,1732425.0000000,35.5743867,129.3035236,146.5000000
,1163435.0000000,1732425.0000000,35.5743850,129.3036339,146.5000000
,1163445.0000000,1732425.0000000,35.5743834,129.3037442,146.5000000
,1163455.0000000,1732425.0000000,35.5743817,129.3038545,146.5000000
,1163465.0000000,1732425.0000000,35.5743800,129.3039648,146.5000000
,1163475.0000000,1732425.0000000,35.5743784,129.3040751,146.5000000
,1163485.0000000,1732425.0000000,35.5743767,129.3041854,146.5000000
,1163495.0000000,1732425.0000000,35.5743751,129.3042957,146.6543468
,1163505.0000000,1732425.0000000,35.5743734,129.3044060,150.3530718
,1163515.0000000,1732425.0000000,35.5743718,129.3045163,151.5000000
,1163525.0000000,1732425.0000000,35.5743701,129.3046266,151.5000000
,1163535.0000000,1732425.0000000,35.5743685,129.3047369,151.5000000
,1163545.0000000,1732425.0000000,35.5743668,129.3048473,151.5000000
,1163555.0000000,1732425.0000000,35.5743652,129.3049576,151.5577647
,1163565.0000000,1732425.0000000,35.5743635,129.3050679,152.8384858
,1163575.0000000,1732425.0000000,35.5743619,129.3051782,154.6144313
,1163585.0000000,1732425.0000000,35.5743602,129.3052885,156.0080442
,1163595.0000000,1732425.0000000,35.5743586,129.3053988,156.3242041
,1163605.0000000,1732425.0000000,35.5743569,129.3055091,156.5000000
,1163615.0000000,1732425.0000000,35.5743553,129.3056194,156.5000000
,1163625.0000000,1732425.0000000,35.5743536,129.3057297,156.5000000
,1163635.0000000,1732425.0000000,35.5743520,129.3058400,156.5000000
,1163645.0000000,1732425.0000000,35.5743503,129.3059503,156.5000000
,1163655.0000000,1732425.0000000,35.5743487,129.3060607,156.5000000
,1163665.0000000,1732425.0000000,35.5743470,129.3061710,156.6592874
,1163675.0000000,1732425.0000000,35.5743453,129.3062813,156.6547480
,1163685.0000000,1732425.0000000,35.5743437,129.3063916,156.8257153
,1163695.0000000,1732425.0000000,35.5743420,129.3065019,156.7834661
,1163705.0000000,1732425.0000000,35.5743404,129.3066122,157.1522631
,1163715.0000000,1732425.0000000,35.5743387,129.3067225,157.5654551
,1163725.0000000,1732425.0000000,35.5743371,129.3068328,158.0202811
,1163735.0000000,1732425.0000000,35.5743354,129.3069431,160.1813825
,1163745.0000000,1732425.0000000,35.5743338,129.3070534,160.1751115
,1163755.0000000,1732425.0000000,35.5743321,129.3071637,160.6125262
,1163765.0000000,1732425.0000000,35.5743305,129.3072741,161.1529491
,1163775.0000000,1732425.0000000,35.5743288,129.3073844,161.4665171
,1163785.0000000,1732425.0000000,35.5743272,129.3074947,161.7496227
,1163795.0000000,1732425.0000000,35.5743255,129.3076050,162.5929996
,1163805.0000000,1732425.0000000,35.5743238,129.3077153,163.3739149
,1163815.0000000,1732425.0000000,35.5743222,129.3078256,164.3983871
,1163825.0000000,1732425.0000000,35.5743205,129.3079359,164.4756773
,1163835.0000000,1732425.0000000,35.5743189,129.3080462,165.2989385
,1163845.0000000,1732425.0000000,35.5743172,129.3081565,165.8876591
,1163855.0000000,1732425.0000000,35.5743156,129.3082668,166.3703607
,1163865.0000000,1732425.0000000,35.5743139,129.3083771,166.4973189
,1163875.0000000,1732425.0000000,35.5743123,129.3084874,166.5634743
,1163885.0000000,1732425.0000000,35.5743106,129.3085978,166.7697198
,1163895.0000000,1732425.0000000,35.5743090,129.3087081,167.1089611
,1163905.0000000,1732425.0000000,35.5743073,129.3088184,167.4878374
,1163915.0000000,1732425.0000000,35.5743056,129.3089287,168.4051841
,1163925.0000000,1732425.0000000,35.5743040,129.3090390,169.1090544
,1163935.0000000,1732425.0000000,35.5743023,129.3091493,168.8283036
,1163945.0000000,1732425.0000000,35.5743007,129.3092596,168.1623904
,1163955.0000000,1732425.0000000,35.5742990,129.3093699,166.6878427
,1163965.0000000,1732425.0000000,35.5742974,129.3094802,166.6874177
,1163975.0000000,1732425.0000000,35.5742957,129.3095905,166.0135581
,1163985.0000000,1732425.0000000,35.5742940,129.3097008,166.0411709
,1163995.0000000,1732425.0000000,35.5742924,129.3098111,165.3570664
,1163005.0000000,1732435.0000000,35.5745460,129.2988926,146.0377800
,1163015.0000000,1732435.0000000,35.5745444,129.2990029,143.2535547
,1163025.0000000,1732435.0000000,35.5745427,129.2991132,141.4853927
,1163035.0000000,1732435.0000000,35.5745411,129.2992235,139.5927068
,1163045.0000000,1732435.0000000,35.5745394,129.2993338,136.5009289
,1163055.0000000,1732435.0000000,35.5745378,129.2994441,133.9466675
,1163065.0000000,1732435.0000000,35.5745361,129.2995544,131.5412171
,1163075.0000000,1732435.0000000,35.5745345,129.2996647,129.5746704
,1163085.0000000,1732435.0000000,35.5745328,129.2997751,127.4671922
,1163095.0000000,1732435.0000000,35.5745312,129.2998854,126.5516182
,1163105.0000000,1732435.0000000,35.5745296,129.2999957,124.5803530
,1163115.0000000,1732435.0000000,35.5745279,129.3001060,121.4124705
,1163125.0000000,1732435.0000000,35.5745263,129.3002163,116.3809076
,1163135.0000000,1732435.0000000,35.5745246,129.3003266,111.7062041
,1163145.0000000,1732435.0000000,35.5745230,129.3004369,111.5000000
,1163155.0000000,1732435.0000000,35.5745213,129.3005472,111.5000000
,1163165.0000000,1732435.0000000,35.5745197,129.3006575,111.5000000
,1163175.0000000,1732435.0000000,35.5745180,129.3007678,111.5000000
,1163185.0000000,1732435.0000000,35.5745164,129.3008782,111.5000000
,1163195.0000000,1732435.0000000,35.5745147,129.3009885,111.5000000
,1163205.0000000,1732435.0000000,35.5745131,129.3010988,111.8170104
,1163215.0000000,1732435.0000000,35.5745114,129.3012091,111.5961090
,1163225.0000000,1732435.0000000,35.5745098,129.3013194,111.9854194
,1163235.0000000,1732435.0000000,35.5745081,129.3014297,113.4219662
,1163245.0000000,1732435.0000000,35.5745065,129.3015400,115.4811574
,1163255.0000000,1732435.0000000,35.5745048,129.3016503,116.4667079
,1163265.0000000,1732435.0000000,35.5745032,129.3017606,118.5349953
,1163275.0000000,1732435.0000000,35.5745015,129.3018709,121.4340280
,1163285.0000000,1732435.0000000,35.5744999,129.3019812,124.0231744
,1163295.0000000,1732435.0000000,35.5744982,129.3020916,126.7669578
,1163305.0000000,1732435.0000000,35.5744966,129.3022019,131.0872687
,1163315.0000000,1732435.0000000,35.5744949,129.3023122,132.2383441
,1163325.0000000,1732435.0000000,35.5744933,129.3024225,134.7494301
,1163335.0000000,1732435.0000000,35.5744916,129.3025328,136.4097202
,1163345.0000000,1732435.0000000,35.5744900,129.3026431,137.8602818
,1163355.0000000,1732435.0000000,35.5744883,129.3027534,139.4234187
,1163365.0000000,1732435.0000000,35.5744867,129.3028637,141.1021464
,1163375.0000000,1732435.0000000,35.5744850,129.3029740,142.0893169
,1163385.0000000,1732435.0000000,35.5744834,129.3030843,143.7283402
,1163395.0000000,1732435.0000000,35.5744817,129.3031946,146.4544993
,1163405.0000000,1732435.0000000,35.5744801,129.3033050,146.2288692
,1163415.0000000,1732435.0000000,35.5744784,129.3034153,146.5000000
,1163425.0000000,1732435.0000000,35.5744768,129.3035256,146.5000000
,1163435.0000000,1732435.0000000,35.5744751,129.3036359,146.5000000
,1163445.0000000,1732435.0000000,35.5744735,129.3037462,146.5000000
,1163455.0000000,1732435.0000000,35.5744718,129.3038565,146.5000000
,1163465.0000000,1732435.0000000,35.5744702,129.3039668,146.5000000
,1163475.0000000,1732435.0000000,35.5744685,129.3040771,146.5000000
,1163485.0000000,1732435.0000000,35.5744669,129.3041874,146.5000000
,1163495.0000000,1732435.0000000,35.5744652,129.3042977,148.0571144
,1163505.0000000,1732435.0000000,35.5744636,129.3044080,151.1519720
,1163515.0000000,1732435.0000000,35.5744619,129.3045184,151.5000000
,1163525.0000000,1732435.0000000,35.5744603,129.3046287,151.5000000
,1163535.0000000,1732435.0000000,35.5744586,129.3047390,151.5000000
,1163545.0000000,1732435.0000000,35.5744570,129.3048493,151.5000000
,1163555.0000000,1732435.0000000,35.5744553,129.3049596,152.5913818
,1163565.0000000,1732435.0000000,35.5744537,129.3050699,155.1147400
,1163575.0000000,1732435.0000000,35.5744520,129.3051802,156.3044526
,1163585.0000000,1732435.0000000,35.5744503,129.3052905,156.5000000
,1163595.0000000,1732435.0000000,35.5744487,129.3054008,156.5000000
,1163605.0000000,1732435.0000000,35.5744470,129.3055111,156.5000000
,1163615.0000000,1732435.0000000,35.5744454,129.3056214,156.5000000
,1163625.0000000,1732435.0000000,35.5744437,129.3057318,156.5303213
,1163635.0000000,1732435.0000000,35.5744421,129.3058421,156.9971137
,1163645.0000000,1732435.0000000,35.5744404,129.3059524,156.9487796
,1163655.0000000,1732435.0000000,35.5744388,129.3060627,157.2191809
,1163665.0000000,1732435.0000000,35.5744371,129.3061730,156.9684135
,1163675.0000000,1732435.0000000,35.5744355,129.3062833,157.4159275
,1163685.0000000,1732435.0000000,35.5744338,129.3063936,157.7420783
,1163695.0000000,1732435.0000000,35.5744322,129.3065039,156.8891749
,1163705.0000000,1732435.0000000,35.5744305,129.3066142,157.1605169
,1163715.0000000,1732435.0000000,35.5744289,129.3067245,157.8244427
,1163725.0000000,1732435.0000000,35.5744272,129.3068348,159.1863579
,1163735.0000000,1732435.0000000,35.5744255,129.3069451,161.2275405
,1163745.0000000,1732435.0000000,35.5744239,129.3070555,161.3412129
,1163755.0000000,1732435.0000000,35.5744222,129.3071658,161.3347602
,1163765.0000000,1732435.0000000,35.5744206,129.3072761,161.5389929
,1163775.0000000,1732435.0000000,35.5744189,129.3073864,161.8913032
,1163785.0000000,1732435.0000000,35.5744173,129.3074967,162.9645720
,1163795.0000000,1732435.0000000,35.5744156,129.3076070,164.1713880
,1163805.0000000,1732435.0000000,35.5744140,129.3077173,165.5461542
,1163815.0000000,1732435.0000000,35.5744123,129.3078276,166.0986985
,1163825.0000000,1732435.0000000,35.5744107,129.3079379,166.3711270
,1163835.0000000,1732435.0000000,35.5744090,129.3080482,166.3769077
,1163845.0000000,1732435.0000000,35.5744073,129.3081585,166.6757541
,1163855.0000000,1732435.0000000,35.5744057,129.3082689,166.5449452
,1163865.0000000,1732435.0000000,35.5744040,129.3083792,166.8690498
,1163875.0000000,1732435.0000000,35.5744024,129.3084895,167.3681420
,1163885.0000000,1732435.0000000,35.5744007,129.3085998,168.4155864
,1163895.0000000,1732435.0000000,35.5743991,129.3087101,169.2829055
,1163905.0000000,1732435.0000000,35.5743974,129.3088204,170.2223692
,1163915.0000000,1732435.0000000,35.5743958,129.3089307,170.5312496
,1163925.0000000,1732435.0000000,35.5743941,129.3090410,170.9630978
,1163935.0000000,1732435.0000000,35.5743924,129.3091513,170.9552541
,1163945.0000000,1732435.0000000,35.5743908,129.3092616,170.9775247
,1163955.0000000,1732435.0000000,35.5743891,129.3093719,168.2789873
,1163965.0000000,1732435.0000000,35.5743875,129.3094823,167.3931429
,1163975.0000000,1732435.0000000,35.5743858,129.3095926,168.7954547
,1163985.0000000,1732435.0000000,35.5743842,129.3097029,167.5499467
,1163995.0000000,1732435.0000000,35.5743825,129.3098132,165.8872668
,1163005.0000000,1732445.0000000,35.5746361,129.2988946,145.9320902
,1163015.0000000,1732445.0000000,35.5746345,129.2990049,142.6082180
,1163025.0000000,1732445.0000000,35.5746328,129.2991152,141.5055210
,1163035.0000000,1732445.0000000,35.5746312,129.2992255,141.0643228
,1163045.0000000,1732445.0000000,35.5746296,129.2993358,139.1704142
,1163055.0000000,1732445.0000000,35.5746279,129.2994461,137.0114973
,1163065.0000000,1732445.0000000,35.5746263,129.2995565,136.3968149
,1163075.0000000,1732445.0000000,35.5746246,129.2996668,134.7413023
,1163085.0000000,1732445.0000000,35.5746230,129.2997771,131.6078800
,1163095.0000000,1732445.0000000,35.5746213,129.2998874,130.6684399
,1163105.0000000,1732445.0000000,35.5746197,129.2999977,127.4929031
,1163115.0000000,1732445.0000000,35.5746180,129.3001080,123.7107874
,1163125.0000000,1732445.0000000,35.5746164,129.3002183,117.4340502
,1163135.0000000,1732445.0000000,35.5746147,129.3003286,111.8188222
,1163145.0000000,1732445.0000000,35.5746131,129.3004389,111.5000000
,1163155.0000000,1732445.0000000,35.5746114,129.3005492,111.5000000
,1163165.0000000,1732445.0000000,35.5746098,129.3006595,111.5000000
,1163175.0000000,1732445.0000000,35.5746081,129.3007699,111.5000000
,1163185.0000000,1732445.0000000,35.5746065,129.3008802,111.5000000
,1163195.0000000,1732445.0000000,35.5746048,129.3009905,111.5000000
,1163205.0000000,1732445.0000000,35.5746032,129.3011008,111.7213309
,1163215.0000000,1732445.0000000,35.5746015,129.3012111,111.6398353
,1163225.0000000,1732445.0000000,35.5745999,129.3013214,111.5113072
,1163235.0000000,1732445.0000000,35.5745982,129.3014317,111.7243591
,1163245.0000000,1732445.0000000,35.5745966,129.3015420,112.9051708
,1163255.0000000,1732445.0000000,35.5745949,129.3016523,115.4697236
,1163265.0000000,1732445.0000000,35.5745933,129.3017626,116.5327449
,1163275.0000000,1732445.0000000,35.5745916,129.3018730,119.0559402
,1163285.0000000,1732445.0000000,35.5745900,129.3019833,121.4603777
,1163295.0000000,1732445.0000000,35.5745883,129.3020936,125.6259937
,1163305.0000000,1732445.0000000,35.5745867,129.3022039,126.8444989
,1163315.0000000,1732445.0000000,35.5745850,129.3023142,130.8588021
,1163325.0000000,1732445.0000000,35.5745834,129.3024245,131.2279865
,1163335.0000000,1732445.0000000,35.5745817,129.3025348,132.8111286
,1163345.0000000,1732445.0000000,35.5745801,129.3026451,135.8430446
,1163355.0000000,1732445.0000000,35.5745784,129.3027554,136.0905917
,1163365.0000000,1732445.0000000,35.5745768,129.3028657,137.9769106
,1163375.0000000,1732445.0000000,35.5745751,129.3029760,140.3881018
,1163385.0000000,1732445.0000000,35.5745735,129.3030864,141.5062140
,1163395.0000000,1732445.0000000,35.5745718,129.3031967,143.2077984
,1163405.0000000,1732445.0000000,35.5745702,129.3033070,144.4621044
,1163415.0000000,1732445.0000000,35.5745685,129.3034173,146.0063140
,1163425.0000000,1732445.0000000,35.5745669,129.3035276,146.4764308
,1163435.0000000,1732445.0000000,35.5745652,129.3036379,146.5000000
,1163445.0000000,1732445.0000000,35.5745636,129.3037482,146.5000000
,1163455.0000000,1732445.0000000,35.5745619,129.3038585,146.5000000
,1163465.0000000,1732445.0000000,35.5745603,129.3039688,146.5000000
,1163475.0000000,1732445.0000000,35.5745586,129.3040791,146.5000000
,1163485.0000000,1732445.0000000,35.5745570,129.3041894,146.8321551
,1163495.0000000,1732445.0000000,35.5745553,129.3042998,149.3985141
,1163505.0000000,1732445.0000000,35.5745537,129.3044101,151.3047446
,1163515.0000000,1732445.0000000,35.5745520,129.3045204,151.5000000
,1163525.0000000,1732445.0000000,35.5745504,129.3046307,151.5000000
,1163535.0000000,1732445.0000000,35.5745487,129.3047410,151.5968767
,1163545.0000000,1732445.0000000,35.5745471,129.3048513,152.1258146
,1163555.0000000,1732445.0000000,35.5745454,129.3049616,155.1875927
,1163565.0000000,1732445.0000000,35.5745438,129.3050719,156.3515502
,1163575.0000000,1732445.0000000,35.5745421,129.3051822,156.5000000
,1163585.0000000,1732445.0000000,35.5745405,129.3052925,156.5000000
,1163595.0000000,1732445.0000000,35.5745388,129.3054028,156.5000000
,1163605.0000000,1732445.0000000,35.5745372,129.3055132,156.6258485
,1163615.0000000,1732445.0000000,35.5745355,129.3056235,157.2155714
,1163625.0000000,1732445.0000000,35.5745339,129.3057338,158.0031052
,1163635.0000000,1732445.0000000,35.5745322,129.3058441,158.7091492
,1163645.0000000,1732445.0000000,35.5745306,129.3059544,158.9791830
,1163655.0000000,1732445.0000000,35.5745289,129.3060647,159.1639034
,1163665.0000000,1732445.0000000,35.5745272,129.3061750,159.0436098
,1163675.0000000,1732445.0000000,35.5745256,129.3062853,159.8062980
,1163685.0000000,1732445.0000000,35.5745239,129.3063956,160.3002864
,1163695.0000000,1732445.0000000,35.5745223,129.3065059,159.8260762
,1163705.0000000,1732445.0000000,35.5745206,129.3066162,158.4491258
,1163715.0000000,1732445.0000000,35.5745190,129.3067266,159.2875079
,1163725.0000000,1732445.0000000,35.5745173,129.3068369,161.1973700
,1163735.0000000,1732445.0000000,35.5745157,129.3069472,161.5000000
,1163745.0000000,1732445.0000000,35.5745140,129.3070575,161.5000000
,1163755.0000000,1732445.0000000,35.5745124,129.3071678,161.5000000
,1163765.0000000,1732445.0000000,35.5745107,129.3072781,161.7503781
,1163775.0000000,1732445.0000000,35.5745091,129.3073884,162.6687183
,1163785.0000000,1732445.0000000,35.5745074,129.3074987,164.4222277
,1163795.0000000,1732445.0000000,35.5745057,129.3076090,165.8590733
,1163805.0000000,1732445.0000000,35.5745041,129.3077193,166.4502338
,1163815.0000000,1732445.0000000,35.5745024,129.3078296,166.5629751
,1163825.0000000,1732445.0000000,35.5745008,129.3079400,166.5335505
,1163835.0000000,1732445.0000000,35.5744991,129.3080503,166.5397783
,1163845.0000000,1732445.0000000,35.5744975,129.3081606,167.4541400
,1163855.0000000,1732445.0000000,35.5744958,129.3082709,168.1926959
,1163865.0000000,1732445.0000000,35.5744942,129.3083812,168.5652586
,1163875.0000000,1732445.0000000,35.5744925,129.3084915,169.8233357
,1163885.0000000,1732445.0000000,35.5744908,129.3086018,170.7557724
,1163895.0000000,1732445.0000000,35.5744892,129.3087121,171.1779543
,1163905.0000000,1732445.0000000,35.5744875,129.3088224,171.4317658
,1163915.0000000,1732445.0000000,35.5744859,129.3089327,171.4100937
,1163925.0000000,1732445.0000000,35.5744842,129.3090430,171.4421069
,1163935.0000000,1732445.0000000,35.5744826,129.3091534,171.3632916
,1163945.0000000,1732445.0000000,35.5744809,129.3092637,171.0619241
,1163955.0000000,1732445.0000000,35.5744793,129.3093740,170.2973422
,1163965.0000000,1732445.0000000,35.5744776,129.3094843,170.5518419
,1163975.0000000,1732445.0000000,35.5744759,129.3095946,171.1550456
,1163985.0000000,1732445.0000000,35.5744743,129.3097049,170.3621363
,1163995.0000000,1732445.0000000,35.5744726,129.3098152,168.9447956
,1163005.0000000,1732455.0000000,35.5747263,129.2988966,146.6572846
,1163015.0000000,1732455.0000000,35.5747246,129.2990069,144.9604289
,1163025.0000000,1732455.0000000,35.5747230,129.2991172,142.6844059
,1163035.0000000,1732455.0000000,35.5747213,129.2992275,141.7623249
,1163045.0000000,1732455.0000000,35.5747197,129.2993379,140.6145683
,1163055.0000000,1732455.0000000,35.5747180,129.2994482,140.5420240
,1163065.0000000,1732455.0000000,35.5747164,129.2995585,140.6441274
,1163075.0000000,1732455.0000000,35.5747147,129.2996688,138.5835374
,1163085.0000000,1732455.0000000,35.5747131,129.2997791,136.4657423
,1163095.0000000,1732455.0000000,35.5747114,129.2998894,132.5983464
,1163105.0000000,1732455.0000000,35.5747098,129.2999997,130.4683606
,1163115.0000000,1732455.0000000,35.5747081,129.3001100,125.4585951
,1163125.0000000,1732455.0000000,35.5747065,129.3002203,117.8390817
,1163135.0000000,1732455.0000000,35.5747048,129.3003306,113.0036538
,1163145.0000000,1732455.0000000,35.5747032,129.3004409,111.7459189
,1163155.0000000,1732455.0000000,35.5747016,129.3005513,111.5746819
,1163165.0000000,1732455.0000000,35.5746999,129.3006616,111.5000000
,1163175.0000000,1732455.0000000,35.5746983,129.3007719,111.5000000
,1163185.0000000,1732455.0000000,35.5746966,129.3008822,111.5000000
,1163195.0000000,1732455.0000000,35.5746950,129.3009925,111.5000000
,1163205.0000000,1732455.0000000,35.5746933,129.3011028,111.5000000
,1163215.0000000,1732455.0000000,35.5746917,129.3012131,111.5000000
,1163225.0000000,1732455.0000000,35.5746900,129.3013234,111.5000000
,1163235.0000000,1732455.0000000,35.5746884,129.3014337,111.5358235
,1163245.0000000,1732455.0000000,35.5746867,129.3015440,111.6001659
,1163255.0000000,1732455.0000000,35.5746851,129.3016544,113.0835630
,1163265.0000000,1732455.0000000,35.5746834,129.3017647,116.5428997
,1163275.0000000,1732455.0000000,35.5746818,129.3018750,117.1367335
,1163285.0000000,1732455.0000000,35.5746801,129.3019853,117.8113125
,1163295.0000000,1732455.0000000,35.5746785,129.3020956,121.4837295
,1163305.0000000,1732455.0000000,35.5746768,129.3022059,122.7090609
,1163315.0000000,1732455.0000000,35.5746752,129.3023162,126.0665541
,1163325.0000000,1732455.0000000,35.5746735,129.3024265,128.4016910
,1163335.0000000,1732455.0000000,35.5746719,129.3025368,131.3713311
,1163345.0000000,1732455.0000000,35.5746702,129.3026471,132.1319281
,1163355.0000000,1732455.0000000,35.5746686,129.3027574,133.5739095
,1163365.0000000,1732455.0000000,35.5746669,129.3028678,136.0195633
,1163375.0000000,1732455.0000000,35.5746653,129.3029781,137.3245588
,1163385.0000000,1732455.0000000,35.5746636,129.3030884,140.2293080
,1163395.0000000,1732455.0000000,35.5746620,129.3031987,141.5044232
,1163405.0000000,1732455.0000000,35.5746603,129.3033090,142.0582020
,1163415.0000000,1732455.0000000,35.5746587,129.3034193,143.3504524
,1163425.0000000,1732455.0000000,35.5746570,129.3035296,144.8446241
,1163435.0000000,1732455.0000000,35.5746554,129.3036399,145.9599046
,1163445.0000000,1732455.0000000,35.5746537,129.3037502,146.4235545
,1163455.0000000,1732455.0000000,35.5746521,129.3038605,146.5000000
,1163465.0000000,1732455.0000000,35.5746504,129.3039709,146.5000000
,1163475.0000000,1732455.0000000,35.5746488,129.3040812,146.5000000
,1163485.0000000,1732455.0000000,35.5746471,129.3041915,146.6203035
,1163495.0000000,1732455.0000000,35.5746455,129.3043018,149.0345805
,1163505.0000000,1732455.0000000,35.5746438,129.3044121,151.4171649
,1163515.0000000,1732455.0000000,35.5746422,129.3045224,151.5000000
,1163525.0000000,1732455.0000000,35.5746405,129.3046327,151.5000000
,1163535.0000000,1732455.0000000,35.5746389,129.3047430,151.8742676
,1163545.0000000,1732455.0000000,35.5746372,129.3048533,154.2289709
,1163555.0000000,1732455.0000000,35.5746355,129.3049636,156.3229400
,1163565.0000000,1732455.0000000,35.5746339,129.3050739,156.5000000
,1163575.0000000,1732455.0000000,35.5746322,129.3051843,156.5000000
,1163585.0000000,1732455.0000000,35.5746306,129.3052946,156.5000000
,1163595.0000000,1732455.0000000,35.5746289,129.3054049,156.6254889
,1163605.0000000,1732455.0000000,35.5746273,129.3055152,157.9295101
,1163615.0000000,1732455.0000000,35.5746256,129.3056255,159.9005239
,1163625.0000000,1732455.0000000,35.5746240,129.3057358,160.3133507
,1163635.0000000,1732455.0000000,35.5746223,129.3058461,160.7655451
,1163645.0000000,1732455.0000000,35.5746207,129.3059564,160.9269983
,1163655.0000000,1732455.0000000,35.5746190,129.3060667,160.8859619
,1163665.0000000,1732455.0000000,35.5746174,129.3061770,160.8675390
,1163675.0000000,1732455.0000000,35.5746157,129.3062873,160.9049775
,1163685.0000000,1732455.0000000,35.5746141,129.3063977,160.7412345
,1163695.0000000,1732455.0000000,35.5746124,129.3065080,160.2095485
,1163705.0000000,1732455.0000000,35.5746108,129.3066183,160.6711754
,1163715.0000000,1732455.0000000,35.5746091,129.3067286,161.2338650
,1163725.0000000,1732455.0000000,35.5746074,129.3068389,161.5000000
,1163735.0000000,1732455.0000000,35.5746058,129.3069492,161.5000000
,1163745.0000000,1732455.0000000,35.5746041,129.3070595,161.5000000
,1163755.0000000,1732455.0000000,35.5746025,129.3071698,161.5046309
,1163765.0000000,1732455.0000000,35.5746008,129.3072801,161.9783858
,1163775.0000000,1732455.0000000,35.5745992,129.3073904,163.4618994
,1163785.0000000,1732455.0000000,35.5745975,129.3075007,165.6174773
,1163795.0000000,1732455.0000000,35.5745959,129.3076111,166.5000000
,1163805.0000000,1732455.0000000,35.5745942,129.3077214,166.5000000
,1163815.0000000,1732455.0000000,35.5745926,129.3078317,166.6517274
,1163825.0000000,1732455.0000000,35.5745909,129.3079420,167.3484784
,1163835.0000000,1732455.0000000,35.5745892,129.3080523,168.7290997
,1163845.0000000,1732455.0000000,35.5745876,129.3081626,169.7525190
,1163855.0000000,1732455.0000000,35.5745859,129.3082729,171.4380934
,1163865.0000000,1732455.0000000,35.5745843,129.3083832,170.6642601
,1163875.0000000,1732455.0000000,35.5745826,129.3084935,171.3970810
,1163885.0000000,1732455.0000000,35.5745810,129.3086038,171.3915507
,1163895.0000000,1732455.0000000,35.5745793,129.3087141,171.4261343
,1163905.0000000,1732455.0000000,35.5745777,129.3088245,171.3761311
,1163915.0000000,1732455.0000000,35.5745760,129.3089348,171.5000000
,1163925.0000000,1732455.0000000,35.5745743,129.3090451,171.4441693
,1163935.0000000,1732455.0000000,35.5745727,129.3091554,171.3325451
,1163945.0000000,1732455.0000000,35.5745710,129.3092657,171.3065015
,1163955.0000000,1732455.0000000,35.5745694,129.3093760,171.0532944
,1163965.0000000,1732455.0000000,35.5745677,129.3094863,170.9968996
,1163975.0000000,1732455.0000000,35.5745661,129.3095966,171.4250572
,1163985.0000000,1732455.0000000,35.5745644,129.3097069,171.2579246
,1163995.0000000,1732455.0000000,35.5745628,129.3098172,170.6432874
,1163005.0000000,1732465.0000000,35.5748164,129.2988986,149.9143623
,1163015.0000000,1732465.0000000,35.5748147,129.2990089,147.8401819
,1163025.0000000,1732465.0000000,35.5748131,129.2991192,146.6170958
,1163035.0000000,1732465.0000000,35.5748114,129.2992296,146.2958182
,1163045.0000000,1732465.0000000,35.5748098,129.2993399,144.3155001
,1163055.0000000,1732465.0000000,35.5748082,129.2994502,143.4788295
,1163065.0000000,1732465.0000000,35.5748065,129.2995605,142.6417854
,1163075.0000000,1732465.0000000,35.5748049,129.2996708,140.9509948
,1163085.0000000,1732465.0000000,35.5748032,129.2997811,139.5618273
,1163095.0000000,1732465.0000000,35.5748016,129.2998914,134.8871922
,1163105.0000000,1732465.0000000,35.5747999,129.3000017,130.5962297
,1163115.0000000,1732465.0000000,35.5747983,129.3001120,125.2291736
,1163125.0000000,1732465.0000000,35.5747966,129.3002223,119.5916412
,1163135.0000000,1732465.0000000,35.5747950,129.3003327,115.8579175
,1163145.0000000,1732465.0000000,35.5747933,129.3004430,111.9379150
,1163155.0000000,1732465.0000000,35.5747917,129.3005533,112.4865974
,1163165.0000000,1732465.0000000,35.5747900,129.3006636,112.5578310
,1163175.0000000,1732465.0000000,35.5747884,129.3007739,112.0131183
,1163185.0000000,1732465.0000000,35.5747867,129.3008842,111.5000000
,1163195.0000000,1732465.0000000,35.5747851,129.3009945,111.5000000
,1163205.0000000,1732465.0000000,35.5747834,129.3011048,111.5000000
,1163215.0000000,1732465.0000000,35.5747818,129.3012151,111.5000000
,1163225.0000000,1732465.0000000,35.5747801,129.3013254,111.5000000
,1163235.0000000,1732465.0000000,35.5747785,129.3014358,111.5000000
,1163245.0000000,1732465.0000000,35.5747768,129.3015461,111.5000000
,1163255.0000000,1732465.0000000,35.5747752,129.3016564,111.8509469
,1163265.0000000,1732465.0000000,35.5747735,129.3017667,114.2842240
,1163275.0000000,1732465.0000000,35.5747719,129.3018770,116.6324481
,1163285.0000000,1732465.0000000,35.5747702,129.3019873,116.5771718
,1163295.0000000,1732465.0000000,35.5747686,129.3020976,118.4257731
,1163305.0000000,1732465.0000000,35.5747669,129.3022079,122.1435696
,1163315.0000000,1732465.0000000,35.5747653,129.3023182,121.9107012
,1163325.0000000,1732465.0000000,35.5747636,129.3024285,126.3676965
,1163335.0000000,1732465.0000000,35.5747620,129.3025388,128.0999682
,1163345.0000000,1732465.0000000,35.5747603,129.3026492,131.1365717
,1163355.0000000,1732465.0000000,35.5747587,129.3027595,131.7024016
,1163365.0000000,1732465.0000000,35.5747570,129.3028698,134.5139447
,1163375.0000000,1732465.0000000,35.5747554,129.3029801,136.5752356
,1163385.0000000,1732465.0000000,35.5747537,129.3030904,137.3953308
,1163395.0000000,1732465.0000000,35.5747521,129.3032007,140.6270094
,1163405.0000000,1732465.0000000,35.5747504,129.3033110,141.4257255
,1163415.0000000,1732465.0000000,35.5747488,129.3034213,141.6055626
,1163425.0000000,1732465.0000000,35.5747471,129.3035316,142.3140755
,1163435.0000000,1732465.0000000,35.5747455,129.3036419,144.1313445
,1163445.0000000,1732465.0000000,35.5747438,129.3037523,145.9536714
,1163455.0000000,1732465.0000000,35.5747422,129.3038626,146.5000000
,1163465.0000000,1732465.0000000,35.5747405,129.3039729,146.5000000
,1163475.0000000,1732465.0000000,35.5747389,129.3040832,146.5000000
,1163485.0000000,1732465.0000000,35.5747372,129.3041935,146.7323310
,1163495.0000000,1732465.0000000,35.5747356,129.3043038,148.8032711
,1163505.0000000,1732465.0000000,35.5747339,129.3044141,151.5000000
,1163515.0000000,1732465.0000000,35.5747323,129.3045244,151.5000000
,1163525.0000000,1732465.0000000,35.5747306,129.3046347,151.5000000
,1163535.0000000,1732465.0000000,35.5747290,129.3047450,152.2754868
,1163545.0000000,1732465.0000000,35.5747273,129.3048553,155.3706198
,1163555.0000000,1732465.0000000,35.5747257,129.3049657,156.4378109
,1163565.0000000,1732465.0000000,35.5747240,129.3050760,156.5000000
,1163575.0000000,1732465.0000000,35.5747224,129.3051863,156.5000000
,1163585.0000000,1732465.0000000,35.5747207,129.3052966,156.7817356
,1163595.0000000,1732465.0000000,35.5747191,129.3054069,158.4123622
,1163605.0000000,1732465.0000000,35.5747174,129.3055172,160.2428296
,1163615.0000000,1732465.0000000,35.5747158,129.3056275,161.4705048
,1163625.0000000,1732465.0000000,35.5747141,129.3057378,161.3051767
,1163635.0000000,1732465.0000000,35.5747124,129.3058481,161.4895660
,1163645.0000000,1732465.0000000,35.5747108,129.3059584,161.4755220
,1163655.0000000,1732465.0000000,35.5747091,129.3060687,161.3807121
,1163665.0000000,1732465.0000000,35.5747075,129.3061791,161.4545848
,1163675.0000000,1732465.0000000,35.5747058,129.3062894,161.5000000
,1163685.0000000,1732465.0000000,35.5747042,129.3063997,161.5000000
,1163695.0000000,1732465.0000000,35.5747025,129.3065100,161.5000000
,1163705.0000000,1732465.0000000,35.5747009,129.3066203,161.5000000
,1163715.0000000,1732465.0000000,35.5746992,129.3067306,161.5000000
,1163725.0000000,1732465.0000000,35.5746976,129.3068409,161.5000000
,1163735.0000000,1732465.0000000,35.5746959,129.3069512,161.5000000
,1163745.0000000,1732465.0000000,35.5746943,129.3070615,161.5000000
,1163755.0000000,1732465.0000000,35.5746926,129.3071718,161.7648875
,1163765.0000000,1732465.0000000,35.5746909,129.3072822,163.1971696
,1163775.0000000,1732465.0000000,35.5746893,129.3073925,164.9581549
,1163785.0000000,1732465.0000000,35.5746876,129.3075028,166.4465150
,1163795.0000000,1732465.0000000,35.5746860,129.3076131,166.5426780
,1163805.0000000,1732465.0000000,35.5746843,129.3077234,166.8176235
,1163815.0000000,1732465.0000000,35.5746827,129.3078337,167.4997864
,1163825.0000000,1732465.0000000,35.5746810,129.3079440,169.1193898
,1163835.0000000,1732465.0000000,35.5746794,129.3080543,171.2145404
,1163845.0000000,1732465.0000000,35.5746777,129.3081646,171.0386022
,1163855.0000000,1732465.0000000,35.5746761,129.3082749,171.0550117
,1163865.0000000,1732465.0000000,35.5746744,129.3083852,171.3471301
,1163875.0000000,1732465.0000000,35.5746727,129.3084956,171.4490115
,1163885.0000000,1732465.0000000,35.5746711,129.3086059,171.4284989
,1163895.0000000,1732465.0000000,35.5746694,129.3087162,171.4528323
,1163905.0000000,1732465.0000000,35.5746678,129.3088265,171.4565714
,1163915.0000000,1732465.0000000,35.5746661,129.3089368,171.5000000
,1163925.0000000,1732465.0000000,35.5746645,129.3090471,171.4680117
,1163935.0000000,1732465.0000000,35.5746628,129.3091574,171.2906096
,1163945.0000000,1732465.0000000,35.5746612,129.3092677,171.2069584
,1163955.0000000,1732465.0000000,35.5746595,129.3093780,171.2229650
,1163965.0000000,1732465.0000000,35.5746578,129.3094883,171.2007398
,1163975.0000000,1732465.0000000,35.5746562,129.3095986,171.4672086
,1163985.0000000,1732465.0000000,35.5746545,129.3097090,171.4834093
,1163995.0000000,1732465.0000000,35.5746529,129.3098193,171.3437799
,1163005.0000000,1732475.0000000,35.5749065,129.2989006,151.7522205
,1163015.0000000,1732475.0000000,35.5749049,129.2990110,151.8220304
,1163025.0000000,1732475.0000000,35.5749032,129.2991213,150.9323594
,1163035.0000000,1732475.0000000,35.5749016,129.2992316,149.3997590
,1163045.0000000,1732475.0000000,35.5748999,129.2993419,148.3950358
,1163055.0000000,1732475.0000000,35.5748983,129.2994522,146.6720312
,1163065.0000000,1732475.0000000,35.5748966,129.2995625,146.4602248
,1163075.0000000,1732475.0000000,35.5748950,129.2996728,145.1434381
,1163085.0000000,1732475.0000000,35.5748933,129.2997831,141.3915139
,1163095.0000000,1732475.0000000,35.5748917,129.2998934,136.5906680
,1163105.0000000,1732475.0000000,35.5748900,129.3000037,131.3991648
,1163115.0000000,1732475.0000000,35.5748884,129.3001141,126.4283914
,1163125.0000000,1732475.0000000,35.5748867,129.3002244,121.4712845
,1163135.0000000,1732475.0000000,35.5748851,129.3003347,116.4319780
,1163145.0000000,1732475.0000000,35.5748834,129.3004450,111.6369493
,1163155.0000000,1732475.0000000,35.5748818,129.3005553,112.7523207
,1163165.0000000,1732475.0000000,35.5748801,129.3006656,112.5082411
,1163175.0000000,1732475.0000000,35.5748785,129.3007759,112.0257995
,1163185.0000000,1732475.0000000,35.5748769,129.3008862,111.7660440
,1163195.0000000,1732475.0000000,35.5748752,129.3009965,111.5000000
,1163205.0000000,1732475.0000000,35.5748736,129.3011068,111.5000000
,1163215.0000000,1732475.0000000,35.5748719,129.3012172,111.5000000
,1163225.0000000,1732475.0000000,35.5748703,129.3013275,111.5000000
,1163235.0000000,1732475.0000000,35.5748686,129.3014378,111.5000000
,1163245.0000000,1732475.0000000,35.5748670,129.3015481,111.5000000
,1163255.0000000,1732475.0000000,35.5748653,129.3016584,111.5000000
,1163265.0000000,1732475.0000000,35.5748637,129.3017687,112.9220954
,1163275.0000000,1732475.0000000,35.5748620,129.3018790,116.5000000
,1163285.0000000,1732475.0000000,35.5748604,129.3019893,116.5000000
,1163295.0000000,1732475.0000000,35.5748587,129.3020996,117.0138554
,1163305.0000000,1732475.0000000,35.5748571,129.3022099,121.1558769
,1163315.0000000,1732475.0000000,35.5748554,129.3023202,121.7899958
,1163325.0000000,1732475.0000000,35.5748538,129.3024306,124.6684265
,1163335.0000000,1732475.0000000,35.5748521,129.3025409,127.4120108
,1163345.0000000,1732475.0000000,35.5748505,129.3026512,131.4203000
,1163355.0000000,1732475.0000000,35.5748488,129.3027615,132.0926674
,1163365.0000000,1732475.0000000,35.5748472,129.3028718,135.5983322
,1163375.0000000,1732475.0000000,35.5748455,129.3029821,136.4062144
,1163385.0000000,1732475.0000000,35.5748439,129.3030924,136.9967499
,1163395.0000000,1732475.0000000,35.5748422,129.3032027,140.0655062
,1163405.0000000,1732475.0000000,35.5748406,129.3033130,141.4666430
,1163415.0000000,1732475.0000000,35.5748389,129.3034233,141.5000000
,1163425.0000000,1732475.0000000,35.5748373,129.3035337,141.7008633
,1163435.0000000,1732475.0000000,35.5748356,129.3036440,143.7329550
,1163445.0000000,1732475.0000000,35.5748340,129.3037543,145.8181936
,1163455.0000000,1732475.0000000,35.5748323,129.3038646,146.5000000
,1163465.0000000,1732475.0000000,35.5748307,129.3039749,146.5000000
,1163475.0000000,1732475.0000000,35.5748290,129.3040852,146.5000000
,1163485.0000000,1732475.0000000,35.5748274,129.3041955,146.5866461
,1163495.0000000,1732475.0000000,35.5748257,129.3043058,148.6755532
,1163505.0000000,1732475.0000000,35.5748240,129.3044161,151.5000000
,1163515.0000000,1732475.0000000,35.5748224,129.3045264,151.5000000
,1163525.0000000,1732475.0000000,35.5748207,129.3046368,151.6040133
,1163535.0000000,1732475.0000000,35.5748191,129.3047471,153.3200952
,1163545.0000000,1732475.0000000,35.5748174,129.3048574,155.6028869
,1163555.0000000,1732475.0000000,35.5748158,129.3049677,156.5000000
,1163565.0000000,1732475.0000000,35.5748141,129.3050780,156.5000000
,1163575.0000000,1732475.0000000,35.5748125,129.3051883,156.8558624
,1163585.0000000,1732475.0000000,35.5748108,129.3052986,158.3170004
,1163595.0000000,1732475.0000000,35.5748092,129.3054089,160.5232311
,1163605.0000000,1732475.0000000,35.5748075,129.3055192,161.3010080
,1163615.0000000,1732475.0000000,35.5748059,129.3056295,161.3853932
,1163625.0000000,1732475.0000000,35.5748042,129.3057398,161.4062107
,1163635.0000000,1732475.0000000,35.5748026,129.3058502,161.5000000
,1163645.0000000,1732475.0000000,35.5748009,129.3059605,161.5000000
,1163655.0000000,1732475.0000000,35.5747993,129.3060708,161.5000000
,1163665.0000000,1732475.0000000,35.5747976,129.3061811,161.5000000
,1163675.0000000,1732475.0000000,35.5747960,129.3062914,161.5000000
,1163685.0000000,1732475.0000000,35.5747943,129.3064017,161.5000000
,1163695.0000000,1732475.0000000,35.5747926,129.3065120,161.5000000
,1163705.0000000,1732475.0000000,35.5747910,129.3066223,161.5000000
,1163715.0000000,1732475.0000000,35.5747893,129.3067326,161.5000000
,1163725.0000000,1732475.0000000,35.5747877,129.3068429,161.5000000
,1163735.0000000,1732475.0000000,35.5747860,129.3069532,161.6449887
,1163745.0000000,1732475.0000000,35.5747844,129.3070636,161.7905337
,1163755.0000000,1732475.0000000,35.5747827,129.3071739,163.4235647
,1163765.0000000,1732475.0000000,35.5747811,129.3072842,164.8830549
,1163775.0000000,1732475.0000000,35.5747794,129.3073945,165.9428787
,1163785.0000000,1732475.0000000,35.5747778,129.3075048,166.7011087
,1163795.0000000,1732475.0000000,35.5747761,129.3076151,166.8466623
,1163805.0000000,1732475.0000000,35.5747745,129.3077254,167.5954106
,1163815.0000000,1732475.0000000,35.5747728,129.3078357,169.4669861
,1163825.0000000,1732475.0000000,35.5747711,129.3079460,171.2217696
,1163835.0000000,1732475.0000000,35.5747695,129.3080563,171.3693599
,1163845.0000000,1732475.0000000,35.5747678,129.3081666,171.2450150
,1163855.0000000,1732475.0000000,35.5747662,129.3082770,171.1380878
,1163865.0000000,1732475.0000000,35.5747645,129.3083873,171.4587425
,1163875.0000000,1732475.0000000,35.5747629,129.3084976,171.4167882
,1163885.0000000,1732475.0000000,35.5747612,129.3086079,171.5000000
,1163895.0000000,1732475.0000000,35.5747596,129.3087182,171.5000000
,1163905.0000000,1732475.0000000,35.5747579,129.3088285,171.5000000
,1163915.0000000,1732475.0000000,35.5747562,129.3089388,171.5000000
,1163925.0000000,1732475.0000000,35.5747546,129.3090491,171.5000000
,1163935.0000000,1732475.0000000,35.5747529,129.3091594,171.5000000
,1163945.0000000,1732475.0000000,35.5747513,129.3092697,171.5000000
,1163955.0000000,1732475.0000000,35.5747496,129.3093801,171.5000000
,1163965.0000000,1732475.0000000,35.5747480,129.3094904,171.5000000
,1163975.0000000,1732475.0000000,35.5747463,129.3096007,171.5000000
,1163985.0000000,1732475.0000000,35.5747446,129.3097110,171.5000000
,1163995.0000000,1732475.0000000,35.5747430,129.3098213,171.4569458
,1163005.0000000,1732485.0000000,35.5749966,129.2989027,156.2706752
,1163015.0000000,1732485.0000000,35.5749950,129.2990130,153.6088884
,1163025.0000000,1732485.0000000,35.5749933,129.2991233,151.7820896
,1163035.0000000,1732485.0000000,35.5749917,129.2992336,151.5406700
,1163045.0000000,1732485.0000000,35.5749900,129.2993439,151.0218643
,1163055.0000000,1732485.0000000,35.5749884,129.2994542,148.9159422
,1163065.0000000,1732485.0000000,35.5749867,129.2995645,146.9028583
,1163075.0000000,1732485.0000000,35.5749851,129.2996748,146.2899062
,1163085.0000000,1732485.0000000,35.5749835,129.2997851,142.7778487
,1163095.0000000,1732485.0000000,35.5749818,129.2998954,139.2933150
,1163105.0000000,1732485.0000000,35.5749802,129.3000058,133.2544672
,1163115.0000000,1732485.0000000,35.5749785,129.3001161,128.0407713
,1163125.0000000,1732485.0000000,35.5749769,129.3002264,121.6658017
,1163135.0000000,1732485.0000000,35.5749752,129.3003367,116.2973030
,1163145.0000000,1732485.0000000,35.5749736,129.3004470,112.3250175
,1163155.0000000,1732485.0000000,35.5749719,129.3005573,112.5928936
,1163165.0000000,1732485.0000000,35.5749703,129.3006676,112.4965787
,1163175.0000000,1732485.0000000,35.5749686,129.3007779,112.0942303
,1163185.0000000,1732485.0000000,35.5749670,129.3008882,111.8727834
,1163195.0000000,1732485.0000000,35.5749653,129.3009985,111.5000000
,1163205.0000000,1732485.0000000,35.5749637,129.3011089,111.5000000
,1163215.0000000,1732485.0000000,35.5749620,129.3012192,111.5000000
,1163225.0000000,1732485.0000000,35.5749604,129.3013295,111.5000000
,1163235.0000000,1732485.0000000,35.5749587,129.3014398,111.5000000
,1163245.0000000,1732485.0000000,35.5749571,129.3015501,111.5000000
,1163255.0000000,1732485.0000000,35.5749554,129.3016604,111.5011657
,1163265.0000000,1732485.0000000,35.5749538,129.3017707,112.2803437
,1163275.0000000,1732485.0000000,35.5749521,129.3018810,116.1565370
,1163285.0000000,1732485.0000000,35.5749505,129.3019913,116.5000000
,1163295.0000000,1732485.0000000,35.5749488,129.3021016,116.8820758
,1163305.0000000,1732485.0000000,35.5749472,129.3022120,120.3535235
,1163315.0000000,1732485.0000000,35.5749455,129.3023223,121.6075771
,1163325.0000000,1732485.0000000,35.5749439,129.3024326,124.0539983
,1163335.0000000,1732485.0000000,35.5749422,129.3025429,127.0160498
,1163345.0000000,1732485.0000000,35.5749406,129.3026532,129.9905186
,1163355.0000000,1732485.0000000,35.5749389,129.3027635,134.4515742
,1163365.0000000,1732485.0000000,35.5749373,129.3028738,136.4682755
,1163375.0000000,1732485.0000000,35.5749356,129.3029841,136.5000000
,1163385.0000000,1732485.0000000,35.5749340,129.3030944,137.1786907
,1163395.0000000,1732485.0000000,35.5749323,129.3032047,140.2273313
,1163405.0000000,1732485.0000000,35.5749307,129.3033151,141.4492673
,1163415.0000000,1732485.0000000,35.5749290,129.3034254,141.5347221
,1163425.0000000,1732485.0000000,35.5749274,129.3035357,142.2740909
,1163435.0000000,1732485.0000000,35.5749257,129.3036460,144.9742277
,1163445.0000000,1732485.0000000,35.5749241,129.3037563,146.3688303
,1163455.0000000,1732485.0000000,35.5749224,129.3038666,146.5000000
,1163465.0000000,1732485.0000000,35.5749208,129.3039769,146.5000000
,1163475.0000000,1732485.0000000,35.5749191,129.3040872,146.5000000
,1163485.0000000,1732485.0000000,35.5749175,129.3041975,147.0992484
,1163495.0000000,1732485.0000000,35.5749158,129.3043078,149.6444185
,1163505.0000000,1732485.0000000,35.5749142,129.3044182,151.5000000
,1163515.0000000,1732485.0000000,35.5749125,129.3045285,151.5000000
,1163525.0000000,1732485.0000000,35.5749109,129.3046388,151.9141534
,1163535.0000000,1732485.0000000,35.5749092,129.3047491,154.2315054
,1163545.0000000,1732485.0000000,35.5749076,129.3048594,156.4992454
,1163555.0000000,1732485.0000000,35.5749059,129.3049697,156.5000000
,1163565.0000000,1732485.0000000,35.5749043,129.3050800,156.7424750
,1163575.0000000,1732485.0000000,35.5749026,129.3051903,157.9706711
,1163585.0000000,1732485.0000000,35.5749010,129.3053006,159.8108419
,1163595.0000000,1732485.0000000,35.5748993,129.3054109,161.3607451
,1163605.0000000,1732485.0000000,35.5748976,129.3055212,161.5000000
,1163615.0000000,1732485.0000000,35.5748960,129.3056316,161.5000000
,1163625.0000000,1732485.0000000,35.5748943,129.3057419,161.5000000
,1163635.0000000,1732485.0000000,35.5748927,129.3058522,161.5000000
,1163645.0000000,1732485.0000000,35.5748910,129.3059625,161.5000000
,1163655.0000000,1732485.0000000,35.5748894,129.3060728,161.5000000
,1163665.0000000,1732485.0000000,35.5748877,129.3061831,161.5000000
,1163675.0000000,1732485.0000000,35.5748861,129.3062934,161.5000000
,1163685.0000000,1732485.0000000,35.5748844,129.3064037,161.5000000
,1163695.0000000,1732485.0000000,35.5748828,129.3065140,161.5000000
,1163705.0000000,1732485.0000000,35.5748811,129.3066243,161.5000000
,1163715.0000000,1732485.0000000,35.5748795,129.3067347,161.5000000
,1163725.0000000,1732485.0000000,35.5748778,129.3068450,161.7656182
,1163735.0000000,1732485.0000000,35.5748762,129.3069553,162.8362994
,1163745.0000000,1732485.0000000,35.5748745,129.3070656,164.4352210
,1163755.0000000,1732485.0000000,35.5748728,129.3071759,165.7815672
,1163765.0000000,1732485.0000000,35.5748712,129.3072862,166.7892792
,1163775.0000000,1732485.0000000,35.5748695,129.3073965,166.7494493
,1163785.0000000,1732485.0000000,35.5748679,129.3075068,166.6293348
,1163795.0000000,1732485.0000000,35.5748662,129.3076171,166.8479929
,1163805.0000000,1732485.0000000,35.5748646,129.3077274,169.0431118
,1163815.0000000,1732485.0000000,35.5748629,129.3078377,171.4911209
,1163825.0000000,1732485.0000000,35.5748613,129.3079481,171.1905595
,1163835.0000000,1732485.0000000,35.5748596,129.3080584,171.5000000
,1163845.0000000,1732485.0000000,35.5748580,129.3081687,171.5000000
,1163855.0000000,1732485.0000000,35.5748563,129.3082790,171.5000000
,1163865.0000000,1732485.0000000,35.5748546,129.3083893,171.5000000
,1163875.0000000,1732485.0000000,35.5748530,129.3084996,171.4499864
,1163885.0000000,1732485.0000000,35.5748513,129.3086099,171.5000000
,1163895.0000000,1732485.0000000,35.5748497,129.3087202,171.5000000
,1163905.0000000,1732485.0000000,35.5748480,129.3088305,171.5000000
,1163915.0000000,1732485.0000000,35.5748464,129.3089408,171.5000000
,1163925.0000000,1732485.0000000,35.5748447,129.3090512,171.5000000
,1163935.0000000,1732485.0000000,35.5748431,129.3091615,171.6029328
,1163945.0000000,1732485.0000000,35.5748414,129.3092718,171.5000000
,1163955.0000000,1732485.0000000,35.5748397,129.3093821,171.5000000
,1163965.0000000,1732485.0000000,35.5748381,129.3094924,171.5000000
,1163975.0000000,1732485.0000000,35.5748364,129.3096027,171.5000000
,1163985.0000000,1732485.0000000,35.5748348,129.3097130,171.5000000
,1163995.0000000,1732485.0000000,35.5748331,129.3098233,171.5000000
,1163005.0000000,1732495.0000000,35.5750867,129.2989047,158.3377037
,1163015.0000000,1732495.0000000,35.5750851,129.2990150,156.6263873
,1163025.0000000,1732495.0000000,35.5750835,129.2991253,155.6990890
,1163035.0000000,1732495.0000000,35.5750818,129.2992356,152.4500614
,1163045.0000000,1732495.0000000,35.5750802,129.2993459,151.4694127
,1163055.0000000,1732495.0000000,35.5750785,129.2994562,148.9001907
,1163065.0000000,1732495.0000000,35.5750769,129.2995665,145.7510939
,1163075.0000000,1732495.0000000,35.5750752,129.2996768,146.3708932
,1163085.0000000,1732495.0000000,35.5750736,129.2997872,142.9992974
,1163095.0000000,1732495.0000000,35.5750719,129.2998975,140.1645800
,1163105.0000000,1732495.0000000,35.5750703,129.3000078,135.2177181
,1163115.0000000,1732495.0000000,35.5750686,129.3001181,129.7916057
,1163125.0000000,1732495.0000000,35.5750670,129.3002284,122.1917367
,1163135.0000000,1732495.0000000,35.5750653,129.3003387,116.6709915
,1163145.0000000,1732495.0000000,35.5750637,129.3004490,111.7233235
,1163155.0000000,1732495.0000000,35.5750620,129.3005593,112.2750644
,1163165.0000000,1732495.0000000,35.5750604,129.3006696,112.1614561
,1163175.0000000,1732495.0000000,35.5750587,129.3007799,112.0995266
,1163185.0000000,1732495.0000000,35.5750571,129.3008903,110.4984711
,1163195.0000000,1732495.0000000,35.5750554,129.3010006,109.2338941
,1163205.0000000,1732495.0000000,35.5750538,129.3011109,112.5280104
,1163215.0000000,1732495.0000000,35.5750521,129.3012212,112.6564400
,1163225.0000000,1732495.0000000,35.5750505,129.3013315,112.3594430
,1163235.0000000,1732495.0000000,35.5750488,129.3014418,112.0482740
,1163245.0000000,1732495.0000000,35.5750472,129.3015521,112.0065077
,1163255.0000000,1732495.0000000,35.5750456,129.3016624,111.8356024
,1163265.0000000,1732495.0000000,35.5750439,129.3017727,113.2743779
,1163275.0000000,1732495.0000000,35.5750423,129.3018830,116.3436523
,1163285.0000000,1732495.0000000,35.5750406,129.3019934,116.7601785
,1163295.0000000,1732495.0000000,35.5750390,129.3021037,117.9764553
,1163305.0000000,1732495.0000000,35.5750373,129.3022140,120.8538517
,1163315.0000000,1732495.0000000,35.5750357,129.3023243,122.1552901
,1163325.0000000,1732495.0000000,35.5750340,129.3024346,123.3521829
,1163335.0000000,1732495.0000000,35.5750324,129.3025449,128.8743262
,1163345.0000000,1732495.0000000,35.5750307,129.3026552,131.3220376
,1163355.0000000,1732495.0000000,35.5750291,129.3027655,136.3477593
,1163365.0000000,1732495.0000000,35.5750274,129.3028758,136.5000000
,1163375.0000000,1732495.0000000,35.5750258,129.3029861,136.5000000
,1163385.0000000,1732495.0000000,35.5750241,129.3030965,138.1623487
,1163395.0000000,1732495.0000000,35.5750225,129.3032068,140.8703582
,1163405.0000000,1732495.0000000,35.5750208,129.3033171,141.4830939
,1163415.0000000,1732495.0000000,35.5750192,129.3034274,141.7916110
,1163425.0000000,1732495.0000000,35.5750175,129.3035377,143.1910247
,1163435.0000000,1732495.0000000,35.5750158,129.3036480,145.9607097
,1163445.0000000,1732495.0000000,35.5750142,129.3037583,146.4852031
,1163455.0000000,1732495.0000000,35.5750125,129.3038686,146.5000000
,1163465.0000000,1732495.0000000,35.5750109,129.3039789,146.5000000
,1163475.0000000,1732495.0000000,35.5750092,129.3040892,146.7627842
,1163485.0000000,1732495.0000000,35.5750076,129.3041996,148.4767372
,1163495.0000000,1732495.0000000,35.5750059,129.3043099,150.6700355
,1163505.0000000,1732495.0000000,35.5750043,129.3044202,151.5000000
,1163515.0000000,1732495.0000000,35.5750026,129.3045305,151.5000000
,1163525.0000000,1732495.0000000,35.5750010,129.3046408,152.0346019
,1163535.0000000,1732495.0000000,35.5749993,129.3047511,154.9938036
,1163545.0000000,1732495.0000000,35.5749977,129.3048614,156.3838873
,1163555.0000000,1732495.0000000,35.5749960,129.3049717,156.5000000
,1163565.0000000,1732495.0000000,35.5749944,129.3050820,156.8744539
,1163575.0000000,1732495.0000000,35.5749927,129.3051923,158.5658418
,1163585.0000000,1732495.0000000,35.5749911,129.3053027,160.8653307
,1163595.0000000,1732495.0000000,35.5749894,129.3054130,161.5000000
,1163605.0000000,1732495.0000000,35.5749878,129.3055233,161.5000000
,1163615.0000000,1732495.0000000,35.5749861,129.3056336,161.5000000
,1163625.0000000,1732495.0000000,35.5749845,129.3057439,161.5000000
,1163635.0000000,1732495.0000000,35.5749828,129.3058542,161.5000000
,1163645.0000000,1732495.0000000,35.5749812,129.3059645,161.5000000
,1163655.0000000,1732495.0000000,35.5749795,129.3060748,161.5000000
,1163665.0000000,1732495.0000000,35.5749778,129.3061851,161.5000000
,1163675.0000000,1732495.0000000,35.5749762,129.3062954,161.5000000
,1163685.0000000,1732495.0000000,35.5749745,129.3064057,161.5000000
,1163695.0000000,1732495.0000000,35.5749729,129.3065161,161.5000000
,1163705.0000000,1732495.0000000,35.5749712,129.3066264,161.5000000
,1163715.0000000,1732495.0000000,35.5749696,129.3067367,161.8994920
,1163725.0000000,1732495.0000000,35.5749679,129.3068470,163.3633831
,1163735.0000000,1732495.0000000,35.5749663,129.3069573,165.2215460
,1163745.0000000,1732495.0000000,35.5749646,129.3070676,166.1355309
,1163755.0000000,1732495.0000000,35.5749630,129.3071779,166.5998173
,1163765.0000000,1732495.0000000,35.5749613,129.3072882,166.5797682
,1163775.0000000,1732495.0000000,35.5749597,129.3073985,166.8134457
,1163785.0000000,1732495.0000000,35.5749580,129.3075088,167.2649032
,1163795.0000000,1732495.0000000,35.5749563,129.3076192,168.9654554
,1163805.0000000,1732495.0000000,35.5749547,129.3077295,170.8101919
,1163815.0000000,1732495.0000000,35.5749530,129.3078398,171.3048452
,1163825.0000000,1732495.0000000,35.5749514,129.3079501,171.4063799
,1163835.0000000,1732495.0000000,35.5749497,129.3080604,171.3034777
,1163845.0000000,1732495.0000000,35.5749481,129.3081707,171.5000000
,1163855.0000000,1732495.0000000,35.5749464,129.3082810,171.5000000
,1163865.0000000,1732495.0000000,35.5749448,129.3083913,171.5000000
,1163875.0000000,1732495.0000000,35.5749431,129.3085016,171.5000000
,1163885.0000000,1732495.0000000,35.5749415,129.3086119,171.5000000
,1163895.0000000,1732495.0000000,35.5749398,129.3087222,171.5000000
,1163905.0000000,1732495.0000000,35.5749381,129.3088326,171.5967329
,1163915.0000000,1732495.0000000,35.5749365,129.3089429,171.6272132
,1163925.0000000,1732495.0000000,35.5749348,129.3090532,172.6580545
,1163935.0000000,1732495.0000000,35.5749332,129.3091635,173.2727941
,1163945.0000000,1732495.0000000,35.5749315,129.3092738,173.3520488
,1163955.0000000,1732495.0000000,35.5749299,129.3093841,172.9786484
,1163965.0000000,1732495.0000000,35.5749282,129.3094944,172.2602392
,1163975.0000000,1732495.0000000,35.5749265,129.3096047,171.6870062
,1163985.0000000,1732495.0000000,35.5749249,129.3097150,171.5276895
,1163995.0000000,1732495.0000000,35.5749232,129.3098253,171.5000000
,1163005.0000000,1732505.0000000,35.5751769,129.2989067,161.4000559
,1163015.0000000,1732505.0000000,35.5751752,129.2990170,160.4138348
,1163025.0000000,1732505.0000000,35.5751736,129.2991273,156.6112203
,1163035.0000000,1732505.0000000,35.5751719,129.2992376,152.5596818
,1163045.0000000,1732505.0000000,35.5751703,129.2993479,150.2226284
,1163055.0000000,1732505.0000000,35.5751686,129.2994582,145.5943751
,1163065.0000000,1732505.0000000,35.5751670,129.2995686,142.8085369
,1163075.0000000,1732505.0000000,35.5751653,129.2996789,141.2446553
,1163085.0000000,1732505.0000000,35.5751637,129.2997892,141.2612920
,1163095.0000000,1732505.0000000,35.5751620,129.2998995,138.7548888
,1163105.0000000,1732505.0000000,35.5751604,129.3000098,135.2639705
,1163115.0000000,1732505.0000000,35.5751588,129.3001201,129.1700677
,1163125.0000000,1732505.0000000,35.5751571,129.3002304,122.4425247
,1163135.0000000,1732505.0000000,35.5751555,129.3003407,117.3153523
,1163145.0000000,1732505.0000000,35.5751538,129.3004510,112.4621717
,1163155.0000000,1732505.0000000,35.5751522,129.3005613,112.1948242
,1163165.0000000,1732505.0000000,35.5751505,129.3006717,111.3098128
,1163175.0000000,1732505.0000000,35.5751489,129.3007820,109.3659707
,1163185.0000000,1732505.0000000,35.5751472,129.3008923,108.4395312
,1163195.0000000,1732505.0000000,35.5751456,129.3010026,108.0508123
,1163205.0000000,1732505.0000000,35.5751439,129.3011129,110.7601364
,1163215.0000000,1732505.0000000,35.5751423,129.3012232,113.4300540
,1163225.0000000,1732505.0000000,35.5751406,129.3013335,113.4073051
,1163235.0000000,1732505.0000000,35.5751390,129.3014438,113.3416425
,1163245.0000000,1732505.0000000,35.5751373,129.3015541,112.8218212
,1163255.0000000,1732505.0000000,35.5751357,129.3016644,114.1420318
,1163265.0000000,1732505.0000000,35.5751340,129.3017748,116.3852282
,1163275.0000000,1732505.0000000,35.5751324,129.3018851,117.7482277
,1163285.0000000,1732505.0000000,35.5751307,129.3019954,120.6602592
,1163295.0000000,1732505.0000000,35.5751291,129.3021057,121.1437500
,1163305.0000000,1732505.0000000,35.5751274,129.3022160,121.7912097
,1163315.0000000,1732505.0000000,35.5751258,129.3023263,123.1052265
,1163325.0000000,1732505.0000000,35.5751241,129.3024366,123.4576201
,1163335.0000000,1732505.0000000,35.5751225,129.3025469,130.0816104
,1163345.0000000,1732505.0000000,35.5751208,129.3026572,134.3977410
,1163355.0000000,1732505.0000000,35.5751192,129.3027675,136.4765709
,1163365.0000000,1732505.0000000,35.5751175,129.3028779,136.4016310
,1163375.0000000,1732505.0000000,35.5751159,129.3029882,137.0029043
,1163385.0000000,1732505.0000000,35.5751142,129.3030985,139.1058202
,1163395.0000000,1732505.0000000,35.5751126,129.3032088,141.0444250
,1163405.0000000,1732505.0000000,35.5751109,129.3033191,141.6122100
,1163415.0000000,1732505.0000000,35.5751093,129.3034294,142.1949132
,1163425.0000000,1732505.0000000,35.5751076,129.3035397,144.8489739
,1163435.0000000,1732505.0000000,35.5751060,129.3036500,146.3909336
,1163445.0000000,1732505.0000000,35.5751043,129.3037603,146.5000000
,1163455.0000000,1732505.0000000,35.5751027,129.3038706,146.5000000
,1163465.0000000,1732505.0000000,35.5751010,129.3039810,146.5000000
,1163475.0000000,1732505.0000000,35.5750994,129.3040913,148.3625453
,1163485.0000000,1732505.0000000,35.5750977,129.3042016,150.0471131
,1163495.0000000,1732505.0000000,35.5750961,129.3043119,151.3479893
,1163505.0000000,1732505.0000000,35.5750944,129.3044222,151.5000000
,1163515.0000000,1732505.0000000,35.5750928,129.3045325,151.5000000
,1163525.0000000,1732505.0000000,35.5750911,129.3046428,153.0853749
,1163535.0000000,1732505.0000000,35.5750895,129.3047531,155.9151540
,1163545.0000000,1732505.0000000,35.5750878,129.3048634,156.3855464
,1163555.0000000,1732505.0000000,35.5750862,129.3049737,156.5921938
,1163565.0000000,1732505.0000000,35.5750845,129.3050841,156.9893152
,1163575.0000000,1732505.0000000,35.5750828,129.3051944,158.4482740
,1163585.0000000,1732505.0000000,35.5750812,129.3053047,161.1041798
,1163595.0000000,1732505.0000000,35.5750795,129.3054150,161.5000000
,1163605.0000000,1732505.0000000,35.5750779,129.3055253,161.5000000
,1163615.0000000,1732505.0000000,35.5750762,129.3056356,161.5000000
,1163625.0000000,1732505.0000000,35.5750746,129.3057459,161.5000000
,1163635.0000000,1732505.0000000,35.5750729,129.3058562,161.5000000
,1163645.0000000,1732505.0000000,35.5750713,129.3059665,161.5000000
,1163655.0000000,1732505.0000000,35.5750696,129.3060768,161.5000000
,1163665.0000000,1732505.0000000,35.5750680,129.3061872,161.5000000
,1163675.0000000,1732505.0000000,35.5750663,129.3062975,161.8090468
,1163685.0000000,1732505.0000000,35.5750647,129.3064078,161.7502562
,1163695.0000000,1732505.0000000,35.5750630,129.3065181,161.8957304
,1163705.0000000,1732505.0000000,35.5750614,129.3066284,162.1266398
,1163715.0000000,1732505.0000000,35.5750597,129.3067387,163.3156696
,1163725.0000000,1732505.0000000,35.5750580,129.3068490,165.2953423
,1163735.0000000,1732505.0000000,35.5750564,129.3069593,166.4111806
,1163745.0000000,1732505.0000000,35.5750547,129.3070696,166.5000000
,1163755.0000000,1732505.0000000,35.5750531,129.3071799,166.5531629
,1163765.0000000,1732505.0000000,35.5750514,129.3072903,166.6609273
,1163775.0000000,1732505.0000000,35.5750498,129.3074006,168.3033071
,1163785.0000000,1732505.0000000,35.5750481,129.3075109,170.6272365
,1163795.0000000,1732505.0000000,35.5750465,129.3076212,170.6484725
,1163805.0000000,1732505.0000000,35.5750448,129.3077315,171.2281892
,1163815.0000000,1732505.0000000,35.5750432,129.3078418,171.4589077
,1163825.0000000,1732505.0000000,35.5750415,129.3079521,171.4411451
,1163835.0000000,1732505.0000000,35.5750398,129.3080624,171.5000000
,1163845.0000000,1732505.0000000,35.5750382,129.3081727,171.5000000
,1163855.0000000,1732505.0000000,35.5750365,129.3082830,171.5000000
,1163865.0000000,1732505.0000000,35.5750349,129.3083933,171.5000000
,1163875.0000000,1732505.0000000,35.5750332,129.3085037,171.5000000
,1163885.0000000,1732505.0000000,35.5750316,129.3086140,171.5000000
,1163895.0000000,1732505.0000000,35.5750299,129.3087243,172.2416809
,1163905.0000000,1732505.0000000,35.5750283,129.3088346,172.7903311
,1163915.0000000,1732505.0000000,35.5750266,129.3089449,173.5216953
,1163925.0000000,1732505.0000000,35.5750249,129.3090552,174.2459240
,1163935.0000000,1732505.0000000,35.5750233,129.3091655,174.4008028
,1163945.0000000,1732505.0000000,35.5750216,129.3092758,174.6518434
,1163955.0000000,1732505.0000000,35.5750200,129.3093861,174.4465181
,1163965.0000000,1732505.0000000,35.5750183,129.3094964,173.6079946
,1163975.0000000,1732505.0000000,35.5750167,129.3096068,172.6263790
,1163985.0000000,1732505.0000000,35.5750150,129.3097171,171.8959763
,1163995.0000000,1732505.0000000,35.5750134,129.3098274,171.7564583
,1163005.0000000,1732515.0000000,35.5752670,129.2989087,161.3775875
,1163015.0000000,1732515.0000000,35.5752653,129.2990190,161.3981016
,1163025.0000000,1732515.0000000,35.5752637,129.2991293,156.6290034
,1163035.0000000,1732515.0000000,35.5752621,129.2992396,151.5181694
,1163045.0000000,1732515.0000000,35.5752604,129.2993499,146.7613253
,1163055.0000000,1732515.0000000,35.5752588,129.2994603,141.6600081
,1163065.0000000,1732515.0000000,35.5752571,129.2995706,137.9972033
,1163075.0000000,1732515.0000000,35.5752555,129.2996809,136.5661596
,1163085.0000000,1732515.0000000,35.5752538,129.2997912,136.3618359
,1163095.0000000,1732515.0000000,35.5752522,129.2999015,134.9920480
,1163105.0000000,1732515.0000000,35.5752505,129.3000118,131.2866601
,1163115.0000000,1732515.0000000,35.5752489,129.3001221,127.2948304
,1163125.0000000,1732515.0000000,35.5752472,129.3002324,122.2247568
,1163135.0000000,1732515.0000000,35.5752456,129.3003427,116.8655939
,1163145.0000000,1732515.0000000,35.5752439,129.3004531,112.1070599
,1163155.0000000,1732515.0000000,35.5752423,129.3005634,110.8172885
,1163165.0000000,1732515.0000000,35.5752406,129.3006737,108.9105158
,1163175.0000000,1732515.0000000,35.5752390,129.3007840,108.1281989
,1163185.0000000,1732515.0000000,35.5752373,129.3008943,107.1356438
,1163195.0000000,1732515.0000000,35.5752357,129.3010046,107.2132659
,1163205.0000000,1732515.0000000,35.5752340,129.3011149,109.2753070
,1163215.0000000,1732515.0000000,35.5752324,129.3012252,112.1756310
,1163225.0000000,1732515.0000000,35.5752307,129.3013355,113.2403281
,1163235.0000000,1732515.0000000,35.5752291,129.3014458,113.0609545
,1163245.0000000,1732515.0000000,35.5752274,129.3015562,114.4461433
,1163255.0000000,1732515.0000000,35.5752258,129.3016665,116.8298889
,1163265.0000000,1732515.0000000,35.5752241,129.3017768,120.7084920
,1163275.0000000,1732515.0000000,35.5752225,129.3018871,121.8916598
,1163285.0000000,1732515.0000000,35.5752208,129.3019974,123.3515938
,1163295.0000000,1732515.0000000,35.5752192,129.3021077,122.4539762
,1163305.0000000,1732515.0000000,35.5752175,129.3022180,121.6208244
,1163315.0000000,1732515.0000000,35.5752159,129.3023283,123.3229222
,1163325.0000000,1732515.0000000,35.5752142,129.3024386,124.8408950
,1163335.0000000,1732515.0000000,35.5752126,129.3025489,132.2445587
,1163345.0000000,1732515.0000000,35.5752109,129.3026593,135.1993921
,1163355.0000000,1732515.0000000,35.5752093,129.3027696,136.0399982
,1163365.0000000,1732515.0000000,35.5752076,129.3028799,136.2594817
,1163375.0000000,1732515.0000000,35.5752060,129.3029902,137.7997736
,1163385.0000000,1732515.0000000,35.5752043,129.3031005,140.2591233
,1163395.0000000,1732515.0000000,35.5752027,129.3032108,141.5326376
,1163405.0000000,1732515.0000000,35.5752010,129.3033211,142.6335873
,1163415.0000000,1732515.0000000,35.5751994,129.3034314,144.1072523
,1163425.0000000,1732515.0000000,35.5751977,129.3035417,146.3924548
,1163435.0000000,1732515.0000000,35.5751961,129.3036520,146.5000000
,1163445.0000000,1732515.0000000,35.5751944,129.3037624,146.5000000
,1163455.0000000,1732515.0000000,35.5751928,129.3038727,146.5000000
,1163465.0000000,1732515.0000000,35.5751911,129.3039830,146.8769000
,1163475.0000000,1732515.0000000,35.5751895,129.3040933,149.4013699
,1163485.0000000,1732515.0000000,35.5751878,129.3042036,150.9056247
,1163495.0000000,1732515.0000000,35.5751862,129.3043139,151.4407595
,1163505.0000000,1732515.0000000,35.5751845,129.3044242,151.5000000
,1163515.0000000,1732515.0000000,35.5751829,129.3045345,151.8554455
,1163525.0000000,1732515.0000000,35.5751812,129.3046448,153.8535406
,1163535.0000000,1732515.0000000,35.5751796,129.3047551,156.1094023
,1163545.0000000,1732515.0000000,35.5751779,129.3048655,156.5000000
,1163555.0000000,1732515.0000000,35.5751763,129.3049758,156.5000000
,1163565.0000000,1732515.0000000,35.5751746,129.3050861,156.8282774
,1163575.0000000,1732515.0000000,35.5751730,129.3051964,158.1678263
,1163585.0000000,1732515.0000000,35.5751713,129.3053067,160.7176265
,1163595.0000000,1732515.0000000,35.5751697,129.3054170,161.5000000
,1163605.0000000,1732515.0000000,35.5751680,129.3055273,161.5000000
,1163615.0000000,1732515.0000000,35.5751664,129.3056376,161.5000000
,1163625.0000000,1732515.0000000,35.5751647,129.3057479,161.5000000
,1163635.0000000,1732515.0000000,35.5751631,129.3058582,161.5000000
,1163645.0000000,1732515.0000000,35.5751614,129.3059686,161.5000000
,1163655.0000000,1732515.0000000,35.5751597,129.3060789,161.5000000
,1163665.0000000,1732515.0000000,35.5751581,129.3061892,163.0759294
,1163675.0000000,1732515.0000000,35.5751564,129.3062995,163.1155797
,1163685.0000000,1732515.0000000,35.5751548,129.3064098,163.2204933
,1163695.0000000,1732515.0000000,35.5751531,129.3065201,163.5369030
,1163705.0000000,1732515.0000000,35.5751515,129.3066304,164.2474545
,1163715.0000000,1732515.0000000,35.5751498,129.3067407,165.9581636
,1163725.0000000,1732515.0000000,35.5751482,129.3068510,166.5000000
,1163735.0000000,1732515.0000000,35.5751465,129.3069613,166.5000000
,1163745.0000000,1732515.0000000,35.5751449,129.3070717,166.5000000
,1163755.0000000,1732515.0000000,35.5751432,129.3071820,166.5000000
,1163765.0000000,1732515.0000000,35.5751416,129.3072923,167.1418854
,1163775.0000000,1732515.0000000,35.5751399,129.3074026,169.4399013
,1163785.0000000,1732515.0000000,35.5751382,129.3075129,171.0556993
,1163795.0000000,1732515.0000000,35.5751366,129.3076232,171.3569575
,1163805.0000000,1732515.0000000,35.5751349,129.3077335,171.5000000
,1163815.0000000,1732515.0000000,35.5751333,129.3078438,171.5000000
,1163825.0000000,1732515.0000000,35.5751316,129.3079541,171.5000000
,1163835.0000000,1732515.0000000,35.5751300,129.3080644,171.5000000
,1163845.0000000,1732515.0000000,35.5751283,129.3081748,171.5000000
,1163855.0000000,1732515.0000000,35.5751267,129.3082851,171.5000000
,1163865.0000000,1732515.0000000,35.5751250,129.3083954,171.5000000
,1163875.0000000,1732515.0000000,35.5751233,129.3085057,172.0344561
,1163885.0000000,1732515.0000000,35.5751217,129.3086160,172.3553264
,1163895.0000000,1732515.0000000,35.5751200,129.3087263,173.4332203
,1163905.0000000,1732515.0000000,35.5751184,129.3088366,174.2903448
,1163915.0000000,1732515.0000000,35.5751167,129.3089469,175.4330074
,1163925.0000000,1732515.0000000,35.5751151,129.3090572,176.1029848
,1163935.0000000,1732515.0000000,35.5751134,129.3091675,176.0106323
,1163945.0000000,1732515.0000000,35.5751118,129.3092779,175.7423822
,1163955.0000000,1732515.0000000,35.5751101,129.3093882,175.5883532
,1163965.0000000,1732515.0000000,35.5751084,129.3094985,175.4177545
,1163975.0000000,1732515.0000000,35.5751068,129.3096088,174.8703820
,1163985.0000000,1732515.0000000,35.5751051,129.3097191,173.7241302
,1163995.0000000,1732515.0000000,35.5751035,129.3098294,172.9933414
,1163005.0000000,1732525.0000000,35.5753571,129.2989107,159.3702002
,1163015.0000000,1732525.0000000,35.5753555,129.2990210,156.7809038
,1163025.0000000,1732525.0000000,35.5753538,129.2991313,156.2578946
,1163035.0000000,1732525.0000000,35.5753522,129.2992417,151.6336524
,1163045.0000000,1732525.0000000,35.5753505,129.2993520,146.9042547
,1163055.0000000,1732525.0000000,35.5753489,129.2994623,141.6874687
,1163065.0000000,1732525.0000000,35.5753472,129.2995726,137.4066033
,1163075.0000000,1732525.0000000,35.5753456,129.2996829,133.7375587
,1163085.0000000,1732525.0000000,35.5753439,129.2997932,130.6743399
,1163095.0000000,1732525.0000000,35.5753423,129.2999035,127.6829946
,1163105.0000000,1732525.0000000,35.5753406,129.3000138,126.7989670
,1163115.0000000,1732525.0000000,35.5753390,129.3001241,125.3497400
,1163125.0000000,1732525.0000000,35.5753373,129.3002344,121.1730939
,1163135.0000000,1732525.0000000,35.5753357,129.3003448,116.3382000
,1163145.0000000,1732525.0000000,35.5753340,129.3004551,111.3136836
,1163155.0000000,1732525.0000000,35.5753324,129.3005654,107.5838792
,1163165.0000000,1732525.0000000,35.5753308,129.3006757,107.2303915
,1163175.0000000,1732525.0000000,35.5753291,129.3007860,106.9090504
,1163185.0000000,1732525.0000000,35.5753275,129.3008963,106.5000000
,1163195.0000000,1732525.0000000,35.5753258,129.3010066,106.8927934
,1163205.0000000,1732525.0000000,35.5753242,129.3011169,108.4382716
,1163215.0000000,1732525.0000000,35.5753225,129.3012272,110.7743536
,1163225.0000000,1732525.0000000,35.5753209,129.3013376,113.0684911
,1163235.0000000,1732525.0000000,35.5753192,129.3014479,112.0925727
,1163245.0000000,1732525.0000000,35.5753176,129.3015582,115.7969259
,1163255.0000000,1732525.0000000,35.5753159,129.3016685,120.4009751
,1163265.0000000,1732525.0000000,35.5753143,129.3017788,122.5284058
,1163275.0000000,1732525.0000000,35.5753126,129.3018891,126.0361200
,1163285.0000000,1732525.0000000,35.5753110,129.3019994,126.3860189
,1163295.0000000,1732525.0000000,35.5753093,129.3021097,125.9553466
,1163305.0000000,1732525.0000000,35.5753077,129.3022200,123.6769846
,1163315.0000000,1732525.0000000,35.5753060,129.3023303,122.2445150
,1163325.0000000,1732525.0000000,35.5753044,129.3024407,126.2460084
,1163335.0000000,1732525.0000000,35.5753027,129.3025510,132.5271184
,1163345.0000000,1732525.0000000,35.5753011,129.3026613,134.6486409
,1163355.0000000,1732525.0000000,35.5752994,129.3027716,135.3504625
,1163365.0000000,1732525.0000000,35.5752978,129.3028819,136.7824918
,1163375.0000000,1732525.0000000,35.5752961,129.3029922,139.2999814
,1163385.0000000,1732525.0000000,35.5752945,129.3031025,141.8159289
,1163395.0000000,1732525.0000000,35.5752928,129.3032128,142.2410741
,1163405.0000000,1732525.0000000,35.5752912,129.3033231,144.1519430
,1163415.0000000,1732525.0000000,35.5752895,129.3034334,145.7115741
,1163425.0000000,1732525.0000000,35.5752879,129.3035438,146.5000000
,1163435.0000000,1732525.0000000,35.5752862,129.3036541,146.5000000
,1163445.0000000,1732525.0000000,35.5752846,129.3037644,146.5000000
,1163455.0000000,1732525.0000000,35.5752829,129.3038747,146.5000000
,1163465.0000000,1732525.0000000,35.5752813,129.3039850,147.2481514
,1163475.0000000,1732525.0000000,35.5752796,129.3040953,149.7258456
,1163485.0000000,1732525.0000000,35.5752780,129.3042056,151.5000000
,1163495.0000000,1732525.0000000,35.5752763,129.3043159,151.5000000
,1163505.0000000,1732525.0000000,35.5752747,129.3044262,151.5000000
,1163515.0000000,1732525.0000000,35.5752730,129.3045365,151.9077508
,1163525.0000000,1732525.0000000,35.5752713,129.3046469,154.3781901
,1163535.0000000,1732525.0000000,35.5752697,129.3047572,156.2077115
,1163545.0000000,1732525.0000000,35.5752680,129.3048675,156.5000000
,1163555.0000000,1732525.0000000,35.5752664,129.3049778,156.5000000
,1163565.0000000,1732525.0000000,35.5752647,129.3050881,156.5000000
,1163575.0000000,1732525.0000000,35.5752631,129.3051984,157.9944995
,1163585.0000000,1732525.0000000,35.5752614,129.3053087,160.4700324
,1163595.0000000,1732525.0000000,35.5752598,129.3054190,161.3765129
,1163605.0000000,1732525.0000000,35.5752581,129.3055293,161.5000000
,1163615.0000000,1732525.0000000,35.5752565,129.3056397,161.5000000
,1163625.0000000,1732525.0000000,35.5752548,129.3057500,161.5000000
,1163635.0000000,1732525.0000000,35.5752532,129.3058603,161.5000000
,1163645.0000000,1732525.0000000,35.5752515,129.3059706,161.5000000
,1163655.0000000,1732525.0000000,35.5752499,129.3060809,162.4851751
,1163665.0000000,1732525.0000000,35.5752482,129.3061912,163.9045477
,1163675.0000000,1732525.0000000,35.5752466,129.3063015,165.3971559
,1163685.0000000,1732525.0000000,35.5752449,129.3064118,165.8017535
,1163695.0000000,1732525.0000000,35.5752433,129.3065221,166.1334252
,1163705.0000000,1732525.0000000,35.5752416,129.3066324,166.5000000
,1163715.0000000,1732525.0000000,35.5752399,129.3067428,166.5000000
,1163725.0000000,1732525.0000000,35.5752383,129.3068531,166.5000000
,1163735.0000000,1732525.0000000,35.5752366,129.3069634,166.5000000
,1163745.0000000,1732525.0000000,35.5752350,129.3070737,166.5000000
,1163755.0000000,1732525.0000000,35.5752333,129.3071840,166.5000000
,1163765.0000000,1732525.0000000,35.5752317,129.3072943,167.2381464
,1163775.0000000,1732525.0000000,35.5752300,129.3074046,169.3322176
,1163785.0000000,1732525.0000000,35.5752284,129.3075149,170.9843322
,1163795.0000000,1732525.0000000,35.5752267,129.3076252,171.5000000
,1163805.0000000,1732525.0000000,35.5752251,129.3077355,171.5000000
,1163815.0000000,1732525.0000000,35.5752234,129.3078458,171.5000000
,1163825.0000000,1732525.0000000,35.5752217,129.3079562,171.5000000
,1163835.0000000,1732525.0000000,35.5752201,129.3080665,171.5000000
,1163845.0000000,1732525.0000000,35.5752184,129.3081768,171.5000000
,1163855.0000000,1732525.0000000,35.5752168,129.3082871,171.5000000
,1163865.0000000,1732525.0000000,35.5752151,129.3083974,171.9231022
,1163875.0000000,1732525.0000000,35.5752135,129.3085077,172.3209365
,1163885.0000000,1732525.0000000,35.5752118,129.3086180,173.9556977
,1163895.0000000,1732525.0000000,35.5752102,129.3087283,175.4421810
,1163905.0000000,1732525.0000000,35.5752085,129.3088386,175.9810357
,1163915.0000000,1732525.0000000,35.5752068,129.3089489,176.5000000
,1163925.0000000,1732525.0000000,35.5752052,129.3090593,176.5000000
,1163935.0000000,1732525.0000000,35.5752035,129.3091696,176.5000000
,1163945.0000000,1732525.0000000,35.5752019,129.3092799,176.4218774
,1163955.0000000,1732525.0000000,35.5752002,129.3093902,176.3571710
,1163965.0000000,1732525.0000000,35.5751986,129.3095005,176.2395084
,1163975.0000000,1732525.0000000,35.5751969,129.3096108,176.1385396
,1163985.0000000,1732525.0000000,35.5751953,129.3097211,175.5592189
,1163995.0000000,1732525.0000000,35.5751936,129.3098314,174.7719845
,1163005.0000000,1732535.0000000,35.5754472,129.2989127,155.8431133
,1163015.0000000,1732535.0000000,35.5754456,129.2990230,152.6148469
,1163025.0000000,1732535.0000000,35.5754439,129.2991334,151.4724562
,1163035.0000000,1732535.0000000,35.5754423,129.2992437,150.9397261
,1163045.0000000,1732535.0000000,35.5754406,129.2993540,147.3099804
,1163055.0000000,1732535.0000000,35.5754390,129.2994643,145.8007283
,1163065.0000000,1732535.0000000,35.5754374,129.2995746,141.1410096
,1163075.0000000,1732535.0000000,35.5754357,129.2996849,135.5859747
,1163085.0000000,1732535.0000000,35.5754341,129.2997952,131.4495679
,1163095.0000000,1732535.0000000,35.5754324,129.2999055,125.1079330
,1163105.0000000,1732535.0000000,35.5754308,129.3000158,120.6961556
,1163115.0000000,1732535.0000000,35.5754291,129.3001262,119.7183362
,1163125.0000000,1732535.0000000,35.5754275,129.3002365,116.7935498
,1163135.0000000,1732535.0000000,35.5754258,129.3003468,113.1558780
,1163145.0000000,1732535.0000000,35.5754242,129.3004571,108.1379419
,1163155.0000000,1732535.0000000,35.5754225,129.3005674,106.8730152
,1163165.0000000,1732535.0000000,35.5754209,129.3006777,106.5339244
,1163175.0000000,1732535.0000000,35.5754192,129.3007880,106.5000000
,1163185.0000000,1732535.0000000,35.5754176,129.3008983,106.5000000
,1163195.0000000,1732535.0000000,35.5754159,129.3010086,106.5510206
,1163205.0000000,1732535.0000000,35.5754143,129.3011189,107.0949264
,1163215.0000000,1732535.0000000,35.5754126,129.3012293,109.5192887
,1163225.0000000,1732535.0000000,35.5754110,129.3013396,112.5122102
,1163235.0000000,1732535.0000000,35.5754093,129.3014499,112.4191380
,1163245.0000000,1732535.0000000,35.5754077,129.3015602,116.1826564
,1163255.0000000,1732535.0000000,35.5754060,129.3016705,121.4334432
,1163265.0000000,1732535.0000000,35.5754044,129.3017808,124.8383748
,1163275.0000000,1732535.0000000,35.5754027,129.3018911,126.7742847
,1163285.0000000,1732535.0000000,35.5754011,129.3020014,128.3856453
,1163295.0000000,1732535.0000000,35.5753994,129.3021117,129.2700920
,1163305.0000000,1732535.0000000,35.5753978,129.3022221,127.4987905
,1163315.0000000,1732535.0000000,35.5753961,129.3023324,125.5120900
,1163325.0000000,1732535.0000000,35.5753945,129.3024427,126.9515081
,1163335.0000000,1732535.0000000,35.5753928,129.3025530,131.3826211
,1163345.0000000,1732535.0000000,35.5753912,129.3026633,134.8976042
,1163355.0000000,1732535.0000000,35.5753895,129.3027736,135.7601759
,1163365.0000000,1732535.0000000,35.5753879,129.3028839,138.2523372
,1163375.0000000,1732535.0000000,35.5753862,129.3029942,140.5888742
,1163385.0000000,1732535.0000000,35.5753846,129.3031045,141.8591107
,1163395.0000000,1732535.0000000,35.5753829,129.3032148,143.0488360
,1163405.0000000,1732535.0000000,35.5753813,129.3033252,145.4452769
,1163415.0000000,1732535.0000000,35.5753796,129.3034355,146.4001865
,1163425.0000000,1732535.0000000,35.5753780,129.3035458,146.5000000
,1163435.0000000,1732535.0000000,35.5753763,129.3036561,146.5000000
,1163445.0000000,1732535.0000000,35.5753747,129.3037664,146.5000000
,1163455.0000000,1732535.0000000,35.5753730,129.3038767,146.6267110
,1163465.0000000,1732535.0000000,35.5753714,129.3039870,148.1607146
,1163475.0000000,1732535.0000000,35.5753697,129.3040973,150.1766454
,1163485.0000000,1732535.0000000,35.5753681,129.3042076,151.5000000
,1163495.0000000,1732535.0000000,35.5753664,129.3043180,151.5000000
,1163505.0000000,1732535.0000000,35.5753648,129.3044283,151.5000000
,1163515.0000000,1732535.0000000,35.5753631,129.3045386,151.6543629
,1163525.0000000,1732535.0000000,35.5753615,129.3046489,154.3803171
,1163535.0000000,1732535.0000000,35.5753598,129.3047592,156.1009760
,1163545.0000000,1732535.0000000,35.5753582,129.3048695,156.4277790
,1163555.0000000,1732535.0000000,35.5753565,129.3049798,156.5000000
,1163565.0000000,1732535.0000000,35.5753549,129.3050901,156.5742222
,1163575.0000000,1732535.0000000,35.5753532,129.3052004,157.0276121
,1163585.0000000,1732535.0000000,35.5753516,129.3053107,160.6364992
,1163595.0000000,1732535.0000000,35.5753499,129.3054211,161.3431870
,1163605.0000000,1732535.0000000,35.5753483,129.3055314,161.5000000
,1163615.0000000,1732535.0000000,35.5753466,129.3056417,161.5000000
,1163625.0000000,1732535.0000000,35.5753449,129.3057520,161.5000000
,1163635.0000000,1732535.0000000,35.5753433,129.3058623,161.5000000
,1163645.0000000,1732535.0000000,35.5753416,129.3059726,161.5000000
,1163655.0000000,1732535.0000000,35.5753400,129.3060829,162.9927234
,1163665.0000000,1732535.0000000,35.5753383,129.3061932,164.6237500
,1163675.0000000,1732535.0000000,35.5753367,129.3063035,165.8856110
,1163685.0000000,1732535.0000000,35.5753350,129.3064138,166.5000000
,1163695.0000000,1732535.0000000,35.5753334,129.3065242,166.5000000
,1163705.0000000,1732535.0000000,35.5753317,129.3066345,166.5000000
,1163715.0000000,1732535.0000000,35.5753301,129.3067448,166.5000000
,1163725.0000000,1732535.0000000,35.5753284,129.3068551,166.5000000
,1163735.0000000,1732535.0000000,35.5753268,129.3069654,166.5000000
,1163745.0000000,1732535.0000000,35.5753251,129.3070757,166.5000000
,1163755.0000000,1732535.0000000,35.5753234,129.3071860,166.5000000
,1163765.0000000,1732535.0000000,35.5753218,129.3072963,167.0664849
,1163775.0000000,1732535.0000000,35.5753201,129.3074066,169.3744742
,1163785.0000000,1732535.0000000,35.5753185,129.3075169,170.9668344
,1163795.0000000,1732535.0000000,35.5753168,129.3076273,171.5000000
,1163805.0000000,1732535.0000000,35.5753152,129.3077376,171.5000000
,1163815.0000000,1732535.0000000,35.5753135,129.3078479,171.5000000
,1163825.0000000,1732535.0000000,35.5753119,129.3079582,171.5000000
,1163835.0000000,1732535.0000000,35.5753102,129.3080685,171.5000000
,1163845.0000000,1732535.0000000,35.5753086,129.3081788,171.5000000
,1163855.0000000,1732535.0000000,35.5753069,129.3082891,171.5000000
,1163865.0000000,1732535.0000000,35.5753052,129.3083994,172.1750736
,1163875.0000000,1732535.0000000,35.5753036,129.3085097,173.4246186
,1163885.0000000,1732535.0000000,35.5753019,129.3086200,175.1360131
,1163895.0000000,1732535.0000000,35.5753003,129.3087304,176.2375509
,1163905.0000000,1732535.0000000,35.5752986,129.3088407,176.5000000
,1163915.0000000,1732535.0000000,35.5752970,129.3089510,176.5000000
,1163925.0000000,1732535.0000000,35.5752953,129.3090613,176.5000000
,1163935.0000000,1732535.0000000,35.5752937,129.3091716,176.5000000
,1163945.0000000,1732535.0000000,35.5752920,129.3092819,176.5000000
,1163955.0000000,1732535.0000000,35.5752903,129.3093922,176.5000000
,1163965.0000000,1732535.0000000,35.5752887,129.3095025,176.4857758
,1163975.0000000,1732535.0000000,35.5752870,129.3096128,176.3970209
,1163985.0000000,1732535.0000000,35.5752854,129.3097231,176.2329472
,1163995.0000000,1732535.0000000,35.5752837,129.3098335,176.3072509
,1163005.0000000,1732545.0000000,35.5755374,129.2989148,151.9393733
,1163015.0000000,1732545.0000000,35.5755357,129.2990251,148.7234193
,1163025.0000000,1732545.0000000,35.5755341,129.2991354,146.6841529
,1163035.0000000,1732545.0000000,35.5755324,129.2992457,146.4749225
,1163045.0000000,1732545.0000000,35.5755308,129.2993560,145.7499370
,1163055.0000000,1732545.0000000,35.5755291,129.2994663,145.3994294
,1163065.0000000,1732545.0000000,35.5755275,129.2995766,141.5088825
,1163075.0000000,1732545.0000000,35.5755258,129.2996869,136.2106667
,1163085.0000000,1732545.0000000,35.5755242,129.2997972,131.5456716
,1163095.0000000,1732545.0000000,35.5755225,129.2999075,126.3722498
,1163105.0000000,1732545.0000000,35.5755209,129.3000179,119.5821079
,1163115.0000000,1732545.0000000,35.5755192,129.3001282,115.2208828
,1163125.0000000,1732545.0000000,35.5755176,129.3002385,112.2781789
,1163135.0000000,1732545.0000000,35.5755159,129.3003488,111.3363484
,1163145.0000000,1732545.0000000,35.5755143,129.3004591,106.5389658
,1163155.0000000,1732545.0000000,35.5755126,129.3005694,105.2568410
,1163165.0000000,1732545.0000000,35.5755110,129.3006797,105.6160850
,1163175.0000000,1732545.0000000,35.5755093,129.3007900,106.0542750
,1163185.0000000,1732545.0000000,35.5755077,129.3009003,106.5000000
,1163195.0000000,1732545.0000000,35.5755061,129.3010107,106.5000000
,1163205.0000000,1732545.0000000,35.5755044,129.3011210,106.5143945
,1163215.0000000,1732545.0000000,35.5755028,129.3012313,107.6255832
,1163225.0000000,1732545.0000000,35.5755011,129.3013416,111.9232293
,1163235.0000000,1732545.0000000,35.5754995,129.3014519,113.6090079
,1163245.0000000,1732545.0000000,35.5754978,129.3015622,116.7252711
,1163255.0000000,1732545.0000000,35.5754962,129.3016725,121.4858565
,1163265.0000000,1732545.0000000,35.5754945,129.3017828,125.3962651
,1163275.0000000,1732545.0000000,35.5754929,129.3018931,127.9361705
,1163285.0000000,1732545.0000000,35.5754912,129.3020035,131.3266080
,1163295.0000000,1732545.0000000,35.5754896,129.3021138,131.3600638
,1163305.0000000,1732545.0000000,35.5754879,129.3022241,131.4738918
,1163315.0000000,1732545.0000000,35.5754863,129.3023344,128.8466840
,1163325.0000000,1732545.0000000,35.5754846,129.3024447,126.8948840
,1163335.0000000,1732545.0000000,35.5754830,129.3025550,132.3989948
,1163345.0000000,1732545.0000000,35.5754813,129.3026653,136.1499172
,1163355.0000000,1732545.0000000,35.5754797,129.3027756,136.2600182
,1163365.0000000,1732545.0000000,35.5754780,129.3028859,139.2338847
,1163375.0000000,1732545.0000000,35.5754764,129.3029962,141.0854114
,1163385.0000000,1732545.0000000,35.5754747,129.3031066,141.5297281
,1163395.0000000,1732545.0000000,35.5754731,129.3032169,143.6902440
,1163405.0000000,1732545.0000000,35.5754714,129.3033272,146.0683298
,1163415.0000000,1732545.0000000,35.5754698,129.3034375,146.4379050
,1163425.0000000,1732545.0000000,35.5754681,129.3035478,146.5000000
,1163435.0000000,1732545.0000000,35.5754665,129.3036581,146.5000000
,1163445.0000000,1732545.0000000,35.5754648,129.3037684,146.5190874
,1163455.0000000,1732545.0000000,35.5754632,129.3038787,147.1025936
,1163465.0000000,1732545.0000000,35.5754615,129.3039890,149.3477496
,1163475.0000000,1732545.0000000,35.5754598,129.3040994,150.9850305
,1163485.0000000,1732545.0000000,35.5754582,129.3042097,151.5000000
,1163495.0000000,1732545.0000000,35.5754565,129.3043200,151.5000000
,1163505.0000000,1732545.0000000,35.5754549,129.3044303,151.5000000
,1163515.0000000,1732545.0000000,35.5754532,129.3045406,152.3315052
,1163525.0000000,1732545.0000000,35.5754516,129.3046509,154.6545594
,1163535.0000000,1732545.0000000,35.5754499,129.3047612,156.1484905
,1163545.0000000,1732545.0000000,35.5754483,129.3048715,156.4797841
,1163555.0000000,1732545.0000000,35.5754466,129.3049818,156.5000000
,1163565.0000000,1732545.0000000,35.5754450,129.3050921,156.5000000
,1163575.0000000,1732545.0000000,35.5754433,129.3052025,157.1630677
,1163585.0000000,1732545.0000000,35.5754417,129.3053128,159.0341050
,1163595.0000000,1732545.0000000,35.5754400,129.3054231,161.2100643
,1163605.0000000,1732545.0000000,35.5754384,129.3055334,161.4756659
,1163615.0000000,1732545.0000000,35.5754367,129.3056437,161.5000000
,1163625.0000000,1732545.0000000,35.5754351,129.3057540,161.5000000
,1163635.0000000,1732545.0000000,35.5754334,129.3058643,161.5000000
,1163645.0000000,1732545.0000000,35.5754318,129.3059746,161.9381357
,1163655.0000000,1732545.0000000,35.5754301,129.3060849,163.2372726
,1163665.0000000,1732545.0000000,35.5754285,129.3061952,164.3166965
,1163675.0000000,1732545.0000000,35.5754268,129.3063056,165.7702757
,1163685.0000000,1732545.0000000,35.5754251,129.3064159,166.5000000
,1163695.0000000,1732545.0000000,35.5754235,129.3065262,166.5000000
,1163705.0000000,1732545.0000000,35.5754218,129.3066365,166.5000000
,1163715.0000000,1732545.0000000,35.5754202,129.3067468,166.5000000
,1163725.0000000,1732545.0000000,35.5754185,129.3068571,166.5000000
,1163735.0000000,1732545.0000000,35.5754169,129.3069674,166.5000000
,1163745.0000000,1732545.0000000,35.5754152,129.3070777,166.5000000
,1163755.0000000,1732545.0000000,35.5754136,129.3071880,166.5000000
,1163765.0000000,1732545.0000000,35.5754119,129.3072984,166.9757923
,1163775.0000000,1732545.0000000,35.5754103,129.3074087,169.3373912
,1163785.0000000,1732545.0000000,35.5754086,129.3075190,171.3068413
,1163795.0000000,1732545.0000000,35.5754070,129.3076293,171.5000000
,1163805.0000000,1732545.0000000,35.5754053,129.3077396,171.5000000
,1163815.0000000,1732545.0000000,35.5754036,129.3078499,171.5000000
,1163825.0000000,1732545.0000000,35.5754020,129.3079602,171.5000000
,1163835.0000000,1732545.0000000,35.5754003,129.3080705,171.5000000
,1163845.0000000,1732545.0000000,35.5753987,129.3081808,171.5000000
,1163855.0000000,1732545.0000000,35.5753970,129.3082911,171.5000000
,1163865.0000000,1732545.0000000,35.5753954,129.3084015,172.2414295
,1163875.0000000,1732545.0000000,35.5753937,129.3085118,173.6072506
,1163885.0000000,1732545.0000000,35.5753921,129.3086221,175.6432385
,1163895.0000000,1732545.0000000,35.5753904,129.3087324,176.3902439
,1163905.0000000,1732545.0000000,35.5753887,129.3088427,176.5000000
,1163915.0000000,1732545.0000000,35.5753871,129.3089530,176.5000000
,1163925.0000000,1732545.0000000,35.5753854,129.3090633,176.5000000
,1163935.0000000,1732545.0000000,35.5753838,129.3091736,176.5000000
,1163945.0000000,1732545.0000000,35.5753821,129.3092839,176.5000000
,1163955.0000000,1732545.0000000,35.5753805,129.3093942,176.5000000
,1163965.0000000,1732545.0000000,35.5753788,129.3095046,176.5000000
,1163975.0000000,1732545.0000000,35.5753772,129.3096149,176.4841608
,1163985.0000000,1732545.0000000,35.5753755,129.3097252,176.4777960
,1163995.0000000,1732545.0000000,35.5753738,129.3098355,176.4112671
,1163005.0000000,1732555.0000000,35.5756275,129.2989168,149.4660335
,1163015.0000000,1732555.0000000,35.5756258,129.2990271,146.3152621
,1163025.0000000,1732555.0000000,35.5756242,129.2991374,142.0252783
,1163035.0000000,1732555.0000000,35.5756225,129.2992477,141.5811707
,1163045.0000000,1732555.0000000,35.5756209,129.2993580,141.8027239
,1163055.0000000,1732555.0000000,35.5756192,129.2994683,141.5624109
,1163065.0000000,1732555.0000000,35.5756176,129.2995786,140.8494769
,1163075.0000000,1732555.0000000,35.5756159,129.2996889,136.3247395
,1163085.0000000,1732555.0000000,35.5756143,129.2997993,131.4878785
,1163095.0000000,1732555.0000000,35.5756127,129.2999096,126.4891214
,1163105.0000000,1732555.0000000,35.5756110,129.3000199,121.1935507
,1163115.0000000,1732555.0000000,35.5756094,129.3001302,115.8608148
,1163125.0000000,1732555.0000000,35.5756077,129.3002405,111.7063297
,1163135.0000000,1732555.0000000,35.5756061,129.3003508,107.2854931
,1163145.0000000,1732555.0000000,35.5756044,129.3004611,102.8714581
,1163155.0000000,1732555.0000000,35.5756028,129.3005714,102.3938988
,1163165.0000000,1732555.0000000,35.5756011,129.3006817,102.4124291
,1163175.0000000,1732555.0000000,35.5755995,129.3007921,103.9660199
,1163185.0000000,1732555.0000000,35.5755978,129.3009024,106.2335362
,1163195.0000000,1732555.0000000,35.5755962,129.3010127,106.5000000
,1163205.0000000,1732555.0000000,35.5755945,129.3011230,106.5711278
,1163215.0000000,1732555.0000000,35.5755929,129.3012333,107.2495482
,1163225.0000000,1732555.0000000,35.5755912,129.3013436,111.2350208
,1163235.0000000,1732555.0000000,35.5755896,129.3014539,112.6613252
,1163245.0000000,1732555.0000000,35.5755879,129.3015642,116.6643389
,1163255.0000000,1732555.0000000,35.5755863,129.3016745,121.3780677
,1163265.0000000,1732555.0000000,35.5755846,129.3017849,125.3511188
,1163275.0000000,1732555.0000000,35.5755830,129.3018952,127.6758820
,1163285.0000000,1732555.0000000,35.5755813,129.3020055,131.4114504
,1163295.0000000,1732555.0000000,35.5755797,129.3021158,132.0731077
,1163305.0000000,1732555.0000000,35.5755780,129.3022261,132.3919504
,1163315.0000000,1732555.0000000,35.5755764,129.3023364,131.6524669
,1163325.0000000,1732555.0000000,35.5755747,129.3024467,131.9539828
,1163335.0000000,1732555.0000000,35.5755731,129.3025570,135.0197870
,1163345.0000000,1732555.0000000,35.5755714,129.3026673,136.2851144
,1163355.0000000,1732555.0000000,35.5755698,129.3027776,136.9479830
,1163365.0000000,1732555.0000000,35.5755681,129.3028880,139.7370557
,1163375.0000000,1732555.0000000,35.5755665,129.3029983,141.3525467
,1163385.0000000,1732555.0000000,35.5755648,129.3031086,141.9795189
,1163395.0000000,1732555.0000000,35.5755632,129.3032189,144.2830063
,1163405.0000000,1732555.0000000,35.5755615,129.3033292,146.2429806
,1163415.0000000,1732555.0000000,35.5755599,129.3034395,146.5000000
,1163425.0000000,1732555.0000000,35.5755582,129.3035498,146.5000000
,1163435.0000000,1732555.0000000,35.5755566,129.3036601,146.5000000
,1163445.0000000,1732555.0000000,35.5755549,129.3037704,147.1961970
,1163455.0000000,1732555.0000000,35.5755533,129.3038808,148.7717863
,1163465.0000000,1732555.0000000,35.5755516,129.3039911,151.0168590
,1163475.0000000,1732555.0000000,35.5755500,129.3041014,151.4713996
,1163485.0000000,1732555.0000000,35.5755483,129.3042117,151.5000000
,1163495.0000000,1732555.0000000,35.5755467,129.3043220,151.5000000
,1163505.0000000,1732555.0000000,35.5755450,129.3044323,151.5000000
,1163515.0000000,1732555.0000000,35.5755434,129.3045426,152.3426043
,1163525.0000000,1732555.0000000,35.5755417,129.3046529,154.6419174
,1163535.0000000,1732555.0000000,35.5755401,129.3047632,156.0525235
,1163545.0000000,1732555.0000000,35.5755384,129.3048735,156.4770340
,1163555.0000000,1732555.0000000,35.5755368,129.3049839,156.5000000
,1163565.0000000,1732555.0000000,35.5755351,129.3050942,156.5000000
,1163575.0000000,1732555.0000000,35.5755335,129.3052045,157.0404123
,1163585.0000000,1732555.0000000,35.5755318,129.3053148,158.8272804
,1163595.0000000,1732555.0000000,35.5755301,129.3054251,160.7661743
,1163605.0000000,1732555.0000000,35.5755285,129.3055354,161.3743065
,1163615.0000000,1732555.0000000,35.5755268,129.3056457,161.5000000
,1163625.0000000,1732555.0000000,35.5755252,129.3057560,161.5000000
,1163635.0000000,1732555.0000000,35.5755235,129.3058663,161.6470693
,1163645.0000000,1732555.0000000,35.5755219,129.3059767,161.9019809
,1163655.0000000,1732555.0000000,35.5755202,129.3060870,162.6890461
,1163665.0000000,1732555.0000000,35.5755186,129.3061973,163.8327106
,1163675.0000000,1732555.0000000,35.5755169,129.3063076,165.6469745
,1163685.0000000,1732555.0000000,35.5755153,129.3064179,166.5000000
,1163695.0000000,1732555.0000000,35.5755136,129.3065282,166.5000000
,1163705.0000000,1732555.0000000,35.5755120,129.3066385,166.5000000
,1163715.0000000,1732555.0000000,35.5755103,129.3067488,166.5000000
,1163725.0000000,1732555.0000000,35.5755087,129.3068591,166.5000000
,1163735.0000000,1732555.0000000,35.5755070,129.3069694,166.5000000
,1163745.0000000,1732555.0000000,35.5755053,129.3070798,166.5000000
,1163755.0000000,1732555.0000000,35.5755037,129.3071901,166.5000000
,1163765.0000000,1732555.0000000,35.5755020,129.3073004,167.4531102
,1163775.0000000,1732555.0000000,35.5755004,129.3074107,169.5098205
,1163785.0000000,1732555.0000000,35.5754987,129.3075210,170.9634309
,1163795.0000000,1732555.0000000,35.5754971,129.3076313,171.5000000
,1163805.0000000,1732555.0000000,35.5754954,129.3077416,171.5000000
,1163815.0000000,1732555.0000000,35.5754938,129.3078519,171.5000000
,1163825.0000000,1732555.0000000,35.5754921,129.3079622,171.5000000
,1163835.0000000,1732555.0000000,35.5754905,129.3080725,171.5000000
,1163845.0000000,1732555.0000000,35.5754888,129.3081829,171.5000000
,1163855.0000000,1732555.0000000,35.5754871,129.3082932,171.5000000
,1163865.0000000,1732555.0000000,35.5754855,129.3084035,172.4421883
,1163875.0000000,1732555.0000000,35.5754838,129.3085138,173.5436850
,1163885.0000000,1732555.0000000,35.5754822,129.3086241,175.7061362
,1163895.0000000,1732555.0000000,35.5754805,129.3087344,176.4106452
,1163905.0000000,1732555.0000000,35.5754789,129.3088447,176.5000000
,1163915.0000000,1732555.0000000,35.5754772,129.3089550,176.5000000
,1163925.0000000,1732555.0000000,35.5754756,129.3090653,176.5000000
,1163935.0000000,1732555.0000000,35.5754739,129.3091756,176.5000000
,1163945.0000000,1732555.0000000,35.5754722,129.3092860,176.5000000
,1163955.0000000,1732555.0000000,35.5754706,129.3093963,176.5000000
,1163965.0000000,1732555.0000000,35.5754689,129.3095066,176.5000000
,1163975.0000000,1732555.0000000,35.5754673,129.3096169,176.5000000
,1163985.0000000,1732555.0000000,35.5754656,129.3097272,176.5000000
,1163995.0000000,1732555.0000000,35.5754640,129.3098375,176.4089149
,1163005.0000000,1732565.0000000,35.5757176,129.2989188,146.4601572
,1163015.0000000,1732565.0000000,35.5757160,129.2990291,142.9384713
,1163025.0000000,1732565.0000000,35.5757143,129.2991394,140.3919234
,1163035.0000000,1732565.0000000,35.5757127,129.2992497,137.3838182
,1163045.0000000,1732565.0000000,35.5757110,129.2993600,137.2361326
,1163055.0000000,1732565.0000000,35.5757094,129.2994703,137.0077326
,1163065.0000000,1732565.0000000,35.5757077,129.2995807,136.5833224
,1163075.0000000,1732565.0000000,35.5757061,129.2996910,134.8086589
,1163085.0000000,1732565.0000000,35.5757044,129.2998013,130.9513607
,1163095.0000000,1732565.0000000,35.5757028,129.2999116,125.9850629
,1163105.0000000,1732565.0000000,35.5757011,129.3000219,121.2194468
,1163115.0000000,1732565.0000000,35.5756995,129.3001322,116.4946912
,1163125.0000000,1732565.0000000,35.5756978,129.3002425,111.5751400
,1163135.0000000,1732565.0000000,35.5756962,129.3003528,106.7360735
,1163145.0000000,1732565.0000000,35.5756945,129.3004631,102.9575133
,1163155.0000000,1732565.0000000,35.5756929,129.3005734,101.5114771
,1163165.0000000,1732565.0000000,35.5756912,129.3006838,101.5000000
,1163175.0000000,1732565.0000000,35.5756896,129.3007941,101.7921961
,1163185.0000000,1732565.0000000,35.5756879,129.3009044,105.0583971
,1163195.0000000,1732565.0000000,35.5756863,129.3010147,106.5000000
,1163205.0000000,1732565.0000000,35.5756846,129.3011250,106.5140622
,1163215.0000000,1732565.0000000,35.5756830,129.3012353,107.0506180
,1163225.0000000,1732565.0000000,35.5756813,129.3013456,110.6448012
,1163235.0000000,1732565.0000000,35.5756797,129.3014559,111.6003322
,1163245.0000000,1732565.0000000,35.5756780,129.3015662,116.2121866
,1163255.0000000,1732565.0000000,35.5756764,129.3016766,120.9917133
,1163265.0000000,1732565.0000000,35.5756747,129.3017869,123.6719092
,1163275.0000000,1732565.0000000,35.5756731,129.3018972,127.0800692
,1163285.0000000,1732565.0000000,35.5756715,129.3020075,131.2738874
,1163295.0000000,1732565.0000000,35.5756698,129.3021178,134.6721628
,1163305.0000000,1732565.0000000,35.5756682,129.3022281,135.9301311
,1163315.0000000,1732565.0000000,35.5756665,129.3023384,136.1850293
,1163325.0000000,1732565.0000000,35.5756649,129.3024487,135.6582769
,1163335.0000000,1732565.0000000,35.5756632,129.3025590,136.2913788
,1163345.0000000,1732565.0000000,35.5756616,129.3026694,136.4809168
,1163355.0000000,1732565.0000000,35.5756599,129.3027797,137.9154150
,1163365.0000000,1732565.0000000,35.5756583,129.3028900,140.9226434
,1163375.0000000,1732565.0000000,35.5756566,129.3030003,141.4876645
,1163385.0000000,1732565.0000000,35.5756550,129.3031106,142.7698516
,1163395.0000000,1732565.0000000,35.5756533,129.3032209,145.5530488
,1163405.0000000,1732565.0000000,35.5756516,129.3033312,146.3000972
,1163415.0000000,1732565.0000000,35.5756500,129.3034415,146.5000000
,1163425.0000000,1732565.0000000,35.5756483,129.3035518,146.5000000
,1163435.0000000,1732565.0000000,35.5756467,129.3036622,146.9577685
,1163445.0000000,1732565.0000000,35.5756450,129.3037725,149.7867230
,1163455.0000000,1732565.0000000,35.5756434,129.3038828,151.1724067
,1163465.0000000,1732565.0000000,35.5756417,129.3039931,151.5000000
,1163475.0000000,1732565.0000000,35.5756401,129.3041034,151.5000000
,1163485.0000000,1732565.0000000,35.5756384,129.3042137,151.5000000
,1163495.0000000,1732565.0000000,35.5756368,129.3043240,151.5000000
,1163505.0000000,1732565.0000000,35.5756351,129.3044343,151.5000000
,1163515.0000000,1732565.0000000,35.5756335,129.3045446,152.5861077
,1163525.0000000,1732565.0000000,35.5756318,129.3046549,154.6937868
,1163535.0000000,1732565.0000000,35.5756302,129.3047653,155.8878784
,1163545.0000000,1732565.0000000,35.5756285,129.3048756,156.4644288
,1163555.0000000,1732565.0000000,35.5756269,129.3049859,156.5000000
,1163565.0000000,1732565.0000000,35.5756252,129.3050962,156.5000000
,1163575.0000000,1732565.0000000,35.5756236,129.3052065,156.7841934
,1163585.0000000,1732565.0000000,35.5756219,129.3053168,158.4468733
,1163595.0000000,1732565.0000000,35.5756203,129.3054271,159.7559778
,1163605.0000000,1732565.0000000,35.5756186,129.3055374,161.2708430
,1163615.0000000,1732565.0000000,35.5756170,129.3056477,161.5000000
,1163625.0000000,1732565.0000000,35.5756153,129.3057581,161.5551216
,1163635.0000000,1732565.0000000,35.5756137,129.3058684,161.8578247
,1163645.0000000,1732565.0000000,35.5756120,129.3059787,161.8778894
,1163655.0000000,1732565.0000000,35.5756103,129.3060890,161.6716972
,1163665.0000000,1732565.0000000,35.5756087,129.3061993,163.3141296
,1163675.0000000,1732565.0000000,35.5756070,129.3063096,165.5875248
,1163685.0000000,1732565.0000000,35.5756054,129.3064199,166.5000000
,1163695.0000000,1732565.0000000,35.5756037,129.3065302,166.5000000
,1163705.0000000,1732565.0000000,35.5756021,129.3066405,166.5000000
,1163715.0000000,1732565.0000000,35.5756004,129.3067508,166.5000000
,1163725.0000000,1732565.0000000,35.5755988,129.3068612,166.5000000
,1163735.0000000,1732565.0000000,35.5755971,129.3069715,166.5000000
,1163745.0000000,1732565.0000000,35.5755955,129.3070818,166.5000000
,1163755.0000000,1732565.0000000,35.5755938,129.3071921,166.5885237
,1163765.0000000,1732565.0000000,35.5755922,129.3073024,167.7830603
,1163775.0000000,1732565.0000000,35.5755905,129.3074127,169.9374964
,1163785.0000000,1732565.0000000,35.5755888,129.3075230,171.4269314
,1163795.0000000,1732565.0000000,35.5755872,129.3076333,171.5000000
,1163805.0000000,1732565.0000000,35.5755855,129.3077436,171.5000000
,1163815.0000000,1732565.0000000,35.5755839,129.3078540,171.5000000
,1163825.0000000,1732565.0000000,35.5755822,129.3079643,171.5000000
,1163835.0000000,1732565.0000000,35.5755806,129.3080746,171.5000000
,1163845.0000000,1732565.0000000,35.5755789,129.3081849,171.5000000
,1163855.0000000,1732565.0000000,35.5755773,129.3082952,171.5000000
,1163865.0000000,1732565.0000000,35.5755756,129.3084055,172.1427563
,1163875.0000000,1732565.0000000,35.5755740,129.3085158,173.4867476
,1163885.0000000,1732565.0000000,35.5755723,129.3086261,175.6155869
,1163895.0000000,1732565.0000000,35.5755706,129.3087364,176.2116395
,1163905.0000000,1732565.0000000,35.5755690,129.3088467,176.4915350
,1163915.0000000,1732565.0000000,35.5755673,129.3089571,176.5000000
,1163925.0000000,1732565.0000000,35.5755657,129.3090674,176.5000000
,1163935.0000000,1732565.0000000,35.5755640,129.3091777,176.5000000
,1163945.0000000,1732565.0000000,35.5755624,129.3092880,176.5000000
,1163955.0000000,1732565.0000000,35.5755607,129.3093983,176.5000000
,1163965.0000000,1732565.0000000,35.5755590,129.3095086,176.5000000
,1163975.0000000,1732565.0000000,35.5755574,129.3096189,176.5000000
,1163985.0000000,1732565.0000000,35.5755557,129.3097292,176.5000000
,1163995.0000000,1732565.0000000,35.5755541,129.3098395,176.5000000
,1163005.0000000,1732575.0000000,35.5758077,129.2989208,144.0088383
,1163015.0000000,1732575.0000000,35.5758061,129.2990311,141.4674141
,1163025.0000000,1732575.0000000,35.5758044,129.2991414,137.2741584
,1163035.0000000,1732575.0000000,35.5758028,129.2992517,135.9088066
,1163045.0000000,1732575.0000000,35.5758011,129.2993620,133.8872807
,1163055.0000000,1732575.0000000,35.5757995,129.2994724,132.5736635
,1163065.0000000,1732575.0000000,35.5757978,129.2995827,131.5403840
,1163075.0000000,1732575.0000000,35.5757962,129.2996930,131.1067056
,1163085.0000000,1732575.0000000,35.5757945,129.2998033,127.3138364
,1163095.0000000,1732575.0000000,35.5757929,129.2999136,123.4316373
,1163105.0000000,1732575.0000000,35.5757912,129.3000239,117.6430348
,1163115.0000000,1732575.0000000,35.5757896,129.3001342,113.4715648
,1163125.0000000,1732575.0000000,35.5757880,129.3002445,110.0823993
,1163135.0000000,1732575.0000000,35.5757863,129.3003548,106.3786275
,1163145.0000000,1732575.0000000,35.5757847,129.3004652,102.4320483
,1163155.0000000,1732575.0000000,35.5757830,129.3005755,101.5000000
,1163165.0000000,1732575.0000000,35.5757814,129.3006858,101.5000000
,1163175.0000000,1732575.0000000,35.5757797,129.3007961,101.8584415
,1163185.0000000,1732575.0000000,35.5757781,129.3009064,103.7445699
,1163195.0000000,1732575.0000000,35.5757764,129.3010167,105.8682929
,1163205.0000000,1732575.0000000,35.5757748,129.3011270,106.4192159
,1163215.0000000,1732575.0000000,35.5757731,129.3012373,107.4197073
,1163225.0000000,1732575.0000000,35.5757715,129.3013476,110.4975457
,1163235.0000000,1732575.0000000,35.5757698,129.3014580,111.8286952
,1163245.0000000,1732575.0000000,35.5757682,129.3015683,115.5083029
,1163255.0000000,1732575.0000000,35.5757665,129.3016786,119.0715376
,1163265.0000000,1732575.0000000,35.5757649,129.3017889,122.6595895
,1163275.0000000,1732575.0000000,35.5757632,129.3018992,126.5590330
,1163285.0000000,1732575.0000000,35.5757616,129.3020095,131.4491998
,1163295.0000000,1732575.0000000,35.5757599,129.3021198,135.6371330
,1163305.0000000,1732575.0000000,35.5757583,129.3022301,136.1643838
,1163315.0000000,1732575.0000000,35.5757566,129.3023404,136.1587432
,1163325.0000000,1732575.0000000,35.5757550,129.3024508,135.6242443
,1163335.0000000,1732575.0000000,35.5757533,129.3025611,135.8989497
,1163345.0000000,1732575.0000000,35.5757517,129.3026714,137.3227085
,1163355.0000000,1732575.0000000,35.5757500,129.3027817,139.8798399
,1163365.0000000,1732575.0000000,35.5757484,129.3028920,141.4518278
,1163375.0000000,1732575.0000000,35.5757467,129.3030023,141.5149161
,1163385.0000000,1732575.0000000,35.5757451,129.3031126,143.4594105
,1163395.0000000,1732575.0000000,35.5757434,129.3032229,145.8763701
,1163405.0000000,1732575.0000000,35.5757418,129.3033332,146.4763508
,1163415.0000000,1732575.0000000,35.5757401,129.3034436,146.5000000
,1163425.0000000,1732575.0000000,35.5757385,129.3035539,146.5000000
,1163435.0000000,1732575.0000000,35.5757368,129.3036642,149.6676191
,1163445.0000000,1732575.0000000,35.5757352,129.3037745,151.2931390
,1163455.0000000,1732575.0000000,35.5757335,129.3038848,151.5000000
,1163465.0000000,1732575.0000000,35.5757319,129.3039951,151.5000000
,1163475.0000000,1732575.0000000,35.5757302,129.3041054,151.5000000
,1163485.0000000,1732575.0000000,35.5757286,129.3042157,151.5000000
,1163495.0000000,1732575.0000000,35.5757269,129.3043260,151.5000000
,1163505.0000000,1732575.0000000,35.5757253,129.3044363,151.5000000
,1163515.0000000,1732575.0000000,35.5757236,129.3045467,153.3393046
,1163525.0000000,1732575.0000000,35.5757220,129.3046570,155.2453676
,1163535.0000000,1732575.0000000,35.5757203,129.3047673,156.0730785
,1163545.0000000,1732575.0000000,35.5757186,129.3048776,156.4410750
,1163555.0000000,1732575.0000000,35.5757170,129.3049879,156.5000000
,1163565.0000000,1732575.0000000,35.5757153,129.3050982,156.5000000
,1163575.0000000,1732575.0000000,35.5757137,129.3052085,156.7477371
,1163585.0000000,1732575.0000000,35.5757120,129.3053188,157.4630441
,1163595.0000000,1732575.0000000,35.5757104,129.3054291,159.0600657
,1163605.0000000,1732575.0000000,35.5757087,129.3055395,161.5000000
,1163615.0000000,1732575.0000000,35.5757071,129.3056498,161.5000000
,1163625.0000000,1732575.0000000,35.5757054,129.3057601,161.5000000
,1163635.0000000,1732575.0000000,35.5757038,129.3058704,162.0320619
,1163645.0000000,1732575.0000000,35.5757021,129.3059807,162.2181494
,1163655.0000000,1732575.0000000,35.5757005,129.3060910,161.8711729
,1163665.0000000,1732575.0000000,35.5756988,129.3062013,163.9384246
,1163675.0000000,1732575.0000000,35.5756972,129.3063116,166.4628831
,1163685.0000000,1732575.0000000,35.5756955,129.3064219,166.5000000
,1163695.0000000,1732575.0000000,35.5756939,129.3065323,166.5000000
,1163705.0000000,1732575.0000000,35.5756922,129.3066426,166.5000000
,1163715.0000000,1732575.0000000,35.5756905,129.3067529,166.5000000
,1163725.0000000,1732575.0000000,35.5756889,129.3068632,166.5000000
,1163735.0000000,1732575.0000000,35.5756872,129.3069735,166.5000000
,1163745.0000000,1732575.0000000,35.5756856,129.3070838,166.5000000
,1163755.0000000,1732575.0000000,35.5756839,129.3071941,166.8571881
,1163765.0000000,1732575.0000000,35.5756823,129.3073044,168.3045328
,1163775.0000000,1732575.0000000,35.5756806,129.3074147,170.2952236
,1163785.0000000,1732575.0000000,35.5756790,129.3075250,171.5000000
,1163795.0000000,1732575.0000000,35.5756773,129.3076354,171.5000000
,1163805.0000000,1732575.0000000,35.5756757,129.3077457,171.5000000
,1163815.0000000,1732575.0000000,35.5756740,129.3078560,171.5000000
,1163825.0000000,1732575.0000000,35.5756723,129.3079663,171.5000000
,1163835.0000000,1732575.0000000,35.5756707,129.3080766,171.5000000
,1163845.0000000,1732575.0000000,35.5756690,129.3081869,171.5000000
,1163855.0000000,1732575.0000000,35.5756674,129.3082972,171.5000000
,1163865.0000000,1732575.0000000,35.5756657,129.3084075,171.9258646
,1163875.0000000,1732575.0000000,35.5756641,129.3085178,173.1026520
,1163885.0000000,1732575.0000000,35.5756624,129.3086282,175.0685400
,1163895.0000000,1732575.0000000,35.5756608,129.3087385,176.0508222
,1163905.0000000,1732575.0000000,35.5756591,129.3088488,176.3526529
,1163915.0000000,1732575.0000000,35.5756575,129.3089591,176.4899350
,1163925.0000000,1732575.0000000,35.5756558,129.3090694,176.5000000
,1163935.0000000,1732575.0000000,35.5756541,129.3091797,176.5000000
,1163945.0000000,1732575.0000000,35.5756525,129.3092900,176.5000000
,1163955.0000000,1732575.0000000,35.5756508,129.3094003,176.5000000
,1163965.0000000,1732575.0000000,35.5756492,129.3095106,176.5000000
,1163975.0000000,1732575.0000000,35.5756475,129.3096209,176.5000000
,1163985.0000000,1732575.0000000,35.5756459,129.3097313,176.5000000
,1163995.0000000,1732575.0000000,35.5756442,129.3098416,176.5000000
,1163005.0000000,1732585.0000000,35.5758978,129.2989228,141.5060473
,1163015.0000000,1732585.0000000,35.5758962,129.2990331,139.2090509
,1163025.0000000,1732585.0000000,35.5758945,129.2991434,136.3448126
,1163035.0000000,1732585.0000000,35.5758929,129.2992537,132.4421057
,1163045.0000000,1732585.0000000,35.5758913,129.2993641,131.2002576
,1163055.0000000,1732585.0000000,35.5758896,129.2994744,128.7472710
,1163065.0000000,1732585.0000000,35.5758880,129.2995847,126.5651060
,1163075.0000000,1732585.0000000,35.5758863,129.2996950,126.1462603
,1163085.0000000,1732585.0000000,35.5758847,129.2998053,124.3118304
,1163095.0000000,1732585.0000000,35.5758830,129.2999156,121.3729402
,1163105.0000000,1732585.0000000,35.5758814,129.3000259,116.4568762
,1163115.0000000,1732585.0000000,35.5758797,129.3001362,110.8781374
,1163125.0000000,1732585.0000000,35.5758781,129.3002466,106.4584122
,1163135.0000000,1732585.0000000,35.5758764,129.3003569,103.0626781
,1163145.0000000,1732585.0000000,35.5758748,129.3004672,101.5903302
,1163155.0000000,1732585.0000000,35.5758731,129.3005775,101.5000000
,1163165.0000000,1732585.0000000,35.5758715,129.3006878,101.5000000
,1163175.0000000,1732585.0000000,35.5758698,129.3007981,101.5000000
,1163185.0000000,1732585.0000000,35.5758682,129.3009084,102.4819307
,1163195.0000000,1732585.0000000,35.5758665,129.3010187,105.0386600
,1163205.0000000,1732585.0000000,35.5758649,129.3011290,106.0416384
,1163215.0000000,1732585.0000000,35.5758632,129.3012394,107.7663033
,1163225.0000000,1732585.0000000,35.5758616,129.3013497,111.4435915
,1163235.0000000,1732585.0000000,35.5758599,129.3014600,111.8981682
,1163245.0000000,1732585.0000000,35.5758583,129.3015703,114.9223743
,1163255.0000000,1732585.0000000,35.5758566,129.3016806,117.8523381
,1163265.0000000,1732585.0000000,35.5758550,129.3017909,122.0029646
,1163275.0000000,1732585.0000000,35.5758533,129.3019012,126.4814521
,1163285.0000000,1732585.0000000,35.5758517,129.3020115,130.8560169
,1163295.0000000,1732585.0000000,35.5758500,129.3021218,134.6804429
,1163305.0000000,1732585.0000000,35.5758484,129.3022322,136.1754959
,1163315.0000000,1732585.0000000,35.5758467,129.3023425,136.2559316
,1163325.0000000,1732585.0000000,35.5758451,129.3024528,136.5000000
,1163335.0000000,1732585.0000000,35.5758434,129.3025631,137.6979096
,1163345.0000000,1732585.0000000,35.5758418,129.3026734,139.2013934
,1163355.0000000,1732585.0000000,35.5758401,129.3027837,140.8354411
,1163365.0000000,1732585.0000000,35.5758385,129.3028940,141.3960735
,1163375.0000000,1732585.0000000,35.5758368,129.3030043,141.6106930
,1163385.0000000,1732585.0000000,35.5758352,129.3031146,143.5998860
,1163395.0000000,1732585.0000000,35.5758335,129.3032250,146.0450324
,1163405.0000000,1732585.0000000,35.5758319,129.3033353,146.4908853
,1163415.0000000,1732585.0000000,35.5758302,129.3034456,146.4254998
,1163425.0000000,1732585.0000000,35.5758286,129.3035559,147.1362654
,1163435.0000000,1732585.0000000,35.5758269,129.3036662,150.0422937
,1163445.0000000,1732585.0000000,35.5758253,129.3037765,151.5000000
,1163455.0000000,1732585.0000000,35.5758236,129.3038868,151.5000000
,1163465.0000000,1732585.0000000,35.5758220,129.3039971,151.5000000
,1163475.0000000,1732585.0000000,35.5758203,129.3041074,151.5000000
,1163485.0000000,1732585.0000000,35.5758187,129.3042177,151.5000000
,1163495.0000000,1732585.0000000,35.5758170,129.3043281,151.5000000
,1163505.0000000,1732585.0000000,35.5758154,129.3044384,151.5000000
,1163515.0000000,1732585.0000000,35.5758137,129.3045487,153.5702154
,1163525.0000000,1732585.0000000,35.5758121,129.3046590,155.3051037
,1163535.0000000,1732585.0000000,35.5758104,129.3047693,156.3356509
,1163545.0000000,1732585.0000000,35.5758088,129.3048796,156.4906300
,1163555.0000000,1732585.0000000,35.5758071,129.3049899,156.5000000
,1163565.0000000,1732585.0000000,35.5758055,129.3051002,156.5000000
,1163575.0000000,1732585.0000000,35.5758038,129.3052105,156.5000000
,1163585.0000000,1732585.0000000,35.5758022,129.3053209,156.8727831
,1163595.0000000,1732585.0000000,35.5758005,129.3054312,158.1979098
,1163605.0000000,1732585.0000000,35.5757989,129.3055415,161.1318355
,1163615.0000000,1732585.0000000,35.5757972,129.3056518,161.5000000
,1163625.0000000,1732585.0000000,35.5757955,129.3057621,161.5000000
,1163635.0000000,1732585.0000000,35.5757939,129.3058724,161.9887773
,1163645.0000000,1732585.0000000,35.5757922,129.3059827,162.1652829
,1163655.0000000,1732585.0000000,35.5757906,129.3060930,161.7943030
,1163665.0000000,1732585.0000000,35.5757889,129.3062033,164.3865493
,1163675.0000000,1732585.0000000,35.5757873,129.3063137,165.9300553
,1163685.0000000,1732585.0000000,35.5757856,129.3064240,166.3252765
,1163695.0000000,1732585.0000000,35.5757840,129.3065343,166.5000000
,1163705.0000000,1732585.0000000,35.5757823,129.3066446,166.5000000
,1163715.0000000,1732585.0000000,35.5757807,129.3067549,166.5000000
,1163725.0000000,1732585.0000000,35.5757790,129.3068652,166.5000000
,1163735.0000000,1732585.0000000,35.5757774,129.3069755,166.5000000
,1163745.0000000,1732585.0000000,35.5757757,129.3070858,166.5000000
,1163755.0000000,1732585.0000000,35.5757741,129.3071961,166.5000000
,1163765.0000000,1732585.0000000,35.5757724,129.3073065,167.5090136
,1163775.0000000,1732585.0000000,35.5757707,129.3074168,169.6685184
,1163785.0000000,1732585.0000000,35.5757691,129.3075271,171.2465280
,1163795.0000000,1732585.0000000,35.5757674,129.3076374,171.5000000
,1163805.0000000,1732585.0000000,35.5757658,129.3077477,171.5000000
,1163815.0000000,1732585.0000000,35.5757641,129.3078580,171.5000000
,1163825.0000000,1732585.0000000,35.5757625,129.3079683,171.5000000
,1163835.0000000,1732585.0000000,35.5757608,129.3080786,171.5000000
,1163845.0000000,1732585.0000000,35.5757592,129.3081889,171.5000000
,1163855.0000000,1732585.0000000,35.5757575,129.3082992,171.5000000
,1163865.0000000,1732585.0000000,35.5757558,129.3084096,171.5986870
,1163875.0000000,1732585.0000000,35.5757542,129.3085199,172.6295378
,1163885.0000000,1732585.0000000,35.5757525,129.3086302,174.1962922
,1163895.0000000,1732585.0000000,35.5757509,129.3087405,175.6445670
,1163905.0000000,1732585.0000000,35.5757492,129.3088508,176.1609985
,1163915.0000000,1732585.0000000,35.5757476,129.3089611,176.4444620
,1163925.0000000,1732585.0000000,35.5757459,129.3090714,176.4931063
,1163935.0000000,1732585.0000000,35.5757443,129.3091817,176.5000000
,1163945.0000000,1732585.0000000,35.5757426,129.3092920,176.5000000
,1163955.0000000,1732585.0000000,35.5757409,129.3094024,176.5000000
,1163965.0000000,1732585.0000000,35.5757393,129.3095127,176.5000000
,1163975.0000000,1732585.0000000,35.5757376,129.3096230,176.5000000
,1163985.0000000,1732585.0000000,35.5757360,129.3097333,176.5000000
,1163995.0000000,1732585.0000000,35.5757343,129.3098436,176.5000000
,1163005.0000000,1732595.0000000,35.5759880,129.2989248,139.9464649
,1163015.0000000,1732595.0000000,35.5759863,129.2990351,136.7839616
,1163025.0000000,1732595.0000000,35.5759847,129.2991455,134.1123003
,1163035.0000000,1732595.0000000,35.5759830,129.2992558,131.2022136
,1163045.0000000,1732595.0000000,35.5759814,129.2993661,127.8478268
,1163055.0000000,1732595.0000000,35.5759797,129.2994764,126.4910712
,1163065.0000000,1732595.0000000,35.5759781,129.2995867,124.0222853
,1163075.0000000,1732595.0000000,35.5759764,129.2996970,121.5708107
,1163085.0000000,1732595.0000000,35.5759748,129.2998073,121.0377952
,1163095.0000000,1732595.0000000,35.5759731,129.2999176,116.8817830
,1163105.0000000,1732595.0000000,35.5759715,129.3000279,112.5268343
,1163115.0000000,1732595.0000000,35.5759698,129.3001383,108.5526884
,1163125.0000000,1732595.0000000,35.5759682,129.3002486,105.5780173
,1163135.0000000,1732595.0000000,35.5759665,129.3003589,101.6516030
,1163145.0000000,1732595.0000000,35.5759649,129.3004692,101.6161792
,1163155.0000000,1732595.0000000,35.5759632,129.3005795,101.5000000
,1163165.0000000,1732595.0000000,35.5759616,129.3006898,101.5000000
,1163175.0000000,1732595.0000000,35.5759600,129.3008001,101.5000000
,1163185.0000000,1732595.0000000,35.5759583,129.3009104,101.7871238
,1163195.0000000,1732595.0000000,35.5759567,129.3010207,102.3248767
,1163205.0000000,1732595.0000000,35.5759550,129.3011311,105.7218877
,1163215.0000000,1732595.0000000,35.5759534,129.3012414,107.1615487
,1163225.0000000,1732595.0000000,35.5759517,129.3013517,111.9972736
,1163235.0000000,1732595.0000000,35.5759501,129.3014620,111.8927415
,1163245.0000000,1732595.0000000,35.5759484,129.3015723,116.3460977
,1163255.0000000,1732595.0000000,35.5759468,129.3016826,118.7565081
,1163265.0000000,1732595.0000000,35.5759451,129.3017929,122.0668611
,1163275.0000000,1732595.0000000,35.5759435,129.3019032,126.2955072
,1163285.0000000,1732595.0000000,35.5759418,129.3020135,129.2870428
,1163295.0000000,1732595.0000000,35.5759402,129.3021239,133.9180045
,1163305.0000000,1732595.0000000,35.5759385,129.3022342,136.3885979
,1163315.0000000,1732595.0000000,35.5759369,129.3023445,136.2801569
,1163325.0000000,1732595.0000000,35.5759352,129.3024548,137.1389142
,1163335.0000000,1732595.0000000,35.5759336,129.3025651,139.1410096
,1163345.0000000,1732595.0000000,35.5759319,129.3026754,141.2879704
,1163355.0000000,1732595.0000000,35.5759303,129.3027857,141.5000000
,1163365.0000000,1732595.0000000,35.5759286,129.3028960,141.5000000
,1163375.0000000,1732595.0000000,35.5759270,129.3030063,141.5810682
,1163385.0000000,1732595.0000000,35.5759253,129.3031167,143.4729258
,1163395.0000000,1732595.0000000,35.5759237,129.3032270,146.0194694
,1163405.0000000,1732595.0000000,35.5759220,129.3033373,146.4275612
,1163415.0000000,1732595.0000000,35.5759204,129.3034476,146.4688029
,1163425.0000000,1732595.0000000,35.5759187,129.3035579,147.3477367
,1163435.0000000,1732595.0000000,35.5759171,129.3036682,150.0393732
,1163445.0000000,1732595.0000000,35.5759154,129.3037785,151.4566328
,1163455.0000000,1732595.0000000,35.5759138,129.3038888,151.5000000
,1163465.0000000,1732595.0000000,35.5759121,129.3039991,151.5000000
,1163475.0000000,1732595.0000000,35.5759105,129.3041095,151.5000000
,1163485.0000000,1732595.0000000,35.5759088,129.3042198,151.5000000
,1163495.0000000,1732595.0000000,35.5759072,129.3043301,151.5000000
,1163505.0000000,1732595.0000000,35.5759055,129.3044404,152.1044088
,1163515.0000000,1732595.0000000,35.5759038,129.3045507,154.0595561
,1163525.0000000,1732595.0000000,35.5759022,129.3046610,155.3554575
,1163535.0000000,1732595.0000000,35.5759005,129.3047713,156.3406253
,1163545.0000000,1732595.0000000,35.5758989,129.3048816,156.5000000
,1163555.0000000,1732595.0000000,35.5758972,129.3049919,156.5000000
,1163565.0000000,1732595.0000000,35.5758956,129.3051023,156.5000000
,1163575.0000000,1732595.0000000,35.5758939,129.3052126,156.5000000
,1163585.0000000,1732595.0000000,35.5758923,129.3053229,157.1157086
,1163595.0000000,1732595.0000000,35.5758906,129.3054332,158.6206804
,1163605.0000000,1732595.0000000,35.5758890,129.3055435,160.4730834
,1163615.0000000,1732595.0000000,35.5758873,129.3056538,161.5000000
,1163625.0000000,1732595.0000000,35.5758857,129.3057641,161.5000000
,1163635.0000000,1732595.0000000,35.5758840,129.3058744,161.5600339
,1163645.0000000,1732595.0000000,35.5758824,129.3059847,161.7408996
,1163655.0000000,1732595.0000000,35.5758807,129.3060951,162.3543081
,1163665.0000000,1732595.0000000,35.5758791,129.3062054,163.9976923
,1163675.0000000,1732595.0000000,35.5758774,129.3063157,165.4773457
,1163685.0000000,1732595.0000000,35.5758758,129.3064260,166.3025597
,1163695.0000000,1732595.0000000,35.5758741,129.3065363,166.5000000
,1163705.0000000,1732595.0000000,35.5758724,129.3066466,166.5000000
,1163715.0000000,1732595.0000000,35.5758708,129.3067569,166.5000000
,1163725.0000000,1732595.0000000,35.5758691,129.3068672,166.5000000
,1163735.0000000,1732595.0000000,35.5758675,129.3069775,166.5000000
,1163745.0000000,1732595.0000000,35.5758658,129.3070879,166.5000000
,1163755.0000000,1732595.0000000,35.5758642,129.3071982,166.5000000
,1163765.0000000,1732595.0000000,35.5758625,129.3073085,166.8766450
,1163775.0000000,1732595.0000000,35.5758609,129.3074188,168.2069321
,1163785.0000000,1732595.0000000,35.5758592,129.3075291,170.2664864
,1163795.0000000,1732595.0000000,35.5758576,129.3076394,171.1234896
,1163805.0000000,1732595.0000000,35.5758559,129.3077497,171.5000000
,1163815.0000000,1732595.0000000,35.5758542,129.3078600,171.5000000
,1163825.0000000,1732595.0000000,35.5758526,129.3079703,171.5000000
,1163835.0000000,1732595.0000000,35.5758509,129.3080807,171.5000000
,1163845.0000000,1732595.0000000,35.5758493,129.3081910,171.5000000
,1163855.0000000,1732595.0000000,35.5758476,129.3083013,171.5000000
,1163865.0000000,1732595.0000000,35.5758460,129.3084116,171.5000000
,1163875.0000000,1732595.0000000,35.5758443,129.3085219,172.0402519
,1163885.0000000,1732595.0000000,35.5758427,129.3086322,173.0791364
,1163895.0000000,1732595.0000000,35.5758410,129.3087425,174.7235149
,1163905.0000000,1732595.0000000,35.5758393,129.3088528,175.7949586
,1163915.0000000,1732595.0000000,35.5758377,129.3089631,176.1860284
,1163925.0000000,1732595.0000000,35.5758360,129.3090734,176.3537884
,1163935.0000000,1732595.0000000,35.5758344,129.3091838,176.4576510
,1163945.0000000,1732595.0000000,35.5758327,129.3092941,176.5000000
,1163955.0000000,1732595.0000000,35.5758311,129.3094044,176.5000000
,1163965.0000000,1732595.0000000,35.5758294,129.3095147,176.5000000
,1163975.0000000,1732595.0000000,35.5758278,129.3096250,176.5000000
,1163985.0000000,1732595.0000000,35.5758261,129.3097353,176.5000000
,1163995.0000000,1732595.0000000,35.5758244,129.3098456,176.5000000
,1163005.0000000,1732605.0000000,35.5760781,129.2989268,137.8212990
,1163015.0000000,1732605.0000000,35.5760764,129.2990372,136.0353176
,1163025.0000000,1732605.0000000,35.5760748,129.2991475,132.3964390
,1163035.0000000,1732605.0000000,35.5760731,129.2992578,129.9228715
,1163045.0000000,1732605.0000000,35.5760715,129.2993681,126.6557878
,1163055.0000000,1732605.0000000,35.5760698,129.2994784,125.0738020
,1163065.0000000,1732605.0000000,35.5760682,129.2995887,121.7824203
,1163075.0000000,1732605.0000000,35.5760666,129.2996990,120.4763059
,1163085.0000000,1732605.0000000,35.5760649,129.2998093,117.6231092
,1163095.0000000,1732605.0000000,35.5760633,129.2999197,115.7880467
,1163105.0000000,1732605.0000000,35.5760616,129.3000300,112.2023437
,1163115.0000000,1732605.0000000,35.5760600,129.3001403,109.7833674
,1163125.0000000,1732605.0000000,35.5760583,129.3002506,106.4084551
,1163135.0000000,1732605.0000000,35.5760567,129.3003609,101.8155684
,1163145.0000000,1732605.0000000,35.5760550,129.3004712,100.5341296
,1163155.0000000,1732605.0000000,35.5760534,129.3005815,99.8737290
,1163165.0000000,1732605.0000000,35.5760517,129.3006918,100.8204420
,1163175.0000000,1732605.0000000,35.5760501,129.3008021,101.5000000
,1163185.0000000,1732605.0000000,35.5760484,129.3009125,101.5518077
,1163195.0000000,1732605.0000000,35.5760468,129.3010228,102.0893765
,1163205.0000000,1732605.0000000,35.5760451,129.3011331,106.2518170
,1163215.0000000,1732605.0000000,35.5760435,129.3012434,106.5924788
,1163225.0000000,1732605.0000000,35.5760418,129.3013537,111.1238433
,1163235.0000000,1732605.0000000,35.5760402,129.3014640,113.8039561
,1163245.0000000,1732605.0000000,35.5760385,129.3015743,116.6040185
,1163255.0000000,1732605.0000000,35.5760369,129.3016846,120.4632813
,1163265.0000000,1732605.0000000,35.5760352,129.3017949,123.4173673
,1163275.0000000,1732605.0000000,35.5760336,129.3019053,126.3531047
,1163285.0000000,1732605.0000000,35.5760319,129.3020156,128.4957329
,1163295.0000000,1732605.0000000,35.5760303,129.3021259,133.4283356
,1163305.0000000,1732605.0000000,35.5760286,129.3022362,136.4200513
,1163315.0000000,1732605.0000000,35.5760270,129.3023465,136.1481689
,1163325.0000000,1732605.0000000,35.5760253,129.3024568,137.4915608
,1163335.0000000,1732605.0000000,35.5760237,129.3025671,139.7801614
,1163345.0000000,1732605.0000000,35.5760220,129.3026774,141.5000000
,1163355.0000000,1732605.0000000,35.5760204,129.3027877,141.5000000
,1163365.0000000,1732605.0000000,35.5760187,129.3028981,141.5000000
,1163375.0000000,1732605.0000000,35.5760171,129.3030084,141.6379944
,1163385.0000000,1732605.0000000,35.5760154,129.3031187,143.1862106
,1163395.0000000,1732605.0000000,35.5760138,129.3032290,145.7288906
,1163405.0000000,1732605.0000000,35.5760121,129.3033393,146.4264329
,1163415.0000000,1732605.0000000,35.5760105,129.3034496,146.5259853
,1163425.0000000,1732605.0000000,35.5760088,129.3035599,147.5496719
,1163435.0000000,1732605.0000000,35.5760072,129.3036702,149.8541219
,1163445.0000000,1732605.0000000,35.5760055,129.3037805,151.3356487
,1163455.0000000,1732605.0000000,35.5760039,129.3038909,151.5000000
,1163465.0000000,1732605.0000000,35.5760022,129.3040012,151.5000000
,1163475.0000000,1732605.0000000,35.5760006,129.3041115,151.5000000
,1163485.0000000,1732605.0000000,35.5759989,129.3042218,151.5000000
,1163495.0000000,1732605.0000000,35.5759973,129.3043321,151.5000000
,1163505.0000000,1732605.0000000,35.5759956,129.3044424,151.9617904
,1163515.0000000,1732605.0000000,35.5759940,129.3045527,153.8954131
,1163525.0000000,1732605.0000000,35.5759923,129.3046630,155.1870343
,1163535.0000000,1732605.0000000,35.5759907,129.3047733,156.1021774
,1163545.0000000,1732605.0000000,35.5759890,129.3048837,156.4020657
,1163555.0000000,1732605.0000000,35.5759874,129.3049940,156.4834317
,1163565.0000000,1732605.0000000,35.5759857,129.3051043,156.5000000
,1163575.0000000,1732605.0000000,35.5759841,129.3052146,156.5000000
,1163585.0000000,1732605.0000000,35.5759824,129.3053249,157.3502021
,1163595.0000000,1732605.0000000,35.5759808,129.3054352,158.6615410
,1163605.0000000,1732605.0000000,35.5759791,129.3055455,160.3683113
,1163615.0000000,1732605.0000000,35.5759774,129.3056558,161.1878633
,1163625.0000000,1732605.0000000,35.5759758,129.3057661,161.5000000
,1163635.0000000,1732605.0000000,35.5759741,129.3058765,161.5000000
,1163645.0000000,1732605.0000000,35.5759725,129.3059868,161.5049095
,1163655.0000000,1732605.0000000,35.5759708,129.3060971,161.8420778
,1163665.0000000,1732605.0000000,35.5759692,129.3062074,163.7746024
,1163675.0000000,1732605.0000000,35.5759675,129.3063177,165.4133832
,1163685.0000000,1732605.0000000,35.5759659,129.3064280,166.4339769
,1163695.0000000,1732605.0000000,35.5759642,129.3065383,166.5000000
,1163705.0000000,1732605.0000000,35.5759626,129.3066486,166.5000000
,1163715.0000000,1732605.0000000,35.5759609,129.3067589,166.5000000
,1163725.0000000,1732605.0000000,35.5759593,129.3068693,166.5000000
,1163735.0000000,1732605.0000000,35.5759576,129.3069796,166.5000000
,1163745.0000000,1732605.0000000,35.5759559,129.3070899,166.5000000
,1163755.0000000,1732605.0000000,35.5759543,129.3072002,166.5000000
,1163765.0000000,1732605.0000000,35.5759526,129.3073105,166.5000000
,1163775.0000000,1732605.0000000,35.5759510,129.3074208,167.1732019
,1163785.0000000,1732605.0000000,35.5759493,129.3075311,168.5038282
,1163795.0000000,1732605.0000000,35.5759477,129.3076414,170.1131696
,1163805.0000000,1732605.0000000,35.5759460,129.3077517,171.2210067
,1163815.0000000,1732605.0000000,35.5759444,129.3078621,171.5000000
,1163825.0000000,1732605.0000000,35.5759427,129.3079724,171.5000000
,1163835.0000000,1732605.0000000,35.5759411,129.3080827,171.5000000
,1163845.0000000,1732605.0000000,35.5759394,129.3081930,171.5000000
,1163855.0000000,1732605.0000000,35.5759377,129.3083033,171.5000000
,1163865.0000000,1732605.0000000,35.5759361,129.3084136,171.5000000
,1163875.0000000,1732605.0000000,35.5759344,129.3085239,171.8060329
,1163885.0000000,1732605.0000000,35.5759328,129.3086342,172.4650769
,1163895.0000000,1732605.0000000,35.5759311,129.3087445,173.6393033
,1163905.0000000,1732605.0000000,35.5759295,129.3088549,175.0488180
,1163915.0000000,1732605.0000000,35.5759278,129.3089652,175.7626688
,1163925.0000000,1732605.0000000,35.5759262,129.3090755,176.0484239
,1163935.0000000,1732605.0000000,35.5759245,129.3091858,176.2686959
,1163945.0000000,1732605.0000000,35.5759228,129.3092961,176.4798396
,1163955.0000000,1732605.0000000,35.5759212,129.3094064,176.5000000
,1163965.0000000,1732605.0000000,35.5759195,129.3095167,176.7583345
,1163975.0000000,1732605.0000000,35.5759179,129.3096270,177.4922003
,1163985.0000000,1732605.0000000,35.5759162,129.3097373,177.9020000
,1163995.0000000,1732605.0000000,35.5759146,129.3098476,178.9335546
,1163005.0000000,1732615.0000000,35.5761682,129.2989289,139.0014199
,1163015.0000000,1732615.0000000,35.5761666,129.2990392,136.8055514
,1163025.0000000,1732615.0000000,35.5761649,129.2991495,134.4462556
,1163035.0000000,1732615.0000000,35.5761633,129.2992598,131.1103700
,1163045.0000000,1732615.0000000,35.5761616,129.2993701,126.6694115
,1163055.0000000,1732615.0000000,35.5761600,129.2994804,125.9932478
,1163065.0000000,1732615.0000000,35.5761583,129.2995907,121.5747501
,1163075.0000000,1732615.0000000,35.5761567,129.2997010,119.4122856
,1163085.0000000,1732615.0000000,35.5761550,129.2998114,116.4739834
,1163095.0000000,1732615.0000000,35.5761534,129.2999217,113.4926856
,1163105.0000000,1732615.0000000,35.5761517,129.3000320,111.5304305
,1163115.0000000,1732615.0000000,35.5761501,129.3001423,109.3762230
,1163125.0000000,1732615.0000000,35.5761484,129.3002526,106.2028700
,1163135.0000000,1732615.0000000,35.5761468,129.3003629,101.1442734
,1163145.0000000,1732615.0000000,35.5761451,129.3004732,97.8792759
,1163155.0000000,1732615.0000000,35.5761435,129.3005835,97.6510995
,1163165.0000000,1732615.0000000,35.5761418,129.3006938,98.9069923
,1163175.0000000,1732615.0000000,35.5761402,129.3008042,101.4354062
,1163185.0000000,1732615.0000000,35.5761385,129.3009145,101.7865492
,1163195.0000000,1732615.0000000,35.5761369,129.3010248,102.5073281
,1163205.0000000,1732615.0000000,35.5761352,129.3011351,105.2844661
,1163215.0000000,1732615.0000000,35.5761336,129.3012454,106.4842478
,1163225.0000000,1732615.0000000,35.5761320,129.3013557,109.4666424
,1163235.0000000,1732615.0000000,35.5761303,129.3014660,115.1722312
,1163245.0000000,1732615.0000000,35.5761287,129.3015763,117.4282988
,1163255.0000000,1732615.0000000,35.5761270,129.3016867,121.4994324
,1163265.0000000,1732615.0000000,35.5761254,129.3017970,124.1224270
,1163275.0000000,1732615.0000000,35.5761237,129.3019073,126.5007715
,1163285.0000000,1732615.0000000,35.5761221,129.3020176,129.2190871
,1163295.0000000,1732615.0000000,35.5761204,129.3021279,132.5505361
,1163305.0000000,1732615.0000000,35.5761188,129.3022382,135.7102308
,1163315.0000000,1732615.0000000,35.5761171,129.3023485,136.0417158
,1163325.0000000,1732615.0000000,35.5761155,129.3024588,137.0707227
,1163335.0000000,1732615.0000000,35.5761138,129.3025691,140.5905322
,1163345.0000000,1732615.0000000,35.5761122,129.3026795,141.5000000
,1163355.0000000,1732615.0000000,35.5761105,129.3027898,141.5000000
,1163365.0000000,1732615.0000000,35.5761089,129.3029001,141.5000000
,1163375.0000000,1732615.0000000,35.5761072,129.3030104,141.5931080
,1163385.0000000,1732615.0000000,35.5761056,129.3031207,143.3777027
,1163395.0000000,1732615.0000000,35.5761039,129.3032310,145.4178933
,1163405.0000000,1732615.0000000,35.5761023,129.3033413,146.2831332
,1163415.0000000,1732615.0000000,35.5761006,129.3034516,146.6627551
,1163425.0000000,1732615.0000000,35.5760990,129.3035619,147.6155915
,1163435.0000000,1732615.0000000,35.5760973,129.3036723,149.5510573
,1163445.0000000,1732615.0000000,35.5760957,129.3037826,151.1418870
,1163455.0000000,1732615.0000000,35.5760940,129.3038929,151.5000000
,1163465.0000000,1732615.0000000,35.5760923,129.3040032,151.5000000
,1163475.0000000,1732615.0000000,35.5760907,129.3041135,151.5000000
,1163485.0000000,1732615.0000000,35.5760890,129.3042238,151.5000000
,1163495.0000000,1732615.0000000,35.5760874,129.3043341,151.5000000
,1163505.0000000,1732615.0000000,35.5760857,129.3044444,152.0166321
,1163515.0000000,1732615.0000000,35.5760841,129.3045547,153.6474694
,1163525.0000000,1732615.0000000,35.5760824,129.3046651,154.8573822
,1163535.0000000,1732615.0000000,35.5760808,129.3047754,155.8753879
,1163545.0000000,1732615.0000000,35.5760791,129.3048857,156.3892068
,1163555.0000000,1732615.0000000,35.5760775,129.3049960,156.4148487
,1163565.0000000,1732615.0000000,35.5760758,129.3051063,156.4632430
,1163575.0000000,1732615.0000000,35.5760742,129.3052166,156.5852974
,1163585.0000000,1732615.0000000,35.5760725,129.3053269,157.1884463
,1163595.0000000,1732615.0000000,35.5760709,129.3054372,158.6349247
,1163605.0000000,1732615.0000000,35.5760692,129.3055475,160.5887087
,1163615.0000000,1732615.0000000,35.5760676,129.3056579,161.2381680
,1163625.0000000,1732615.0000000,35.5760659,129.3057682,161.5000000
,1163635.0000000,1732615.0000000,35.5760643,129.3058785,161.5000000
,1163645.0000000,1732615.0000000,35.5760626,129.3059888,161.5000000
,1163655.0000000,1732615.0000000,35.5760610,129.3060991,161.5000000
,1163665.0000000,1732615.0000000,35.5760593,129.3062094,161.8605910
,1163675.0000000,1732615.0000000,35.5760576,129.3063197,164.0875754
,1163685.0000000,1732615.0000000,35.5760560,129.3064300,165.9649371
,1163695.0000000,1732615.0000000,35.5760543,129.3065403,166.5000000
,1163705.0000000,1732615.0000000,35.5760527,129.3066507,166.5000000
,1163715.0000000,1732615.0000000,35.5760510,129.3067610,166.5000000
,1163725.0000000,1732615.0000000,35.5760494,129.3068713,166.5000000
,1163735.0000000,1732615.0000000,35.5760477,129.3069816,166.5000000
,1163745.0000000,1732615.0000000,35.5760461,129.3070919,166.5000000
,1163755.0000000,1732615.0000000,35.5760444,129.3072022,166.5000000
,1163765.0000000,1732615.0000000,35.5760428,129.3073125,166.5000000
,1163775.0000000,1732615.0000000,35.5760411,129.3074228,166.6717074
,1163785.0000000,1732615.0000000,35.5760395,129.3075331,167.3315186
,1163795.0000000,1732615.0000000,35.5760378,129.3076435,168.2986472
,1163805.0000000,1732615.0000000,35.5760361,129.3077538,170.4219635
,1163815.0000000,1732615.0000000,35.5760345,129.3078641,171.1221794
,1163825.0000000,1732615.0000000,35.5760328,129.3079744,171.3922871
,1163835.0000000,1732615.0000000,35.5760312,129.3080847,171.5000000
,1163845.0000000,1732615.0000000,35.5760295,129.3081950,171.5000000
,1163855.0000000,1732615.0000000,35.5760279,129.3083053,171.5000000
,1163865.0000000,1732615.0000000,35.5760262,129.3084156,171.5000000
,1163875.0000000,1732615.0000000,35.5760246,129.3085259,171.5000000
,1163885.0000000,1732615.0000000,35.5760229,129.3086363,171.7584041
,1163895.0000000,1732615.0000000,35.5760212,129.3087466,172.4495325
,1163905.0000000,1732615.0000000,35.5760196,129.3088569,173.5453123
,1163915.0000000,1732615.0000000,35.5760179,129.3089672,174.7619399
,1163925.0000000,1732615.0000000,35.5760163,129.3090775,175.5924610
,1163935.0000000,1732615.0000000,35.5760146,129.3091878,175.9081989
,1163945.0000000,1732615.0000000,35.5760130,129.3092981,176.3731593
,1163955.0000000,1732615.0000000,35.5760113,129.3094084,176.7420852
,1163965.0000000,1732615.0000000,35.5760097,129.3095187,177.1607615
,1163975.0000000,1732615.0000000,35.5760080,129.3096291,178.1280059
,1163985.0000000,1732615.0000000,35.5760063,129.3097394,179.4911167
,1163995.0000000,1732615.0000000,35.5760047,129.3098497,180.4231563
,1163005.0000000,1732625.0000000,35.5762583,129.2989309,141.1011517
,1163015.0000000,1732625.0000000,35.5762567,129.2990412,140.0096118
,1163025.0000000,1732625.0000000,35.5762550,129.2991515,136.6733909
,1163035.0000000,1732625.0000000,35.5762534,129.2992618,132.7397204
,1163045.0000000,1732625.0000000,35.5762517,129.2993721,131.0892433
,1163055.0000000,1732625.0000000,35.5762501,129.2994824,126.8286131
,1163065.0000000,1732625.0000000,35.5762484,129.2995927,124.5876670
,1163075.0000000,1732625.0000000,35.5762468,129.2997031,120.3856464
,1163085.0000000,1732625.0000000,35.5762451,129.2998134,116.4107869
,1163095.0000000,1732625.0000000,35.5762435,129.2999237,112.6507595
,1163105.0000000,1732625.0000000,35.5762419,129.3000340,111.1456624
,1163115.0000000,1732625.0000000,35.5762402,129.3001443,108.2236735
,1163125.0000000,1732625.0000000,35.5762386,129.3002546,105.9848042
,1163135.0000000,1732625.0000000,35.5762369,129.3003649,100.4011405
,1163145.0000000,1732625.0000000,35.5762353,129.3004752,96.5566923
,1163155.0000000,1732625.0000000,35.5762336,129.3005856,96.8888994
,1163165.0000000,1732625.0000000,35.5762320,129.3006959,97.1035404
,1163175.0000000,1732625.0000000,35.5762303,129.3008062,101.0127826
,1163185.0000000,1732625.0000000,35.5762287,129.3009165,101.5000000
,1163195.0000000,1732625.0000000,35.5762270,129.3010268,102.5403302
,1163205.0000000,1732625.0000000,35.5762254,129.3011371,104.5408628
,1163215.0000000,1732625.0000000,35.5762237,129.3012474,106.5164282
,1163225.0000000,1732625.0000000,35.5762221,129.3013577,108.0916762
,1163235.0000000,1732625.0000000,35.5762204,129.3014680,113.2021792
,1163245.0000000,1732625.0000000,35.5762188,129.3015784,116.8062902
,1163255.0000000,1732625.0000000,35.5762171,129.3016887,121.4849117
,1163265.0000000,1732625.0000000,35.5762155,129.3017990,124.4024541
,1163275.0000000,1732625.0000000,35.5762138,129.3019093,126.4863555
,1163285.0000000,1732625.0000000,35.5762122,129.3020196,128.5767239
,1163295.0000000,1732625.0000000,35.5762105,129.3021299,131.5082732
,1163305.0000000,1732625.0000000,35.5762089,129.3022402,133.3257669
,1163315.0000000,1732625.0000000,35.5762072,129.3023505,136.3452396
,1163325.0000000,1732625.0000000,35.5762056,129.3024609,136.3834317
,1163335.0000000,1732625.0000000,35.5762039,129.3025712,140.7528979
,1163345.0000000,1732625.0000000,35.5762023,129.3026815,141.5000000
,1163355.0000000,1732625.0000000,35.5762006,129.3027918,141.5000000
,1163365.0000000,1732625.0000000,35.5761990,129.3029021,141.5000000
,1163375.0000000,1732625.0000000,35.5761973,129.3030124,142.8375749
,1163385.0000000,1732625.0000000,35.5761957,129.3031227,144.9252722
,1163395.0000000,1732625.0000000,35.5761940,129.3032330,146.0459587
,1163405.0000000,1732625.0000000,35.5761924,129.3033433,146.4602015
,1163415.0000000,1732625.0000000,35.5761907,129.3034537,146.5000000
,1163425.0000000,1732625.0000000,35.5761891,129.3035640,147.3046329
,1163435.0000000,1732625.0000000,35.5761874,129.3036743,148.8983356
,1163445.0000000,1732625.0000000,35.5761858,129.3037846,150.7559248
,1163455.0000000,1732625.0000000,35.5761841,129.3038949,151.5000000
,1163465.0000000,1732625.0000000,35.5761825,129.3040052,151.5000000
,1163475.0000000,1732625.0000000,35.5761808,129.3041155,151.5000000
,1163485.0000000,1732625.0000000,35.5761792,129.3042258,151.5000000
,1163495.0000000,1732625.0000000,35.5761775,129.3043361,151.5724160
,1163505.0000000,1732625.0000000,35.5761759,129.3044465,152.1284328
,1163515.0000000,1732625.0000000,35.5761742,129.3045568,153.0142350
,1163525.0000000,1732625.0000000,35.5761726,129.3046671,154.1153433
,1163535.0000000,1732625.0000000,35.5761709,129.3047774,155.6052742
,1163545.0000000,1732625.0000000,35.5761693,129.3048877,156.3033407
,1163555.0000000,1732625.0000000,35.5761676,129.3049980,156.2860986
,1163565.0000000,1732625.0000000,35.5761659,129.3051083,156.4197243
,1163575.0000000,1732625.0000000,35.5761643,129.3052186,156.5498352
,1163585.0000000,1732625.0000000,35.5761626,129.3053289,157.0922939
,1163595.0000000,1732625.0000000,35.5761610,129.3054393,158.9079970
,1163605.0000000,1732625.0000000,35.5761593,129.3055496,160.5520793
,1163615.0000000,1732625.0000000,35.5761577,129.3056599,161.2633585
,1163625.0000000,1732625.0000000,35.5761560,129.3057702,161.5119989
,1163635.0000000,1732625.0000000,35.5761544,129.3058805,161.5000000
,1163645.0000000,1732625.0000000,35.5761527,129.3059908,161.5000000
,1163655.0000000,1732625.0000000,35.5761511,129.3061011,161.5000000
,1163665.0000000,1732625.0000000,35.5761494,129.3062114,161.5000000
,1163675.0000000,1732625.0000000,35.5761478,129.3063217,161.9297266
,1163685.0000000,1732625.0000000,35.5761461,129.3064321,163.7764039
,1163695.0000000,1732625.0000000,35.5761445,129.3065424,165.0023737
,1163705.0000000,1732625.0000000,35.5761428,129.3066527,165.7418571
,1163715.0000000,1732625.0000000,35.5761412,129.3067630,166.2786162
,1163725.0000000,1732625.0000000,35.5761395,129.3068733,166.4392081
,1163735.0000000,1732625.0000000,35.5761378,129.3069836,166.5000000
,1163745.0000000,1732625.0000000,35.5761362,129.3070939,166.5000000
,1163755.0000000,1732625.0000000,35.5761345,129.3072042,166.5000000
,1163765.0000000,1732625.0000000,35.5761329,129.3073146,166.5000000
,1163775.0000000,1732625.0000000,35.5761312,129.3074249,166.5000000
,1163785.0000000,1732625.0000000,35.5761296,129.3075352,166.6647456
,1163795.0000000,1732625.0000000,35.5761279,129.3076455,167.1876327
,1163805.0000000,1732625.0000000,35.5761263,129.3077558,168.5369980
,1163815.0000000,1732625.0000000,35.5761246,129.3078661,170.2391199
,1163825.0000000,1732625.0000000,35.5761230,129.3079764,170.9728682
,1163835.0000000,1732625.0000000,35.5761213,129.3080867,171.2169785
,1163845.0000000,1732625.0000000,35.5761196,129.3081970,171.3748174
,1163855.0000000,1732625.0000000,35.5761180,129.3083074,171.4888970
,1163865.0000000,1732625.0000000,35.5761163,129.3084177,171.5000000
,1163875.0000000,1732625.0000000,35.5761147,129.3085280,171.5000000
,1163885.0000000,1732625.0000000,35.5761130,129.3086383,171.5771992
,1163895.0000000,1732625.0000000,35.5761114,129.3087486,171.9511918
,1163905.0000000,1732625.0000000,35.5761097,129.3088589,172.7816663
,1163915.0000000,1732625.0000000,35.5761081,129.3089692,173.6012826
,1163925.0000000,1732625.0000000,35.5761064,129.3090795,174.5841251
,1163935.0000000,1732625.0000000,35.5761047,129.3091898,175.4937922
,1163945.0000000,1732625.0000000,35.5761031,129.3093001,175.8372495
,1163955.0000000,1732625.0000000,35.5761014,129.3094105,176.9621915
,1163965.0000000,1732625.0000000,35.5760998,129.3095208,178.2338700
,1163975.0000000,1732625.0000000,35.5760981,129.3096311,179.5450177
,1163985.0000000,1732625.0000000,35.5760965,129.3097414,180.0946011
,1163995.0000000,1732625.0000000,35.5760948,129.3098517,180.6895031
,1163005.0000000,1732635.0000000,35.5763484,129.2989329,141.4720142
,1163015.0000000,1732635.0000000,35.5763468,129.2990432,141.4506576
,1163025.0000000,1732635.0000000,35.5763452,129.2991535,137.4339343
,1163035.0000000,1732635.0000000,35.5763435,129.2992638,135.8849314
,1163045.0000000,1732635.0000000,35.5763419,129.2993741,131.3994477
,1163055.0000000,1732635.0000000,35.5763402,129.2994845,130.1348735
,1163065.0000000,1732635.0000000,35.5763386,129.2995948,126.3041713
,1163075.0000000,1732635.0000000,35.5763369,129.2997051,121.7029879
,1163085.0000000,1732635.0000000,35.5763353,129.2998154,116.4222682
,1163095.0000000,1732635.0000000,35.5763336,129.2999257,112.6229784
,1163105.0000000,1732635.0000000,35.5763320,129.3000360,111.3316871
,1163115.0000000,1732635.0000000,35.5763303,129.3001463,106.7605451
,1163125.0000000,1732635.0000000,35.5763287,129.3002566,103.8293403
,1163135.0000000,1732635.0000000,35.5763270,129.3003669,99.1589621
,1163145.0000000,1732635.0000000,35.5763254,129.3004773,96.5244360
,1163155.0000000,1732635.0000000,35.5763237,129.3005876,96.5000000
,1163165.0000000,1732635.0000000,35.5763221,129.3006979,96.5000000
,1163175.0000000,1732635.0000000,35.5763204,129.3008082,99.9596407
,1163185.0000000,1732635.0000000,35.5763188,129.3009185,101.6135795
,1163195.0000000,1732635.0000000,35.5763171,129.3010288,101.7126988
,1163205.0000000,1732635.0000000,35.5763155,129.3011391,102.5009349
,1163215.0000000,1732635.0000000,35.5763138,129.3012494,106.0118737
,1163225.0000000,1732635.0000000,35.5763122,129.3013598,106.9891299
,1163235.0000000,1732635.0000000,35.5763105,129.3014701,111.6561771
,1163245.0000000,1732635.0000000,35.5763089,129.3015804,116.4778409
,1163255.0000000,1732635.0000000,35.5763072,129.3016907,119.5694717
,1163265.0000000,1732635.0000000,35.5763056,129.3018010,122.3323225
,1163275.0000000,1732635.0000000,35.5763039,129.3019113,126.0038976
,1163285.0000000,1732635.0000000,35.5763023,129.3020216,126.8131773
,1163295.0000000,1732635.0000000,35.5763006,129.3021319,129.1361308
,1163305.0000000,1732635.0000000,35.5762990,129.3022422,131.5671411
,1163315.0000000,1732635.0000000,35.5762973,129.3023526,133.2541750
,1163325.0000000,1732635.0000000,35.5762957,129.3024629,136.4803483
,1163335.0000000,1732635.0000000,35.5762940,129.3025732,140.9096663
,1163345.0000000,1732635.0000000,35.5762924,129.3026835,141.5000000
,1163355.0000000,1732635.0000000,35.5762907,129.3027938,141.5000000
,1163365.0000000,1732635.0000000,35.5762891,129.3029041,142.1742633
,1163375.0000000,1732635.0000000,35.5762874,129.3030144,144.6798879
,1163385.0000000,1732635.0000000,35.5762858,129.3031247,146.1042208
,1163395.0000000,1732635.0000000,35.5762841,129.3032351,146.5000000
,1163405.0000000,1732635.0000000,35.5762825,129.3033454,146.5000000
,1163415.0000000,1732635.0000000,35.5762808,129.3034557,146.5000000
,1163425.0000000,1732635.0000000,35.5762792,129.3035660,146.5000000
,1163435.0000000,1732635.0000000,35.5762775,129.3036763,147.7722171
,1163445.0000000,1732635.0000000,35.5762759,129.3037866,149.5300794
,1163455.0000000,1732635.0000000,35.5762742,129.3038969,150.8448793
,1163465.0000000,1732635.0000000,35.5762726,129.3040072,151.5000000
,1163475.0000000,1732635.0000000,35.5762709,129.3041175,151.5000000
,1163485.0000000,1732635.0000000,35.5762693,129.3042279,151.5000000
,1163495.0000000,1732635.0000000,35.5762676,129.3043382,151.5989534
,1163505.0000000,1732635.0000000,35.5762660,129.3044485,152.0412788
,1163515.0000000,1732635.0000000,35.5762643,129.3045588,152.8145843
,1163525.0000000,1732635.0000000,35.5762627,129.3046691,153.5316272
,1163535.0000000,1732635.0000000,35.5762610,129.3047794,154.6778574
,1163545.0000000,1732635.0000000,35.5762594,129.3048897,155.2486456
,1163555.0000000,1732635.0000000,35.5762577,129.3050000,155.6093343
,1163565.0000000,1732635.0000000,35.5762561,129.3051103,156.3486793
,1163575.0000000,1732635.0000000,35.5762544,129.3052207,156.6693491
,1163585.0000000,1732635.0000000,35.5762528,129.3053310,157.8232831
,1163595.0000000,1732635.0000000,35.5762511,129.3054413,159.9362199
,1163605.0000000,1732635.0000000,35.5762495,129.3055516,161.3495192
,1163615.0000000,1732635.0000000,35.5762478,129.3056619,161.7885261
,1163625.0000000,1732635.0000000,35.5762462,129.3057722,161.6006667
,1163635.0000000,1732635.0000000,35.5762445,129.3058825,161.5186806
,1163645.0000000,1732635.0000000,35.5762428,129.3059928,161.5000000
,1163655.0000000,1732635.0000000,35.5762412,129.3061032,161.5000000
,1163665.0000000,1732635.0000000,35.5762395,129.3062135,161.5000000
,1163675.0000000,1732635.0000000,35.5762379,129.3063238,161.5000000
,1163685.0000000,1732635.0000000,35.5762362,129.3064341,161.5000000
,1163695.0000000,1732635.0000000,35.5762346,129.3065444,163.0679959
,1163705.0000000,1732635.0000000,35.5762329,129.3066547,164.1093350
,1163715.0000000,1732635.0000000,35.5762313,129.3067650,165.1496746
,1163725.0000000,1732635.0000000,35.5762296,129.3068753,165.9846463
,1163735.0000000,1732635.0000000,35.5762280,129.3069856,166.2473263
,1163745.0000000,1732635.0000000,35.5762263,129.3070960,166.5000000
,1163755.0000000,1732635.0000000,35.5762247,129.3072063,166.5000000
,1163765.0000000,1732635.0000000,35.5762230,129.3073166,166.5000000
,1163775.0000000,1732635.0000000,35.5762213,129.3074269,166.4498600
,1163785.0000000,1732635.0000000,35.5762197,129.3075372,166.5000000
,1163795.0000000,1732635.0000000,35.5762180,129.3076475,166.5000000
,1163805.0000000,1732635.0000000,35.5762164,129.3077578,166.7157687
,1163815.0000000,1732635.0000000,35.5762147,129.3078681,168.2085948
,1163825.0000000,1732635.0000000,35.5762131,129.3079784,169.5332238
,1163835.0000000,1732635.0000000,35.5762114,129.3080888,170.2268022
,1163845.0000000,1732635.0000000,35.5762098,129.3081991,170.9699622
,1163855.0000000,1732635.0000000,35.5762081,129.3083094,171.2528154
,1163865.0000000,1732635.0000000,35.5762065,129.3084197,171.4708459
,1163875.0000000,1732635.0000000,35.5762048,129.3085300,171.4015430
,1163885.0000000,1732635.0000000,35.5762031,129.3086403,171.4066942
,1163895.0000000,1732635.0000000,35.5762015,129.3087506,171.6376320
,1163905.0000000,1732635.0000000,35.5761998,129.3088609,171.8917677
,1163915.0000000,1732635.0000000,35.5761982,129.3089712,172.4992990
,1163925.0000000,1732635.0000000,35.5761965,129.3090816,173.3167076
,1163935.0000000,1732635.0000000,35.5761949,129.3091919,174.2695597
,1163945.0000000,1732635.0000000,35.5761932,129.3093022,174.8117503
,1163955.0000000,1732635.0000000,35.5761916,129.3094125,177.4029497
,1163965.0000000,1732635.0000000,35.5761899,129.3095228,178.7141110
,1163975.0000000,1732635.0000000,35.5761882,129.3096331,179.4470310
,1163985.0000000,1732635.0000000,35.5761866,129.3097434,180.1119997
,1163995.0000000,1732635.0000000,35.5761849,129.3098537,180.7061176
,1163005.0000000,1732645.0000000,35.5764386,129.2989349,140.9695329
,1163015.0000000,1732645.0000000,35.5764369,129.2990452,140.5797846
,1163025.0000000,1732645.0000000,35.5764353,129.2991555,136.9236926
,1163035.0000000,1732645.0000000,35.5764336,129.2992658,135.8203074
,1163045.0000000,1732645.0000000,35.5764320,129.2993762,132.5264846
,1163055.0000000,1732645.0000000,35.5764303,129.2994865,130.9729403
,1163065.0000000,1732645.0000000,35.5764287,129.2995968,126.5587615
,1163075.0000000,1732645.0000000,35.5764270,129.2997071,122.8068866
,1163085.0000000,1732645.0000000,35.5764254,129.2998174,116.9045585
,1163095.0000000,1732645.0000000,35.5764237,129.2999277,113.5189893
,1163105.0000000,1732645.0000000,35.5764221,129.3000380,111.6813546
,1163115.0000000,1732645.0000000,35.5764204,129.3001483,105.9078487
,1163125.0000000,1732645.0000000,35.5764188,129.3002587,103.4339628
,1163135.0000000,1732645.0000000,35.5764172,129.3003690,96.8610676
,1163145.0000000,1732645.0000000,35.5764155,129.3004793,96.5000000
,1163155.0000000,1732645.0000000,35.5764139,129.3005896,96.5000000
,1163165.0000000,1732645.0000000,35.5764122,129.3006999,96.5000000
,1163175.0000000,1732645.0000000,35.5764106,129.3008102,99.8548913
,1163185.0000000,1732645.0000000,35.5764089,129.3009205,101.2770194
,1163195.0000000,1732645.0000000,35.5764073,129.3010308,101.5821280
,1163205.0000000,1732645.0000000,35.5764056,129.3011411,101.9743136
,1163215.0000000,1732645.0000000,35.5764040,129.3012515,105.4674979
,1163225.0000000,1732645.0000000,35.5764023,129.3013618,107.0958775
,1163235.0000000,1732645.0000000,35.5764007,129.3014721,111.3377160
,1163245.0000000,1732645.0000000,35.5763990,129.3015824,113.2483287
,1163255.0000000,1732645.0000000,35.5763974,129.3016927,116.9772900
,1163265.0000000,1732645.0000000,35.5763957,129.3018030,121.3966397
,1163275.0000000,1732645.0000000,35.5763941,129.3019133,122.9339171
,1163285.0000000,1732645.0000000,35.5763924,129.3020236,125.3051313
,1163295.0000000,1732645.0000000,35.5763908,129.3021340,126.5493455
,1163305.0000000,1732645.0000000,35.5763891,129.3022443,128.6494054
,1163315.0000000,1732645.0000000,35.5763875,129.3023546,132.0917225
,1163325.0000000,1732645.0000000,35.5763858,129.3024649,136.3579483
,1163335.0000000,1732645.0000000,35.5763842,129.3025752,140.6253685
,1163345.0000000,1732645.0000000,35.5763825,129.3026855,141.3999515
,1163355.0000000,1732645.0000000,35.5763809,129.3027958,141.5000000
,1163365.0000000,1732645.0000000,35.5763792,129.3029061,142.8528207
,1163375.0000000,1732645.0000000,35.5763776,129.3030164,145.7023223
,1163385.0000000,1732645.0000000,35.5763759,129.3031268,146.4868132
,1163395.0000000,1732645.0000000,35.5763743,129.3032371,146.5000000
,1163405.0000000,1732645.0000000,35.5763726,129.3033474,146.5000000
,1163415.0000000,1732645.0000000,35.5763710,129.3034577,146.5000000
,1163425.0000000,1732645.0000000,35.5763693,129.3035680,146.5000000
,1163435.0000000,1732645.0000000,35.5763677,129.3036783,146.9487775
,1163445.0000000,1732645.0000000,35.5763660,129.3037886,148.0308240
,1163455.0000000,1732645.0000000,35.5763644,129.3038989,149.5241838
,1163465.0000000,1732645.0000000,35.5763627,129.3040093,150.5586996
,1163475.0000000,1732645.0000000,35.5763611,129.3041196,151.1853597
,1163485.0000000,1732645.0000000,35.5763594,129.3042299,151.5000000
,1163495.0000000,1732645.0000000,35.5763578,129.3043402,151.5829588
,1163505.0000000,1732645.0000000,35.5763561,129.3044505,151.6841385
,1163515.0000000,1732645.0000000,35.5763545,129.3045608,152.4391993
,1163525.0000000,1732645.0000000,35.5763528,129.3046711,153.1913527
,1163535.0000000,1732645.0000000,35.5763511,129.3047814,153.6215830
,1163545.0000000,1732645.0000000,35.5763495,129.3048917,154.2662782
,1163555.0000000,1732645.0000000,35.5763478,129.3050021,155.4878239
,1163565.0000000,1732645.0000000,35.5763462,129.3051124,156.5774080
,1163575.0000000,1732645.0000000,35.5763445,129.3052227,157.5238816
,1163585.0000000,1732645.0000000,35.5763429,129.3053330,159.7871690
,1163595.0000000,1732645.0000000,35.5763412,129.3054433,161.5352170
,1163605.0000000,1732645.0000000,35.5763396,129.3055536,162.9911618
,1163615.0000000,1732645.0000000,35.5763379,129.3056639,163.1910864
,1163625.0000000,1732645.0000000,35.5763363,129.3057742,162.2869246
,1163635.0000000,1732645.0000000,35.5763346,129.3058846,162.0014098
,1163645.0000000,1732645.0000000,35.5763330,129.3059949,161.6760390
,1163655.0000000,1732645.0000000,35.5763313,129.3061052,161.7963896
,1163665.0000000,1732645.0000000,35.5763297,129.3062155,161.6384349
,1163675.0000000,1732645.0000000,35.5763280,129.3063258,161.5000000
,1163685.0000000,1732645.0000000,35.5763264,129.3064361,161.5000000
,1163695.0000000,1732645.0000000,35.5763247,129.3065464,161.5000000
,1163705.0000000,1732645.0000000,35.5763230,129.3066567,162.3215988
,1163715.0000000,1732645.0000000,35.5763214,129.3067670,163.1078618
,1163725.0000000,1732645.0000000,35.5763197,129.3068774,163.9662048
,1163735.0000000,1732645.0000000,35.5763181,129.3069877,165.1702124
,1163745.0000000,1732645.0000000,35.5763164,129.3070980,165.9571369
,1163755.0000000,1732645.0000000,35.5763148,129.3072083,166.1821813
,1163765.0000000,1732645.0000000,35.5763131,129.3073186,166.3553867
,1163775.0000000,1732645.0000000,35.5763115,129.3074289,166.4657153
,1163785.0000000,1732645.0000000,35.5763098,129.3075392,166.4162136
,1163795.0000000,1732645.0000000,35.5763082,129.3076495,166.5000000
,1163805.0000000,1732645.0000000,35.5763065,129.3077598,166.5000000
,1163815.0000000,1732645.0000000,35.5763048,129.3078702,166.7591908
,1163825.0000000,1732645.0000000,35.5763032,129.3079805,167.7502344
,1163835.0000000,1732645.0000000,35.5763015,129.3080908,168.4661338
,1163845.0000000,1732645.0000000,35.5762999,129.3082011,169.6456465
,1163855.0000000,1732645.0000000,35.5762982,129.3083114,170.4853956
,1163865.0000000,1732645.0000000,35.5762966,129.3084217,171.1145382
,1163875.0000000,1732645.0000000,35.5762949,129.3085320,171.1848179
,1163885.0000000,1732645.0000000,35.5762933,129.3086423,171.3358436
,1163895.0000000,1732645.0000000,35.5762916,129.3087526,171.4123730
,1163905.0000000,1732645.0000000,35.5762900,129.3088630,171.5671034
,1163915.0000000,1732645.0000000,35.5762883,129.3089733,171.6943368
,1163925.0000000,1732645.0000000,35.5762866,129.3090836,172.3689238
,1163935.0000000,1732645.0000000,35.5762850,129.3091939,173.1427015
,1163945.0000000,1732645.0000000,35.5762833,129.3093042,173.7510597
,1163955.0000000,1732645.0000000,35.5762817,129.3094145,176.4993296
,1163965.0000000,1732645.0000000,35.5762800,129.3095248,178.3402634
,1163975.0000000,1732645.0000000,35.5762784,129.3096351,178.4338464
,1163985.0000000,1732645.0000000,35.5762767,129.3097454,179.3442743
,1163995.0000000,1732645.0000000,35.5762750,129.3098558,180.6946546
,1163005.0000000,1732655.0000000,35.5765287,129.2989369,137.0387526
,1163015.0000000,1732655.0000000,35.5765270,129.2990472,136.7263601
,1163025.0000000,1732655.0000000,35.5765254,129.2991575,135.6144378
,1163035.0000000,1732655.0000000,35.5765237,129.2992679,132.1903968
,1163045.0000000,1732655.0000000,35.5765221,129.2993782,131.4072258
,1163055.0000000,1732655.0000000,35.5765205,129.2994885,130.4113650
,1163065.0000000,1732655.0000000,35.5765188,129.2995988,126.4712027
,1163075.0000000,1732655.0000000,35.5765172,129.2997091,122.8245451
,1163085.0000000,1732655.0000000,35.5765155,129.2998194,117.9620421
,1163095.0000000,1732655.0000000,35.5765139,129.2999297,114.6788223
,1163105.0000000,1732655.0000000,35.5765122,129.3000400,111.4276087
,1163115.0000000,1732655.0000000,35.5765106,129.3001504,106.5492134
,1163125.0000000,1732655.0000000,35.5765089,129.3002607,102.6788266
,1163135.0000000,1732655.0000000,35.5765073,129.3003710,97.1053822
,1163145.0000000,1732655.0000000,35.5765056,129.3004813,96.5000000
,1163155.0000000,1732655.0000000,35.5765040,129.3005916,96.5000000
,1163165.0000000,1732655.0000000,35.5765023,129.3007019,96.5000000
,1163175.0000000,1732655.0000000,35.5765007,129.3008122,99.0185313
,1163185.0000000,1732655.0000000,35.5764990,129.3009225,101.1459093
,1163195.0000000,1732655.0000000,35.5764974,129.3010329,101.6895277
,1163205.0000000,1732655.0000000,35.5764957,129.3011432,102.4452802
,1163215.0000000,1732655.0000000,35.5764941,129.3012535,106.0734752
,1163225.0000000,1732655.0000000,35.5764924,129.3013638,107.6786387
,1163235.0000000,1732655.0000000,35.5764908,129.3014741,110.7319764
,1163245.0000000,1732655.0000000,35.5764891,129.3015844,111.8886538
,1163255.0000000,1732655.0000000,35.5764875,129.3016947,116.2043676
,1163265.0000000,1732655.0000000,35.5764858,129.3018050,118.7019822
,1163275.0000000,1732655.0000000,35.5764842,129.3019154,121.4924964
,1163285.0000000,1732655.0000000,35.5764825,129.3020257,122.1097407
,1163295.0000000,1732655.0000000,35.5764809,129.3021360,125.1813924
,1163305.0000000,1732655.0000000,35.5764792,129.3022463,126.6556089
,1163315.0000000,1732655.0000000,35.5764776,129.3023566,130.9771311
,1163325.0000000,1732655.0000000,35.5764759,129.3024669,134.0426363
,1163335.0000000,1732655.0000000,35.5764743,129.3025772,137.8702652
,1163345.0000000,1732655.0000000,35.5764726,129.3026875,141.4241696
,1163355.0000000,1732655.0000000,35.5764710,129.3027978,141.2607434
,1163365.0000000,1732655.0000000,35.5764693,129.3029082,143.0032921
,1163375.0000000,1732655.0000000,35.5764677,129.3030185,145.7700185
,1163385.0000000,1732655.0000000,35.5764660,129.3031288,146.4938185
,1163395.0000000,1732655.0000000,35.5764644,129.3032391,146.5000000
,1163405.0000000,1732655.0000000,35.5764627,129.3033494,146.5000000
,1163415.0000000,1732655.0000000,35.5764611,129.3034597,146.5000000
,1163425.0000000,1732655.0000000,35.5764594,129.3035700,146.5000000
,1163435.0000000,1732655.0000000,35.5764578,129.3036803,146.5000000
,1163445.0000000,1732655.0000000,35.5764561,129.3037907,147.0511590
,1163455.0000000,1732655.0000000,35.5764545,129.3039010,148.2714872
,1163465.0000000,1732655.0000000,35.5764528,129.3040113,149.5820223
,1163475.0000000,1732655.0000000,35.5764512,129.3041216,150.8369645
,1163485.0000000,1732655.0000000,35.5764495,129.3042319,151.5000000
,1163495.0000000,1732655.0000000,35.5764479,129.3043422,151.7073025
,1163505.0000000,1732655.0000000,35.5764462,129.3044525,151.9166820
,1163515.0000000,1732655.0000000,35.5764446,129.3045628,152.5472931
,1163525.0000000,1732655.0000000,35.5764429,129.3046731,153.1628118
,1163535.0000000,1732655.0000000,35.5764413,129.3047835,152.7294181
,1163545.0000000,1732655.0000000,35.5764396,129.3048938,152.5395892
,1163555.0000000,1732655.0000000,35.5764380,129.3050041,156.2326765
,1163565.0000000,1732655.0000000,35.5764363,129.3051144,156.9670186
,1163575.0000000,1732655.0000000,35.5764347,129.3052247,158.0373841
,1163585.0000000,1732655.0000000,35.5764330,129.3053350,161.0609579
,1163595.0000000,1732655.0000000,35.5764314,129.3054453,162.7431457
,1163605.0000000,1732655.0000000,35.5764297,129.3055556,164.5954275
,1163615.0000000,1732655.0000000,35.5764280,129.3056660,164.7889804
,1163625.0000000,1732655.0000000,35.5764264,129.3057763,165.0242944
,1163635.0000000,1732655.0000000,35.5764247,129.3058866,164.7303633
,1163645.0000000,1732655.0000000,35.5764231,129.3059969,162.8030345
,1163655.0000000,1732655.0000000,35.5764214,129.3061072,162.1572942
,1163665.0000000,1732655.0000000,35.5764198,129.3062175,161.7134317
,1163675.0000000,1732655.0000000,35.5764181,129.3063278,161.5639364
,1163685.0000000,1732655.0000000,35.5764165,129.3064381,161.5000000
,1163695.0000000,1732655.0000000,35.5764148,129.3065484,161.5000000
,1163705.0000000,1732655.0000000,35.5764132,129.3066588,161.5000000
,1163715.0000000,1732655.0000000,35.5764115,129.3067691,161.8925204
,1163725.0000000,1732655.0000000,35.5764099,129.3068794,162.0426566
,1163735.0000000,1732655.0000000,35.5764082,129.3069897,162.3303980
,1163745.0000000,1732655.0000000,35.5764066,129.3071000,164.1077036
,1163755.0000000,1732655.0000000,35.5764049,129.3072103,165.3476108
,1163765.0000000,1732655.0000000,35.5764032,129.3073206,165.9572213
,1163775.0000000,1732655.0000000,35.5764016,129.3074309,166.4173474
,1163785.0000000,1732655.0000000,35.5763999,129.3075412,166.3287507
,1163795.0000000,1732655.0000000,35.5763983,129.3076516,166.0803037
,1163805.0000000,1732655.0000000,35.5763966,129.3077619,165.9983726
,1163815.0000000,1732655.0000000,35.5763950,129.3078722,166.3189302
,1163825.0000000,1732655.0000000,35.5763933,129.3079825,166.5680421
,1163835.0000000,1732655.0000000,35.5763917,129.3080928,167.2043194
,1163845.0000000,1732655.0000000,35.5763900,129.3082031,168.0651274
,1163855.0000000,1732655.0000000,35.5763884,129.3083134,169.2177218
,1163865.0000000,1732655.0000000,35.5763867,129.3084237,170.0150320
,1163875.0000000,1732655.0000000,35.5763850,129.3085341,170.6637893
,1163885.0000000,1732655.0000000,35.5763834,129.3086444,171.1840844
,1163895.0000000,1732655.0000000,35.5763817,129.3087547,171.4622973
,1163905.0000000,1732655.0000000,35.5763801,129.3088650,171.5000000
,1163915.0000000,1732655.0000000,35.5763784,129.3089753,171.6404697
,1163925.0000000,1732655.0000000,35.5763768,129.3090856,172.0210659
,1163935.0000000,1732655.0000000,35.5763751,129.3091959,172.4034915
,1163945.0000000,1732655.0000000,35.5763734,129.3093062,173.2211207
,1163955.0000000,1732655.0000000,35.5763718,129.3094165,175.3290176
,1163965.0000000,1732655.0000000,35.5763701,129.3095269,177.6297602
,1163975.0000000,1732655.0000000,35.5763685,129.3096372,177.3445900
,1163985.0000000,1732655.0000000,35.5763668,129.3097475,177.5731308
,1163995.0000000,1732655.0000000,35.5763652,129.3098578,180.5403373
,1163005.0000000,1732665.0000000,35.5766188,129.2989389,135.4355527
,1163015.0000000,1732665.0000000,35.5766172,129.2990493,134.3526004
,1163025.0000000,1732665.0000000,35.5766155,129.2991596,131.7161373
,1163035.0000000,1732665.0000000,35.5766139,129.2992699,130.0048600
,1163045.0000000,1732665.0000000,35.5766122,129.2993802,128.3249623
,1163055.0000000,1732665.0000000,35.5766106,129.2994905,126.7170112
,1163065.0000000,1732665.0000000,35.5766089,129.2996008,125.4837058
,1163075.0000000,1732665.0000000,35.5766073,129.2997111,121.5266531
,1163085.0000000,1732665.0000000,35.5766056,129.2998214,117.1073459
,1163095.0000000,1732665.0000000,35.5766040,129.2999318,114.1348294
,1163105.0000000,1732665.0000000,35.5766023,129.3000421,111.2308233
,1163115.0000000,1732665.0000000,35.5766007,129.3001524,106.5323003
,1163125.0000000,1732665.0000000,35.5765990,129.3002627,101.8182467
,1163135.0000000,1732665.0000000,35.5765974,129.3003730,96.6808213
,1163145.0000000,1732665.0000000,35.5765957,129.3004833,97.0579259
,1163155.0000000,1732665.0000000,35.5765941,129.3005936,96.5000000
,1163165.0000000,1732665.0000000,35.5765924,129.3007039,96.5000000
,1163175.0000000,1732665.0000000,35.5765908,129.3008142,98.3396844
,1163185.0000000,1732665.0000000,35.5765892,129.3009246,100.5768455
,1163195.0000000,1732665.0000000,35.5765875,129.3010349,101.6815474
,1163205.0000000,1732665.0000000,35.5765859,129.3011452,103.2815184
,1163215.0000000,1732665.0000000,35.5765842,129.3012555,106.4493849
,1163225.0000000,1732665.0000000,35.5765826,129.3013658,108.2947763
,1163235.0000000,1732665.0000000,35.5765809,129.3014761,111.2061616
,1163245.0000000,1732665.0000000,35.5765793,129.3015864,112.1125715
,1163255.0000000,1732665.0000000,35.5765776,129.3016967,115.4238703
,1163265.0000000,1732665.0000000,35.5765760,129.3018071,117.4266658
,1163275.0000000,1732665.0000000,35.5765743,129.3019174,120.5989261
,1163285.0000000,1732665.0000000,35.5765727,129.3020277,121.8376501
,1163295.0000000,1732665.0000000,35.5765710,129.3021380,123.4395300
,1163305.0000000,1732665.0000000,35.5765694,129.3022483,126.5116399
,1163315.0000000,1732665.0000000,35.5765677,129.3023586,130.4766482
,1163325.0000000,1732665.0000000,35.5765661,129.3024689,133.8621159
,1163335.0000000,1732665.0000000,35.5765644,129.3025792,136.6044557
,1163345.0000000,1732665.0000000,35.5765628,129.3026896,140.2950499
,1163355.0000000,1732665.0000000,35.5765611,129.3027999,140.9332378
,1163365.0000000,1732665.0000000,35.5765595,129.3029102,142.8182685
,1163375.0000000,1732665.0000000,35.5765578,129.3030205,145.3396824
,1163385.0000000,1732665.0000000,35.5765562,129.3031308,146.4546918
,1163395.0000000,1732665.0000000,35.5765545,129.3032411,146.5000000
,1163405.0000000,1732665.0000000,35.5765529,129.3033514,146.5000000
,1163415.0000000,1732665.0000000,35.5765512,129.3034617,146.5000000
,1163425.0000000,1732665.0000000,35.5765496,129.3035720,146.5000000
,1163435.0000000,1732665.0000000,35.5765479,129.3036824,146.5000000
,1163445.0000000,1732665.0000000,35.5765463,129.3037927,146.7954140
,1163455.0000000,1732665.0000000,35.5765446,129.3039030,147.8579561
,1163465.0000000,1732665.0000000,35.5765430,129.3040133,149.2276403
,1163475.0000000,1732665.0000000,35.5765413,129.3041236,150.6178062
,1163485.0000000,1732665.0000000,35.5765396,129.3042339,151.5000000
,1163495.0000000,1732665.0000000,35.5765380,129.3043442,151.8745719
,1163505.0000000,1732665.0000000,35.5765363,129.3044545,152.5372648
,1163515.0000000,1732665.0000000,35.5765347,129.3045649,153.1291144
,1163525.0000000,1732665.0000000,35.5765330,129.3046752,153.2646505
,1163535.0000000,1732665.0000000,35.5765314,129.3047855,153.0746412
,1163545.0000000,1732665.0000000,35.5765297,129.3048958,153.4360344
,1163555.0000000,1732665.0000000,35.5765281,129.3050061,156.0707841
,1163565.0000000,1732665.0000000,35.5765264,129.3051164,158.0687905
,1163575.0000000,1732665.0000000,35.5765248,129.3052267,161.3073441
,1163585.0000000,1732665.0000000,35.5765231,129.3053370,161.7087440
,1163595.0000000,1732665.0000000,35.5765215,129.3054474,164.8960406
,1163605.0000000,1732665.0000000,35.5765198,129.3055577,165.1502880
,1163615.0000000,1732665.0000000,35.5765182,129.3056680,164.0125944
,1163625.0000000,1732665.0000000,35.5765165,129.3057783,164.4154476
,1163635.0000000,1732665.0000000,35.5765149,129.3058886,165.3924417
,1163645.0000000,1732665.0000000,35.5765132,129.3059989,167.1712983
,1163655.0000000,1732665.0000000,35.5765116,129.3061092,165.0391496
,1163665.0000000,1732665.0000000,35.5765099,129.3062195,161.8910380
,1163675.0000000,1732665.0000000,35.5765083,129.3063298,161.5619900
,1163685.0000000,1732665.0000000,35.5765066,129.3064402,161.5000000
,1163695.0000000,1732665.0000000,35.5765049,129.3065505,161.5000000
,1163705.0000000,1732665.0000000,35.5765033,129.3066608,161.5000000
,1163715.0000000,1732665.0000000,35.5765016,129.3067711,161.5000000
,1163725.0000000,1732665.0000000,35.5765000,129.3068814,161.5000000
,1163735.0000000,1732665.0000000,35.5764983,129.3069917,161.5000000
,1163745.0000000,1732665.0000000,35.5764967,129.3071020,161.8286625
,1163755.0000000,1732665.0000000,35.5764950,129.3072123,162.8101856
,1163765.0000000,1732665.0000000,35.5764934,129.3073227,164.3013451
,1163775.0000000,1732665.0000000,35.5764917,129.3074330,164.9734665
,1163785.0000000,1732665.0000000,35.5764901,129.3075433,165.5555379
,1163795.0000000,1732665.0000000,35.5764884,129.3076536,166.4919613
,1163805.0000000,1732665.0000000,35.5764867,129.3077639,165.4707004
,1163815.0000000,1732665.0000000,35.5764851,129.3078742,165.9066386
,1163825.0000000,1732665.0000000,35.5764834,129.3079845,166.2461713
,1163835.0000000,1732665.0000000,35.5764818,129.3080948,166.2472597
,1163845.0000000,1732665.0000000,35.5764801,129.3082051,166.2006062
,1163855.0000000,1732665.0000000,35.5764785,129.3083155,167.3592571
,1163865.0000000,1732665.0000000,35.5764768,129.3084258,169.0090018
,1163875.0000000,1732665.0000000,35.5764752,129.3085361,169.8066517
,1163885.0000000,1732665.0000000,35.5764735,129.3086464,170.9551943
,1163895.0000000,1732665.0000000,35.5764718,129.3087567,171.3700486
,1163905.0000000,1732665.0000000,35.5764702,129.3088670,171.4139261
,1163915.0000000,1732665.0000000,35.5764685,129.3089773,171.5000000
,1163925.0000000,1732665.0000000,35.5764669,129.3090876,171.6771723
,1163935.0000000,1732665.0000000,35.5764652,129.3091979,172.0738767
,1163945.0000000,1732665.0000000,35.5764636,129.3093083,172.6051895
,1163955.0000000,1732665.0000000,35.5764619,129.3094186,174.2118291
,1163965.0000000,1732665.0000000,35.5764603,129.3095289,176.5578181
,1163975.0000000,1732665.0000000,35.5764586,129.3096392,176.5103702
,1163985.0000000,1732665.0000000,35.5764569,129.3097495,177.7881484
,1163995.0000000,1732665.0000000,35.5764553,129.3098598,180.4637003
,1163005.0000000,1732675.0000000,35.5767089,129.2989410,132.9202328
,1163015.0000000,1732675.0000000,35.5767073,129.2990513,131.4940588
,1163025.0000000,1732675.0000000,35.5767056,129.2991616,129.3179086
,1163035.0000000,1732675.0000000,35.5767040,129.2992719,126.5341070
,1163045.0000000,1732675.0000000,35.5767023,129.2993822,125.3472259
,1163055.0000000,1732675.0000000,35.5767007,129.2994925,123.7163093
,1163065.0000000,1732675.0000000,35.5766990,129.2996028,121.5078938
,1163075.0000000,1732675.0000000,35.5766974,129.2997131,118.8382231
,1163085.0000000,1732675.0000000,35.5766958,129.2998235,116.3847893
,1163095.0000000,1732675.0000000,35.5766941,129.2999338,112.5080556
,1163105.0000000,1732675.0000000,35.5766925,129.3000441,110.6296762
,1163115.0000000,1732675.0000000,35.5766908,129.3001544,106.4444194
,1163125.0000000,1732675.0000000,35.5766892,129.3002647,101.3936577
,1163135.0000000,1732675.0000000,35.5766875,129.3003750,96.7681170
,1163145.0000000,1732675.0000000,35.5766859,129.3004853,97.3013120
,1163155.0000000,1732675.0000000,35.5766842,129.3005956,96.6053065
,1163165.0000000,1732675.0000000,35.5766826,129.3007060,96.5454319
,1163175.0000000,1732675.0000000,35.5766809,129.3008163,97.5571974
,1163185.0000000,1732675.0000000,35.5766793,129.3009266,99.1318479
,1163195.0000000,1732675.0000000,35.5766776,129.3010369,101.5040649
,1163205.0000000,1732675.0000000,35.5766760,129.3011472,103.8929733
,1163215.0000000,1732675.0000000,35.5766743,129.3012575,106.3060119
,1163225.0000000,1732675.0000000,35.5766727,129.3013678,108.2999477
,1163235.0000000,1732675.0000000,35.5766710,129.3014781,111.5392873
,1163245.0000000,1732675.0000000,35.5766694,129.3015885,112.7399347
,1163255.0000000,1732675.0000000,35.5766677,129.3016988,116.0832504
,1163265.0000000,1732675.0000000,35.5766661,129.3018091,117.1547641
,1163275.0000000,1732675.0000000,35.5766644,129.3019194,120.6684682
,1163285.0000000,1732675.0000000,35.5766628,129.3020297,121.7377605
,1163295.0000000,1732675.0000000,35.5766611,129.3021400,124.3568753
,1163305.0000000,1732675.0000000,35.5766595,129.3022503,127.1872660
,1163315.0000000,1732675.0000000,35.5766578,129.3023606,131.3650686
,1163325.0000000,1732675.0000000,35.5766562,129.3024709,134.2850002
,1163335.0000000,1732675.0000000,35.5766545,129.3025813,136.5092335
,1163345.0000000,1732675.0000000,35.5766529,129.3026916,138.8687476
,1163355.0000000,1732675.0000000,35.5766512,129.3028019,140.7764977
,1163365.0000000,1732675.0000000,35.5766496,129.3029122,141.4449609
,1163375.0000000,1732675.0000000,35.5766479,129.3030225,144.5216629
,1163385.0000000,1732675.0000000,35.5766463,129.3031328,146.5000000
,1163395.0000000,1732675.0000000,35.5766446,129.3032431,146.5000000
,1163405.0000000,1732675.0000000,35.5766430,129.3033534,146.5000000
,1163415.0000000,1732675.0000000,35.5766413,129.3034638,146.5000000
,1163425.0000000,1732675.0000000,35.5766397,129.3035741,146.5000000
,1163435.0000000,1732675.0000000,35.5766380,129.3036844,146.5000000
,1163445.0000000,1732675.0000000,35.5766364,129.3037947,146.9762934
,1163455.0000000,1732675.0000000,35.5766347,129.3039050,148.1837572
,1163465.0000000,1732675.0000000,35.5766331,129.3040153,149.7871957
,1163475.0000000,1732675.0000000,35.5766314,129.3041256,151.2640505
,1163485.0000000,1732675.0000000,35.5766298,129.3042359,151.5000000
,1163495.0000000,1732675.0000000,35.5766281,129.3043463,151.5000000
,1163505.0000000,1732675.0000000,35.5766265,129.3044566,153.3082358
,1163515.0000000,1732675.0000000,35.5766248,129.3045669,153.5567349
,1163525.0000000,1732675.0000000,35.5766232,129.3046772,153.9762578
,1163535.0000000,1732675.0000000,35.5766215,129.3047875,154.1708569
,1163545.0000000,1732675.0000000,35.5766199,129.3048978,155.0266537
,1163555.0000000,1732675.0000000,35.5766182,129.3050081,156.5457111
,1163565.0000000,1732675.0000000,35.5766166,129.3051184,160.0587009
,1163575.0000000,1732675.0000000,35.5766149,129.3052288,161.5062004
,1163585.0000000,1732675.0000000,35.5766132,129.3053391,163.3736889
,1163595.0000000,1732675.0000000,35.5766116,129.3054494,166.3999672
,1163605.0000000,1732675.0000000,35.5766099,129.3055597,167.0652548
,1163615.0000000,1732675.0000000,35.5766083,129.3056700,168.1749353
,1163625.0000000,1732675.0000000,35.5766066,129.3057803,169.7447068
,1163635.0000000,1732675.0000000,35.5766050,129.3058906,170.2797712
,1163645.0000000,1732675.0000000,35.5766033,129.3060009,170.3211573
,1163655.0000000,1732675.0000000,35.5766017,129.3061112,166.4866314
,1163665.0000000,1732675.0000000,35.5766000,129.3062216,162.7037163
,1163675.0000000,1732675.0000000,35.5765984,129.3063319,161.9214229
,1163685.0000000,1732675.0000000,35.5765967,129.3064422,161.5000000
,1163695.0000000,1732675.0000000,35.5765951,129.3065525,161.4256844
,1163705.0000000,1732675.0000000,35.5765934,129.3066628,161.2120445
,1163715.0000000,1732675.0000000,35.5765918,129.3067731,161.4206638
,1163725.0000000,1732675.0000000,35.5765901,129.3068834,161.5000000
,1163735.0000000,1732675.0000000,35.5765884,129.3069937,161.5000000
,1163745.0000000,1732675.0000000,35.5765868,129.3071041,161.5000000
,1163755.0000000,1732675.0000000,35.5765851,129.3072144,161.5000000
,1163765.0000000,1732675.0000000,35.5765835,129.3073247,161.8717861
,1163775.0000000,1732675.0000000,35.5765818,129.3074350,162.0155173
,1163785.0000000,1732675.0000000,35.5765802,129.3075453,162.0986801
,1163795.0000000,1732675.0000000,35.5765785,129.3076556,162.8996051
,1163805.0000000,1732675.0000000,35.5765769,129.3077659,163.9700409
,1163815.0000000,1732675.0000000,35.5765752,129.3078762,166.1213709
,1163825.0000000,1732675.0000000,35.5765736,129.3079865,166.0097903
,1163835.0000000,1732675.0000000,35.5765719,129.3080969,165.8934081
,1163845.0000000,1732675.0000000,35.5765702,129.3082072,165.5398549
,1163855.0000000,1732675.0000000,35.5765686,129.3083175,165.2063398
,1163865.0000000,1732675.0000000,35.5765669,129.3084278,166.4884779
,1163875.0000000,1732675.0000000,35.5765653,129.3085381,167.3068116
,1163885.0000000,1732675.0000000,35.5765636,129.3086484,169.8634767
,1163895.0000000,1732675.0000000,35.5765620,129.3087587,170.9989936
,1163905.0000000,1732675.0000000,35.5765603,129.3088690,171.2459491
,1163915.0000000,1732675.0000000,35.5765587,129.3089794,171.4695076
,1163925.0000000,1732675.0000000,35.5765570,129.3090897,171.5000000
,1163935.0000000,1732675.0000000,35.5765553,129.3092000,171.6173136
,1163945.0000000,1732675.0000000,35.5765537,129.3093103,172.0810571
,1163955.0000000,1732675.0000000,35.5765520,129.3094206,173.0902362
,1163965.0000000,1732675.0000000,35.5765504,129.3095309,175.5604606
,1163975.0000000,1732675.0000000,35.5765487,129.3096412,177.0432454
,1163985.0000000,1732675.0000000,35.5765471,129.3097515,177.9551184
,1163995.0000000,1732675.0000000,35.5765454,129.3098618,179.5536056
,1163005.0000000,1732685.0000000,35.5767991,129.2989430,130.9088902
,1163015.0000000,1732685.0000000,35.5767974,129.2990533,130.4616179
,1163025.0000000,1732685.0000000,35.5767958,129.2991636,126.8374691
,1163035.0000000,1732685.0000000,35.5767941,129.2992739,124.7941121
,1163045.0000000,1732685.0000000,35.5767925,129.2993842,121.3248061
,1163055.0000000,1732685.0000000,35.5767908,129.2994945,120.7359814
,1163065.0000000,1732685.0000000,35.5767892,129.2996048,117.7619993
,1163075.0000000,1732685.0000000,35.5767875,129.2997152,116.2858532
,1163085.0000000,1732685.0000000,35.5767859,129.2998255,113.2419948
,1163095.0000000,1732685.0000000,35.5767842,129.2999358,111.4203492
,1163105.0000000,1732685.0000000,35.5767826,129.3000461,108.9387361
,1163115.0000000,1732685.0000000,35.5767809,129.3001564,106.1017652
,1163125.0000000,1732685.0000000,35.5767793,129.3002667,100.9910870
,1163135.0000000,1732685.0000000,35.5767776,129.3003770,96.9817258
,1163145.0000000,1732685.0000000,35.5767760,129.3004873,97.3894962
,1163155.0000000,1732685.0000000,35.5767743,129.3005977,96.7752756
,1163165.0000000,1732685.0000000,35.5767727,129.3007080,96.5000000
,1163175.0000000,1732685.0000000,35.5767710,129.3008183,97.1731208
,1163185.0000000,1732685.0000000,35.5767694,129.3009286,96.8967488
,1163195.0000000,1732685.0000000,35.5767677,129.3010389,100.1926996
,1163205.0000000,1732685.0000000,35.5767661,129.3011492,103.0190682
,1163215.0000000,1732685.0000000,35.5767644,129.3012595,106.3783147
,1163225.0000000,1732685.0000000,35.5767628,129.3013698,107.5871547
,1163235.0000000,1732685.0000000,35.5767612,129.3014802,111.4745380
,1163245.0000000,1732685.0000000,35.5767595,129.3015905,114.0332626
,1163255.0000000,1732685.0000000,35.5767579,129.3017008,116.4156267
,1163265.0000000,1732685.0000000,35.5767562,129.3018111,117.4366528
,1163275.0000000,1732685.0000000,35.5767546,129.3019214,120.8708899
,1163285.0000000,1732685.0000000,35.5767529,129.3020317,121.7180583
,1163295.0000000,1732685.0000000,35.5767513,129.3021420,125.1324085
,1163305.0000000,1732685.0000000,35.5767496,129.3022523,127.3163595
,1163315.0000000,1732685.0000000,35.5767480,129.3023627,131.1525163
,1163325.0000000,1732685.0000000,35.5767463,129.3024730,132.9357311
,1163335.0000000,1732685.0000000,35.5767447,129.3025833,136.1621764
,1163345.0000000,1732685.0000000,35.5767430,129.3026936,137.8128530
,1163355.0000000,1732685.0000000,35.5767414,129.3028039,140.5798278
,1163365.0000000,1732685.0000000,35.5767397,129.3029142,140.0825698
,1163375.0000000,1732685.0000000,35.5767381,129.3030245,143.7880350
,1163385.0000000,1732685.0000000,35.5767364,129.3031348,146.4145269
,1163395.0000000,1732685.0000000,35.5767348,129.3032452,146.5000000
,1163405.0000000,1732685.0000000,35.5767331,129.3033555,146.5000000
,1163415.0000000,1732685.0000000,35.5767315,129.3034658,146.5000000
,1163425.0000000,1732685.0000000,35.5767298,129.3035761,146.5000000
,1163435.0000000,1732685.0000000,35.5767281,129.3036864,146.5000000
,1163445.0000000,1732685.0000000,35.5767265,129.3037967,147.3842188
,1163455.0000000,1732685.0000000,35.5767248,129.3039070,149.1499502
,1163465.0000000,1732685.0000000,35.5767232,129.3040173,150.7242670
,1163475.0000000,1732685.0000000,35.5767215,129.3041277,151.5000000
,1163485.0000000,1732685.0000000,35.5767199,129.3042380,151.5000000
,1163495.0000000,1732685.0000000,35.5767182,129.3043483,151.5000000
,1163505.0000000,1732685.0000000,35.5767166,129.3044586,153.6298099
,1163515.0000000,1732685.0000000,35.5767149,129.3045689,154.3916046
,1163525.0000000,1732685.0000000,35.5767133,129.3046792,154.4543893
,1163535.0000000,1732685.0000000,35.5767116,129.3047895,153.3385278
,1163545.0000000,1732685.0000000,35.5767100,129.3048998,155.9802586
,1163555.0000000,1732685.0000000,35.5767083,129.3050101,157.9805237
,1163565.0000000,1732685.0000000,35.5767067,129.3051205,160.7521556
,1163575.0000000,1732685.0000000,35.5767050,129.3052308,161.9224299
,1163585.0000000,1732685.0000000,35.5767034,129.3053411,164.3340865
,1163595.0000000,1732685.0000000,35.5767017,129.3054514,166.7195496
,1163605.0000000,1732685.0000000,35.5767001,129.3055617,169.0654366
,1163615.0000000,1732685.0000000,35.5766984,129.3056720,171.4513380
,1163625.0000000,1732685.0000000,35.5766968,129.3057823,171.0930420
,1163635.0000000,1732685.0000000,35.5766951,129.3058926,171.3544844
,1163645.0000000,1732685.0000000,35.5766935,129.3060030,169.1784582
,1163655.0000000,1732685.0000000,35.5766918,129.3061133,166.5975304
,1163665.0000000,1732685.0000000,35.5766901,129.3062236,163.3031301
,1163675.0000000,1732685.0000000,35.5766885,129.3063339,161.9007185
,1163685.0000000,1732685.0000000,35.5766868,129.3064442,160.0776108
,1163695.0000000,1732685.0000000,35.5766852,129.3065545,159.0567153
,1163705.0000000,1732685.0000000,35.5766835,129.3066648,159.6511400
,1163715.0000000,1732685.0000000,35.5766819,129.3067751,160.9899131
,1163725.0000000,1732685.0000000,35.5766802,129.3068855,161.3862683
,1163735.0000000,1732685.0000000,35.5766786,129.3069958,161.5000000
,1163745.0000000,1732685.0000000,35.5766769,129.3071061,161.5000000
,1163755.0000000,1732685.0000000,35.5766753,129.3072164,161.5000000
,1163765.0000000,1732685.0000000,35.5766736,129.3073267,161.4156775
,1163775.0000000,1732685.0000000,35.5766720,129.3074370,161.4606532
,1163785.0000000,1732685.0000000,35.5766703,129.3075473,160.1046230
,1163795.0000000,1732685.0000000,35.5766686,129.3076576,158.2649271
,1163805.0000000,1732685.0000000,35.5766670,129.3077679,160.2077917
,1163815.0000000,1732685.0000000,35.5766653,129.3078783,162.6587155
,1163825.0000000,1732685.0000000,35.5766637,129.3079886,162.7684028
,1163835.0000000,1732685.0000000,35.5766620,129.3080989,164.2964271
,1163845.0000000,1732685.0000000,35.5766604,129.3082092,164.5678861
,1163855.0000000,1732685.0000000,35.5766587,129.3083195,166.0844093
,1163865.0000000,1732685.0000000,35.5766571,129.3084298,164.6544335
,1163875.0000000,1732685.0000000,35.5766554,129.3085401,165.0349110
,1163885.0000000,1732685.0000000,35.5766537,129.3086504,167.5200847
,1163895.0000000,1732685.0000000,35.5766521,129.3087608,169.7292079
,1163905.0000000,1732685.0000000,35.5766504,129.3088711,171.1900759
,1163915.0000000,1732685.0000000,35.5766488,129.3089814,171.5000000
,1163925.0000000,1732685.0000000,35.5766471,129.3090917,171.5000000
,1163935.0000000,1732685.0000000,35.5766455,129.3092020,171.5000000
,1163945.0000000,1732685.0000000,35.5766438,129.3093123,171.5000000
,1163955.0000000,1732685.0000000,35.5766422,129.3094226,171.8662904
,1163965.0000000,1732685.0000000,35.5766405,129.3095329,173.3737010
,1163975.0000000,1732685.0000000,35.5766388,129.3096432,176.4744716
,1163985.0000000,1732685.0000000,35.5766372,129.3097536,176.7994964
,1163995.0000000,1732685.0000000,35.5766355,129.3098639,177.6114590
,1163005.0000000,1732695.0000000,35.5768892,129.2989450,130.9540202
,1163015.0000000,1732695.0000000,35.5768875,129.2990553,129.2410486
,1163025.0000000,1732695.0000000,35.5768859,129.2991656,126.4550961
,1163035.0000000,1732695.0000000,35.5768842,129.2992759,122.4132832
,1163045.0000000,1732695.0000000,35.5768826,129.2993862,119.1613251
,1163055.0000000,1732695.0000000,35.5768809,129.2994966,116.5384314
,1163065.0000000,1732695.0000000,35.5768793,129.2996069,114.5040435
,1163075.0000000,1732695.0000000,35.5768776,129.2997172,112.0107136
,1163085.0000000,1732695.0000000,35.5768760,129.2998275,111.2460605
,1163095.0000000,1732695.0000000,35.5768743,129.2999378,110.1912607
,1163105.0000000,1732695.0000000,35.5768727,129.3000481,106.4974795
,1163115.0000000,1732695.0000000,35.5768711,129.3001584,102.9852706
,1163125.0000000,1732695.0000000,35.5768694,129.3002687,99.1924525
,1163135.0000000,1732695.0000000,35.5768678,129.3003791,97.1929480
,1163145.0000000,1732695.0000000,35.5768661,129.3004894,97.6515510
,1163155.0000000,1732695.0000000,35.5768645,129.3005997,96.5000000
,1163165.0000000,1732695.0000000,35.5768628,129.3007100,96.5000000
,1163175.0000000,1732695.0000000,35.5768612,129.3008203,96.9523558
,1163185.0000000,1732695.0000000,35.5768595,129.3009306,97.3667798
,1163195.0000000,1732695.0000000,35.5768579,129.3010409,98.5147602
,1163205.0000000,1732695.0000000,35.5768562,129.3011512,101.6345070
,1163215.0000000,1732695.0000000,35.5768546,129.3012616,105.8701080
,1163225.0000000,1732695.0000000,35.5768529,129.3013719,107.0274542
,1163235.0000000,1732695.0000000,35.5768513,129.3014822,111.0236450
,1163245.0000000,1732695.0000000,35.5768496,129.3015925,114.4314709
,1163255.0000000,1732695.0000000,35.5768480,129.3017028,116.3605960
,1163265.0000000,1732695.0000000,35.5768463,129.3018131,116.8759118
,1163275.0000000,1732695.0000000,35.5768447,129.3019234,120.2891658
,1163285.0000000,1732695.0000000,35.5768430,129.3020337,121.6874214
,1163295.0000000,1732695.0000000,35.5768414,129.3021441,124.6312085
,1163305.0000000,1732695.0000000,35.5768397,129.3022544,126.6275790
,1163315.0000000,1732695.0000000,35.5768381,129.3023647,128.9482142
,1163325.0000000,1732695.0000000,35.5768364,129.3024750,131.5100768
,1163335.0000000,1732695.0000000,35.5768348,129.3025853,134.6516439
,1163345.0000000,1732695.0000000,35.5768331,129.3026956,136.8454881
,1163355.0000000,1732695.0000000,35.5768315,129.3028059,140.8096018
,1163365.0000000,1732695.0000000,35.5768298,129.3029162,140.2025816
,1163375.0000000,1732695.0000000,35.5768282,129.3030266,143.3580384
,1163385.0000000,1732695.0000000,35.5768265,129.3031369,145.5337912
,1163395.0000000,1732695.0000000,35.5768249,129.3032472,146.5000000
,1163405.0000000,1732695.0000000,35.5768232,129.3033575,146.5000000
,1163415.0000000,1732695.0000000,35.5768216,129.3034678,146.5000000
,1163425.0000000,1732695.0000000,35.5768199,129.3035781,146.5000000
,1163435.0000000,1732695.0000000,35.5768183,129.3036884,146.5301777
,1163445.0000000,1732695.0000000,35.5768166,129.3037987,148.0876284
,1163455.0000000,1732695.0000000,35.5768150,129.3039090,150.3832208
,1163465.0000000,1732695.0000000,35.5768133,129.3040194,151.5000000
,1163475.0000000,1732695.0000000,35.5768117,129.3041297,151.5000000
,1163485.0000000,1732695.0000000,35.5768100,129.3042400,151.5000000
,1163495.0000000,1732695.0000000,35.5768084,129.3043503,151.5000000
,1163505.0000000,1732695.0000000,35.5768067,129.3044606,153.8903981
,1163515.0000000,1732695.0000000,35.5768051,129.3045709,154.8376369
,1163525.0000000,1732695.0000000,35.5768034,129.3046812,155.8612690
,1163535.0000000,1732695.0000000,35.5768018,129.3047915,155.6405707
,1163545.0000000,1732695.0000000,35.5768001,129.3049019,156.5697388
,1163555.0000000,1732695.0000000,35.5767984,129.3050122,158.6789735
,1163565.0000000,1732695.0000000,35.5767968,129.3051225,161.2447241
,1163575.0000000,1732695.0000000,35.5767951,129.3052328,161.9195869
,1163585.0000000,1732695.0000000,35.5767935,129.3053431,164.6860331
,1163595.0000000,1732695.0000000,35.5767918,129.3054534,167.0251750
,1163605.0000000,1732695.0000000,35.5767902,129.3055637,169.1200696
,1163615.0000000,1732695.0000000,35.5767885,129.3056740,171.4846761
,1163625.0000000,1732695.0000000,35.5767869,129.3057844,171.5000000
,1163635.0000000,1732695.0000000,35.5767852,129.3058947,171.0052003
,1163645.0000000,1732695.0000000,35.5767836,129.3060050,168.3225127
,1163655.0000000,1732695.0000000,35.5767819,129.3061153,166.3278018
,1163665.0000000,1732695.0000000,35.5767803,129.3062256,162.9167588
,1163675.0000000,1732695.0000000,35.5767786,129.3063359,160.8091338
,1163685.0000000,1732695.0000000,35.5767770,129.3064462,157.8478261
,1163695.0000000,1732695.0000000,35.5767753,129.3065565,157.1816427
,1163705.0000000,1732695.0000000,35.5767737,129.3066669,157.3433509
,1163715.0000000,1732695.0000000,35.5767720,129.3067772,159.2982929
,1163725.0000000,1732695.0000000,35.5767703,129.3068875,160.6952584
,1163735.0000000,1732695.0000000,35.5767687,129.3069978,161.3538498
,1163745.0000000,1732695.0000000,35.5767670,129.3071081,161.5000000
,1163755.0000000,1732695.0000000,35.5767654,129.3072184,161.5000000
,1163765.0000000,1732695.0000000,35.5767637,129.3073287,161.2102672
,1163775.0000000,1732695.0000000,35.5767621,129.3074390,158.8307310
,1163785.0000000,1732695.0000000,35.5767604,129.3075494,156.6159149
,1163795.0000000,1732695.0000000,35.5767588,129.3076597,156.8235008
,1163805.0000000,1732695.0000000,35.5767571,129.3077700,156.7260740
,1163815.0000000,1732695.0000000,35.5767555,129.3078803,157.8073585
,1163825.0000000,1732695.0000000,35.5767538,129.3079906,157.5938537
,1163835.0000000,1732695.0000000,35.5767521,129.3081009,159.2094406
,1163845.0000000,1732695.0000000,35.5767505,129.3082112,161.0766623
,1163855.0000000,1732695.0000000,35.5767488,129.3083215,163.1791072
,1163865.0000000,1732695.0000000,35.5767472,129.3084318,163.8803184
,1163875.0000000,1732695.0000000,35.5767455,129.3085422,163.6594949
,1163885.0000000,1732695.0000000,35.5767439,129.3086525,165.4954744
,1163895.0000000,1732695.0000000,35.5767422,129.3087628,168.5942280
,1163905.0000000,1732695.0000000,35.5767406,129.3088731,170.3041661
,1163915.0000000,1732695.0000000,35.5767389,129.3089834,171.4647907
,1163925.0000000,1732695.0000000,35.5767372,129.3090937,171.5000000
,1163935.0000000,1732695.0000000,35.5767356,129.3092040,171.5000000
,1163945.0000000,1732695.0000000,35.5767339,129.3093143,171.5000000
,1163955.0000000,1732695.0000000,35.5767323,129.3094247,171.5000000
,1163965.0000000,1732695.0000000,35.5767306,129.3095350,171.9669595
,1163975.0000000,1732695.0000000,35.5767290,129.3096453,173.6872083
,1163985.0000000,1732695.0000000,35.5767273,129.3097556,176.7220020
,1163995.0000000,1732695.0000000,35.5767256,129.3098659,178.8096739
,1163005.0000000,1732705.0000000,35.5769793,129.2989470,131.0096036
,1163015.0000000,1732705.0000000,35.5769776,129.2990573,130.6383820
,1163025.0000000,1732705.0000000,35.5769760,129.2991676,126.5808777
,1163035.0000000,1732705.0000000,35.5769744,129.2992779,122.5118312
,1163045.0000000,1732705.0000000,35.5769727,129.2993883,120.7955871
,1163055.0000000,1732705.0000000,35.5769711,129.2994986,116.3483276
,1163065.0000000,1732705.0000000,35.5769694,129.2996089,111.7963099
,1163075.0000000,1732705.0000000,35.5769678,129.2997192,108.3210308
,1163085.0000000,1732705.0000000,35.5769661,129.2998295,108.3407484
,1163095.0000000,1732705.0000000,35.5769645,129.2999398,106.7214613
,1163105.0000000,1732705.0000000,35.5769628,129.3000501,105.1578801
,1163115.0000000,1732705.0000000,35.5769612,129.3001604,101.2003054
,1163125.0000000,1732705.0000000,35.5769595,129.3002708,96.5076324
,1163135.0000000,1732705.0000000,35.5769579,129.3003811,97.5741688
,1163145.0000000,1732705.0000000,35.5769562,129.3004914,97.4728506
,1163155.0000000,1732705.0000000,35.5769546,129.3006017,96.5000000
,1163165.0000000,1732705.0000000,35.5769529,129.3007120,96.5000000
,1163175.0000000,1732705.0000000,35.5769513,129.3008223,96.5634301
,1163185.0000000,1732705.0000000,35.5769496,129.3009326,96.6397003
,1163195.0000000,1732705.0000000,35.5769480,129.3010429,98.4864185
,1163205.0000000,1732705.0000000,35.5769463,129.3011533,101.4725556
,1163215.0000000,1732705.0000000,35.5769447,129.3012636,103.8154018
,1163225.0000000,1732705.0000000,35.5769430,129.3013739,106.6422013
,1163235.0000000,1732705.0000000,35.5769414,129.3014842,108.4917005
,1163245.0000000,1732705.0000000,35.5769397,129.3015945,111.7446011
,1163255.0000000,1732705.0000000,35.5769381,129.3017048,115.7861418
,1163265.0000000,1732705.0000000,35.5769364,129.3018151,116.5426244
,1163275.0000000,1732705.0000000,35.5769348,129.3019254,117.7464725
,1163285.0000000,1732705.0000000,35.5769331,129.3020358,121.1566133
,1163295.0000000,1732705.0000000,35.5769315,129.3021461,122.8339190
,1163305.0000000,1732705.0000000,35.5769298,129.3022564,125.9902210
,1163315.0000000,1732705.0000000,35.5769282,129.3023667,126.7072719
,1163325.0000000,1732705.0000000,35.5769265,129.3024770,130.2125545
,1163335.0000000,1732705.0000000,35.5769249,129.3025873,132.2377032
,1163345.0000000,1732705.0000000,35.5769232,129.3026976,136.4749312
,1163355.0000000,1732705.0000000,35.5769216,129.3028079,138.4992999
,1163365.0000000,1732705.0000000,35.5769199,129.3029183,140.9419592
,1163375.0000000,1732705.0000000,35.5769183,129.3030286,142.2680639
,1163385.0000000,1732705.0000000,35.5769166,129.3031389,145.4920847
,1163395.0000000,1732705.0000000,35.5769150,129.3032492,146.4825055
,1163405.0000000,1732705.0000000,35.5769133,129.3033595,146.5000000
,1163415.0000000,1732705.0000000,35.5769117,129.3034698,146.5000000
,1163425.0000000,1732705.0000000,35.5769100,129.3035801,146.5000000
,1163435.0000000,1732705.0000000,35.5769084,129.3036904,146.7687605
,1163445.0000000,1732705.0000000,35.5769067,129.3038008,149.6617063
,1163455.0000000,1732705.0000000,35.5769051,129.3039111,151.5000000
,1163465.0000000,1732705.0000000,35.5769034,129.3040214,151.5000000
,1163475.0000000,1732705.0000000,35.5769018,129.3041317,151.5000000
,1163485.0000000,1732705.0000000,35.5769001,129.3042420,151.5000000
,1163495.0000000,1732705.0000000,35.5768985,129.3043523,151.5000000
,1163505.0000000,1732705.0000000,35.5768968,129.3044626,153.7180608
,1163515.0000000,1732705.0000000,35.5768952,129.3045729,154.5422062
,1163525.0000000,1732705.0000000,35.5768935,129.3046833,155.1214405
,1163535.0000000,1732705.0000000,35.5768919,129.3047936,154.3811971
,1163545.0000000,1732705.0000000,35.5768902,129.3049039,156.9832857
,1163555.0000000,1732705.0000000,35.5768886,129.3050142,160.3205850
,1163565.0000000,1732705.0000000,35.5768869,129.3051245,161.3686214
,1163575.0000000,1732705.0000000,35.5768853,129.3052348,161.8596821
,1163585.0000000,1732705.0000000,35.5768836,129.3053451,163.9187518
,1163595.0000000,1732705.0000000,35.5768820,129.3054554,166.7804221
,1163605.0000000,1732705.0000000,35.5768803,129.3055658,167.6585574
,1163615.0000000,1732705.0000000,35.5768787,129.3056761,170.3132042
,1163625.0000000,1732705.0000000,35.5768770,129.3057864,170.7625451
,1163635.0000000,1732705.0000000,35.5768753,129.3058967,169.1055092
,1163645.0000000,1732705.0000000,35.5768737,129.3060070,166.5654478
,1163655.0000000,1732705.0000000,35.5768720,129.3061173,165.3447247
,1163665.0000000,1732705.0000000,35.5768704,129.3062276,161.7722156
,1163675.0000000,1732705.0000000,35.5768687,129.3063379,159.3610652
,1163685.0000000,1732705.0000000,35.5768671,129.3064483,156.6473586
,1163695.0000000,1732705.0000000,35.5768654,129.3065586,156.5547076
,1163705.0000000,1732705.0000000,35.5768638,129.3066689,156.5513905
,1163715.0000000,1732705.0000000,35.5768621,129.3067792,156.9466111
,1163725.0000000,1732705.0000000,35.5768605,129.3068895,158.6618838
,1163735.0000000,1732705.0000000,35.5768588,129.3069998,159.8554622
,1163745.0000000,1732705.0000000,35.5768572,129.3071101,161.1323032
,1163755.0000000,1732705.0000000,35.5768555,129.3072204,161.4548854
,1163765.0000000,1732705.0000000,35.5768538,129.3073308,160.7991320
,1163775.0000000,1732705.0000000,35.5768522,129.3074411,157.2517270
,1163785.0000000,1732705.0000000,35.5768505,129.3075514,156.8082745
,1163795.0000000,1732705.0000000,35.5768489,129.3076617,155.9506109
,1163805.0000000,1732705.0000000,35.5768472,129.3077720,154.7819916
,1163815.0000000,1732705.0000000,35.5768456,129.3078823,154.7366703
,1163825.0000000,1732705.0000000,35.5768439,129.3079926,156.2820085
,1163835.0000000,1732705.0000000,35.5768423,129.3081029,157.5384895
,1163845.0000000,1732705.0000000,35.5768406,129.3082132,161.1309574
,1163855.0000000,1732705.0000000,35.5768390,129.3083236,161.2014953
,1163865.0000000,1732705.0000000,35.5768373,129.3084339,162.9056868
,1163875.0000000,1732705.0000000,35.5768356,129.3085442,164.8568466
,1163885.0000000,1732705.0000000,35.5768340,129.3086545,162.0736962
,1163895.0000000,1732705.0000000,35.5768323,129.3087648,165.9979407
,1163905.0000000,1732705.0000000,35.5768307,129.3088751,169.1782651
,1163915.0000000,1732705.0000000,35.5768290,129.3089854,170.9085004
,1163925.0000000,1732705.0000000,35.5768274,129.3090957,171.3997386
,1163935.0000000,1732705.0000000,35.5768257,129.3092061,171.5000000
,1163945.0000000,1732705.0000000,35.5768241,129.3093164,171.5000000
,1163955.0000000,1732705.0000000,35.5768224,129.3094267,171.5000000
,1163965.0000000,1732705.0000000,35.5768207,129.3095370,171.5000000
,1163975.0000000,1732705.0000000,35.5768191,129.3096473,171.9999263
,1163985.0000000,1732705.0000000,35.5768174,129.3097576,174.6826998
,1163995.0000000,1732705.0000000,35.5768158,129.3098679,177.8689570
,1163005.0000000,1732715.0000000,35.5770694,129.2989490,131.4610826
,1163015.0000000,1732715.0000000,35.5770678,129.2990593,130.4776061
,1163025.0000000,1732715.0000000,35.5770661,129.2991696,126.8980992
,1163035.0000000,1732715.0000000,35.5770645,129.2992800,124.6710942
,1163045.0000000,1732715.0000000,35.5770628,129.2993903,121.1660315
,1163055.0000000,1732715.0000000,35.5770612,129.2995006,117.3950499
,1163065.0000000,1732715.0000000,35.5770595,129.2996109,114.0713779
,1163075.0000000,1732715.0000000,35.5770579,129.2997212,108.5341081
,1163085.0000000,1732715.0000000,35.5770562,129.2998315,103.8488462
,1163095.0000000,1732715.0000000,35.5770546,129.2999418,105.0345778
,1163105.0000000,1732715.0000000,35.5770529,129.3000521,101.1348205
,1163115.0000000,1732715.0000000,35.5770513,129.3001625,97.5680132
,1163125.0000000,1732715.0000000,35.5770496,129.3002728,97.2928681
,1163135.0000000,1732715.0000000,35.5770480,129.3003831,97.3095578
,1163145.0000000,1732715.0000000,35.5770464,129.3004934,96.5000000
,1163155.0000000,1732715.0000000,35.5770447,129.3006037,96.5000000
,1163165.0000000,1732715.0000000,35.5770431,129.3007140,96.5000000
,1163175.0000000,1732715.0000000,35.5770414,129.3008243,96.5020189
,1163185.0000000,1732715.0000000,35.5770398,129.3009347,96.8942312
,1163195.0000000,1732715.0000000,35.5770381,129.3010450,99.5988980
,1163205.0000000,1732715.0000000,35.5770365,129.3011553,101.4088198
,1163215.0000000,1732715.0000000,35.5770348,129.3012656,101.9195031
,1163225.0000000,1732715.0000000,35.5770332,129.3013759,104.7518589
,1163235.0000000,1732715.0000000,35.5770315,129.3014862,107.0277162
,1163245.0000000,1732715.0000000,35.5770299,129.3015965,110.3031759
,1163255.0000000,1732715.0000000,35.5770282,129.3017068,112.1021908
,1163265.0000000,1732715.0000000,35.5770266,129.3018172,115.4685076
,1163275.0000000,1732715.0000000,35.5770249,129.3019275,116.6536384
,1163285.0000000,1732715.0000000,35.5770233,129.3020378,119.1243330
,1163295.0000000,1732715.0000000,35.5770216,129.3021481,121.5094090
,1163305.0000000,1732715.0000000,35.5770200,129.3022584,124.1511299
,1163315.0000000,1732715.0000000,35.5770183,129.3023687,126.4409305
,1163325.0000000,1732715.0000000,35.5770167,129.3024790,128.0114817
,1163335.0000000,1732715.0000000,35.5770150,129.3025893,131.7334939
,1163345.0000000,1732715.0000000,35.5770134,129.3026997,134.1431794
,1163355.0000000,1732715.0000000,35.5770117,129.3028100,136.5978018
,1163365.0000000,1732715.0000000,35.5770101,129.3029203,140.2816458
,1163375.0000000,1732715.0000000,35.5770084,129.3030306,141.3339002
,1163385.0000000,1732715.0000000,35.5770068,129.3031409,144.1744087
,1163395.0000000,1732715.0000000,35.5770051,129.3032512,146.4568006
,1163405.0000000,1732715.0000000,35.5770035,129.3033615,146.5000000
,1163415.0000000,1732715.0000000,35.5770018,129.3034718,146.5000000
,1163425.0000000,1732715.0000000,35.5770002,129.3035822,146.5000000
,1163435.0000000,1732715.0000000,35.5769985,129.3036925,147.0123734
,1163445.0000000,1732715.0000000,35.5769969,129.3038028,150.5797417
,1163455.0000000,1732715.0000000,35.5769952,129.3039131,151.5000000
,1163465.0000000,1732715.0000000,35.5769936,129.3040234,151.5000000
,1163475.0000000,1732715.0000000,35.5769919,129.3041337,151.5000000
,1163485.0000000,1732715.0000000,35.5769903,129.3042440,151.5000000
,1163495.0000000,1732715.0000000,35.5769886,129.3043543,152.1341791
,1163505.0000000,1732715.0000000,35.5769870,129.3044647,153.2913406
,1163515.0000000,1732715.0000000,35.5769853,129.3045750,154.2007029
,1163525.0000000,1732715.0000000,35.5769836,129.3046853,155.1634525
,1163535.0000000,1732715.0000000,35.5769820,129.3047956,156.5608214
,1163545.0000000,1732715.0000000,35.5769803,129.3049059,158.5479625
,1163555.0000000,1732715.0000000,35.5769787,129.3050162,161.4487614
,1163565.0000000,1732715.0000000,35.5769770,129.3051265,161.3835409
,1163575.0000000,1732715.0000000,35.5769754,129.3052368,161.6247053
,1163585.0000000,1732715.0000000,35.5769737,129.3053472,162.9909475
,1163595.0000000,1732715.0000000,35.5769721,129.3054575,165.2723836
,1163605.0000000,1732715.0000000,35.5769704,129.3055678,166.4840475
,1163615.0000000,1732715.0000000,35.5769688,129.3056781,166.8830819
,1163625.0000000,1732715.0000000,35.5769671,129.3057884,167.3692943
,1163635.0000000,1732715.0000000,35.5769655,129.3058987,167.0063873
,1163645.0000000,1732715.0000000,35.5769638,129.3060090,166.4133126
,1163655.0000000,1732715.0000000,35.5769622,129.3061193,163.6224987
,1163665.0000000,1732715.0000000,35.5769605,129.3062297,161.3882422
,1163675.0000000,1732715.0000000,35.5769589,129.3063400,157.8253665
,1163685.0000000,1732715.0000000,35.5769572,129.3064503,156.6711791
,1163695.0000000,1732715.0000000,35.5769555,129.3065606,156.5000000
,1163705.0000000,1732715.0000000,35.5769539,129.3066709,156.5000000
,1163715.0000000,1732715.0000000,35.5769522,129.3067812,156.5160109
,1163725.0000000,1732715.0000000,35.5769506,129.3068915,156.7589613
,1163735.0000000,1732715.0000000,35.5769489,129.3070018,157.4256823
,1163745.0000000,1732715.0000000,35.5769473,129.3071122,159.9045478
,1163755.0000000,1732715.0000000,35.5769456,129.3072225,160.3316402
,1163765.0000000,1732715.0000000,35.5769440,129.3073328,158.7058194
,1163775.0000000,1732715.0000000,35.5769423,129.3074431,156.7427592
,1163785.0000000,1732715.0000000,35.5769407,129.3075534,155.5062195
,1163795.0000000,1732715.0000000,35.5769390,129.3076637,153.7446946
,1163805.0000000,1732715.0000000,35.5769374,129.3077740,152.4698302
,1163815.0000000,1732715.0000000,35.5769357,129.3078843,152.2425879
,1163825.0000000,1732715.0000000,35.5769340,129.3079946,152.9555208
,1163835.0000000,1732715.0000000,35.5769324,129.3081050,156.3114902
,1163845.0000000,1732715.0000000,35.5769307,129.3082153,159.3270446
,1163855.0000000,1732715.0000000,35.5769291,129.3083256,160.8819458
,1163865.0000000,1732715.0000000,35.5769274,129.3084359,161.1228853
,1163875.0000000,1732715.0000000,35.5769258,129.3085462,161.4294667
,1163885.0000000,1732715.0000000,35.5769241,129.3086565,161.5714872
,1163895.0000000,1732715.0000000,35.5769225,129.3087668,163.1183255
,1163905.0000000,1732715.0000000,35.5769208,129.3088771,167.2568037
,1163915.0000000,1732715.0000000,35.5769191,129.3089875,169.2036319
,1163925.0000000,1732715.0000000,35.5769175,129.3090978,170.8050639
,1163935.0000000,1732715.0000000,35.5769158,129.3092081,171.3524273
,1163945.0000000,1732715.0000000,35.5769142,129.3093184,171.5000000
,1163955.0000000,1732715.0000000,35.5769125,129.3094287,171.5000000
,1163965.0000000,1732715.0000000,35.5769109,129.3095390,171.5000000
,1163975.0000000,1732715.0000000,35.5769092,129.3096493,171.5000000
,1163985.0000000,1732715.0000000,35.5769075,129.3097596,172.8080264
,1163995.0000000,1732715.0000000,35.5769059,129.3098700,176.6114332
,1163005.0000000,1732725.0000000,35.5771595,129.2989510,129.8719145
,1163015.0000000,1732725.0000000,35.5771579,129.2990613,128.6034716
,1163025.0000000,1732725.0000000,35.5771562,129.2991717,126.6601412
,1163035.0000000,1732725.0000000,35.5771546,129.2992820,125.3282272
,1163045.0000000,1732725.0000000,35.5771529,129.2993923,121.5402713
,1163055.0000000,1732725.0000000,35.5771513,129.2995026,118.6884306
,1163065.0000000,1732725.0000000,35.5771497,129.2996129,114.2819998
,1163075.0000000,1732725.0000000,35.5771480,129.2997232,109.3676554
,1163085.0000000,1732725.0000000,35.5771464,129.2998335,104.0140874
,1163095.0000000,1732725.0000000,35.5771447,129.2999439,100.2994845
,1163105.0000000,1732725.0000000,35.5771431,129.3000542,97.3714242
,1163115.0000000,1732725.0000000,35.5771414,129.3001645,96.9222266
,1163125.0000000,1732725.0000000,35.5771398,129.3002748,97.2461609
,1163135.0000000,1732725.0000000,35.5771381,129.3003851,97.2722537
,1163145.0000000,1732725.0000000,35.5771365,129.3004954,96.5000000
,1163155.0000000,1732725.0000000,35.5771348,129.3006057,96.5000000
,1163165.0000000,1732725.0000000,35.5771332,129.3007160,96.5000000
,1163175.0000000,1732725.0000000,35.5771315,129.3008264,96.5000000
,1163185.0000000,1732725.0000000,35.5771299,129.3009367,96.9328183
,1163195.0000000,1732725.0000000,35.5771282,129.3010470,100.8614666
,1163205.0000000,1732725.0000000,35.5771266,129.3011573,101.5000000
,1163215.0000000,1732725.0000000,35.5771249,129.3012676,101.5150382
,1163225.0000000,1732725.0000000,35.5771233,129.3013779,104.0727631
,1163235.0000000,1732725.0000000,35.5771216,129.3014882,106.9252393
,1163245.0000000,1732725.0000000,35.5771200,129.3015985,108.3745284
,1163255.0000000,1732725.0000000,35.5771183,129.3017089,111.4592331
,1163265.0000000,1732725.0000000,35.5771167,129.3018192,114.7960360
,1163275.0000000,1732725.0000000,35.5771150,129.3019295,116.4244453
,1163285.0000000,1732725.0000000,35.5771134,129.3020398,117.9230933
,1163295.0000000,1732725.0000000,35.5771117,129.3021501,121.0760714
,1163305.0000000,1732725.0000000,35.5771101,129.3022604,122.2234204
,1163315.0000000,1732725.0000000,35.5771084,129.3023707,125.5642911
,1163325.0000000,1732725.0000000,35.5771068,129.3024810,127.5505910
,1163335.0000000,1732725.0000000,35.5771051,129.3025914,131.0214067
,1163345.0000000,1732725.0000000,35.5771035,129.3027017,132.5817540
,1163355.0000000,1732725.0000000,35.5771018,129.3028120,136.3234143
,1163365.0000000,1732725.0000000,35.5771002,129.3029223,137.1803323
,1163375.0000000,1732725.0000000,35.5770985,129.3030326,140.5202828
,1163385.0000000,1732725.0000000,35.5770969,129.3031429,141.7947581
,1163395.0000000,1732725.0000000,35.5770952,129.3032532,143.8551631
,1163405.0000000,1732725.0000000,35.5770936,129.3033636,145.9164015
,1163415.0000000,1732725.0000000,35.5770919,129.3034739,146.4261086
,1163425.0000000,1732725.0000000,35.5770903,129.3035842,146.5000000
,1163435.0000000,1732725.0000000,35.5770886,129.3036945,146.6811779
,1163445.0000000,1732725.0000000,35.5770870,129.3038048,149.7909301
,1163455.0000000,1732725.0000000,35.5770853,129.3039151,151.5000000
,1163465.0000000,1732725.0000000,35.5770837,129.3040254,151.5000000
,1163475.0000000,1732725.0000000,35.5770820,129.3041357,151.5000000
,1163485.0000000,1732725.0000000,35.5770804,129.3042461,151.5000000
,1163495.0000000,1732725.0000000,35.5770787,129.3043564,152.1971792
,1163505.0000000,1732725.0000000,35.5770771,129.3044667,153.0804114
,1163515.0000000,1732725.0000000,35.5770754,129.3045770,153.8035396
,1163525.0000000,1732725.0000000,35.5770738,129.3046873,154.4230573
,1163535.0000000,1732725.0000000,35.5770721,129.3047976,156.1677855
,1163545.0000000,1732725.0000000,35.5770705,129.3049079,158.6947527
,1163555.0000000,1732725.0000000,35.5770688,129.3050182,161.2186786
,1163565.0000000,1732725.0000000,35.5770672,129.3051286,161.4420243
,1163575.0000000,1732725.0000000,35.5770655,129.3052389,161.3496156
,1163585.0000000,1732725.0000000,35.5770639,129.3053492,161.4708382
,1163595.0000000,1732725.0000000,35.5770622,129.3054595,161.7825302
,1163605.0000000,1732725.0000000,35.5770605,129.3055698,162.4628097
,1163615.0000000,1732725.0000000,35.5770589,129.3056801,164.1610963
,1163625.0000000,1732725.0000000,35.5770572,129.3057904,165.9453794
,1163635.0000000,1732725.0000000,35.5770556,129.3059007,165.9692424
,1163645.0000000,1732725.0000000,35.5770539,129.3060111,165.0497462
,1163655.0000000,1732725.0000000,35.5770523,129.3061214,162.1821784
,1163665.0000000,1732725.0000000,35.5770506,129.3062317,160.7198317
,1163675.0000000,1732725.0000000,35.5770490,129.3063420,156.9389159
,1163685.0000000,1732725.0000000,35.5770473,129.3064523,156.5894275
,1163695.0000000,1732725.0000000,35.5770457,129.3065626,156.5000000
,1163705.0000000,1732725.0000000,35.5770440,129.3066729,156.5000000
,1163715.0000000,1732725.0000000,35.5770424,129.3067832,156.5000000
,1163725.0000000,1732725.0000000,35.5770407,129.3068936,156.6733945
,1163735.0000000,1732725.0000000,35.5770391,129.3070039,156.6468483
,1163745.0000000,1732725.0000000,35.5770374,129.3071142,157.8430531
,1163755.0000000,1732725.0000000,35.5770357,129.3072245,158.5022470
,1163765.0000000,1732725.0000000,35.5770341,129.3073348,157.1102423
,1163775.0000000,1732725.0000000,35.5770324,129.3074451,156.1836844
,1163785.0000000,1732725.0000000,35.5770308,129.3075554,153.7506372
,1163795.0000000,1732725.0000000,35.5770291,129.3076657,151.9977897
,1163805.0000000,1732725.0000000,35.5770275,129.3077761,151.7922623
,1163815.0000000,1732725.0000000,35.5770258,129.3078864,152.6095089
,1163825.0000000,1732725.0000000,35.5770242,129.3079967,153.4703956
,1163835.0000000,1732725.0000000,35.5770225,129.3081070,152.7476573
,1163845.0000000,1732725.0000000,35.5770209,129.3082173,156.8131374
,1163855.0000000,1732725.0000000,35.5770192,129.3083276,161.1551921
,1163865.0000000,1732725.0000000,35.5770175,129.3084379,160.6952385
,1163875.0000000,1732725.0000000,35.5770159,129.3085482,160.9193719
,1163885.0000000,1732725.0000000,35.5770142,129.3086585,165.7690146
,1163895.0000000,1732725.0000000,35.5770126,129.3087689,162.9748693
,1163905.0000000,1732725.0000000,35.5770109,129.3088792,165.0056117
,1163915.0000000,1732725.0000000,35.5770093,129.3089895,167.0825044
,1163925.0000000,1732725.0000000,35.5770076,129.3090998,168.1333141
,1163935.0000000,1732725.0000000,35.5770059,129.3092101,170.5000544
,1163945.0000000,1732725.0000000,35.5770043,129.3093204,171.5000000
,1163955.0000000,1732725.0000000,35.5770026,129.3094307,171.5000000
,1163965.0000000,1732725.0000000,35.5770010,129.3095410,171.5000000
,1163975.0000000,1732725.0000000,35.5769993,129.3096514,171.5000000
,1163985.0000000,1732725.0000000,35.5769977,129.3097617,172.1068594
,1163995.0000000,1732725.0000000,35.5769960,129.3098720,174.6913627
,1163005.0000000,1732735.0000000,35.5772497,129.2989531,127.5268812
,1163015.0000000,1732735.0000000,35.5772480,129.2990634,127.0288111
,1163025.0000000,1732735.0000000,35.5772464,129.2991737,126.4162483
,1163035.0000000,1732735.0000000,35.5772447,129.2992840,124.7657561
,1163045.0000000,1732735.0000000,35.5772431,129.2993943,121.4506889
,1163055.0000000,1732735.0000000,35.5772414,129.2995046,117.7594745
,1163065.0000000,1732735.0000000,35.5772398,129.2996149,114.9614467
,1163075.0000000,1732735.0000000,35.5772381,129.2997252,111.2782700
,1163085.0000000,1732735.0000000,35.5772365,129.2998356,106.4638151
,1163095.0000000,1732735.0000000,35.5772348,129.2999459,100.5198396
,1163105.0000000,1732735.0000000,35.5772332,129.3000562,96.5780221
,1163115.0000000,1732735.0000000,35.5772315,129.3001665,96.5000000
,1163125.0000000,1732735.0000000,35.5772299,129.3002768,96.5000000
,1163135.0000000,1732735.0000000,35.5772282,129.3003871,96.5000000
,1163145.0000000,1732735.0000000,35.5772266,129.3004974,96.5000000
,1163155.0000000,1732735.0000000,35.5772249,129.3006077,96.5000000
,1163165.0000000,1732735.0000000,35.5772233,129.3007181,96.5000000
,1163175.0000000,1732735.0000000,35.5772216,129.3008284,96.5324882
,1163185.0000000,1732735.0000000,35.5772200,129.3009387,97.8573495
,1163195.0000000,1732735.0000000,35.5772184,129.3010490,101.5955624
,1163205.0000000,1732735.0000000,35.5772167,129.3011593,101.8828982
,1163215.0000000,1732735.0000000,35.5772151,129.3012696,101.7852069
,1163225.0000000,1732735.0000000,35.5772134,129.3013799,106.0906104
,1163235.0000000,1732735.0000000,35.5772118,129.3014903,107.2823053
,1163245.0000000,1732735.0000000,35.5772101,129.3016006,111.1173018
,1163255.0000000,1732735.0000000,35.5772085,129.3017109,113.1970807
,1163265.0000000,1732735.0000000,35.5772068,129.3018212,116.1478996
,1163275.0000000,1732735.0000000,35.5772052,129.3019315,116.5889288
,1163285.0000000,1732735.0000000,35.5772035,129.3020418,118.9408111
,1163295.0000000,1732735.0000000,35.5772019,129.3021521,121.3732155
,1163305.0000000,1732735.0000000,35.5772002,129.3022624,122.6003200
,1163315.0000000,1732735.0000000,35.5771986,129.3023728,125.9774781
,1163325.0000000,1732735.0000000,35.5771969,129.3024831,127.3304635
,1163335.0000000,1732735.0000000,35.5771953,129.3025934,130.6332100
,1163345.0000000,1732735.0000000,35.5771936,129.3027037,132.0611968
,1163355.0000000,1732735.0000000,35.5771920,129.3028140,135.3003084
,1163365.0000000,1732735.0000000,35.5771903,129.3029243,136.6643664
,1163375.0000000,1732735.0000000,35.5771887,129.3030346,138.4048867
,1163385.0000000,1732735.0000000,35.5771870,129.3031449,141.0864575
,1163395.0000000,1732735.0000000,35.5771854,129.3032553,141.8560025
,1163405.0000000,1732735.0000000,35.5771837,129.3033656,144.0032587
,1163415.0000000,1732735.0000000,35.5771821,129.3034759,146.0084768
,1163425.0000000,1732735.0000000,35.5771804,129.3035862,146.5000000
,1163435.0000000,1732735.0000000,35.5771788,129.3036965,146.5218593
,1163445.0000000,1732735.0000000,35.5771771,129.3038068,148.1815381
,1163455.0000000,1732735.0000000,35.5771755,129.3039171,151.4248910
,1163465.0000000,1732735.0000000,35.5771738,129.3040274,151.5000000
,1163475.0000000,1732735.0000000,35.5771721,129.3041378,151.5000000
,1163485.0000000,1732735.0000000,35.5771705,129.3042481,151.5000000
,1163495.0000000,1732735.0000000,35.5771688,129.3043584,153.5398569
,1163505.0000000,1732735.0000000,35.5771672,129.3044687,154.6678593
,1163515.0000000,1732735.0000000,35.5771655,129.3045790,154.9477186
,1163525.0000000,1732735.0000000,35.5771639,129.3046893,152.9171161
,1163535.0000000,1732735.0000000,35.5771622,129.3047996,156.0561507
,1163545.0000000,1732735.0000000,35.5771606,129.3049099,157.2271383
,1163555.0000000,1732735.0000000,35.5771589,129.3050203,159.5777631
,1163565.0000000,1732735.0000000,35.5771573,129.3051306,160.2829955
,1163575.0000000,1732735.0000000,35.5771556,129.3052409,160.3744951
,1163585.0000000,1732735.0000000,35.5771540,129.3053512,160.1809123
,1163595.0000000,1732735.0000000,35.5771523,129.3054615,160.2760573
,1163605.0000000,1732735.0000000,35.5771507,129.3055718,160.5522052
,1163615.0000000,1732735.0000000,35.5771490,129.3056821,161.3257954
,1163625.0000000,1732735.0000000,35.5771474,129.3057925,161.6767167
,1163635.0000000,1732735.0000000,35.5771457,129.3059028,163.0811395
,1163645.0000000,1732735.0000000,35.5771441,129.3060131,162.2655976
,1163655.0000000,1732735.0000000,35.5771424,129.3061234,161.2094460
,1163665.0000000,1732735.0000000,35.5771408,129.3062337,158.1115180
,1163675.0000000,1732735.0000000,35.5771391,129.3063440,157.1428615
,1163685.0000000,1732735.0000000,35.5771374,129.3064543,156.8680573
,1163695.0000000,1732735.0000000,35.5771358,129.3065646,156.5000000
,1163705.0000000,1732735.0000000,35.5771341,129.3066750,156.5000000
,1163715.0000000,1732735.0000000,35.5771325,129.3067853,156.5000000
,1163725.0000000,1732735.0000000,35.5771308,129.3068956,156.5000000
,1163735.0000000,1732735.0000000,35.5771292,129.3070059,156.5830777
,1163745.0000000,1732735.0000000,35.5771275,129.3071162,156.7395796
,1163755.0000000,1732735.0000000,35.5771259,129.3072265,156.2349996
,1163765.0000000,1732735.0000000,35.5771242,129.3073368,155.5799093
,1163775.0000000,1732735.0000000,35.5771226,129.3074471,154.6623122
,1163785.0000000,1732735.0000000,35.5771209,129.3075575,152.1060625
,1163795.0000000,1732735.0000000,35.5771192,129.3076678,151.7581658
,1163805.0000000,1732735.0000000,35.5771176,129.3077781,151.9641562
,1163815.0000000,1732735.0000000,35.5771159,129.3078884,152.7382234
,1163825.0000000,1732735.0000000,35.5771143,129.3079987,153.8488835
,1163835.0000000,1732735.0000000,35.5771126,129.3081090,154.9116162
,1163845.0000000,1732735.0000000,35.5771110,129.3082193,154.4011718
,1163855.0000000,1732735.0000000,35.5771093,129.3083296,157.5468646
,1163865.0000000,1732735.0000000,35.5771077,129.3084400,156.4332200
,1163875.0000000,1732735.0000000,35.5771060,129.3085503,159.7363797
,1163885.0000000,1732735.0000000,35.5771043,129.3086606,160.0720403
,1163895.0000000,1732735.0000000,35.5771027,129.3087709,161.8735407
,1163905.0000000,1732735.0000000,35.5771010,129.3088812,165.4657781
,1163915.0000000,1732735.0000000,35.5770994,129.3089915,166.4213500
,1163925.0000000,1732735.0000000,35.5770977,129.3091018,166.6079765
,1163935.0000000,1732735.0000000,35.5770961,129.3092121,168.3826278
,1163945.0000000,1732735.0000000,35.5770944,129.3093225,170.8798174
,1163955.0000000,1732735.0000000,35.5770928,129.3094328,171.5000000
,1163965.0000000,1732735.0000000,35.5770911,129.3095431,171.5000000
,1163975.0000000,1732735.0000000,35.5770894,129.3096534,171.5000000
,1163985.0000000,1732735.0000000,35.5770878,129.3097637,171.8615393
,1163995.0000000,1732735.0000000,35.5770861,129.3098740,173.9974011
,1163005.0000000,1732745.0000000,35.5773398,129.2989551,126.4225152
,1163015.0000000,1732745.0000000,35.5773381,129.2990654,126.2155844
,1163025.0000000,1732745.0000000,35.5773365,129.2991757,125.8509473
,1163035.0000000,1732745.0000000,35.5773348,129.2992860,122.6624275
,1163045.0000000,1732745.0000000,35.5773332,129.2993963,119.4828193
,1163055.0000000,1732745.0000000,35.5773315,129.2995066,116.5608714
,1163065.0000000,1732745.0000000,35.5773299,129.2996169,113.9776075
,1163075.0000000,1732745.0000000,35.5773283,129.2997273,109.3156839
,1163085.0000000,1732745.0000000,35.5773266,129.2998376,105.1935837
,1163095.0000000,1732745.0000000,35.5773250,129.2999479,101.3375973
,1163105.0000000,1732745.0000000,35.5773233,129.3000582,96.7112262
,1163115.0000000,1732745.0000000,35.5773217,129.3001685,97.1356412
,1163125.0000000,1732745.0000000,35.5773200,129.3002788,96.5000000
,1163135.0000000,1732745.0000000,35.5773184,129.3003891,96.5000000
,1163145.0000000,1732745.0000000,35.5773167,129.3004995,96.5000000
,1163155.0000000,1732745.0000000,35.5773151,129.3006098,96.5000000
,1163165.0000000,1732745.0000000,35.5773134,129.3007201,96.5000000
,1163175.0000000,1732745.0000000,35.5773118,129.3008304,96.6801851
,1163185.0000000,1732745.0000000,35.5773101,129.3009407,98.6563484
,1163195.0000000,1732745.0000000,35.5773085,129.3010510,101.9783892
,1163205.0000000,1732745.0000000,35.5773068,129.3011613,101.6130697
,1163215.0000000,1732745.0000000,35.5773052,129.3012716,105.8401477
,1163225.0000000,1732745.0000000,35.5773035,129.3013820,109.0160488
,1163235.0000000,1732745.0000000,35.5773019,129.3014923,111.0241346
,1163245.0000000,1732745.0000000,35.5773002,129.3016026,114.2231811
,1163255.0000000,1732745.0000000,35.5772986,129.3017129,116.3139584
,1163265.0000000,1732745.0000000,35.5772969,129.3018232,116.2346389
,1163275.0000000,1732745.0000000,35.5772953,129.3019335,118.8382570
,1163285.0000000,1732745.0000000,35.5772936,129.3020438,121.2031614
,1163295.0000000,1732745.0000000,35.5772920,129.3021541,121.9612795
,1163305.0000000,1732745.0000000,35.5772903,129.3022645,125.3823411
,1163315.0000000,1732745.0000000,35.5772887,129.3023748,126.5656426
,1163325.0000000,1732745.0000000,35.5772870,129.3024851,129.1305268
,1163335.0000000,1732745.0000000,35.5772854,129.3025954,131.5440040
,1163345.0000000,1732745.0000000,35.5772837,129.3027057,132.9043174
,1163355.0000000,1732745.0000000,35.5772821,129.3028160,135.8202187
,1163365.0000000,1732745.0000000,35.5772804,129.3029263,136.5787850
,1163375.0000000,1732745.0000000,35.5772788,129.3030367,138.3065212
,1163385.0000000,1732745.0000000,35.5772771,129.3031470,141.2676775
,1163395.0000000,1732745.0000000,35.5772755,129.3032573,141.5241392
,1163405.0000000,1732745.0000000,35.5772738,129.3033676,142.5850542
,1163415.0000000,1732745.0000000,35.5772722,129.3034779,146.5000000
,1163425.0000000,1732745.0000000,35.5772705,129.3035882,146.5000000
,1163435.0000000,1732745.0000000,35.5772689,129.3036985,146.5000000
,1163445.0000000,1732745.0000000,35.5772672,129.3038088,147.2951121
,1163455.0000000,1732745.0000000,35.5772656,129.3039192,150.5158305
,1163465.0000000,1732745.0000000,35.5772639,129.3040295,151.5000000
,1163475.0000000,1732745.0000000,35.5772623,129.3041398,151.5000000
,1163485.0000000,1732745.0000000,35.5772606,129.3042501,152.2426030
,1163495.0000000,1732745.0000000,35.5772590,129.3043604,155.2386269
,1163505.0000000,1732745.0000000,35.5772573,129.3044707,156.4172920
,1163515.0000000,1732745.0000000,35.5772557,129.3045810,155.2369690
,1163525.0000000,1732745.0000000,35.5772540,129.3046913,154.9686616
,1163535.0000000,1732745.0000000,35.5772524,129.3048017,155.6206473
,1163545.0000000,1732745.0000000,35.5772507,129.3049120,156.4607113
,1163555.0000000,1732745.0000000,35.5772491,129.3050223,157.2570649
,1163565.0000000,1732745.0000000,35.5772474,129.3051326,157.2863308
,1163575.0000000,1732745.0000000,35.5772457,129.3052429,157.6439682
,1163585.0000000,1732745.0000000,35.5772441,129.3053532,157.2108500
,1163595.0000000,1732745.0000000,35.5772424,129.3054635,157.1172236
,1163605.0000000,1732745.0000000,35.5772408,129.3055738,156.7022822
,1163615.0000000,1732745.0000000,35.5772391,129.3056842,157.5761864
,1163625.0000000,1732745.0000000,35.5772375,129.3057945,159.2011722
,1163635.0000000,1732745.0000000,35.5772358,129.3059048,161.0815284
,1163645.0000000,1732745.0000000,35.5772342,129.3060151,161.4800476
,1163655.0000000,1732745.0000000,35.5772325,129.3061254,160.6719198
,1163665.0000000,1732745.0000000,35.5772309,129.3062357,156.5664488
,1163675.0000000,1732745.0000000,35.5772292,129.3063460,157.6761234
,1163685.0000000,1732745.0000000,35.5772276,129.3064564,157.2647917
,1163695.0000000,1732745.0000000,35.5772259,129.3065667,156.6764254
,1163705.0000000,1732745.0000000,35.5772243,129.3066770,156.5000000
,1163715.0000000,1732745.0000000,35.5772226,129.3067873,156.2280846
,1163725.0000000,1732745.0000000,35.5772209,129.3068976,156.1869310
,1163735.0000000,1732745.0000000,35.5772193,129.3070079,156.5000000
,1163745.0000000,1732745.0000000,35.5772176,129.3071182,156.4682264
,1163755.0000000,1732745.0000000,35.5772160,129.3072285,155.8479895
,1163765.0000000,1732745.0000000,35.5772143,129.3073389,155.7301435
,1163775.0000000,1732745.0000000,35.5772127,129.3074492,152.7214964
,1163785.0000000,1732745.0000000,35.5772110,129.3075595,152.0802165
,1163795.0000000,1732745.0000000,35.5772094,129.3076698,152.0118415
,1163805.0000000,1732745.0000000,35.5772077,129.3077801,151.9362620
,1163815.0000000,1732745.0000000,35.5772061,129.3078904,152.5295141
,1163825.0000000,1732745.0000000,35.5772044,129.3080007,154.0627900
,1163835.0000000,1732745.0000000,35.5772027,129.3081110,155.3625326
,1163845.0000000,1732745.0000000,35.5772011,129.3082214,156.3822295
,1163855.0000000,1732745.0000000,35.5771994,129.3083317,157.0736389
,1163865.0000000,1732745.0000000,35.5771978,129.3084420,156.3791536
,1163875.0000000,1732745.0000000,35.5771961,129.3085523,156.8218376
,1163885.0000000,1732745.0000000,35.5771945,129.3086626,157.3310787
,1163895.0000000,1732745.0000000,35.5771928,129.3087729,160.9909442
,1163905.0000000,1732745.0000000,35.5771912,129.3088832,166.2795142
,1163915.0000000,1732745.0000000,35.5771895,129.3089935,166.4465562
,1163925.0000000,1732745.0000000,35.5771878,129.3091039,166.5053573
,1163935.0000000,1732745.0000000,35.5771862,129.3092142,167.5744012
,1163945.0000000,1732745.0000000,35.5771845,129.3093245,171.0949397
,1163955.0000000,1732745.0000000,35.5771829,129.3094348,171.4261822
,1163965.0000000,1732745.0000000,35.5771812,129.3095451,171.5000000
,1163975.0000000,1732745.0000000,35.5771796,129.3096554,171.5000000
,1163985.0000000,1732745.0000000,35.5771779,129.3097657,171.5712097
,1163995.0000000,1732745.0000000,35.5771763,129.3098760,173.6211424
,1163005.0000000,1732755.0000000,35.5774299,129.2989571,126.0879016
,1163015.0000000,1732755.0000000,35.5774283,129.2990674,126.0530136
,1163025.0000000,1732755.0000000,35.5774266,129.2991777,123.9632671
,1163035.0000000,1732755.0000000,35.5774250,129.2992880,121.1365643
,1163045.0000000,1732755.0000000,35.5774233,129.2993983,117.7659700
,1163055.0000000,1732755.0000000,35.5774217,129.2995086,116.1517684
,1163065.0000000,1732755.0000000,35.5774200,129.2996190,112.4316506
,1163075.0000000,1732755.0000000,35.5774184,129.2997293,106.8940718
,1163085.0000000,1732755.0000000,35.5774167,129.2998396,102.4425304
,1163095.0000000,1732755.0000000,35.5774151,129.2999499,97.9733815
,1163105.0000000,1732755.0000000,35.5774134,129.3000602,97.3341077
,1163115.0000000,1732755.0000000,35.5774118,129.3001705,97.3932899
,1163125.0000000,1732755.0000000,35.5774101,129.3002808,96.0867136
,1163135.0000000,1732755.0000000,35.5774085,129.3003912,95.0732245
,1163145.0000000,1732755.0000000,35.5774068,129.3005015,95.5777290
,1163155.0000000,1732755.0000000,35.5774052,129.3006118,96.5000000
,1163165.0000000,1732755.0000000,35.5774035,129.3007221,96.5000000
,1163175.0000000,1732755.0000000,35.5774019,129.3008324,96.5568378
,1163185.0000000,1732755.0000000,35.5774002,129.3009427,98.6952280
,1163195.0000000,1732755.0000000,35.5773986,129.3010530,101.8187102
,1163205.0000000,1732755.0000000,35.5773969,129.3011633,103.3521411
,1163215.0000000,1732755.0000000,35.5773953,129.3012737,106.5335380
,1163225.0000000,1732755.0000000,35.5773936,129.3013840,111.0606333
,1163235.0000000,1732755.0000000,35.5773920,129.3014943,111.7874181
,1163245.0000000,1732755.0000000,35.5773903,129.3016046,114.8742775
,1163255.0000000,1732755.0000000,35.5773887,129.3017149,116.4656923
,1163265.0000000,1732755.0000000,35.5773871,129.3018252,116.5799054
,1163275.0000000,1732755.0000000,35.5773854,129.3019355,119.7685284
,1163285.0000000,1732755.0000000,35.5773838,129.3020459,121.5171125
,1163295.0000000,1732755.0000000,35.5773821,129.3021562,123.0201717
,1163305.0000000,1732755.0000000,35.5773805,129.3022665,126.4956335
,1163315.0000000,1732755.0000000,35.5773788,129.3023768,128.9101175
,1163325.0000000,1732755.0000000,35.5773772,129.3024871,131.3261129
,1163335.0000000,1732755.0000000,35.5773755,129.3025974,133.1725239
,1163345.0000000,1732755.0000000,35.5773739,129.3027077,136.2057563
,1163355.0000000,1732755.0000000,35.5773722,129.3028180,136.6802533
,1163365.0000000,1732755.0000000,35.5773706,129.3029284,139.0498211
,1163375.0000000,1732755.0000000,35.5773689,129.3030387,141.0530896
,1163385.0000000,1732755.0000000,35.5773672,129.3031490,141.4188236
,1163395.0000000,1732755.0000000,35.5773656,129.3032593,141.6488048
,1163405.0000000,1732755.0000000,35.5773639,129.3033696,143.5985923
,1163415.0000000,1732755.0000000,35.5773623,129.3034799,146.0083547
,1163425.0000000,1732755.0000000,35.5773606,129.3035902,146.5437269
,1163435.0000000,1732755.0000000,35.5773590,129.3037006,146.6356415
,1163445.0000000,1732755.0000000,35.5773573,129.3038109,148.0584520
,1163455.0000000,1732755.0000000,35.5773557,129.3039212,150.9131408
,1163465.0000000,1732755.0000000,35.5773540,129.3040315,151.5000000
,1163475.0000000,1732755.0000000,35.5773524,129.3041418,151.5034929
,1163485.0000000,1732755.0000000,35.5773507,129.3042521,152.6561073
,1163495.0000000,1732755.0000000,35.5773491,129.3043624,155.9796955
,1163505.0000000,1732755.0000000,35.5773474,129.3044727,156.5000000
,1163515.0000000,1732755.0000000,35.5773458,129.3045831,156.5000000
,1163525.0000000,1732755.0000000,35.5773441,129.3046934,156.2417903
,1163535.0000000,1732755.0000000,35.5773425,129.3048037,156.1061005
,1163545.0000000,1732755.0000000,35.5773408,129.3049140,156.0395313
,1163555.0000000,1732755.0000000,35.5773392,129.3050243,155.8262279
,1163565.0000000,1732755.0000000,35.5773375,129.3051346,156.2536116
,1163575.0000000,1732755.0000000,35.5773359,129.3052449,156.1184035
,1163585.0000000,1732755.0000000,35.5773342,129.3053552,156.1321850
,1163595.0000000,1732755.0000000,35.5773326,129.3054656,155.9873839
,1163605.0000000,1732755.0000000,35.5773309,129.3055759,156.1479037
,1163615.0000000,1732755.0000000,35.5773293,129.3056862,156.4744207
,1163625.0000000,1732755.0000000,35.5773276,129.3057965,156.8500797
,1163635.0000000,1732755.0000000,35.5773260,129.3059068,158.5100624
,1163645.0000000,1732755.0000000,35.5773243,129.3060171,159.4139387
,1163655.0000000,1732755.0000000,35.5773226,129.3061274,158.4512375
,1163665.0000000,1732755.0000000,35.5773210,129.3062377,157.2990571
,1163675.0000000,1732755.0000000,35.5773193,129.3063481,157.8029439
,1163685.0000000,1732755.0000000,35.5773177,129.3064584,157.3801002
,1163695.0000000,1732755.0000000,35.5773160,129.3065687,156.8199731
,1163705.0000000,1732755.0000000,35.5773144,129.3066790,155.4483776
,1163715.0000000,1732755.0000000,35.5773127,129.3067893,155.0084582
,1163725.0000000,1732755.0000000,35.5773111,129.3068996,155.2749940
,1163735.0000000,1732755.0000000,35.5773094,129.3070099,155.9999409
,1163745.0000000,1732755.0000000,35.5773078,129.3071203,156.2914927
,1163755.0000000,1732755.0000000,35.5773061,129.3072306,156.0633161
,1163765.0000000,1732755.0000000,35.5773045,129.3073409,155.9225895
,1163775.0000000,1732755.0000000,35.5773028,129.3074512,152.2159584
,1163785.0000000,1732755.0000000,35.5773011,129.3075615,152.4708816
,1163795.0000000,1732755.0000000,35.5772995,129.3076718,152.5106551
,1163805.0000000,1732755.0000000,35.5772978,129.3077821,152.0785748
,1163815.0000000,1732755.0000000,35.5772962,129.3078924,152.2244406
,1163825.0000000,1732755.0000000,35.5772945,129.3080028,153.8769575
,1163835.0000000,1732755.0000000,35.5772929,129.3081131,155.5213669
,1163845.0000000,1732755.0000000,35.5772912,129.3082234,156.6771490
,1163855.0000000,1732755.0000000,35.5772896,129.3083337,157.2231568
,1163865.0000000,1732755.0000000,35.5772879,129.3084440,157.1403338
,1163875.0000000,1732755.0000000,35.5772862,129.3085543,157.2116841
,1163885.0000000,1732755.0000000,35.5772846,129.3086646,155.1812040
,1163895.0000000,1732755.0000000,35.5772829,129.3087749,158.1293996
,1163905.0000000,1732755.0000000,35.5772813,129.3088853,163.6357584
,1163915.0000000,1732755.0000000,35.5772796,129.3089956,166.3586942
,1163925.0000000,1732755.0000000,35.5772780,129.3091059,166.0012872
,1163935.0000000,1732755.0000000,35.5772763,129.3092162,166.6101227
,1163945.0000000,1732755.0000000,35.5772747,129.3093265,169.5923625
,1163955.0000000,1732755.0000000,35.5772730,129.3094368,170.4288118
,1163965.0000000,1732755.0000000,35.5772713,129.3095471,171.3182443
,1163975.0000000,1732755.0000000,35.5772697,129.3096574,171.3406482
,1163985.0000000,1732755.0000000,35.5772680,129.3097678,171.5000000
,1163995.0000000,1732755.0000000,35.5772664,129.3098781,172.3644788
,1163005.0000000,1732765.0000000,35.5775200,129.2989591,126.1731748
,1163015.0000000,1732765.0000000,35.5775184,129.2990694,126.3399803
,1163025.0000000,1732765.0000000,35.5775167,129.2991797,121.5392214
,1163035.0000000,1732765.0000000,35.5775151,129.2992900,117.0072175
,1163045.0000000,1732765.0000000,35.5775134,129.2994004,115.9180024
,1163055.0000000,1732765.0000000,35.5775118,129.2995107,113.5517474
,1163065.0000000,1732765.0000000,35.5775101,129.2996210,111.0562871
,1163075.0000000,1732765.0000000,35.5775085,129.2997313,106.2182177
,1163085.0000000,1732765.0000000,35.5775068,129.2998416,100.5883396
,1163095.0000000,1732765.0000000,35.5775052,129.2999519,97.4003705
,1163105.0000000,1732765.0000000,35.5775035,129.3000622,97.6502408
,1163115.0000000,1732765.0000000,35.5775019,129.3001725,95.5888128
,1163125.0000000,1732765.0000000,35.5775003,129.3002829,94.1256052
,1163135.0000000,1732765.0000000,35.5774986,129.3003932,93.7837966
,1163145.0000000,1732765.0000000,35.5774970,129.3005035,94.9968663
,1163155.0000000,1732765.0000000,35.5774953,129.3006138,96.5000000
,1163165.0000000,1732765.0000000,35.5774937,129.3007241,96.5000000
,1163175.0000000,1732765.0000000,35.5774920,129.3008344,96.6523234
,1163185.0000000,1732765.0000000,35.5774904,129.3009447,99.0352719
,1163195.0000000,1732765.0000000,35.5774887,129.3010551,101.8546857
,1163205.0000000,1732765.0000000,35.5774871,129.3011654,103.6580192
,1163215.0000000,1732765.0000000,35.5774854,129.3012757,106.5215095
,1163225.0000000,1732765.0000000,35.5774838,129.3013860,108.4097271
,1163235.0000000,1732765.0000000,35.5774821,129.3014963,111.2731079
,1163245.0000000,1732765.0000000,35.5774805,129.3016066,112.4431204
,1163255.0000000,1732765.0000000,35.5774788,129.3017169,114.8504311
,1163265.0000000,1732765.0000000,35.5774772,129.3018272,116.3682159
,1163275.0000000,1732765.0000000,35.5774755,129.3019376,117.6939894
,1163285.0000000,1732765.0000000,35.5774739,129.3020479,120.7095584
,1163295.0000000,1732765.0000000,35.5774722,129.3021582,122.4447656
,1163305.0000000,1732765.0000000,35.5774706,129.3022685,125.8743181
,1163315.0000000,1732765.0000000,35.5774689,129.3023788,128.1170006
,1163325.0000000,1732765.0000000,35.5774673,129.3024891,131.3160243
,1163335.0000000,1732765.0000000,35.5774656,129.3025994,135.1698356
,1163345.0000000,1732765.0000000,35.5774640,129.3027098,136.1826271
,1163355.0000000,1732765.0000000,35.5774623,129.3028201,137.7319638
,1163365.0000000,1732765.0000000,35.5774607,129.3029304,141.1639688
,1163375.0000000,1732765.0000000,35.5774590,129.3030407,141.4644896
,1163385.0000000,1732765.0000000,35.5774574,129.3031510,141.5000000
,1163395.0000000,1732765.0000000,35.5774557,129.3032613,142.2967331
,1163405.0000000,1732765.0000000,35.5774541,129.3033716,145.2277299
,1163415.0000000,1732765.0000000,35.5774524,129.3034819,146.4359990
,1163425.0000000,1732765.0000000,35.5774508,129.3035923,146.7843556
,1163435.0000000,1732765.0000000,35.5774491,129.3037026,148.4296507
,1163445.0000000,1732765.0000000,35.5774475,129.3038129,150.4816065
,1163455.0000000,1732765.0000000,35.5774458,129.3039232,151.5000000
,1163465.0000000,1732765.0000000,35.5774442,129.3040335,151.5000000
,1163475.0000000,1732765.0000000,35.5774425,129.3041438,151.5162849
,1163485.0000000,1732765.0000000,35.5774409,129.3042541,152.9287805
,1163495.0000000,1732765.0000000,35.5774392,129.3043645,155.8087376
,1163505.0000000,1732765.0000000,35.5774376,129.3044748,156.4813352
,1163515.0000000,1732765.0000000,35.5774359,129.3045851,156.3623252
,1163525.0000000,1732765.0000000,35.5774343,129.3046954,155.4642442
,1163535.0000000,1732765.0000000,35.5774326,129.3048057,154.1273845
,1163545.0000000,1732765.0000000,35.5774309,129.3049160,153.7970851
,1163555.0000000,1732765.0000000,35.5774293,129.3050263,153.8522076
,1163565.0000000,1732765.0000000,35.5774276,129.3051366,153.8025200
,1163575.0000000,1732765.0000000,35.5774260,129.3052470,153.8077059
,1163585.0000000,1732765.0000000,35.5774243,129.3053573,153.5777113
,1163595.0000000,1732765.0000000,35.5774227,129.3054676,153.1738455
,1163605.0000000,1732765.0000000,35.5774210,129.3055779,153.5880450
,1163615.0000000,1732765.0000000,35.5774194,129.3056882,155.0883211
,1163625.0000000,1732765.0000000,35.5774177,129.3057985,156.3696973
,1163635.0000000,1732765.0000000,35.5774161,129.3059088,156.5856143
,1163645.0000000,1732765.0000000,35.5774144,129.3060191,157.3223170
,1163655.0000000,1732765.0000000,35.5774128,129.3061295,156.9290226
,1163665.0000000,1732765.0000000,35.5774111,129.3062398,157.0040464
,1163675.0000000,1732765.0000000,35.5774095,129.3063501,157.3763027
,1163685.0000000,1732765.0000000,35.5774078,129.3064604,157.2334201
,1163695.0000000,1732765.0000000,35.5774062,129.3065707,155.2147667
,1163705.0000000,1732765.0000000,35.5774045,129.3066810,153.8394704
,1163715.0000000,1732765.0000000,35.5774028,129.3067913,153.6938280
,1163725.0000000,1732765.0000000,35.5774012,129.3069017,154.0487848
,1163735.0000000,1732765.0000000,35.5773995,129.3070120,155.2550062
,1163745.0000000,1732765.0000000,35.5773979,129.3071223,156.4031459
,1163755.0000000,1732765.0000000,35.5773962,129.3072326,156.2145369
,1163765.0000000,1732765.0000000,35.5773946,129.3073429,154.7055121
,1163775.0000000,1732765.0000000,35.5773929,129.3074532,152.1060035
,1163785.0000000,1732765.0000000,35.5773913,129.3075635,152.6826985
,1163795.0000000,1732765.0000000,35.5773896,129.3076738,152.7583096
,1163805.0000000,1732765.0000000,35.5773880,129.3077842,152.5886800
,1163815.0000000,1732765.0000000,35.5773863,129.3078945,151.9732159
,1163825.0000000,1732765.0000000,35.5773846,129.3080048,152.9090715
,1163835.0000000,1732765.0000000,35.5773830,129.3081151,155.1610130
,1163845.0000000,1732765.0000000,35.5773813,129.3082254,156.5362544
,1163855.0000000,1732765.0000000,35.5773797,129.3083357,157.4283347
,1163865.0000000,1732765.0000000,35.5773780,129.3084460,157.0036322
,1163875.0000000,1732765.0000000,35.5773764,129.3085563,157.3242616
,1163885.0000000,1732765.0000000,35.5773747,129.3086667,156.6261769
,1163895.0000000,1732765.0000000,35.5773731,129.3087770,154.2492294
,1163905.0000000,1732765.0000000,35.5773714,129.3088873,158.5827318
,1163915.0000000,1732765.0000000,35.5773697,129.3089976,160.9056407
,1163925.0000000,1732765.0000000,35.5773681,129.3091079,165.5706428
,1163935.0000000,1732765.0000000,35.5773664,129.3092182,163.4753035
,1163945.0000000,1732765.0000000,35.5773648,129.3093285,164.1509897
,1163955.0000000,1732765.0000000,35.5773631,129.3094388,165.9523653
,1163965.0000000,1732765.0000000,35.5773615,129.3095492,169.8322143
,1163975.0000000,1732765.0000000,35.5773598,129.3096595,170.7058710
,1163985.0000000,1732765.0000000,35.5773581,129.3097698,170.9317494
,1163995.0000000,1732765.0000000,35.5773565,129.3098801,171.4248166
,1163005.0000000,1732775.0000000,35.5776101,129.2989611,124.3438701
,1163015.0000000,1732775.0000000,35.5776085,129.2990714,123.3222420
,1163025.0000000,1732775.0000000,35.5776069,129.2991817,119.8837641
,1163035.0000000,1732775.0000000,35.5776052,129.2992921,116.3917046
,1163045.0000000,1732775.0000000,35.5776036,129.2994024,112.4540127
,1163055.0000000,1732775.0000000,35.5776019,129.2995127,111.0809367
,1163065.0000000,1732775.0000000,35.5776003,129.2996230,106.6982731
,1163075.0000000,1732775.0000000,35.5775986,129.2997333,102.2673285
,1163085.0000000,1732775.0000000,35.5775970,129.2998436,96.8223516
,1163095.0000000,1732775.0000000,35.5775953,129.2999539,97.8719822
,1163105.0000000,1732775.0000000,35.5775937,129.3000643,96.0444498
,1163115.0000000,1732775.0000000,35.5775920,129.3001746,93.5496906
,1163125.0000000,1732775.0000000,35.5775904,129.3002849,92.3247553
,1163135.0000000,1732775.0000000,35.5775887,129.3003952,92.6731244
,1163145.0000000,1732775.0000000,35.5775871,129.3005055,94.3177379
,1163155.0000000,1732775.0000000,35.5775854,129.3006158,96.3603177
,1163165.0000000,1732775.0000000,35.5775838,129.3007261,96.5000000
,1163175.0000000,1732775.0000000,35.5775821,129.3008364,96.7580020
,1163185.0000000,1732775.0000000,35.5775805,129.3009468,99.6400169
,1163195.0000000,1732775.0000000,35.5775788,129.3010571,101.5467330
,1163205.0000000,1732775.0000000,35.5775772,129.3011674,102.9487913
,1163215.0000000,1732775.0000000,35.5775755,129.3012777,106.1201956
,1163225.0000000,1732775.0000000,35.5775739,129.3013880,106.6422085
,1163235.0000000,1732775.0000000,35.5775722,129.3014983,109.0324612
,1163245.0000000,1732775.0000000,35.5775706,129.3016086,111.4125666
,1163255.0000000,1732775.0000000,35.5775689,129.3017190,112.0675510
,1163265.0000000,1732775.0000000,35.5775673,129.3018293,115.5561158
,1163275.0000000,1732775.0000000,35.5775656,129.3019396,116.4865296
,1163285.0000000,1732775.0000000,35.5775640,129.3020499,118.6533174
,1163295.0000000,1732775.0000000,35.5775623,129.3021602,121.7442954
,1163305.0000000,1732775.0000000,35.5775607,129.3022705,122.5079962
,1163315.0000000,1732775.0000000,35.5775590,129.3023808,126.1827901
,1163325.0000000,1732775.0000000,35.5775574,129.3024911,128.0390038
,1163335.0000000,1732775.0000000,35.5775557,129.3026015,132.3039960
,1163345.0000000,1732775.0000000,35.5775541,129.3027118,136.2009738
,1163355.0000000,1732775.0000000,35.5775524,129.3028221,137.2741243
,1163365.0000000,1732775.0000000,35.5775508,129.3029324,141.0527088
,1163375.0000000,1732775.0000000,35.5775491,129.3030427,141.2600279
,1163385.0000000,1732775.0000000,35.5775475,129.3031530,141.5000000
,1163395.0000000,1732775.0000000,35.5775458,129.3032633,143.3147137
,1163405.0000000,1732775.0000000,35.5775442,129.3033737,146.2618218
,1163415.0000000,1732775.0000000,35.5775425,129.3034840,146.7366005
,1163425.0000000,1732775.0000000,35.5775409,129.3035943,148.2100442
,1163435.0000000,1732775.0000000,35.5775392,129.3037046,151.0557639
,1163445.0000000,1732775.0000000,35.5775376,129.3038149,151.4890596
,1163455.0000000,1732775.0000000,35.5775359,129.3039252,151.5000000
,1163465.0000000,1732775.0000000,35.5775343,129.3040355,151.5000000
,1163475.0000000,1732775.0000000,35.5775326,129.3041458,151.5000000
,1163485.0000000,1732775.0000000,35.5775310,129.3042562,152.6951702
,1163495.0000000,1732775.0000000,35.5775293,129.3043665,154.2870190
,1163505.0000000,1732775.0000000,35.5775277,129.3044768,154.1861674
,1163515.0000000,1732775.0000000,35.5775260,129.3045871,153.1031129
,1163525.0000000,1732775.0000000,35.5775244,129.3046974,151.9713356
,1163535.0000000,1732775.0000000,35.5775227,129.3048077,151.5403085
,1163545.0000000,1732775.0000000,35.5775211,129.3049180,151.7625616
,1163555.0000000,1732775.0000000,35.5775194,129.3050284,152.2157922
,1163565.0000000,1732775.0000000,35.5775178,129.3051387,152.1184644
,1163575.0000000,1732775.0000000,35.5775161,129.3052490,151.9353539
,1163585.0000000,1732775.0000000,35.5775145,129.3053593,151.9907466
,1163595.0000000,1732775.0000000,35.5775128,129.3054696,151.7537304
,1163605.0000000,1732775.0000000,35.5775112,129.3055799,151.7870927
,1163615.0000000,1732775.0000000,35.5775095,129.3056902,152.2302384
,1163625.0000000,1732775.0000000,35.5775078,129.3058005,155.1104124
,1163635.0000000,1732775.0000000,35.5775062,129.3059109,156.2385282
,1163645.0000000,1732775.0000000,35.5775045,129.3060212,156.0340788
,1163655.0000000,1732775.0000000,35.5775029,129.3061315,156.3391293
,1163665.0000000,1732775.0000000,35.5775012,129.3062418,156.2793323
,1163675.0000000,1732775.0000000,35.5774996,129.3063521,156.0696990
,1163685.0000000,1732775.0000000,35.5774979,129.3064624,155.8495395
,1163695.0000000,1732775.0000000,35.5774963,129.3065727,153.7419656
,1163705.0000000,1732775.0000000,35.5774946,129.3066830,152.8351679
,1163715.0000000,1732775.0000000,35.5774930,129.3067934,152.6968864
,1163725.0000000,1732775.0000000,35.5774913,129.3069037,152.4330479
,1163735.0000000,1732775.0000000,35.5774897,129.3070140,152.2506400
,1163745.0000000,1732775.0000000,35.5774880,129.3071243,154.5596601
,1163755.0000000,1732775.0000000,35.5774863,129.3072346,154.3689793
,1163765.0000000,1732775.0000000,35.5774847,129.3073449,152.2453397
,1163775.0000000,1732775.0000000,35.5774830,129.3074552,152.5341578
,1163785.0000000,1732775.0000000,35.5774814,129.3075656,152.7674489
,1163795.0000000,1732775.0000000,35.5774797,129.3076759,152.7786956
,1163805.0000000,1732775.0000000,35.5774781,129.3077862,152.6966283
,1163815.0000000,1732775.0000000,35.5774764,129.3078965,152.2290284
,1163825.0000000,1732775.0000000,35.5774748,129.3080068,152.6928944
,1163835.0000000,1732775.0000000,35.5774731,129.3081171,155.2572529
,1163845.0000000,1732775.0000000,35.5774715,129.3082274,156.3017265
,1163855.0000000,1732775.0000000,35.5774698,129.3083377,156.9683514
,1163865.0000000,1732775.0000000,35.5774681,129.3084481,156.6593025
,1163875.0000000,1732775.0000000,35.5774665,129.3085584,155.3357721
,1163885.0000000,1732775.0000000,35.5774648,129.3086687,155.3305945
,1163895.0000000,1732775.0000000,35.5774632,129.3087790,154.2543895
,1163905.0000000,1732775.0000000,35.5774615,129.3088893,152.4916851
,1163915.0000000,1732775.0000000,35.5774599,129.3089996,154.8746723
,1163925.0000000,1732775.0000000,35.5774582,129.3091099,156.7632214
,1163935.0000000,1732775.0000000,35.5774566,129.3092202,159.6812986
,1163945.0000000,1732775.0000000,35.5774549,129.3093306,162.6882921
,1163955.0000000,1732775.0000000,35.5774532,129.3094409,164.3993093
,1163965.0000000,1732775.0000000,35.5774516,129.3095512,167.9494379
,1163975.0000000,1732775.0000000,35.5774499,129.3096615,170.2646827
,1163985.0000000,1732775.0000000,35.5774483,129.3097718,171.0751498
,1163995.0000000,1732775.0000000,35.5774466,129.3098821,171.0398493
,1163005.0000000,1732785.0000000,35.5777003,129.2989631,121.6687378
,1163015.0000000,1732785.0000000,35.5776986,129.2990734,121.4122506
,1163025.0000000,1732785.0000000,35.5776970,129.2991838,118.8996039
,1163035.0000000,1732785.0000000,35.5776953,129.2992941,114.8237118
,1163045.0000000,1732785.0000000,35.5776937,129.2994044,111.3159423
,1163055.0000000,1732785.0000000,35.5776920,129.2995147,108.0796847
,1163065.0000000,1732785.0000000,35.5776904,129.2996250,106.2181603
,1163075.0000000,1732785.0000000,35.5776887,129.2997353,101.5078695
,1163085.0000000,1732785.0000000,35.5776871,129.2998456,97.4412197
,1163095.0000000,1732785.0000000,35.5776854,129.2999560,98.2105992
,1163105.0000000,1732785.0000000,35.5776838,129.3000663,95.2550567
,1163115.0000000,1732785.0000000,35.5776821,129.3001766,92.4628314
,1163125.0000000,1732785.0000000,35.5776805,129.3002869,91.5082911
,1163135.0000000,1732785.0000000,35.5776788,129.3003972,91.9801553
,1163145.0000000,1732785.0000000,35.5776772,129.3005075,93.8606007
,1163155.0000000,1732785.0000000,35.5776756,129.3006178,96.1983058
,1163165.0000000,1732785.0000000,35.5776739,129.3007281,96.5000000
,1163175.0000000,1732785.0000000,35.5776723,129.3008385,96.6334594
,1163185.0000000,1732785.0000000,35.5776706,129.3009488,99.4751687
,1163195.0000000,1732785.0000000,35.5776690,129.3010591,101.2519531
,1163205.0000000,1732785.0000000,35.5776673,129.3011694,102.9552550
,1163215.0000000,1732785.0000000,35.5776657,129.3012797,105.2716388
,1163225.0000000,1732785.0000000,35.5776640,129.3013900,106.9102725
,1163235.0000000,1732785.0000000,35.5776624,129.3015003,107.9053613
,1163245.0000000,1732785.0000000,35.5776607,129.3016107,110.4460235
,1163255.0000000,1732785.0000000,35.5776591,129.3017210,111.9879006
,1163265.0000000,1732785.0000000,35.5776574,129.3018313,113.6148358
,1163275.0000000,1732785.0000000,35.5776558,129.3019416,116.3703748
,1163285.0000000,1732785.0000000,35.5776541,129.3020519,117.4922535
,1163295.0000000,1732785.0000000,35.5776525,129.3021622,120.5313749
,1163305.0000000,1732785.0000000,35.5776508,129.3022725,122.0395587
,1163315.0000000,1732785.0000000,35.5776492,129.3023829,121.6746336
,1163325.0000000,1732785.0000000,35.5776475,129.3024932,126.3999261
,1163335.0000000,1732785.0000000,35.5776459,129.3026035,130.9186540
,1163345.0000000,1732785.0000000,35.5776442,129.3027138,133.3751935
,1163355.0000000,1732785.0000000,35.5776426,129.3028241,136.5033312
,1163365.0000000,1732785.0000000,35.5776409,129.3029344,138.1283025
,1163375.0000000,1732785.0000000,35.5776393,129.3030447,140.1779022
,1163385.0000000,1732785.0000000,35.5776376,129.3031550,141.4310577
,1163395.0000000,1732785.0000000,35.5776360,129.3032654,142.6400135
,1163405.0000000,1732785.0000000,35.5776343,129.3033757,145.4629019
,1163415.0000000,1732785.0000000,35.5776327,129.3034860,146.5470043
,1163425.0000000,1732785.0000000,35.5776310,129.3035963,150.1158376
,1163435.0000000,1732785.0000000,35.5776294,129.3037066,151.5000000
,1163445.0000000,1732785.0000000,35.5776277,129.3038169,151.5000000
,1163455.0000000,1732785.0000000,35.5776261,129.3039272,151.5000000
,1163465.0000000,1732785.0000000,35.5776244,129.3040376,151.5000000
,1163475.0000000,1732785.0000000,35.5776228,129.3041479,151.5000000
,1163485.0000000,1732785.0000000,35.5776211,129.3042582,151.8020683
,1163495.0000000,1732785.0000000,35.5776194,129.3043685,152.1007312
,1163505.0000000,1732785.0000000,35.5776178,129.3044788,151.8053491
,1163515.0000000,1732785.0000000,35.5776161,129.3045891,151.5225414
,1163525.0000000,1732785.0000000,35.5776145,129.3046994,151.5154534
,1163535.0000000,1732785.0000000,35.5776128,129.3048097,151.6801955
,1163545.0000000,1732785.0000000,35.5776112,129.3049201,151.6340277
,1163555.0000000,1732785.0000000,35.5776095,129.3050304,151.5832639
,1163565.0000000,1732785.0000000,35.5776079,129.3051407,151.4748105
,1163575.0000000,1732785.0000000,35.5776062,129.3052510,151.4321065
,1163585.0000000,1732785.0000000,35.5776046,129.3053613,151.0120303
,1163595.0000000,1732785.0000000,35.5776029,129.3054716,151.0010020
,1163605.0000000,1732785.0000000,35.5776013,129.3055819,151.7951600
,1163615.0000000,1732785.0000000,35.5775996,129.3056923,152.6653229
,1163625.0000000,1732785.0000000,35.5775980,129.3058026,152.0818946
,1163635.0000000,1732785.0000000,35.5775963,129.3059129,153.4956196
,1163645.0000000,1732785.0000000,35.5775947,129.3060232,155.2785313
,1163655.0000000,1732785.0000000,35.5775930,129.3061335,156.3815470
,1163665.0000000,1732785.0000000,35.5775914,129.3062438,155.5358356
,1163675.0000000,1732785.0000000,35.5775897,129.3063541,154.8678095
,1163685.0000000,1732785.0000000,35.5775880,129.3064644,154.3471394
,1163695.0000000,1732785.0000000,35.5775864,129.3065748,152.8465404
,1163705.0000000,1732785.0000000,35.5775847,129.3066851,151.8583631
,1163715.0000000,1732785.0000000,35.5775831,129.3067954,152.0588244
,1163725.0000000,1732785.0000000,35.5775814,129.3069057,151.8381741
,1163735.0000000,1732785.0000000,35.5775798,129.3070160,151.5030429
,1163745.0000000,1732785.0000000,35.5775781,129.3071263,152.4502652
,1163755.0000000,1732785.0000000,35.5775765,129.3072366,152.5141783
,1163765.0000000,1732785.0000000,35.5775748,129.3073470,151.9147792
,1163775.0000000,1732785.0000000,35.5775732,129.3074573,152.6776342
,1163785.0000000,1732785.0000000,35.5775715,129.3075676,152.8454359
,1163795.0000000,1732785.0000000,35.5775699,129.3076779,152.7036551
,1163805.0000000,1732785.0000000,35.5775682,129.3077882,152.6294328
,1163815.0000000,1732785.0000000,35.5775665,129.3078985,152.3995971
,1163825.0000000,1732785.0000000,35.5775649,129.3080088,152.3448592
,1163835.0000000,1732785.0000000,35.5775632,129.3081191,154.9343548
,1163845.0000000,1732785.0000000,35.5775616,129.3082295,155.3882135
,1163855.0000000,1732785.0000000,35.5775599,129.3083398,154.9695304
,1163865.0000000,1732785.0000000,35.5775583,129.3084501,154.3689605
,1163875.0000000,1732785.0000000,35.5775566,129.3085604,154.0002048
,1163885.0000000,1732785.0000000,35.5775550,129.3086707,153.6086263
,1163895.0000000,1732785.0000000,35.5775533,129.3087810,153.2020468
,1163905.0000000,1732785.0000000,35.5775516,129.3088913,152.7293628
,1163915.0000000,1732785.0000000,35.5775500,129.3090016,151.7601948
,1163925.0000000,1732785.0000000,35.5775483,129.3091120,156.3810675
,1163935.0000000,1732785.0000000,35.5775467,129.3092223,156.8568873
,1163945.0000000,1732785.0000000,35.5775450,129.3093326,161.3384964
,1163955.0000000,1732785.0000000,35.5775434,129.3094429,165.1302974
,1163965.0000000,1732785.0000000,35.5775417,129.3095532,168.0525071
,1163975.0000000,1732785.0000000,35.5775400,129.3096635,171.3443291
,1163985.0000000,1732785.0000000,35.5775384,129.3097738,171.3174811
,1163995.0000000,1732785.0000000,35.5775367,129.3098842,170.9978627
,1163005.0000000,1732795.0000000,35.5777904,129.2989651,120.5346346
,1163015.0000000,1732795.0000000,35.5777887,129.2990755,121.3301072
,1163025.0000000,1732795.0000000,35.5777871,129.2991858,118.1416093
,1163035.0000000,1732795.0000000,35.5777854,129.2992961,112.8623012
,1163045.0000000,1732795.0000000,35.5777838,129.2994064,108.3229233
,1163055.0000000,1732795.0000000,35.5777822,129.2995167,106.4076653
,1163065.0000000,1732795.0000000,35.5777805,129.2996270,104.1353129
,1163075.0000000,1732795.0000000,35.5777789,129.2997373,101.2153222
,1163085.0000000,1732795.0000000,35.5777772,129.2998477,98.8494067
,1163095.0000000,1732795.0000000,35.5777756,129.2999580,98.7084872
,1163105.0000000,1732795.0000000,35.5777739,129.3000683,95.2593174
,1163115.0000000,1732795.0000000,35.5777723,129.3001786,92.3954166
,1163125.0000000,1732795.0000000,35.5777706,129.3002889,91.6134989
,1163135.0000000,1732795.0000000,35.5777690,129.3003992,91.5800799
,1163145.0000000,1732795.0000000,35.5777673,129.3005095,93.2794679
,1163155.0000000,1732795.0000000,35.5777657,129.3006199,95.9714739
,1163165.0000000,1732795.0000000,35.5777640,129.3007302,96.5266677
,1163175.0000000,1732795.0000000,35.5777624,129.3008405,96.5692431
,1163185.0000000,1732795.0000000,35.5777607,129.3009508,98.5366993
,1163195.0000000,1732795.0000000,35.5777591,129.3010611,100.4668986
,1163205.0000000,1732795.0000000,35.5777574,129.3011714,103.2866081
,1163215.0000000,1732795.0000000,35.5777558,129.3012817,105.4145218
,1163225.0000000,1732795.0000000,35.5777541,129.3013920,106.6635784
,1163235.0000000,1732795.0000000,35.5777525,129.3015024,107.1623257
,1163245.0000000,1732795.0000000,35.5777508,129.3016127,109.5248845
,1163255.0000000,1732795.0000000,35.5777492,129.3017230,112.2663990
,1163265.0000000,1732795.0000000,35.5777475,129.3018333,113.6644598
,1163275.0000000,1732795.0000000,35.5777459,129.3019436,116.0593062
,1163285.0000000,1732795.0000000,35.5777442,129.3020539,116.8388798
,1163295.0000000,1732795.0000000,35.5777426,129.3021642,119.4828429
,1163305.0000000,1732795.0000000,35.5777409,129.3022746,122.1709929
,1163315.0000000,1732795.0000000,35.5777393,129.3023849,122.2360201
,1163325.0000000,1732795.0000000,35.5777376,129.3024952,125.8067636
,1163335.0000000,1732795.0000000,35.5777360,129.3026055,127.4647669
,1163345.0000000,1732795.0000000,35.5777343,129.3027158,131.6771274
,1163355.0000000,1732795.0000000,35.5777327,129.3028261,135.5840318
,1163365.0000000,1732795.0000000,35.5777310,129.3029364,136.6534597
,1163375.0000000,1732795.0000000,35.5777294,129.3030468,136.8730543
,1163385.0000000,1732795.0000000,35.5777277,129.3031571,139.4497850
,1163395.0000000,1732795.0000000,35.5777261,129.3032674,141.4986868
,1163405.0000000,1732795.0000000,35.5777244,129.3033777,143.6985100
,1163415.0000000,1732795.0000000,35.5777228,129.3034880,146.4849240
,1163425.0000000,1732795.0000000,35.5777211,129.3035983,150.3671244
,1163435.0000000,1732795.0000000,35.5777195,129.3037086,151.4897314
,1163445.0000000,1732795.0000000,35.5777178,129.3038189,151.5000000
,1163455.0000000,1732795.0000000,35.5777162,129.3039293,151.5000000
,1163465.0000000,1732795.0000000,35.5777145,129.3040396,151.5000000
,1163475.0000000,1732795.0000000,35.5777129,129.3041499,151.5000000
,1163485.0000000,1732795.0000000,35.5777112,129.3042602,151.5000000
,1163495.0000000,1732795.0000000,35.5777096,129.3043705,151.5000000
,1163505.0000000,1732795.0000000,35.5777079,129.3044808,151.5000000
,1163515.0000000,1732795.0000000,35.5777063,129.3045911,151.5000000
,1163525.0000000,1732795.0000000,35.5777046,129.3047015,151.5000000
,1163535.0000000,1732795.0000000,35.5777030,129.3048118,151.5000000
,1163545.0000000,1732795.0000000,35.5777013,129.3049221,151.0217982
,1163555.0000000,1732795.0000000,35.5776997,129.3050324,150.2744615
,1163565.0000000,1732795.0000000,35.5776980,129.3051427,149.7733740
,1163575.0000000,1732795.0000000,35.5776964,129.3052530,149.4352794
,1163585.0000000,1732795.0000000,35.5776947,129.3053633,149.0729458
,1163595.0000000,1732795.0000000,35.5776930,129.3054737,148.8665916
,1163605.0000000,1732795.0000000,35.5776914,129.3055840,149.3570348
,1163615.0000000,1732795.0000000,35.5776897,129.3056943,151.2350108
,1163625.0000000,1732795.0000000,35.5776881,129.3058046,152.7370416
,1163635.0000000,1732795.0000000,35.5776864,129.3059149,152.7323511
,1163645.0000000,1732795.0000000,35.5776848,129.3060252,152.0539431
,1163655.0000000,1732795.0000000,35.5776831,129.3061355,153.7613715
,1163665.0000000,1732795.0000000,35.5776815,129.3062458,153.3348681
,1163675.0000000,1732795.0000000,35.5776798,129.3063562,153.4838620
,1163685.0000000,1732795.0000000,35.5776782,129.3064665,153.4025024
,1163695.0000000,1732795.0000000,35.5776765,129.3065768,152.2229274
,1163705.0000000,1732795.0000000,35.5776749,129.3066871,151.5000000
,1163715.0000000,1732795.0000000,35.5776732,129.3067974,151.5000000
,1163725.0000000,1732795.0000000,35.5776716,129.3069077,151.5000000
,1163735.0000000,1732795.0000000,35.5776699,129.3070180,151.5000000
,1163745.0000000,1732795.0000000,35.5776682,129.3071284,151.6244769
,1163755.0000000,1732795.0000000,35.5776666,129.3072387,151.6385165
,1163765.0000000,1732795.0000000,35.5776649,129.3073490,151.8516689
,1163775.0000000,1732795.0000000,35.5776633,129.3074593,152.3696097
,1163785.0000000,1732795.0000000,35.5776616,129.3075696,152.5102437
,1163795.0000000,1732795.0000000,35.5776600,129.3076799,152.4422939
,1163805.0000000,1732795.0000000,35.5776583,129.3077902,152.3870494
,1163815.0000000,1732795.0000000,35.5776567,129.3079005,152.4082015
,1163825.0000000,1732795.0000000,35.5776550,129.3080109,151.8979174
,1163835.0000000,1732795.0000000,35.5776534,129.3081212,152.2448042
,1163845.0000000,1732795.0000000,35.5776517,129.3082315,152.9055721
,1163855.0000000,1732795.0000000,35.5776500,129.3083418,153.2850265
,1163865.0000000,1732795.0000000,35.5776484,129.3084521,152.4840404
,1163875.0000000,1732795.0000000,35.5776467,129.3085624,152.5597410
,1163885.0000000,1732795.0000000,35.5776451,129.3086727,152.8675205
,1163895.0000000,1732795.0000000,35.5776434,129.3087830,152.8570541
,1163905.0000000,1732795.0000000,35.5776418,129.3088934,152.1613041
,1163915.0000000,1732795.0000000,35.5776401,129.3090037,153.6833368
,1163925.0000000,1732795.0000000,35.5776385,129.3091140,156.7760719
,1163935.0000000,1732795.0000000,35.5776368,129.3092243,158.6953930
,1163945.0000000,1732795.0000000,35.5776351,129.3093346,161.2193662
,1163955.0000000,1732795.0000000,35.5776335,129.3094449,165.0282018
,1163965.0000000,1732795.0000000,35.5776318,129.3095552,167.0300643
,1163975.0000000,1732795.0000000,35.5776302,129.3096656,168.3544145
,1163985.0000000,1732795.0000000,35.5776285,129.3097759,170.1758626
,1163995.0000000,1732795.0000000,35.5776269,129.3098862,170.9595131
,1163005.0000000,1732805.0000000,35.5778805,129.2989672,117.3486865
,1163015.0000000,1732805.0000000,35.5778789,129.2990775,117.7024472
,1163025.0000000,1732805.0000000,35.5778772,129.2991878,116.2246478
,1163035.0000000,1732805.0000000,35.5778756,129.2992981,111.3151427
,1163045.0000000,1732805.0000000,35.5778739,129.2994084,106.2936850
,1163055.0000000,1732805.0000000,35.5778723,129.2995187,104.0281448
,1163065.0000000,1732805.0000000,35.5778706,129.2996290,101.6142933
,1163075.0000000,1732805.0000000,35.5778690,129.2997394,99.1504564
,1163085.0000000,1732805.0000000,35.5778673,129.2998497,98.8784862
,1163095.0000000,1732805.0000000,35.5778657,129.2999600,98.2638078
,1163105.0000000,1732805.0000000,35.5778640,129.3000703,95.1702727
,1163115.0000000,1732805.0000000,35.5778624,129.3001806,92.0734271
,1163125.0000000,1732805.0000000,35.5778607,129.3002909,91.5000000
,1163135.0000000,1732805.0000000,35.5778591,129.3004012,91.5916608
,1163145.0000000,1732805.0000000,35.5778574,129.3005116,92.1764611
,1163155.0000000,1732805.0000000,35.5778558,129.3006219,95.2956132
,1163165.0000000,1732805.0000000,35.5778541,129.3007322,96.5000000
,1163175.0000000,1732805.0000000,35.5778525,129.3008425,96.5434917
,1163185.0000000,1732805.0000000,35.5778508,129.3009528,97.5794167
,1163195.0000000,1732805.0000000,35.5778492,129.3010631,99.1227534
,1163205.0000000,1732805.0000000,35.5778476,129.3011734,103.0166229
,1163215.0000000,1732805.0000000,35.5778459,129.3012838,105.7561950
,1163225.0000000,1732805.0000000,35.5778443,129.3013941,106.5000000
,1163235.0000000,1732805.0000000,35.5778426,129.3015044,106.7085899
,1163245.0000000,1732805.0000000,35.5778410,129.3016147,108.5235069
,1163255.0000000,1732805.0000000,35.5778393,129.3017250,111.6086631
,1163265.0000000,1732805.0000000,35.5778377,129.3018353,112.7816461
,1163275.0000000,1732805.0000000,35.5778360,129.3019456,115.8631699
,1163285.0000000,1732805.0000000,35.5778344,129.3020560,116.1596597
,1163295.0000000,1732805.0000000,35.5778327,129.3021663,118.6679659
,1163305.0000000,1732805.0000000,35.5778311,129.3022766,122.1927713
,1163315.0000000,1732805.0000000,35.5778294,129.3023869,122.0719083
,1163325.0000000,1732805.0000000,35.5778278,129.3024972,125.6025187
,1163335.0000000,1732805.0000000,35.5778261,129.3026075,126.3894026
,1163345.0000000,1732805.0000000,35.5778245,129.3027178,129.3189765
,1163355.0000000,1732805.0000000,35.5778228,129.3028281,132.1132983
,1163365.0000000,1732805.0000000,35.5778212,129.3029385,134.7726301
,1163375.0000000,1732805.0000000,35.5778195,129.3030488,136.3953670
,1163385.0000000,1732805.0000000,35.5778179,129.3031591,137.3921715
,1163395.0000000,1732805.0000000,35.5778162,129.3032694,140.5829259
,1163405.0000000,1732805.0000000,35.5778146,129.3033797,142.7941706
,1163415.0000000,1732805.0000000,35.5778129,129.3034900,146.4649737
,1163425.0000000,1732805.0000000,35.5778113,129.3036003,149.3705078
,1163435.0000000,1732805.0000000,35.5778096,129.3037107,151.4460324
,1163445.0000000,1732805.0000000,35.5778079,129.3038210,151.5000000
,1163455.0000000,1732805.0000000,35.5778063,129.3039313,151.5000000
,1163465.0000000,1732805.0000000,35.5778046,129.3040416,151.5000000
,1163475.0000000,1732805.0000000,35.5778030,129.3041519,151.5000000
,1163485.0000000,1732805.0000000,35.5778013,129.3042622,151.5000000
,1163495.0000000,1732805.0000000,35.5777997,129.3043725,151.5000000
,1163505.0000000,1732805.0000000,35.5777980,129.3044829,151.5000000
,1163515.0000000,1732805.0000000,35.5777964,129.3045932,151.5000000
,1163525.0000000,1732805.0000000,35.5777947,129.3047035,151.5000000
,1163535.0000000,1732805.0000000,35.5777931,129.3048138,150.6677934
,1163545.0000000,1732805.0000000,35.5777914,129.3049241,149.2943141
,1163555.0000000,1732805.0000000,35.5777898,129.3050344,148.3088930
,1163565.0000000,1732805.0000000,35.5777881,129.3051447,147.6404533
,1163575.0000000,1732805.0000000,35.5777865,129.3052550,147.4497249
,1163585.0000000,1732805.0000000,35.5777848,129.3053654,147.2237857
,1163595.0000000,1732805.0000000,35.5777832,129.3054757,147.1265612
,1163605.0000000,1732805.0000000,35.5777815,129.3055860,147.3571848
,1163615.0000000,1732805.0000000,35.5777799,129.3056963,148.3545176
,1163625.0000000,1732805.0000000,35.5777782,129.3058066,150.4689214
,1163635.0000000,1732805.0000000,35.5777766,129.3059169,152.0354942
,1163645.0000000,1732805.0000000,35.5777749,129.3060272,151.7853460
,1163655.0000000,1732805.0000000,35.5777732,129.3061376,152.2428633
,1163665.0000000,1732805.0000000,35.5777716,129.3062479,151.5699232
,1163675.0000000,1732805.0000000,35.5777699,129.3063582,152.3955767
,1163685.0000000,1732805.0000000,35.5777683,129.3064685,152.5647126
,1163695.0000000,1732805.0000000,35.5777666,129.3065788,151.5000000
,1163705.0000000,1732805.0000000,35.5777650,129.3066891,151.5000000
,1163715.0000000,1732805.0000000,35.5777633,129.3067994,151.5000000
,1163725.0000000,1732805.0000000,35.5777617,129.3069097,151.5000000
,1163735.0000000,1732805.0000000,35.5777600,129.3070201,151.5000000
,1163745.0000000,1732805.0000000,35.5777584,129.3071304,151.5000000
,1163755.0000000,1732805.0000000,35.5777567,129.3072407,151.5000000
,1163765.0000000,1732805.0000000,35.5777551,129.3073510,151.5000000
,1163775.0000000,1732805.0000000,35.5777534,129.3074613,151.5000000
,1163785.0000000,1732805.0000000,35.5777517,129.3075716,151.9308066
,1163795.0000000,1732805.0000000,35.5777501,129.3076819,152.1200848
,1163805.0000000,1732805.0000000,35.5777484,129.3077923,152.0799752
,1163815.0000000,1732805.0000000,35.5777468,129.3079026,151.7503141
,1163825.0000000,1732805.0000000,35.5777451,129.3080129,151.5000000
,1163835.0000000,1732805.0000000,35.5777435,129.3081232,152.9566730
,1163845.0000000,1732805.0000000,35.5777418,129.3082335,153.3075571
,1163855.0000000,1732805.0000000,35.5777402,129.3083438,153.5172216
,1163865.0000000,1732805.0000000,35.5777385,129.3084541,153.4966488
,1163875.0000000,1732805.0000000,35.5777369,129.3085644,153.6631357
,1163885.0000000,1732805.0000000,35.5777352,129.3086748,153.4953039
,1163895.0000000,1732805.0000000,35.5777335,129.3087851,153.2025895
,1163905.0000000,1732805.0000000,35.5777319,129.3088954,152.1550506
,1163915.0000000,1732805.0000000,35.5777302,129.3090057,155.5109118
,1163925.0000000,1732805.0000000,35.5777286,129.3091160,156.8455112
,1163935.0000000,1732805.0000000,35.5777269,129.3092263,159.9853412
,1163945.0000000,1732805.0000000,35.5777253,129.3093366,162.8351967
,1163955.0000000,1732805.0000000,35.5777236,129.3094470,166.1525452
,1163965.0000000,1732805.0000000,35.5777219,129.3095573,166.6466616
,1163975.0000000,1732805.0000000,35.5777203,129.3096676,168.0127565
,1163985.0000000,1732805.0000000,35.5777186,129.3097779,170.2139656
,1163995.0000000,1732805.0000000,35.5777170,129.3098882,171.2143746
,1163005.0000000,1732815.0000000,35.5779706,129.2989692,116.1737904
,1163015.0000000,1732815.0000000,35.5779690,129.2990795,116.2252250
,1163025.0000000,1732815.0000000,35.5779673,129.2991898,114.9350717
,1163035.0000000,1732815.0000000,35.5779657,129.2993001,109.6532286
,1163045.0000000,1732815.0000000,35.5779640,129.2994104,105.6441112
,1163055.0000000,1732815.0000000,35.5779624,129.2995207,101.5179239
,1163065.0000000,1732815.0000000,35.5779607,129.2996311,99.8700781
,1163075.0000000,1732815.0000000,35.5779591,129.2997414,96.7657918
,1163085.0000000,1732815.0000000,35.5779575,129.2998517,96.6676849
,1163095.0000000,1732815.0000000,35.5779558,129.2999620,95.7429414
,1163105.0000000,1732815.0000000,35.5779542,129.3000723,92.5959616
,1163115.0000000,1732815.0000000,35.5779525,129.3001826,91.5000000
,1163125.0000000,1732815.0000000,35.5779509,129.3002929,91.5000000
,1163135.0000000,1732815.0000000,35.5779492,129.3004033,91.5000000
,1163145.0000000,1732815.0000000,35.5779476,129.3005136,91.7664829
,1163155.0000000,1732815.0000000,35.5779459,129.3006239,94.0983154
,1163165.0000000,1732815.0000000,35.5779443,129.3007342,96.3047800
,1163175.0000000,1732815.0000000,35.5779426,129.3008445,96.5829163
,1163185.0000000,1732815.0000000,35.5779410,129.3009548,98.1591997
,1163195.0000000,1732815.0000000,35.5779393,129.3010651,100.2933443
,1163205.0000000,1732815.0000000,35.5779377,129.3011755,102.5575424
,1163215.0000000,1732815.0000000,35.5779360,129.3012858,105.6512913
,1163225.0000000,1732815.0000000,35.5779344,129.3013961,106.4693353
,1163235.0000000,1732815.0000000,35.5779327,129.3015064,106.6676818
,1163245.0000000,1732815.0000000,35.5779311,129.3016167,108.3758114
,1163255.0000000,1732815.0000000,35.5779294,129.3017270,111.6402509
,1163265.0000000,1732815.0000000,35.5779278,129.3018373,112.2469890
,1163275.0000000,1732815.0000000,35.5779261,129.3019477,115.4486355
,1163285.0000000,1732815.0000000,35.5779245,129.3020580,115.9167476
,1163295.0000000,1732815.0000000,35.5779228,129.3021683,118.4145890
,1163305.0000000,1732815.0000000,35.5779212,129.3022786,121.5458812
,1163315.0000000,1732815.0000000,35.5779195,129.3023889,121.6781412
,1163325.0000000,1732815.0000000,35.5779179,129.3024992,124.9880910
,1163335.0000000,1732815.0000000,35.5779162,129.3026095,126.4823322
,1163345.0000000,1732815.0000000,35.5779146,129.3027199,128.3372318
,1163355.0000000,1732815.0000000,35.5779129,129.3028302,131.3272967
,1163365.0000000,1732815.0000000,35.5779113,129.3029405,132.7532524
,1163375.0000000,1732815.0000000,35.5779096,129.3030508,135.2951643
,1163385.0000000,1732815.0000000,35.5779080,129.3031611,137.1528147
,1163395.0000000,1732815.0000000,35.5779063,129.3032714,140.3751186
,1163405.0000000,1732815.0000000,35.5779047,129.3033817,142.5094850
,1163415.0000000,1732815.0000000,35.5779030,129.3034921,145.8676047
,1163425.0000000,1732815.0000000,35.5779014,129.3036024,148.3488952
,1163435.0000000,1732815.0000000,35.5778997,129.3037127,151.3743194
,1163445.0000000,1732815.0000000,35.5778981,129.3038230,151.5000000
,1163455.0000000,1732815.0000000,35.5778964,129.3039333,151.5000000
,1163465.0000000,1732815.0000000,35.5778948,129.3040436,151.5000000
,1163475.0000000,1732815.0000000,35.5778931,129.3041539,151.5000000
,1163485.0000000,1732815.0000000,35.5778915,129.3042642,151.5000000
,1163495.0000000,1732815.0000000,35.5778898,129.3043746,151.5000000
,1163505.0000000,1732815.0000000,35.5778882,129.3044849,151.5000000
,1163515.0000000,1732815.0000000,35.5778865,129.3045952,151.5000000
,1163525.0000000,1732815.0000000,35.5778849,129.3047055,151.5000000
,1163535.0000000,1732815.0000000,35.5778832,129.3048158,149.1789520
,1163545.0000000,1732815.0000000,35.5778816,129.3049261,147.6496698
,1163555.0000000,1732815.0000000,35.5778799,129.3050364,146.8070442
,1163565.0000000,1732815.0000000,35.5778782,129.3051468,146.6452451
,1163575.0000000,1732815.0000000,35.5778766,129.3052571,146.6332472
,1163585.0000000,1732815.0000000,35.5778749,129.3053674,146.5516679
,1163595.0000000,1732815.0000000,35.5778733,129.3054777,146.5043872
,1163605.0000000,1732815.0000000,35.5778716,129.3055880,146.6299105
,1163615.0000000,1732815.0000000,35.5778700,129.3056983,147.3589199
,1163625.0000000,1732815.0000000,35.5778683,129.3058086,149.5957013
,1163635.0000000,1732815.0000000,35.5778667,129.3059190,151.3286276
,1163645.0000000,1732815.0000000,35.5778650,129.3060293,151.5837242
,1163655.0000000,1732815.0000000,35.5778634,129.3061396,151.5515329
,1163665.0000000,1732815.0000000,35.5778617,129.3062499,151.7949294
,1163675.0000000,1732815.0000000,35.5778601,129.3063602,151.9056138
,1163685.0000000,1732815.0000000,35.5778584,129.3064705,151.8464224
,1163695.0000000,1732815.0000000,35.5778568,129.3065808,151.5000000
,1163705.0000000,1732815.0000000,35.5778551,129.3066911,151.5000000
,1163715.0000000,1732815.0000000,35.5778534,129.3068015,151.5000000
,1163725.0000000,1732815.0000000,35.5778518,129.3069118,151.5000000
,1163735.0000000,1732815.0000000,35.5778501,129.3070221,151.5000000
,1163745.0000000,1732815.0000000,35.5778485,129.3071324,151.5000000
,1163755.0000000,1732815.0000000,35.5778468,129.3072427,151.5000000
,1163765.0000000,1732815.0000000,35.5778452,129.3073530,151.5000000
,1163775.0000000,1732815.0000000,35.5778435,129.3074633,151.5000000
,1163785.0000000,1732815.0000000,35.5778419,129.3075737,151.5000000
,1163795.0000000,1732815.0000000,35.5778402,129.3076840,151.5000000
,1163805.0000000,1732815.0000000,35.5778386,129.3077943,151.8030728
,1163815.0000000,1732815.0000000,35.5778369,129.3079046,151.5000000
,1163825.0000000,1732815.0000000,35.5778352,129.3080149,151.9452793
,1163835.0000000,1732815.0000000,35.5778336,129.3081252,153.0728076
,1163845.0000000,1732815.0000000,35.5778319,129.3082355,153.6174043
,1163855.0000000,1732815.0000000,35.5778303,129.3083458,153.6737007
,1163865.0000000,1732815.0000000,35.5778286,129.3084562,153.7800767
,1163875.0000000,1732815.0000000,35.5778270,129.3085665,153.9121126
,1163885.0000000,1732815.0000000,35.5778253,129.3086768,153.8780350
,1163895.0000000,1732815.0000000,35.5778237,129.3087871,152.8924695
,1163905.0000000,1732815.0000000,35.5778220,129.3088974,155.9600852
,1163915.0000000,1732815.0000000,35.5778203,129.3090077,156.6708195
,1163925.0000000,1732815.0000000,35.5778187,129.3091180,157.8372525
,1163935.0000000,1732815.0000000,35.5778170,129.3092284,161.5606048
,1163945.0000000,1732815.0000000,35.5778154,129.3093387,164.9348114
,1163955.0000000,1732815.0000000,35.5778137,129.3094490,166.4954957
,1163965.0000000,1732815.0000000,35.5778121,129.3095593,167.2172974
,1163975.0000000,1732815.0000000,35.5778104,129.3096696,169.3733310
,1163985.0000000,1732815.0000000,35.5778088,129.3097799,171.1989540
,1163995.0000000,1732815.0000000,35.5778071,129.3098902,171.5000000
,1163005.0000000,1732825.0000000,35.5780608,129.2989712,113.1346449
,1163015.0000000,1732825.0000000,35.5780591,129.2990815,112.8425946
,1163025.0000000,1732825.0000000,35.5780575,129.2991918,111.2832008
,1163035.0000000,1732825.0000000,35.5780558,129.2993021,108.2411927
,1163045.0000000,1732825.0000000,35.5780542,129.2994125,103.9737460
,1163055.0000000,1732825.0000000,35.5780525,129.2995228,99.6973530
,1163065.0000000,1732825.0000000,35.5780509,129.2996331,96.6071628
,1163075.0000000,1732825.0000000,35.5780492,129.2997434,95.0224840
,1163085.0000000,1732825.0000000,35.5780476,129.2998537,93.0146188
,1163095.0000000,1732825.0000000,35.5780459,129.2999640,93.1970772
,1163105.0000000,1732825.0000000,35.5780443,129.3000743,92.1633310
,1163115.0000000,1732825.0000000,35.5780426,129.3001846,91.5000000
,1163125.0000000,1732825.0000000,35.5780410,129.3002950,91.5000000
,1163135.0000000,1732825.0000000,35.5780393,129.3004053,91.5000000
,1163145.0000000,1732825.0000000,35.5780377,129.3005156,91.5000000
,1163155.0000000,1732825.0000000,35.5780360,129.3006259,93.3641422
,1163165.0000000,1732825.0000000,35.5780344,129.3007362,95.9756987
,1163175.0000000,1732825.0000000,35.5780327,129.3008465,96.8207982
,1163185.0000000,1732825.0000000,35.5780311,129.3009568,98.8077086
,1163195.0000000,1732825.0000000,35.5780294,129.3010672,101.1174663
,1163205.0000000,1732825.0000000,35.5780278,129.3011775,101.9491665
,1163215.0000000,1732825.0000000,35.5780261,129.3012878,105.2276219
,1163225.0000000,1732825.0000000,35.5780245,129.3013981,106.4580095
,1163235.0000000,1732825.0000000,35.5780228,129.3015084,106.5515470
,1163245.0000000,1732825.0000000,35.5780212,129.3016187,108.1871020
,1163255.0000000,1732825.0000000,35.5780195,129.3017290,111.0457838
,1163265.0000000,1732825.0000000,35.5780179,129.3018394,111.9671252
,1163275.0000000,1732825.0000000,35.5780162,129.3019497,115.6774581
,1163285.0000000,1732825.0000000,35.5780146,129.3020600,115.8626174
,1163295.0000000,1732825.0000000,35.5780129,129.3021703,118.4946015
,1163305.0000000,1732825.0000000,35.5780113,129.3022806,121.1431360
,1163315.0000000,1732825.0000000,35.5780096,129.3023909,122.0941239
,1163325.0000000,1732825.0000000,35.5780080,129.3025012,124.5686892
,1163335.0000000,1732825.0000000,35.5780063,129.3026116,126.3902734
,1163345.0000000,1732825.0000000,35.5780047,129.3027219,127.9736270
,1163355.0000000,1732825.0000000,35.5780030,129.3028322,130.8214075
,1163365.0000000,1732825.0000000,35.5780014,129.3029425,132.0611739
,1163375.0000000,1732825.0000000,35.5779997,129.3030528,134.3857196
,1163385.0000000,1732825.0000000,35.5779981,129.3031631,136.7778470
,1163395.0000000,1732825.0000000,35.5779964,129.3032734,140.4328251
,1163405.0000000,1732825.0000000,35.5779948,129.3033838,141.6872250
,1163415.0000000,1732825.0000000,35.5779931,129.3034941,146.0728643
,1163425.0000000,1732825.0000000,35.5779915,129.3036044,148.4214115
,1163435.0000000,1732825.0000000,35.5779898,129.3037147,151.1742457
,1163445.0000000,1732825.0000000,35.5779882,129.3038250,151.5000000
,1163455.0000000,1732825.0000000,35.5779865,129.3039353,151.5000000
,1163465.0000000,1732825.0000000,35.5779849,129.3040456,151.5000000
,1163475.0000000,1732825.0000000,35.5779832,129.3041560,151.5000000
,1163485.0000000,1732825.0000000,35.5779816,129.3042663,151.5000000
,1163495.0000000,1732825.0000000,35.5779799,129.3043766,151.5000000
,1163505.0000000,1732825.0000000,35.5779783,129.3044869,151.5000000
,1163515.0000000,1732825.0000000,35.5779766,129.3045972,151.5000000
,1163525.0000000,1732825.0000000,35.5779750,129.3047075,151.0036941
,1163535.0000000,1732825.0000000,35.5779733,129.3048178,148.7713048
,1163545.0000000,1732825.0000000,35.5779717,129.3049282,147.0430486
,1163555.0000000,1732825.0000000,35.5779700,129.3050385,146.5031853
,1163565.0000000,1732825.0000000,35.5779684,129.3051488,146.5000000
,1163575.0000000,1732825.0000000,35.5779667,129.3052591,146.5000000
,1163585.0000000,1732825.0000000,35.5779651,129.3053694,146.5000000
,1163595.0000000,1732825.0000000,35.5779634,129.3054797,146.5000000
,1163605.0000000,1732825.0000000,35.5779618,129.3055900,146.5039314
,1163615.0000000,1732825.0000000,35.5779601,129.3057003,147.0870089
,1163625.0000000,1732825.0000000,35.5779585,129.3058107,149.2455109
,1163635.0000000,1732825.0000000,35.5779568,129.3059210,151.0801831
,1163645.0000000,1732825.0000000,35.5779551,129.3060313,151.5000000
,1163655.0000000,1732825.0000000,35.5779535,129.3061416,151.5000000
,1163665.0000000,1732825.0000000,35.5779518,129.3062519,151.5000000
,1163675.0000000,1732825.0000000,35.5779502,129.3063622,151.5000000
,1163685.0000000,1732825.0000000,35.5779485,129.3064725,150.8469125
,1163695.0000000,1732825.0000000,35.5779469,129.3065829,151.2985096
,1163705.0000000,1732825.0000000,35.5779452,129.3066932,151.4570273
,1163715.0000000,1732825.0000000,35.5779436,129.3068035,151.5000000
,1163725.0000000,1732825.0000000,35.5779419,129.3069138,151.5000000
,1163735.0000000,1732825.0000000,35.5779403,129.3070241,151.5000000
,1163745.0000000,1732825.0000000,35.5779386,129.3071344,151.5000000
,1163755.0000000,1732825.0000000,35.5779370,129.3072447,151.5000000
,1163765.0000000,1732825.0000000,35.5779353,129.3073551,151.5000000
,1163775.0000000,1732825.0000000,35.5779336,129.3074654,151.5000000
,1163785.0000000,1732825.0000000,35.5779320,129.3075757,151.5000000
,1163795.0000000,1732825.0000000,35.5779303,129.3076860,151.5000000
,1163805.0000000,1732825.0000000,35.5779287,129.3077963,151.5000000
,1163815.0000000,1732825.0000000,35.5779270,129.3079066,151.5000000
,1163825.0000000,1732825.0000000,35.5779254,129.3080169,152.6501509
,1163835.0000000,1732825.0000000,35.5779237,129.3081272,152.9175075
,1163845.0000000,1732825.0000000,35.5779221,129.3082376,153.1516382
,1163855.0000000,1732825.0000000,35.5779204,129.3083479,153.5972560
,1163865.0000000,1732825.0000000,35.5779187,129.3084582,153.6252707
,1163875.0000000,1732825.0000000,35.5779171,129.3085685,153.5698620
,1163885.0000000,1732825.0000000,35.5779154,129.3086788,153.2675017
,1163895.0000000,1732825.0000000,35.5779138,129.3087891,153.9465464
,1163905.0000000,1732825.0000000,35.5779121,129.3088994,158.0777611
,1163915.0000000,1732825.0000000,35.5779105,129.3090098,159.8831987
,1163925.0000000,1732825.0000000,35.5779088,129.3091201,160.3546755
,1163935.0000000,1732825.0000000,35.5779072,129.3092304,163.1846081
,1163945.0000000,1732825.0000000,35.5779055,129.3093407,165.8873203
,1163955.0000000,1732825.0000000,35.5779038,129.3094510,166.5599283
,1163965.0000000,1732825.0000000,35.5779022,129.3095613,167.8225696
,1163975.0000000,1732825.0000000,35.5779005,129.3096716,170.8757893
,1163985.0000000,1732825.0000000,35.5778989,129.3097820,171.4963969
,1163995.0000000,1732825.0000000,35.5778972,129.3098923,171.4014462
,1163005.0000000,1732835.0000000,35.5781509,129.2989732,111.4167334
,1163015.0000000,1732835.0000000,35.5781492,129.2990835,111.3868998
,1163025.0000000,1732835.0000000,35.5781476,129.2991938,109.6316722
,1163035.0000000,1732835.0000000,35.5781459,129.2993042,106.4305076
,1163045.0000000,1732835.0000000,35.5781443,129.2994145,102.5115531
,1163055.0000000,1732835.0000000,35.5781426,129.2995248,99.4294172
,1163065.0000000,1732835.0000000,35.5781410,129.2996351,96.4627431
,1163075.0000000,1732835.0000000,35.5781393,129.2997454,92.7677093
,1163085.0000000,1732835.0000000,35.5781377,129.2998557,91.9126815
,1163095.0000000,1732835.0000000,35.5781360,129.2999660,92.3776071
,1163105.0000000,1732835.0000000,35.5781344,129.3000764,91.8370275
,1163115.0000000,1732835.0000000,35.5781327,129.3001867,91.5000000
,1163125.0000000,1732835.0000000,35.5781311,129.3002970,91.5000000
,1163135.0000000,1732835.0000000,35.5781295,129.3004073,91.5000000
,1163145.0000000,1732835.0000000,35.5781278,129.3005176,91.5000000
,1163155.0000000,1732835.0000000,35.5781262,129.3006279,93.0260538
,1163165.0000000,1732835.0000000,35.5781245,129.3007382,96.1039813
,1163175.0000000,1732835.0000000,35.5781229,129.3008486,96.8143897
,1163185.0000000,1732835.0000000,35.5781212,129.3009589,99.5180560
,1163195.0000000,1732835.0000000,35.5781196,129.3010692,101.4650191
,1163205.0000000,1732835.0000000,35.5781179,129.3011795,101.8707859
,1163215.0000000,1732835.0000000,35.5781163,129.3012898,104.7024669
,1163225.0000000,1732835.0000000,35.5781146,129.3014001,106.5000000
,1163235.0000000,1732835.0000000,35.5781130,129.3015104,106.5000000
,1163245.0000000,1732835.0000000,35.5781113,129.3016208,107.3133326
,1163255.0000000,1732835.0000000,35.5781097,129.3017311,110.6645740
,1163265.0000000,1732835.0000000,35.5781080,129.3018414,111.8321405
,1163275.0000000,1732835.0000000,35.5781064,129.3019517,115.7146358
,1163285.0000000,1732835.0000000,35.5781047,129.3020620,116.3553402
,1163295.0000000,1732835.0000000,35.5781031,129.3021723,118.9728221
,1163305.0000000,1732835.0000000,35.5781014,129.3022826,121.3316105
,1163315.0000000,1732835.0000000,35.5780998,129.3023930,121.5389421
,1163325.0000000,1732835.0000000,35.5780981,129.3025033,123.8556457
,1163335.0000000,1732835.0000000,35.5780965,129.3026136,126.4761305
,1163345.0000000,1732835.0000000,35.5780948,129.3027239,128.3137335
,1163355.0000000,1732835.0000000,35.5780932,129.3028342,130.9047043
,1163365.0000000,1732835.0000000,35.5780915,129.3029445,132.2032763
,1163375.0000000,1732835.0000000,35.5780899,129.3030548,135.0608059
,1163385.0000000,1732835.0000000,35.5780882,129.3031652,138.7712025
,1163395.0000000,1732835.0000000,35.5780866,129.3032755,141.3389172
,1163405.0000000,1732835.0000000,35.5780849,129.3033858,142.2643142
,1163415.0000000,1732835.0000000,35.5780833,129.3034961,146.1457531
,1163425.0000000,1732835.0000000,35.5780816,129.3036064,148.2308307
,1163435.0000000,1732835.0000000,35.5780800,129.3037167,151.4967177
,1163445.0000000,1732835.0000000,35.5780783,129.3038270,151.4143923
,1163455.0000000,1732835.0000000,35.5780767,129.3039373,151.5000000
,1163465.0000000,1732835.0000000,35.5780750,129.3040477,151.5000000
,1163475.0000000,1732835.0000000,35.5780734,129.3041580,151.5000000
,1163485.0000000,1732835.0000000,35.5780717,129.3042683,151.5000000
,1163495.0000000,1732835.0000000,35.5780701,129.3043786,151.5000000
,1163505.0000000,1732835.0000000,35.5780684,129.3044889,151.5000000
,1163515.0000000,1732835.0000000,35.5780668,129.3045992,151.5000000
,1163525.0000000,1732835.0000000,35.5780651,129.3047095,151.2220053
,1163535.0000000,1732835.0000000,35.5780634,129.3048199,148.9848062
,1163545.0000000,1732835.0000000,35.5780618,129.3049302,146.8733972
,1163555.0000000,1732835.0000000,35.5780601,129.3050405,146.5119895
,1163565.0000000,1732835.0000000,35.5780585,129.3051508,146.5000000
,1163575.0000000,1732835.0000000,35.5780568,129.3052611,146.5000000
,1163585.0000000,1732835.0000000,35.5780552,129.3053714,146.5000000
,1163595.0000000,1732835.0000000,35.5780535,129.3054817,146.5000000
,1163605.0000000,1732835.0000000,35.5780519,129.3055921,146.5781438
,1163615.0000000,1732835.0000000,35.5780502,129.3057024,147.2502980
,1163625.0000000,1732835.0000000,35.5780486,129.3058127,150.0418283
,1163635.0000000,1732835.0000000,35.5780469,129.3059230,151.8328922
,1163645.0000000,1732835.0000000,35.5780453,129.3060333,151.6858658
,1163655.0000000,1732835.0000000,35.5780436,129.3061436,151.8689404
,1163665.0000000,1732835.0000000,35.5780420,129.3062539,151.7456324
,1163675.0000000,1732835.0000000,35.5780403,129.3063643,151.1484230
,1163685.0000000,1732835.0000000,35.5780387,129.3064746,149.7951295
,1163695.0000000,1732835.0000000,35.5780370,129.3065849,149.9350768
,1163705.0000000,1732835.0000000,35.5780353,129.3066952,150.7701803
,1163715.0000000,1732835.0000000,35.5780337,129.3068055,151.3415388
,1163725.0000000,1732835.0000000,35.5780320,129.3069158,151.5000000
,1163735.0000000,1732835.0000000,35.5780304,129.3070261,151.5000000
,1163745.0000000,1732835.0000000,35.5780287,129.3071365,151.5000000
,1163755.0000000,1732835.0000000,35.5780271,129.3072468,151.5000000
,1163765.0000000,1732835.0000000,35.5780254,129.3073571,151.5000000
,1163775.0000000,1732835.0000000,35.5780238,129.3074674,151.5000000
,1163785.0000000,1732835.0000000,35.5780221,129.3075777,151.5000000
,1163795.0000000,1732835.0000000,35.5780205,129.3076880,151.5000000
,1163805.0000000,1732835.0000000,35.5780188,129.3077983,151.5000000
,1163815.0000000,1732835.0000000,35.5780171,129.3079086,151.5000000
,1163825.0000000,1732835.0000000,35.5780155,129.3080190,152.7260823
,1163835.0000000,1732835.0000000,35.5780138,129.3081293,152.9908334
,1163845.0000000,1732835.0000000,35.5780122,129.3082396,153.1258805
,1163855.0000000,1732835.0000000,35.5780105,129.3083499,153.3204011
,1163865.0000000,1732835.0000000,35.5780089,129.3084602,153.3399920
,1163875.0000000,1732835.0000000,35.5780072,129.3085705,153.1483716
,1163885.0000000,1732835.0000000,35.5780056,129.3086808,151.9328609
,1163895.0000000,1732835.0000000,35.5780039,129.3087912,155.6753879
,1163905.0000000,1732835.0000000,35.5780022,129.3089015,158.4650348
,1163915.0000000,1732835.0000000,35.5780006,129.3090118,160.8477646
,1163925.0000000,1732835.0000000,35.5779989,129.3091221,161.5241553
,1163935.0000000,1732835.0000000,35.5779973,129.3092324,164.0176725
,1163945.0000000,1732835.0000000,35.5779956,129.3093427,166.2080885
,1163955.0000000,1732835.0000000,35.5779940,129.3094530,166.4756268
,1163965.0000000,1732835.0000000,35.5779923,129.3095634,167.2687231
,1163975.0000000,1732835.0000000,35.5779907,129.3096737,170.2418038
,1163985.0000000,1732835.0000000,35.5779890,129.3097840,171.1726131
,1163995.0000000,1732835.0000000,35.5779873,129.3098943,171.4938718
,1163005.0000000,1732845.0000000,35.5782410,129.2989752,111.4553984
,1163015.0000000,1732845.0000000,35.5782393,129.2990855,110.2975668
,1163025.0000000,1732845.0000000,35.5782377,129.2991959,108.1513172
,1163035.0000000,1732845.0000000,35.5782361,129.2993062,106.2271260
,1163045.0000000,1732845.0000000,35.5782344,129.2994165,103.9940640
,1163055.0000000,1732845.0000000,35.5782328,129.2995268,100.4807472
,1163065.0000000,1732845.0000000,35.5782311,129.2996371,97.1655340
,1163075.0000000,1732845.0000000,35.5782295,129.2997474,94.9198862
,1163085.0000000,1732845.0000000,35.5782278,129.2998577,94.3685385
,1163095.0000000,1732845.0000000,35.5782262,129.2999681,91.9614157
,1163105.0000000,1732845.0000000,35.5782245,129.3000784,92.3937914
,1163115.0000000,1732845.0000000,35.5782229,129.3001887,91.9136973
,1163125.0000000,1732845.0000000,35.5782212,129.3002990,91.5000000
,1163135.0000000,1732845.0000000,35.5782196,129.3004093,91.5000000
,1163145.0000000,1732845.0000000,35.5782179,129.3005196,91.5000000
,1163155.0000000,1732845.0000000,35.5782163,129.3006299,93.8542005
,1163165.0000000,1732845.0000000,35.5782146,129.3007403,96.3421293
,1163175.0000000,1732845.0000000,35.5782130,129.3008506,97.1447413
,1163185.0000000,1732845.0000000,35.5782113,129.3009609,100.0636216
,1163195.0000000,1732845.0000000,35.5782097,129.3010712,101.4776461
,1163205.0000000,1732845.0000000,35.5782080,129.3011815,101.8901672
,1163215.0000000,1732845.0000000,35.5782064,129.3012918,104.1097327
,1163225.0000000,1732845.0000000,35.5782047,129.3014021,106.5000000
,1163235.0000000,1732845.0000000,35.5782031,129.3015125,106.6083358
,1163245.0000000,1732845.0000000,35.5782014,129.3016228,106.5486872
,1163255.0000000,1732845.0000000,35.5781998,129.3017331,109.7034071
,1163265.0000000,1732845.0000000,35.5781981,129.3018434,111.5905735
,1163275.0000000,1732845.0000000,35.5781965,129.3019537,114.6268782
,1163285.0000000,1732845.0000000,35.5781948,129.3020640,116.7232104
,1163295.0000000,1732845.0000000,35.5781932,129.3021743,120.3525498
,1163305.0000000,1732845.0000000,35.5781915,129.3022847,121.7566689
,1163315.0000000,1732845.0000000,35.5781899,129.3023950,121.6982294
,1163325.0000000,1732845.0000000,35.5781882,129.3025053,124.5582979
,1163335.0000000,1732845.0000000,35.5781866,129.3026156,126.5552527
,1163345.0000000,1732845.0000000,35.5781849,129.3027259,129.9147854
,1163355.0000000,1732845.0000000,35.5781833,129.3028362,131.4989691
,1163365.0000000,1732845.0000000,35.5781816,129.3029465,132.9698873
,1163375.0000000,1732845.0000000,35.5781800,129.3030569,136.3264681
,1163385.0000000,1732845.0000000,35.5781783,129.3031672,138.8303071
,1163395.0000000,1732845.0000000,35.5781767,129.3032775,141.6242992
,1163405.0000000,1732845.0000000,35.5781750,129.3033878,143.9456400
,1163415.0000000,1732845.0000000,35.5781734,129.3034981,146.1262111
,1163425.0000000,1732845.0000000,35.5781717,129.3036084,148.0010975
,1163435.0000000,1732845.0000000,35.5781701,129.3037187,150.0748570
,1163445.0000000,1732845.0000000,35.5781684,129.3038291,150.9205611
,1163455.0000000,1732845.0000000,35.5781668,129.3039394,151.5000000
,1163465.0000000,1732845.0000000,35.5781651,129.3040497,151.5000000
,1163475.0000000,1732845.0000000,35.5781635,129.3041600,151.5000000
,1163485.0000000,1732845.0000000,35.5781618,129.3042703,151.5000000
,1163495.0000000,1732845.0000000,35.5781602,129.3043806,151.5000000
,1163505.0000000,1732845.0000000,35.5781585,129.3044909,151.5000000
,1163515.0000000,1732845.0000000,35.5781569,129.3046013,151.5000000
,1163525.0000000,1732845.0000000,35.5781552,129.3047116,151.3906145
,1163535.0000000,1732845.0000000,35.5781536,129.3048219,148.3705249
,1163545.0000000,1732845.0000000,35.5781519,129.3049322,146.8372060
,1163555.0000000,1732845.0000000,35.5781503,129.3050425,146.5000000
,1163565.0000000,1732845.0000000,35.5781486,129.3051528,146.5000000
,1163575.0000000,1732845.0000000,35.5781470,129.3052631,146.5000000
,1163585.0000000,1732845.0000000,35.5781453,129.3053735,146.5000000
,1163595.0000000,1732845.0000000,35.5781437,129.3054838,146.5000000
,1163605.0000000,1732845.0000000,35.5781420,129.3055941,146.5612530
,1163615.0000000,1732845.0000000,35.5781403,129.3057044,147.6505128
,1163625.0000000,1732845.0000000,35.5781387,129.3058147,151.8893935
,1163635.0000000,1732845.0000000,35.5781370,129.3059250,151.8745238
,1163645.0000000,1732845.0000000,35.5781354,129.3060353,152.4106099
,1163655.0000000,1732845.0000000,35.5781337,129.3061457,152.1845911
,1163665.0000000,1732845.0000000,35.5781321,129.3062560,151.6334696
,1163675.0000000,1732845.0000000,35.5781304,129.3063663,150.4118824
,1163685.0000000,1732845.0000000,35.5781288,129.3064766,149.0482182
,1163695.0000000,1732845.0000000,35.5781271,129.3065869,148.4015358
,1163705.0000000,1732845.0000000,35.5781255,129.3066972,148.8551916
,1163715.0000000,1732845.0000000,35.5781238,129.3068075,149.9624517
,1163725.0000000,1732845.0000000,35.5781222,129.3069178,151.1950571
,1163735.0000000,1732845.0000000,35.5781205,129.3070282,151.5000000
,1163745.0000000,1732845.0000000,35.5781188,129.3071385,151.5000000
,1163755.0000000,1732845.0000000,35.5781172,129.3072488,151.4150348
,1163765.0000000,1732845.0000000,35.5781155,129.3073591,151.3339702
,1163775.0000000,1732845.0000000,35.5781139,129.3074694,151.1441275
,1163785.0000000,1732845.0000000,35.5781122,129.3075797,150.9576034
,1163795.0000000,1732845.0000000,35.5781106,129.3076900,150.3314506
,1163805.0000000,1732845.0000000,35.5781089,129.3078004,151.1278606
,1163815.0000000,1732845.0000000,35.5781073,129.3079107,151.6286078
,1163825.0000000,1732845.0000000,35.5781056,129.3080210,152.6499729
,1163835.0000000,1732845.0000000,35.5781040,129.3081313,152.6749186
,1163845.0000000,1732845.0000000,35.5781023,129.3082416,153.0607572
,1163855.0000000,1732845.0000000,35.5781006,129.3083519,153.2081927
,1163865.0000000,1732845.0000000,35.5780990,129.3084622,153.1960882
,1163875.0000000,1732845.0000000,35.5780973,129.3085726,152.9682153
,1163885.0000000,1732845.0000000,35.5780957,129.3086829,153.3740631
,1163895.0000000,1732845.0000000,35.5780940,129.3087932,155.1654319
,1163905.0000000,1732845.0000000,35.5780924,129.3089035,158.2853095
,1163915.0000000,1732845.0000000,35.5780907,129.3090138,160.9693297
,1163925.0000000,1732845.0000000,35.5780891,129.3091241,161.6108168
,1163935.0000000,1732845.0000000,35.5780874,129.3092344,163.7276767
,1163945.0000000,1732845.0000000,35.5780857,129.3093448,166.2492432
,1163955.0000000,1732845.0000000,35.5780841,129.3094551,166.4486397
,1163965.0000000,1732845.0000000,35.5780824,129.3095654,166.7239189
,1163975.0000000,1732845.0000000,35.5780808,129.3096757,167.2022761
,1163985.0000000,1732845.0000000,35.5780791,129.3097860,168.6596507
,1163995.0000000,1732845.0000000,35.5780775,129.3098963,169.2516443
,1163005.0000000,1732855.0000000,35.5783311,129.2989772,110.4544287
,1163015.0000000,1732855.0000000,35.5783295,129.2990876,108.1414937
,1163025.0000000,1732855.0000000,35.5783278,129.2991979,106.6742314
,1163035.0000000,1732855.0000000,35.5783262,129.2993082,105.4806527
,1163045.0000000,1732855.0000000,35.5783245,129.2994185,104.4996300
,1163055.0000000,1732855.0000000,35.5783229,129.2995288,101.4341450
,1163065.0000000,1732855.0000000,35.5783212,129.2996391,98.7690473
,1163075.0000000,1732855.0000000,35.5783196,129.2997494,96.9963991
,1163085.0000000,1732855.0000000,35.5783179,129.2998598,96.2784224
,1163095.0000000,1732855.0000000,35.5783163,129.2999701,96.0646530
,1163105.0000000,1732855.0000000,35.5783146,129.3000804,93.9351892
,1163115.0000000,1732855.0000000,35.5783130,129.3001907,92.1862502
,1163125.0000000,1732855.0000000,35.5783113,129.3003010,91.5000000
,1163135.0000000,1732855.0000000,35.5783097,129.3004113,91.5000000
,1163145.0000000,1732855.0000000,35.5783080,129.3005216,91.6852412
,1163155.0000000,1732855.0000000,35.5783064,129.3006320,94.9462013
,1163165.0000000,1732855.0000000,35.5783048,129.3007423,96.4552653
,1163175.0000000,1732855.0000000,35.5783031,129.3008526,97.4782137
,1163185.0000000,1732855.0000000,35.5783015,129.3009629,100.4790000
,1163195.0000000,1732855.0000000,35.5782998,129.3010732,101.4097208
,1163205.0000000,1732855.0000000,35.5782982,129.3011835,102.3196131
,1163215.0000000,1732855.0000000,35.5782965,129.3012938,104.3688170
,1163225.0000000,1732855.0000000,35.5782949,129.3014042,106.6748007
,1163235.0000000,1732855.0000000,35.5782932,129.3015145,106.8981432
,1163245.0000000,1732855.0000000,35.5782916,129.3016248,106.8416894
,1163255.0000000,1732855.0000000,35.5782899,129.3017351,110.3592800
,1163265.0000000,1732855.0000000,35.5782883,129.3018454,111.5903793
,1163275.0000000,1732855.0000000,35.5782866,129.3019557,115.0536289
,1163285.0000000,1732855.0000000,35.5782850,129.3020660,117.5152887
,1163295.0000000,1732855.0000000,35.5782833,129.3021764,121.1581652
,1163305.0000000,1732855.0000000,35.5782817,129.3022867,122.5054468
,1163315.0000000,1732855.0000000,35.5782800,129.3023970,125.0699197
,1163325.0000000,1732855.0000000,35.5782784,129.3025073,126.4894446
,1163335.0000000,1732855.0000000,35.5782767,129.3026176,127.2294523
,1163345.0000000,1732855.0000000,35.5782751,129.3027279,131.4017882
,1163355.0000000,1732855.0000000,35.5782734,129.3028382,131.9979907
,1163365.0000000,1732855.0000000,35.5782718,129.3029486,134.6020430
,1163375.0000000,1732855.0000000,35.5782701,129.3030589,136.5317132
,1163385.0000000,1732855.0000000,35.5782685,129.3031692,139.4700179
,1163395.0000000,1732855.0000000,35.5782668,129.3032795,141.7719633
,1163405.0000000,1732855.0000000,35.5782652,129.3033898,145.8243437
,1163415.0000000,1732855.0000000,35.5782635,129.3035001,145.8429566
,1163425.0000000,1732855.0000000,35.5782619,129.3036104,147.5915541
,1163435.0000000,1732855.0000000,35.5782602,129.3037208,149.3523428
,1163445.0000000,1732855.0000000,35.5782586,129.3038311,151.5000000
,1163455.0000000,1732855.0000000,35.5782569,129.3039414,151.5000000
,1163465.0000000,1732855.0000000,35.5782553,129.3040517,151.5000000
,1163475.0000000,1732855.0000000,35.5782536,129.3041620,151.5000000
,1163485.0000000,1732855.0000000,35.5782519,129.3042723,151.5000000
,1163495.0000000,1732855.0000000,35.5782503,129.3043826,151.5000000
,1163505.0000000,1732855.0000000,35.5782486,129.3044930,151.5000000
,1163515.0000000,1732855.0000000,35.5782470,129.3046033,151.5000000
,1163525.0000000,1732855.0000000,35.5782453,129.3047136,150.7331051
,1163535.0000000,1732855.0000000,35.5782437,129.3048239,147.4853037
,1163545.0000000,1732855.0000000,35.5782420,129.3049342,146.5000000
,1163555.0000000,1732855.0000000,35.5782404,129.3050445,146.5000000
,1163565.0000000,1732855.0000000,35.5782387,129.3051548,146.5000000
,1163575.0000000,1732855.0000000,35.5782371,129.3052652,146.5000000
,1163585.0000000,1732855.0000000,35.5782354,129.3053755,146.5000000
,1163595.0000000,1732855.0000000,35.5782338,129.3054858,146.8012007
,1163605.0000000,1732855.0000000,35.5782321,129.3055961,147.0189934
,1163615.0000000,1732855.0000000,35.5782305,129.3057064,148.7248370
,1163625.0000000,1732855.0000000,35.5782288,129.3058167,153.1207166
,1163635.0000000,1732855.0000000,35.5782272,129.3059270,154.5623115
,1163645.0000000,1732855.0000000,35.5782255,129.3060374,155.7230909
,1163655.0000000,1732855.0000000,35.5782239,129.3061477,153.8496547
,1163665.0000000,1732855.0000000,35.5782222,129.3062580,152.0497036
,1163675.0000000,1732855.0000000,35.5782205,129.3063683,150.1624118
,1163685.0000000,1732855.0000000,35.5782189,129.3064786,148.0437391
,1163695.0000000,1732855.0000000,35.5782172,129.3065889,147.1649975
,1163705.0000000,1732855.0000000,35.5782156,129.3066992,147.3298709
,1163715.0000000,1732855.0000000,35.5782139,129.3068096,148.1344310
,1163725.0000000,1732855.0000000,35.5782123,129.3069199,149.6696039
,1163735.0000000,1732855.0000000,35.5782106,129.3070302,150.7903493
,1163745.0000000,1732855.0000000,35.5782090,129.3071405,151.1132792
,1163755.0000000,1732855.0000000,35.5782073,129.3072508,150.2577870
,1163765.0000000,1732855.0000000,35.5782057,129.3073611,149.9976861
,1163775.0000000,1732855.0000000,35.5782040,129.3074714,149.4895579
,1163785.0000000,1732855.0000000,35.5782024,129.3075818,149.1453766
,1163795.0000000,1732855.0000000,35.5782007,129.3076921,148.5993686
,1163805.0000000,1732855.0000000,35.5781990,129.3078024,149.9053758
,1163815.0000000,1732855.0000000,35.5781974,129.3079127,151.2385222
,1163825.0000000,1732855.0000000,35.5781957,129.3080230,152.4335195
,1163835.0000000,1732855.0000000,35.5781941,129.3081333,152.6498302
,1163845.0000000,1732855.0000000,35.5781924,129.3082436,152.7790003
,1163855.0000000,1732855.0000000,35.5781908,129.3083540,152.8855512
,1163865.0000000,1732855.0000000,35.5781891,129.3084643,153.1493702
,1163875.0000000,1732855.0000000,35.5781875,129.3085746,152.5261063
,1163885.0000000,1732855.0000000,35.5781858,129.3086849,155.9530231
,1163895.0000000,1732855.0000000,35.5781841,129.3087952,155.5988520
,1163905.0000000,1732855.0000000,35.5781825,129.3089055,158.8561117
,1163915.0000000,1732855.0000000,35.5781808,129.3090158,161.2708213
,1163925.0000000,1732855.0000000,35.5781792,129.3091262,161.6461385
,1163935.0000000,1732855.0000000,35.5781775,129.3092365,162.9960269
,1163945.0000000,1732855.0000000,35.5781759,129.3093468,165.0810111
,1163955.0000000,1732855.0000000,35.5781742,129.3094571,166.2167981
,1163965.0000000,1732855.0000000,35.5781725,129.3095674,166.3028715
,1163975.0000000,1732855.0000000,35.5781709,129.3096777,166.4910799
,1163985.0000000,1732855.0000000,35.5781692,129.3097880,166.7362083
,1163995.0000000,1732855.0000000,35.5781676,129.3098983,166.5660084
,1163005.0000000,1732865.0000000,35.5784212,129.2989793,107.1378316
,1163015.0000000,1732865.0000000,35.5784196,129.2990896,106.7771967
,1163025.0000000,1732865.0000000,35.5784179,129.2991999,106.2045875
,1163035.0000000,1732865.0000000,35.5784163,129.2993102,104.5162656
,1163045.0000000,1732865.0000000,35.5784146,129.2994205,103.2956820
,1163055.0000000,1732865.0000000,35.5784130,129.2995308,101.6289507
,1163065.0000000,1732865.0000000,35.5784114,129.2996411,100.3119276
,1163075.0000000,1732865.0000000,35.5784097,129.2997515,99.5312370
,1163085.0000000,1732865.0000000,35.5784081,129.2998618,100.9211420
,1163095.0000000,1732865.0000000,35.5784064,129.2999721,99.2781925
,1163105.0000000,1732865.0000000,35.5784048,129.3000824,96.4371313
,1163115.0000000,1732865.0000000,35.5784031,129.3001927,95.3235735
,1163125.0000000,1732865.0000000,35.5784015,129.3003030,92.6627600
,1163135.0000000,1732865.0000000,35.5783998,129.3004133,92.0989239
,1163145.0000000,1732865.0000000,35.5783982,129.3005237,93.9395931
,1163155.0000000,1732865.0000000,35.5783965,129.3006340,96.2086432
,1163165.0000000,1732865.0000000,35.5783949,129.3007443,96.6673646
,1163175.0000000,1732865.0000000,35.5783932,129.3008546,98.4380401
,1163185.0000000,1732865.0000000,35.5783916,129.3009649,101.0767318
,1163195.0000000,1732865.0000000,35.5783899,129.3010752,101.8661905
,1163205.0000000,1732865.0000000,35.5783883,129.3011856,103.6212646
,1163215.0000000,1732865.0000000,35.5783866,129.3012959,105.9386857
,1163225.0000000,1732865.0000000,35.5783850,129.3014062,107.0044193
,1163235.0000000,1732865.0000000,35.5783833,129.3015165,106.9300492
,1163245.0000000,1732865.0000000,35.5783817,129.3016268,110.0535475
,1163255.0000000,1732865.0000000,35.5783800,129.3017371,111.6538455
,1163265.0000000,1732865.0000000,35.5783784,129.3018474,114.2021649
,1163275.0000000,1732865.0000000,35.5783767,129.3019578,116.4588948
,1163285.0000000,1732865.0000000,35.5783751,129.3020681,118.6852084
,1163295.0000000,1732865.0000000,35.5783734,129.3021784,121.5069488
,1163305.0000000,1732865.0000000,35.5783718,129.3022887,124.2907499
,1163315.0000000,1732865.0000000,35.5783701,129.3023990,126.4694254
,1163325.0000000,1732865.0000000,35.5783685,129.3025093,128.2764750
,1163335.0000000,1732865.0000000,35.5783668,129.3026196,131.2383603
,1163345.0000000,1732865.0000000,35.5783652,129.3027300,132.9264121
,1163355.0000000,1732865.0000000,35.5783635,129.3028403,135.2045729
,1163365.0000000,1732865.0000000,35.5783619,129.3029506,136.4747050
,1163375.0000000,1732865.0000000,35.5783602,129.3030609,138.0354019
,1163385.0000000,1732865.0000000,35.5783586,129.3031712,140.8885770
,1163395.0000000,1732865.0000000,35.5783569,129.3032815,142.7927489
,1163405.0000000,1732865.0000000,35.5783553,129.3033918,146.3734731
,1163415.0000000,1732865.0000000,35.5783536,129.3035022,145.6904564
,1163425.0000000,1732865.0000000,35.5783520,129.3036125,146.7116685
,1163435.0000000,1732865.0000000,35.5783503,129.3037228,149.5036345
,1163445.0000000,1732865.0000000,35.5783487,129.3038331,151.0389245
,1163455.0000000,1732865.0000000,35.5783470,129.3039434,151.4402853
,1163465.0000000,1732865.0000000,35.5783454,129.3040537,151.5000000
,1163475.0000000,1732865.0000000,35.5783437,129.3041640,151.5000000
,1163485.0000000,1732865.0000000,35.5783421,129.3042744,151.5000000
,1163495.0000000,1732865.0000000,35.5783404,129.3043847,151.4993266
,1163505.0000000,1732865.0000000,35.5783388,129.3044950,151.4060440
,1163515.0000000,1732865.0000000,35.5783371,129.3046053,150.9529792
,1163525.0000000,1732865.0000000,35.5783355,129.3047156,148.1034991
,1163535.0000000,1732865.0000000,35.5783338,129.3048259,146.5000000
,1163545.0000000,1732865.0000000,35.5783322,129.3049362,146.5000000
,1163555.0000000,1732865.0000000,35.5783305,129.3050466,146.5000000
,1163565.0000000,1732865.0000000,35.5783289,129.3051569,146.5000000
,1163575.0000000,1732865.0000000,35.5783272,129.3052672,146.5000000
,1163585.0000000,1732865.0000000,35.5783255,129.3053775,146.6671762
,1163595.0000000,1732865.0000000,35.5783239,129.3054878,147.0319847
,1163605.0000000,1732865.0000000,35.5783222,129.3055981,146.5711710
,1163615.0000000,1732865.0000000,35.5783206,129.3057084,149.1123725
,1163625.0000000,1732865.0000000,35.5783189,129.3058188,154.4568656
,1163635.0000000,1732865.0000000,35.5783173,129.3059291,156.4850887
,1163645.0000000,1732865.0000000,35.5783156,129.3060394,156.5742311
,1163655.0000000,1732865.0000000,35.5783140,129.3061497,155.0647598
,1163665.0000000,1732865.0000000,35.5783123,129.3062600,151.5872254
,1163675.0000000,1732865.0000000,35.5783107,129.3063703,150.0919131
,1163685.0000000,1732865.0000000,35.5783090,129.3064806,147.1234468
,1163695.0000000,1732865.0000000,35.5783074,129.3065910,146.5859741
,1163705.0000000,1732865.0000000,35.5783057,129.3067013,146.8960295
,1163715.0000000,1732865.0000000,35.5783041,129.3068116,147.0633088
,1163725.0000000,1732865.0000000,35.5783024,129.3069219,147.0932654
,1163735.0000000,1732865.0000000,35.5783007,129.3070322,148.0569479
,1163745.0000000,1732865.0000000,35.5782991,129.3071425,148.3817968
,1163755.0000000,1732865.0000000,35.5782974,129.3072528,148.3124847
,1163765.0000000,1732865.0000000,35.5782958,129.3073632,148.1288665
,1163775.0000000,1732865.0000000,35.5782941,129.3074735,147.8916975
,1163785.0000000,1732865.0000000,35.5782925,129.3075838,146.1187799
,1163795.0000000,1732865.0000000,35.5782908,129.3076941,144.3671830
,1163805.0000000,1732865.0000000,35.5782892,129.3078044,148.5906471
,1163815.0000000,1732865.0000000,35.5782875,129.3079147,150.1123977
,1163825.0000000,1732865.0000000,35.5782859,129.3080250,152.2215754
,1163835.0000000,1732865.0000000,35.5782842,129.3081354,152.3603075
,1163845.0000000,1732865.0000000,35.5782825,129.3082457,152.3171172
,1163855.0000000,1732865.0000000,35.5782809,129.3083560,152.3231486
,1163865.0000000,1732865.0000000,35.5782792,129.3084663,152.6117381
,1163875.0000000,1732865.0000000,35.5782776,129.3085766,154.0965506
,1163885.0000000,1732865.0000000,35.5782759,129.3086869,156.0752905
,1163895.0000000,1732865.0000000,35.5782743,129.3087972,156.2489589
,1163905.0000000,1732865.0000000,35.5782726,129.3089076,158.1870461
,1163915.0000000,1732865.0000000,35.5782710,129.3090179,160.6859858
,1163925.0000000,1732865.0000000,35.5782693,129.3091282,161.4786461
,1163935.0000000,1732865.0000000,35.5782676,129.3092385,161.8423459
,1163945.0000000,1732865.0000000,35.5782660,129.3093488,163.0028330
,1163955.0000000,1732865.0000000,35.5782643,129.3094591,164.3143137
,1163965.0000000,1732865.0000000,35.5782627,129.3095694,165.0614835
,1163975.0000000,1732865.0000000,35.5782610,129.3096797,165.0869427
,1163985.0000000,1732865.0000000,35.5782594,129.3097901,165.7324878
,1163995.0000000,1732865.0000000,35.5782577,129.3099004,165.3246864
,1163005.0000000,1732875.0000000,35.5785114,129.2989813,106.2758725
,1163015.0000000,1732875.0000000,35.5785097,129.2990916,106.4028719
,1163025.0000000,1732875.0000000,35.5785081,129.2992019,104.4033208
,1163035.0000000,1732875.0000000,35.5785064,129.2993122,101.6401984
,1163045.0000000,1732875.0000000,35.5785048,129.2994225,101.3053867
,1163055.0000000,1732875.0000000,35.5785031,129.2995328,100.9535392
,1163065.0000000,1732875.0000000,35.5785015,129.2996432,100.9662583
,1163075.0000000,1732875.0000000,35.5784998,129.2997535,101.7109069
,1163085.0000000,1732875.0000000,35.5784982,129.2998638,102.1098809
,1163095.0000000,1732875.0000000,35.5784965,129.2999741,102.8622871
,1163105.0000000,1732875.0000000,35.5784949,129.3000844,98.3403069
,1163115.0000000,1732875.0000000,35.5784932,129.3001947,96.3561360
,1163125.0000000,1732875.0000000,35.5784916,129.3003051,95.8300523
,1163135.0000000,1732875.0000000,35.5784899,129.3004154,96.0916059
,1163145.0000000,1732875.0000000,35.5784883,129.3005257,96.0728425
,1163155.0000000,1732875.0000000,35.5784866,129.3006360,96.5937524
,1163165.0000000,1732875.0000000,35.5784850,129.3007463,97.9233558
,1163175.0000000,1732875.0000000,35.5784833,129.3008566,100.7291260
,1163185.0000000,1732875.0000000,35.5784817,129.3009669,101.7543282
,1163195.0000000,1732875.0000000,35.5784800,129.3010773,103.6758737
,1163205.0000000,1732875.0000000,35.5784784,129.3011876,105.6539629
,1163215.0000000,1732875.0000000,35.5784767,129.3012979,107.2575594
,1163225.0000000,1732875.0000000,35.5784751,129.3014082,107.1116361
,1163235.0000000,1732875.0000000,35.5784735,129.3015185,110.3436334
,1163245.0000000,1732875.0000000,35.5784718,129.3016288,112.1823397
,1163255.0000000,1732875.0000000,35.5784702,129.3017391,115.2766840
,1163265.0000000,1732875.0000000,35.5784685,129.3018495,116.4382611
,1163275.0000000,1732875.0000000,35.5784669,129.3019598,117.6330986
,1163285.0000000,1732875.0000000,35.5784652,129.3020701,121.0286568
,1163295.0000000,1732875.0000000,35.5784636,129.3021804,123.1056250
,1163305.0000000,1732875.0000000,35.5784619,129.3022907,126.0776610
,1163315.0000000,1732875.0000000,35.5784603,129.3024010,127.3167413
,1163325.0000000,1732875.0000000,35.5784586,129.3025113,131.0541105
,1163335.0000000,1732875.0000000,35.5784570,129.3026217,132.8449233
,1163345.0000000,1732875.0000000,35.5784553,129.3027320,136.4555935
,1163355.0000000,1732875.0000000,35.5784537,129.3028423,136.8006851
,1163365.0000000,1732875.0000000,35.5784520,129.3029526,138.8294887
,1163375.0000000,1732875.0000000,35.5784504,129.3030629,141.0834457
,1163385.0000000,1732875.0000000,35.5784487,129.3031732,141.8020056
,1163395.0000000,1732875.0000000,35.5784471,129.3032835,144.3391731
,1163405.0000000,1732875.0000000,35.5784454,129.3033939,146.2561653
,1163415.0000000,1732875.0000000,35.5784437,129.3035042,145.8377081
,1163425.0000000,1732875.0000000,35.5784421,129.3036145,146.5000000
,1163435.0000000,1732875.0000000,35.5784404,129.3037248,148.3452879
,1163445.0000000,1732875.0000000,35.5784388,129.3038351,149.8885502
,1163455.0000000,1732875.0000000,35.5784371,129.3039454,151.2298364
,1163465.0000000,1732875.0000000,35.5784355,129.3040557,151.4793178
,1163475.0000000,1732875.0000000,35.5784338,129.3041661,151.2789503
,1163485.0000000,1732875.0000000,35.5784322,129.3042764,150.4222901
,1163495.0000000,1732875.0000000,35.5784305,129.3043867,149.5611695
,1163505.0000000,1732875.0000000,35.5784289,129.3044970,148.9709065
,1163515.0000000,1732875.0000000,35.5784272,129.3046073,147.5078453
,1163525.0000000,1732875.0000000,35.5784256,129.3047176,146.1004829
,1163535.0000000,1732875.0000000,35.5784239,129.3048280,146.4573638
,1163545.0000000,1732875.0000000,35.5784223,129.3049383,146.4858861
,1163555.0000000,1732875.0000000,35.5784206,129.3050486,146.2906477
,1163565.0000000,1732875.0000000,35.5784190,129.3051589,145.6875312
,1163575.0000000,1732875.0000000,35.5784173,129.3052692,145.8181799
,1163585.0000000,1732875.0000000,35.5784157,129.3053795,146.8036419
,1163595.0000000,1732875.0000000,35.5784140,129.3054898,147.1436019
,1163605.0000000,1732875.0000000,35.5784124,129.3056002,146.6938378
,1163615.0000000,1732875.0000000,35.5784107,129.3057105,150.1638722
,1163625.0000000,1732875.0000000,35.5784091,129.3058208,155.4600818
,1163635.0000000,1732875.0000000,35.5784074,129.3059311,157.8058966
,1163645.0000000,1732875.0000000,35.5784057,129.3060414,158.4665488
,1163655.0000000,1732875.0000000,35.5784041,129.3061517,156.6358054
,1163665.0000000,1732875.0000000,35.5784024,129.3062620,154.1387194
,1163675.0000000,1732875.0000000,35.5784008,129.3063724,151.3486704
,1163685.0000000,1732875.0000000,35.5783991,129.3064827,148.0109246
,1163695.0000000,1732875.0000000,35.5783975,129.3065930,146.8813864
,1163705.0000000,1732875.0000000,35.5783958,129.3067033,147.0872888
,1163715.0000000,1732875.0000000,35.5783942,129.3068136,147.1367503
,1163725.0000000,1732875.0000000,35.5783925,129.3069239,146.7455533
,1163735.0000000,1732875.0000000,35.5783909,129.3070342,144.7889870
,1163745.0000000,1732875.0000000,35.5783892,129.3071446,144.5789909
,1163755.0000000,1732875.0000000,35.5783876,129.3072549,144.6531716
,1163765.0000000,1732875.0000000,35.5783859,129.3073652,143.8907579
,1163775.0000000,1732875.0000000,35.5783842,129.3074755,141.2399379
,1163785.0000000,1732875.0000000,35.5783826,129.3075858,140.7214616
,1163795.0000000,1732875.0000000,35.5783809,129.3076961,140.1535687
,1163805.0000000,1732875.0000000,35.5783793,129.3078064,143.1639098
,1163815.0000000,1732875.0000000,35.5783776,129.3079168,149.2320420
,1163825.0000000,1732875.0000000,35.5783760,129.3080271,150.6906989
,1163835.0000000,1732875.0000000,35.5783743,129.3081374,152.0403337
,1163845.0000000,1732875.0000000,35.5783727,129.3082477,151.9269135
,1163855.0000000,1732875.0000000,35.5783710,129.3083580,151.7887969
,1163865.0000000,1732875.0000000,35.5783694,129.3084683,151.5412067
,1163875.0000000,1732875.0000000,35.5783677,129.3085786,154.1923642
,1163885.0000000,1732875.0000000,35.5783660,129.3086889,156.0890322
,1163895.0000000,1732875.0000000,35.5783644,129.3087993,156.4988996
,1163905.0000000,1732875.0000000,35.5783627,129.3089096,157.2093502
,1163915.0000000,1732875.0000000,35.5783611,129.3090199,159.3317923
,1163925.0000000,1732875.0000000,35.5783594,129.3091302,161.0155397
,1163935.0000000,1732875.0000000,35.5783578,129.3092405,161.4763534
,1163945.0000000,1732875.0000000,35.5783561,129.3093508,161.7227793
,1163955.0000000,1732875.0000000,35.5783544,129.3094611,162.0100234
,1163965.0000000,1732875.0000000,35.5783528,129.3095715,162.2960583
,1163975.0000000,1732875.0000000,35.5783511,129.3096818,162.3420025
,1163985.0000000,1732875.0000000,35.5783495,129.3097921,162.7958395
,1163995.0000000,1732875.0000000,35.5783478,129.3099024,161.9170500
,1163005.0000000,1732885.0000000,35.5786015,129.2989833,103.5521656
,1163015.0000000,1732885.0000000,35.5785998,129.2990936,103.8717925
,1163025.0000000,1732885.0000000,35.5785982,129.2992039,101.3947742
,1163035.0000000,1732885.0000000,35.5785965,129.2993142,99.8177682
,1163045.0000000,1732885.0000000,35.5785949,129.2994245,98.1560099
,1163055.0000000,1732885.0000000,35.5785932,129.2995349,97.3811130
,1163065.0000000,1732885.0000000,35.5785916,129.2996452,97.8206162
,1163075.0000000,1732885.0000000,35.5785899,129.2997555,101.3775423
,1163085.0000000,1732885.0000000,35.5785883,129.2998658,101.7546551
,1163095.0000000,1732885.0000000,35.5785867,129.2999761,102.5352697
,1163105.0000000,1732885.0000000,35.5785850,129.3000864,100.0777607
,1163115.0000000,1732885.0000000,35.5785834,129.3001968,97.7770494
,1163125.0000000,1732885.0000000,35.5785817,129.3003071,98.9401917
,1163135.0000000,1732885.0000000,35.5785801,129.3004174,96.8530141
,1163145.0000000,1732885.0000000,35.5785784,129.3005277,96.5788385
,1163155.0000000,1732885.0000000,35.5785768,129.3006380,98.2116511
,1163165.0000000,1732885.0000000,35.5785751,129.3007483,100.5949785
,1163175.0000000,1732885.0000000,35.5785735,129.3008586,101.8446389
,1163185.0000000,1732885.0000000,35.5785718,129.3009690,104.7800456
,1163195.0000000,1732885.0000000,35.5785702,129.3010793,106.3068371
,1163205.0000000,1732885.0000000,35.5785685,129.3011896,106.6251536
,1163215.0000000,1732885.0000000,35.5785669,129.3012999,107.7021147
,1163225.0000000,1732885.0000000,35.5785652,129.3014102,110.4273098
,1163235.0000000,1732885.0000000,35.5785636,129.3015205,111.5672273
,1163245.0000000,1732885.0000000,35.5785619,129.3016308,115.4460567
,1163255.0000000,1732885.0000000,35.5785603,129.3017412,116.2048318
,1163265.0000000,1732885.0000000,35.5785586,129.3018515,117.9480177
,1163275.0000000,1732885.0000000,35.5785570,129.3019618,120.7526368
,1163285.0000000,1732885.0000000,35.5785553,129.3020721,122.3463433
,1163295.0000000,1732885.0000000,35.5785537,129.3021824,125.5446341
,1163305.0000000,1732885.0000000,35.5785520,129.3022927,126.6287273
,1163315.0000000,1732885.0000000,35.5785504,129.3024031,129.3292914
,1163325.0000000,1732885.0000000,35.5785487,129.3025134,131.6952837
,1163335.0000000,1732885.0000000,35.5785471,129.3026237,135.6860612
,1163345.0000000,1732885.0000000,35.5785454,129.3027340,136.3685331
,1163355.0000000,1732885.0000000,35.5785438,129.3028443,139.2254566
,1163365.0000000,1732885.0000000,35.5785421,129.3029546,141.4770780
,1163375.0000000,1732885.0000000,35.5785405,129.3030649,142.4204888
,1163385.0000000,1732885.0000000,35.5785388,129.3031753,144.4842872
,1163395.0000000,1732885.0000000,35.5785372,129.3032856,145.7531140
,1163405.0000000,1732885.0000000,35.5785355,129.3033959,145.7983295
,1163415.0000000,1732885.0000000,35.5785339,129.3035062,146.1442483
,1163425.0000000,1732885.0000000,35.5785322,129.3036165,145.7408297
,1163435.0000000,1732885.0000000,35.5785306,129.3037268,145.8821230
,1163445.0000000,1732885.0000000,35.5785289,129.3038371,147.0232577
,1163455.0000000,1732885.0000000,35.5785273,129.3039475,148.4598228
,1163465.0000000,1732885.0000000,35.5785256,129.3040578,149.2378982
,1163475.0000000,1732885.0000000,35.5785240,129.3041681,147.5770482
,1163485.0000000,1732885.0000000,35.5785223,129.3042784,146.4644451
,1163495.0000000,1732885.0000000,35.5785207,129.3043887,146.1109962
,1163505.0000000,1732885.0000000,35.5785190,129.3044990,145.3494560
,1163515.0000000,1732885.0000000,35.5785174,129.3046093,146.0364955
,1163525.0000000,1732885.0000000,35.5785157,129.3047197,146.1581007
,1163535.0000000,1732885.0000000,35.5785141,129.3048300,146.4195707
,1163545.0000000,1732885.0000000,35.5785124,129.3049403,146.1052640
,1163555.0000000,1732885.0000000,35.5785107,129.3050506,144.9175692
,1163565.0000000,1732885.0000000,35.5785091,129.3051609,143.7582501
,1163575.0000000,1732885.0000000,35.5785074,129.3052712,143.6556671
,1163585.0000000,1732885.0000000,35.5785058,129.3053815,146.1217168
,1163595.0000000,1732885.0000000,35.5785041,129.3054919,146.8954469
,1163605.0000000,1732885.0000000,35.5785025,129.3056022,148.3025815
,1163615.0000000,1732885.0000000,35.5785008,129.3057125,151.5371571
,1163625.0000000,1732885.0000000,35.5784992,129.3058228,156.4354219
,1163635.0000000,1732885.0000000,35.5784975,129.3059331,159.6709347
,1163645.0000000,1732885.0000000,35.5784959,129.3060434,160.7766866
,1163655.0000000,1732885.0000000,35.5784942,129.3061537,159.0920532
,1163665.0000000,1732885.0000000,35.5784926,129.3062641,156.5396613
,1163675.0000000,1732885.0000000,35.5784909,129.3063744,154.0904867
,1163685.0000000,1732885.0000000,35.5784893,129.3064847,151.3372460
,1163695.0000000,1732885.0000000,35.5784876,129.3065950,146.6818604
,1163705.0000000,1732885.0000000,35.5784859,129.3067053,147.3908951
,1163715.0000000,1732885.0000000,35.5784843,129.3068156,147.6372114
,1163725.0000000,1732885.0000000,35.5784826,129.3069259,146.2220625
,1163735.0000000,1732885.0000000,35.5784810,129.3070363,144.5300659
,1163745.0000000,1732885.0000000,35.5784793,129.3071466,145.4156409
,1163755.0000000,1732885.0000000,35.5784777,129.3072569,143.4732737
,1163765.0000000,1732885.0000000,35.5784760,129.3073672,141.9333413
,1163775.0000000,1732885.0000000,35.5784744,129.3074775,141.0330310
,1163785.0000000,1732885.0000000,35.5784727,129.3075878,140.4878539
,1163795.0000000,1732885.0000000,35.5784711,129.3076981,139.5254644
,1163805.0000000,1732885.0000000,35.5784694,129.3078085,139.0816207
,1163815.0000000,1732885.0000000,35.5784677,129.3079188,147.3601053
,1163825.0000000,1732885.0000000,35.5784661,129.3080291,149.7614513
,1163835.0000000,1732885.0000000,35.5784644,129.3081394,150.8886417
,1163845.0000000,1732885.0000000,35.5784628,129.3082497,151.3735386
,1163855.0000000,1732885.0000000,35.5784611,129.3083600,151.5777899
,1163865.0000000,1732885.0000000,35.5784595,129.3084703,151.7339886
,1163875.0000000,1732885.0000000,35.5784578,129.3085807,152.5858740
,1163885.0000000,1732885.0000000,35.5784562,129.3086910,154.8956006
,1163895.0000000,1732885.0000000,35.5784545,129.3088013,156.0069123
,1163905.0000000,1732885.0000000,35.5784528,129.3089116,156.5258963
,1163915.0000000,1732885.0000000,35.5784512,129.3090219,157.5627138
,1163925.0000000,1732885.0000000,35.5784495,129.3091322,160.1958946
,1163935.0000000,1732885.0000000,35.5784479,129.3092425,161.2838033
,1163945.0000000,1732885.0000000,35.5784462,129.3093529,161.4235780
,1163955.0000000,1732885.0000000,35.5784446,129.3094632,161.2032768
,1163965.0000000,1732885.0000000,35.5784429,129.3095735,161.1174233
,1163975.0000000,1732885.0000000,35.5784413,129.3096838,160.9854876
,1163985.0000000,1732885.0000000,35.5784396,129.3097941,160.6855765
,1163995.0000000,1732885.0000000,35.5784379,129.3099044,160.7736152
,1163005.0000000,1732895.0000000,35.5786916,129.2989853,101.4684974
,1163015.0000000,1732895.0000000,35.5786900,129.2990956,101.3503732
,1163025.0000000,1732895.0000000,35.5786883,129.2992059,100.9405729
,1163035.0000000,1732895.0000000,35.5786867,129.2993162,96.5262801
,1163045.0000000,1732895.0000000,35.5786850,129.2994266,94.9660050
,1163055.0000000,1732895.0000000,35.5786834,129.2995369,93.9304861
,1163065.0000000,1732895.0000000,35.5786817,129.2996472,95.9054553
,1163075.0000000,1732895.0000000,35.5786801,129.2997575,104.6367823
,1163085.0000000,1732895.0000000,35.5786784,129.2998678,101.9119471
,1163095.0000000,1732895.0000000,35.5786768,129.2999781,101.3625620
,1163105.0000000,1732895.0000000,35.5786751,129.3000885,100.5199890
,1163115.0000000,1732895.0000000,35.5786735,129.3001988,98.7670989
,1163125.0000000,1732895.0000000,35.5786718,129.3003091,98.2674428
,1163135.0000000,1732895.0000000,35.5786702,129.3004194,98.8500585
,1163145.0000000,1732895.0000000,35.5786685,129.3005297,100.5167525
,1163155.0000000,1732895.0000000,35.5786669,129.3006400,101.3372989
,1163165.0000000,1732895.0000000,35.5786652,129.3007503,102.0607795
,1163175.0000000,1732895.0000000,35.5786636,129.3008607,105.2273226
,1163185.0000000,1732895.0000000,35.5786619,129.3009710,106.5564403
,1163195.0000000,1732895.0000000,35.5786603,129.3010813,107.6466088
,1163205.0000000,1732895.0000000,35.5786586,129.3011916,108.9333357
,1163215.0000000,1732895.0000000,35.5786570,129.3013019,110.8185309
,1163225.0000000,1732895.0000000,35.5786553,129.3014122,111.6571484
,1163235.0000000,1732895.0000000,35.5786537,129.3015226,113.8790836
,1163245.0000000,1732895.0000000,35.5786520,129.3016329,116.0832868
,1163255.0000000,1732895.0000000,35.5786504,129.3017432,117.0780121
,1163265.0000000,1732895.0000000,35.5786487,129.3018535,119.9236974
,1163275.0000000,1732895.0000000,35.5786471,129.3019638,121.5160721
,1163285.0000000,1732895.0000000,35.5786454,129.3020741,123.8028189
,1163295.0000000,1732895.0000000,35.5786438,129.3021844,126.3888332
,1163305.0000000,1732895.0000000,35.5786421,129.3022948,127.4267348
,1163315.0000000,1732895.0000000,35.5786405,129.3024051,131.1417947
,1163325.0000000,1732895.0000000,35.5786388,129.3025154,133.1319784
,1163335.0000000,1732895.0000000,35.5786372,129.3026257,136.0415065
,1163345.0000000,1732895.0000000,35.5786355,129.3027360,138.0693360
,1163355.0000000,1732895.0000000,35.5786339,129.3028463,141.2105402
,1163365.0000000,1732895.0000000,35.5786322,129.3029566,143.4112011
,1163375.0000000,1732895.0000000,35.5786306,129.3030670,145.5179542
,1163385.0000000,1732895.0000000,35.5786289,129.3031773,146.4449257
,1163395.0000000,1732895.0000000,35.5786273,129.3032876,146.0799884
,1163405.0000000,1732895.0000000,35.5786256,129.3033979,145.9245809
,1163415.0000000,1732895.0000000,35.5786240,129.3035082,145.4941683
,1163425.0000000,1732895.0000000,35.5786223,129.3036185,145.5021473
,1163435.0000000,1732895.0000000,35.5786207,129.3037288,146.0372518
,1163445.0000000,1732895.0000000,35.5786190,129.3038392,146.1373422
,1163455.0000000,1732895.0000000,35.5786174,129.3039495,146.4701864
,1163465.0000000,1732895.0000000,35.5786157,129.3040598,145.8823989
,1163475.0000000,1732895.0000000,35.5786141,129.3041701,144.5737947
,1163485.0000000,1732895.0000000,35.5786124,129.3042804,142.8766963
,1163495.0000000,1732895.0000000,35.5786108,129.3043907,141.6244260
,1163505.0000000,1732895.0000000,35.5786091,129.3045011,141.6897588
,1163515.0000000,1732895.0000000,35.5786075,129.3046114,141.5888496
,1163525.0000000,1732895.0000000,35.5786058,129.3047217,142.7643096
,1163535.0000000,1732895.0000000,35.5786042,129.3048320,143.8662193
,1163545.0000000,1732895.0000000,35.5786025,129.3049423,143.3050314
,1163555.0000000,1732895.0000000,35.5786009,129.3050526,142.3546577
,1163565.0000000,1732895.0000000,35.5785992,129.3051629,141.9873900
,1163575.0000000,1732895.0000000,35.5785976,129.3052733,142.6703534
,1163585.0000000,1732895.0000000,35.5785959,129.3053836,145.4759050
,1163595.0000000,1732895.0000000,35.5785943,129.3054939,146.6044296
,1163605.0000000,1732895.0000000,35.5785926,129.3056042,149.7220915
,1163615.0000000,1732895.0000000,35.5785910,129.3057145,152.2522811
,1163625.0000000,1732895.0000000,35.5785893,129.3058248,156.3073597
,1163635.0000000,1732895.0000000,35.5785876,129.3059351,157.8672363
,1163645.0000000,1732895.0000000,35.5785860,129.3060455,159.9011397
,1163655.0000000,1732895.0000000,35.5785843,129.3061558,160.4747689
,1163665.0000000,1732895.0000000,35.5785827,129.3062661,159.5824421
,1163675.0000000,1732895.0000000,35.5785810,129.3063764,156.7055838
,1163685.0000000,1732895.0000000,35.5785794,129.3064867,152.2929732
,1163695.0000000,1732895.0000000,35.5785777,129.3065970,150.1173449
,1163705.0000000,1732895.0000000,35.5785761,129.3067073,147.3404560
,1163715.0000000,1732895.0000000,35.5785744,129.3068177,147.1528663
,1163725.0000000,1732895.0000000,35.5785728,129.3069280,145.6271854
,1163735.0000000,1732895.0000000,35.5785711,129.3070383,143.6914079
,1163745.0000000,1732895.0000000,35.5785695,129.3071486,144.5637761
,1163755.0000000,1732895.0000000,35.5785678,129.3072589,142.6769838
,1163765.0000000,1732895.0000000,35.5785661,129.3073692,141.8885214
,1163775.0000000,1732895.0000000,35.5785645,129.3074795,141.1921261
,1163785.0000000,1732895.0000000,35.5785628,129.3075899,140.1178898
,1163795.0000000,1732895.0000000,35.5785612,129.3077002,139.0778189
,1163805.0000000,1732895.0000000,35.5785595,129.3078105,138.9694103
,1163815.0000000,1732895.0000000,35.5785579,129.3079208,144.6632944
,1163825.0000000,1732895.0000000,35.5785562,129.3080311,148.7429927
,1163835.0000000,1732895.0000000,35.5785546,129.3081414,150.0973123
,1163845.0000000,1732895.0000000,35.5785529,129.3082517,150.9822116
,1163855.0000000,1732895.0000000,35.5785512,129.3083621,151.4194459
,1163865.0000000,1732895.0000000,35.5785496,129.3084724,151.5380246
,1163875.0000000,1732895.0000000,35.5785479,129.3085827,151.6520087
,1163885.0000000,1732895.0000000,35.5785463,129.3086930,152.8261665
,1163895.0000000,1732895.0000000,35.5785446,129.3088033,154.3362831
,1163905.0000000,1732895.0000000,35.5785430,129.3089136,155.8559461
,1163915.0000000,1732895.0000000,35.5785413,129.3090239,156.8898897
,1163925.0000000,1732895.0000000,35.5785397,129.3091343,159.3198055
,1163935.0000000,1732895.0000000,35.5785380,129.3092446,160.7731574
,1163945.0000000,1732895.0000000,35.5785363,129.3093549,160.9926348
,1163955.0000000,1732895.0000000,35.5785347,129.3094652,160.4736479
,1163965.0000000,1732895.0000000,35.5785330,129.3095755,158.6529771
,1163975.0000000,1732895.0000000,35.5785314,129.3096858,157.8648060
,1163985.0000000,1732895.0000000,35.5785297,129.3097961,158.0098364
,1163995.0000000,1732895.0000000,35.5785281,129.3099065,156.7866282
,1163005.0000000,1732905.0000000,35.5787817,129.2989873,99.7555712
,1163015.0000000,1732905.0000000,35.5787801,129.2990976,99.5563039
,1163025.0000000,1732905.0000000,35.5787784,129.2992080,96.8740263
,1163035.0000000,1732905.0000000,35.5787768,129.2993183,94.7505341
,1163045.0000000,1732905.0000000,35.5787751,129.2994286,91.9982955
,1163055.0000000,1732905.0000000,35.5787735,129.2995389,92.4020340
,1163065.0000000,1732905.0000000,35.5787718,129.2996492,94.7728256
,1163075.0000000,1732905.0000000,35.5787702,129.2997595,100.7025034
,1163085.0000000,1732905.0000000,35.5787685,129.2998698,99.0785869
,1163095.0000000,1732905.0000000,35.5787669,129.2999802,105.3507991
,1163105.0000000,1732905.0000000,35.5787652,129.3000905,100.3449026
,1163115.0000000,1732905.0000000,35.5787636,129.3002008,99.1014380
,1163125.0000000,1732905.0000000,35.5787619,129.3003111,99.7673919
,1163135.0000000,1732905.0000000,35.5787603,129.3004214,100.1785571
,1163145.0000000,1732905.0000000,35.5787587,129.3005317,101.6260267
,1163155.0000000,1732905.0000000,35.5787570,129.3006420,102.2239233
,1163165.0000000,1732905.0000000,35.5787554,129.3007524,105.0190273
,1163175.0000000,1732905.0000000,35.5787537,129.3008627,106.8107196
,1163185.0000000,1732905.0000000,35.5787521,129.3009730,109.2330567
,1163195.0000000,1732905.0000000,35.5787504,129.3010833,110.7508439
,1163205.0000000,1732905.0000000,35.5787488,129.3011936,111.4226808
,1163215.0000000,1732905.0000000,35.5787471,129.3013039,111.9003415
,1163225.0000000,1732905.0000000,35.5787455,129.3014143,113.6808927
,1163235.0000000,1732905.0000000,35.5787438,129.3015246,116.1453919
,1163245.0000000,1732905.0000000,35.5787422,129.3016349,116.1011236
,1163255.0000000,1732905.0000000,35.5787405,129.3017452,117.5980900
,1163265.0000000,1732905.0000000,35.5787389,129.3018555,120.0703488
,1163275.0000000,1732905.0000000,35.5787372,129.3019658,121.4425985
,1163285.0000000,1732905.0000000,35.5787356,129.3020761,123.6995662
,1163295.0000000,1732905.0000000,35.5787339,129.3021865,126.4868638
,1163305.0000000,1732905.0000000,35.5787323,129.3022968,127.7919049
,1163315.0000000,1732905.0000000,35.5787306,129.3024071,131.4181042
,1163325.0000000,1732905.0000000,35.5787290,129.3025174,133.9394536
,1163335.0000000,1732905.0000000,35.5787273,129.3026277,136.3810382
,1163345.0000000,1732905.0000000,35.5787257,129.3027380,139.5618076
,1163355.0000000,1732905.0000000,35.5787240,129.3028483,141.7718459
,1163365.0000000,1732905.0000000,35.5787224,129.3029587,145.0602717
,1163375.0000000,1732905.0000000,35.5787207,129.3030690,146.4586594
,1163385.0000000,1732905.0000000,35.5787191,129.3031793,146.4205333
,1163395.0000000,1732905.0000000,35.5787174,129.3032896,145.9137112
,1163405.0000000,1732905.0000000,35.5787158,129.3033999,145.2947285
,1163415.0000000,1732905.0000000,35.5787141,129.3035102,145.7917590
,1163425.0000000,1732905.0000000,35.5787125,129.3036206,145.3001163
,1163435.0000000,1732905.0000000,35.5787108,129.3037309,143.6478160
,1163445.0000000,1732905.0000000,35.5787092,129.3038412,141.6887348
,1163455.0000000,1732905.0000000,35.5787075,129.3039515,142.3059225
,1163465.0000000,1732905.0000000,35.5787059,129.3040618,142.8986998
,1163475.0000000,1732905.0000000,35.5787042,129.3041721,141.5223287
,1163485.0000000,1732905.0000000,35.5787026,129.3042824,140.5153257
,1163495.0000000,1732905.0000000,35.5787009,129.3043928,138.6686749
,1163505.0000000,1732905.0000000,35.5786992,129.3045031,138.6413617
,1163515.0000000,1732905.0000000,35.5786976,129.3046134,140.3049102
,1163525.0000000,1732905.0000000,35.5786959,129.3047237,141.4688239
,1163535.0000000,1732905.0000000,35.5786943,129.3048340,141.7281421
,1163545.0000000,1732905.0000000,35.5786926,129.3049443,141.5493536
,1163555.0000000,1732905.0000000,35.5786910,129.3050546,141.5000000
,1163565.0000000,1732905.0000000,35.5786893,129.3051650,141.5008779
,1163575.0000000,1732905.0000000,35.5786877,129.3052753,141.9474107
,1163585.0000000,1732905.0000000,35.5786860,129.3053856,144.4267866
,1163595.0000000,1732905.0000000,35.5786844,129.3054959,147.1087095
,1163605.0000000,1732905.0000000,35.5786827,129.3056062,150.8039338
,1163615.0000000,1732905.0000000,35.5786811,129.3057165,152.0549253
,1163625.0000000,1732905.0000000,35.5786794,129.3058269,154.6352676
,1163635.0000000,1732905.0000000,35.5786778,129.3059372,156.4673520
,1163645.0000000,1732905.0000000,35.5786761,129.3060475,156.9331627
,1163655.0000000,1732905.0000000,35.5786745,129.3061578,159.0329312
,1163665.0000000,1732905.0000000,35.5786728,129.3062681,159.4950048
,1163675.0000000,1732905.0000000,35.5786712,129.3063784,157.5290092
,1163685.0000000,1732905.0000000,35.5786695,129.3064887,155.3701423
,1163695.0000000,1732905.0000000,35.5786678,129.3065991,151.7617362
,1163705.0000000,1732905.0000000,35.5786662,129.3067094,150.6659464
,1163715.0000000,1732905.0000000,35.5786645,129.3068197,146.6332483
,1163725.0000000,1732905.0000000,35.5786629,129.3069300,143.6996174
,1163735.0000000,1732905.0000000,35.5786612,129.3070403,142.2632869
,1163745.0000000,1732905.0000000,35.5786596,129.3071506,142.3071767
,1163755.0000000,1732905.0000000,35.5786579,129.3072609,141.5858904
,1163765.0000000,1732905.0000000,35.5786563,129.3073713,142.8246105
,1163775.0000000,1732905.0000000,35.5786546,129.3074816,141.9306981
,1163785.0000000,1732905.0000000,35.5786530,129.3075919,140.6855375
,1163795.0000000,1732905.0000000,35.5786513,129.3077022,139.3472261
,1163805.0000000,1732905.0000000,35.5786496,129.3078125,139.2542367
,1163815.0000000,1732905.0000000,35.5786480,129.3079228,142.0165432
,1163825.0000000,1732905.0000000,35.5786463,129.3080331,146.8958404
,1163835.0000000,1732905.0000000,35.5786447,129.3081435,148.0665470
,1163845.0000000,1732905.0000000,35.5786430,129.3082538,149.7928726
,1163855.0000000,1732905.0000000,35.5786414,129.3083641,150.6590067
,1163865.0000000,1732905.0000000,35.5786397,129.3084744,151.3283034
,1163875.0000000,1732905.0000000,35.5786381,129.3085847,151.5000000
,1163885.0000000,1732905.0000000,35.5786364,129.3086950,151.6884644
,1163895.0000000,1732905.0000000,35.5786347,129.3088053,152.7533363
,1163905.0000000,1732905.0000000,35.5786331,129.3089157,155.2575615
,1163915.0000000,1732905.0000000,35.5786314,129.3090260,155.7751785
,1163925.0000000,1732905.0000000,35.5786298,129.3091363,157.7222804
,1163935.0000000,1732905.0000000,35.5786281,129.3092466,158.8504748
,1163945.0000000,1732905.0000000,35.5786265,129.3093569,158.7835234
,1163955.0000000,1732905.0000000,35.5786248,129.3094672,157.5864218
,1163965.0000000,1732905.0000000,35.5786232,129.3095775,156.5147878
,1163975.0000000,1732905.0000000,35.5786215,129.3096879,156.4981010
,1163985.0000000,1732905.0000000,35.5786198,129.3097982,156.2783831
,1163995.0000000,1732905.0000000,35.5786182,129.3099085,155.7214277
,1163005.0000000,1732915.0000000,35.5788718,129.2989893,96.5164004
,1163015.0000000,1732915.0000000,35.5788702,129.2990997,96.1709068
,1163025.0000000,1732915.0000000,35.5788685,129.2992100,96.1101029
,1163035.0000000,1732915.0000000,35.5788669,129.2993203,92.5078074
,1163045.0000000,1732915.0000000,35.5788653,129.2994306,91.7060066
,1163055.0000000,1732915.0000000,35.5788636,129.2995409,91.9952646
,1163065.0000000,1732915.0000000,35.5788620,129.2996512,94.1510938
,1163075.0000000,1732915.0000000,35.5788603,129.2997615,94.6510503
,1163085.0000000,1732915.0000000,35.5788587,129.2998719,95.6359543
,1163095.0000000,1732915.0000000,35.5788570,129.2999822,100.7989441
,1163105.0000000,1732915.0000000,35.5788554,129.3000925,97.6624204
,1163115.0000000,1732915.0000000,35.5788537,129.3002028,97.1588721
,1163125.0000000,1732915.0000000,35.5788521,129.3003131,99.9173134
,1163135.0000000,1732915.0000000,35.5788504,129.3004234,101.9460228
,1163145.0000000,1732915.0000000,35.5788488,129.3005338,103.0692984
,1163155.0000000,1732915.0000000,35.5788471,129.3006441,105.4908978
,1163165.0000000,1732915.0000000,35.5788455,129.3007544,106.4731608
,1163175.0000000,1732915.0000000,35.5788438,129.3008647,107.6484443
,1163185.0000000,1732915.0000000,35.5788422,129.3009750,110.7763621
,1163195.0000000,1732915.0000000,35.5788405,129.3010853,111.5179247
,1163205.0000000,1732915.0000000,35.5788389,129.3011956,112.8932579
,1163215.0000000,1732915.0000000,35.5788372,129.3013060,114.8994575
,1163225.0000000,1732915.0000000,35.5788356,129.3014163,116.0030499
,1163235.0000000,1732915.0000000,35.5788339,129.3015266,116.4147545
,1163245.0000000,1732915.0000000,35.5788323,129.3016369,116.5000000
,1163255.0000000,1732915.0000000,35.5788306,129.3017472,116.7901112
,1163265.0000000,1732915.0000000,35.5788290,129.3018575,117.4553065
,1163275.0000000,1732915.0000000,35.5788273,129.3019678,119.9863416
,1163285.0000000,1732915.0000000,35.5788257,129.3020782,121.6287599
,1163295.0000000,1732915.0000000,35.5788240,129.3021885,125.2848358
,1163305.0000000,1732915.0000000,35.5788224,129.3022988,127.1192733
,1163315.0000000,1732915.0000000,35.5788207,129.3024091,131.3860656
,1163325.0000000,1732915.0000000,35.5788191,129.3025194,134.1786000
,1163335.0000000,1732915.0000000,35.5788174,129.3026297,136.4406753
,1163345.0000000,1732915.0000000,35.5788158,129.3027401,139.6610775
,1163355.0000000,1732915.0000000,35.5788141,129.3028504,142.4785063
,1163365.0000000,1732915.0000000,35.5788125,129.3029607,145.8417506
,1163375.0000000,1732915.0000000,35.5788108,129.3030710,146.3395057
,1163385.0000000,1732915.0000000,35.5788092,129.3031813,146.1223743
,1163395.0000000,1732915.0000000,35.5788075,129.3032916,145.1508231
,1163405.0000000,1732915.0000000,35.5788059,129.3034019,145.2941032
,1163415.0000000,1732915.0000000,35.5788042,129.3035123,143.2863376
,1163425.0000000,1732915.0000000,35.5788026,129.3036226,141.6996150
,1163435.0000000,1732915.0000000,35.5788009,129.3037329,141.3410127
,1163445.0000000,1732915.0000000,35.5787993,129.3038432,140.7914487
,1163455.0000000,1732915.0000000,35.5787976,129.3039535,140.4647131
,1163465.0000000,1732915.0000000,35.5787960,129.3040638,139.2208468
,1163475.0000000,1732915.0000000,35.5787943,129.3041742,137.0516607
,1163485.0000000,1732915.0000000,35.5787927,129.3042845,136.3774486
,1163495.0000000,1732915.0000000,35.5787910,129.3043948,136.3176283
,1163505.0000000,1732915.0000000,35.5787894,129.3045051,136.3040407
,1163515.0000000,1732915.0000000,35.5787877,129.3046154,137.5365097
,1163525.0000000,1732915.0000000,35.5787861,129.3047257,140.3234764
,1163535.0000000,1732915.0000000,35.5787844,129.3048360,141.4303108
,1163545.0000000,1732915.0000000,35.5787828,129.3049464,141.5000000
,1163555.0000000,1732915.0000000,35.5787811,129.3050567,141.5000000
,1163565.0000000,1732915.0000000,35.5787795,129.3051670,141.5721531
,1163575.0000000,1732915.0000000,35.5787778,129.3052773,141.5156434
,1163585.0000000,1732915.0000000,35.5787762,129.3053876,144.4489025
,1163595.0000000,1732915.0000000,35.5787745,129.3054979,147.1622533
,1163605.0000000,1732915.0000000,35.5787728,129.3056082,150.7520588
,1163615.0000000,1732915.0000000,35.5787712,129.3057186,151.2644713
,1163625.0000000,1732915.0000000,35.5787695,129.3058289,151.3674297
,1163635.0000000,1732915.0000000,35.5787679,129.3059392,152.0532223
,1163645.0000000,1732915.0000000,35.5787662,129.3060495,154.1413333
,1163655.0000000,1732915.0000000,35.5787646,129.3061598,156.5435739
,1163665.0000000,1732915.0000000,35.5787629,129.3062701,157.0338167
,1163675.0000000,1732915.0000000,35.5787613,129.3063804,156.5252366
,1163685.0000000,1732915.0000000,35.5787596,129.3064908,156.1518478
,1163695.0000000,1732915.0000000,35.5787580,129.3066011,154.2850898
,1163705.0000000,1732915.0000000,35.5787563,129.3067114,150.7976255
,1163715.0000000,1732915.0000000,35.5787547,129.3068217,146.0043633
,1163725.0000000,1732915.0000000,35.5787530,129.3069320,142.0694933
,1163735.0000000,1732915.0000000,35.5787513,129.3070423,141.5171124
,1163745.0000000,1732915.0000000,35.5787497,129.3071527,141.4974704
,1163755.0000000,1732915.0000000,35.5787480,129.3072630,139.9705748
,1163765.0000000,1732915.0000000,35.5787464,129.3073733,137.9289797
,1163775.0000000,1732915.0000000,35.5787447,129.3074836,137.6293252
,1163785.0000000,1732915.0000000,35.5787431,129.3075939,139.6997660
,1163795.0000000,1732915.0000000,35.5787414,129.3077042,140.2223794
,1163805.0000000,1732915.0000000,35.5787398,129.3078145,140.2042362
,1163815.0000000,1732915.0000000,35.5787381,129.3079249,142.1747704
,1163825.0000000,1732915.0000000,35.5787365,129.3080352,144.6276321
,1163835.0000000,1732915.0000000,35.5787348,129.3081455,146.2332954
,1163845.0000000,1732915.0000000,35.5787331,129.3082558,146.8278954
,1163855.0000000,1732915.0000000,35.5787315,129.3083661,148.6202040
,1163865.0000000,1732915.0000000,35.5787298,129.3084764,150.2694479
,1163875.0000000,1732915.0000000,35.5787282,129.3085867,151.3705147
,1163885.0000000,1732915.0000000,35.5787265,129.3086971,151.6141775
,1163895.0000000,1732915.0000000,35.5787249,129.3088074,151.6629464
,1163905.0000000,1732915.0000000,35.5787232,129.3089177,155.1149263
,1163915.0000000,1732915.0000000,35.5787216,129.3090280,156.0604954
,1163925.0000000,1732915.0000000,35.5787199,129.3091383,156.5000000
,1163935.0000000,1732915.0000000,35.5787182,129.3092486,156.8517731
,1163945.0000000,1732915.0000000,35.5787166,129.3093589,156.2396636
,1163955.0000000,1732915.0000000,35.5787149,129.3094693,156.1798399
,1163965.0000000,1732915.0000000,35.5787133,129.3095796,155.3074204
,1163975.0000000,1732915.0000000,35.5787116,129.3096899,155.4512340
,1163985.0000000,1732915.0000000,35.5787100,129.3098002,155.3480529
,1163995.0000000,1732915.0000000,35.5787083,129.3099105,153.4631435
,1163005.0000000,1732925.0000000,35.5789620,129.2989914,95.4538236
,1163015.0000000,1732925.0000000,35.5789603,129.2991017,94.9507543
,1163025.0000000,1732925.0000000,35.5789587,129.2992120,92.8867243
,1163035.0000000,1732925.0000000,35.5789570,129.2993223,91.6678620
,1163045.0000000,1732925.0000000,35.5789554,129.2994326,91.6866311
,1163055.0000000,1732925.0000000,35.5789537,129.2995429,91.8159722
,1163065.0000000,1732925.0000000,35.5789521,129.2996532,91.9852192
,1163075.0000000,1732925.0000000,35.5789504,129.2997636,92.5100426
,1163085.0000000,1732925.0000000,35.5789488,129.2998739,92.6547381
,1163095.0000000,1732925.0000000,35.5789471,129.2999842,94.6502943
,1163105.0000000,1732925.0000000,35.5789455,129.3000945,94.5810008
,1163115.0000000,1732925.0000000,35.5789438,129.3002048,96.6803471
,1163125.0000000,1732925.0000000,35.5789422,129.3003151,100.3751889
,1163135.0000000,1732925.0000000,35.5789405,129.3004255,104.7591381
,1163145.0000000,1732925.0000000,35.5789389,129.3005358,102.6828206
,1163155.0000000,1732925.0000000,35.5789372,129.3006461,104.5443831
,1163165.0000000,1732925.0000000,35.5789356,129.3007564,107.0427199
,1163175.0000000,1732925.0000000,35.5789340,129.3008667,109.2071943
,1163185.0000000,1732925.0000000,35.5789323,129.3009770,111.4569320
,1163195.0000000,1732925.0000000,35.5789307,129.3010873,111.8111359
,1163205.0000000,1732925.0000000,35.5789290,129.3011977,114.4811345
,1163215.0000000,1732925.0000000,35.5789274,129.3013080,116.3814185
,1163225.0000000,1732925.0000000,35.5789257,129.3014183,116.2220393
,1163235.0000000,1732925.0000000,35.5789241,129.3015286,116.3578757
,1163245.0000000,1732925.0000000,35.5789224,129.3016389,116.3915410
,1163255.0000000,1732925.0000000,35.5789208,129.3017492,116.4050426
,1163265.0000000,1732925.0000000,35.5789191,129.3018596,116.7766132
,1163275.0000000,1732925.0000000,35.5789175,129.3019699,116.7669861
,1163285.0000000,1732925.0000000,35.5789158,129.3020802,120.4121757
,1163295.0000000,1732925.0000000,35.5789142,129.3021905,122.6441429
,1163305.0000000,1732925.0000000,35.5789125,129.3023008,126.5802397
,1163315.0000000,1732925.0000000,35.5789109,129.3024111,130.6613611
,1163325.0000000,1732925.0000000,35.5789092,129.3025214,133.0368909
,1163335.0000000,1732925.0000000,35.5789076,129.3026318,136.4501091
,1163345.0000000,1732925.0000000,35.5789059,129.3027421,139.5727287
,1163355.0000000,1732925.0000000,35.5789043,129.3028524,141.8673809
,1163365.0000000,1732925.0000000,35.5789026,129.3029627,146.2758755
,1163375.0000000,1732925.0000000,35.5789010,129.3030730,145.9928185
,1163385.0000000,1732925.0000000,35.5788993,129.3031833,145.4378302
,1163395.0000000,1732925.0000000,35.5788977,129.3032937,144.5020218
,1163405.0000000,1732925.0000000,35.5788960,129.3034040,141.6180704
,1163415.0000000,1732925.0000000,35.5788944,129.3035143,140.1395202
,1163425.0000000,1732925.0000000,35.5788927,129.3036246,138.2668145
,1163435.0000000,1732925.0000000,35.5788911,129.3037349,137.2004736
,1163445.0000000,1732925.0000000,35.5788894,129.3038452,136.7845899
,1163455.0000000,1732925.0000000,35.5788877,129.3039555,136.3592121
,1163465.0000000,1732925.0000000,35.5788861,129.3040659,136.0038297
,1163475.0000000,1732925.0000000,35.5788844,129.3041762,136.1882041
,1163485.0000000,1732925.0000000,35.5788828,129.3042865,133.5848994
,1163495.0000000,1732925.0000000,35.5788811,129.3043968,132.4326092
,1163505.0000000,1732925.0000000,35.5788795,129.3045071,133.4412023
,1163515.0000000,1732925.0000000,35.5788778,129.3046174,135.9973866
,1163525.0000000,1732925.0000000,35.5788762,129.3047277,137.2209172
,1163535.0000000,1732925.0000000,35.5788745,129.3048381,139.4315638
,1163545.0000000,1732925.0000000,35.5788729,129.3049484,140.3811708
,1163555.0000000,1732925.0000000,35.5788712,129.3050587,141.5000000
,1163565.0000000,1732925.0000000,35.5788696,129.3051690,141.7044719
,1163575.0000000,1732925.0000000,35.5788679,129.3052793,141.7770785
,1163585.0000000,1732925.0000000,35.5788663,129.3053896,144.5553534
,1163595.0000000,1732925.0000000,35.5788646,129.3055000,146.5835714
,1163605.0000000,1732925.0000000,35.5788630,129.3056103,148.8832423
,1163615.0000000,1732925.0000000,35.5788613,129.3057206,149.0701030
,1163625.0000000,1732925.0000000,35.5788597,129.3058309,148.6102563
,1163635.0000000,1732925.0000000,35.5788580,129.3059412,150.0545848
,1163645.0000000,1732925.0000000,35.5788564,129.3060515,151.4801744
,1163655.0000000,1732925.0000000,35.5788547,129.3061618,152.4479777
,1163665.0000000,1732925.0000000,35.5788530,129.3062722,154.3279580
,1163675.0000000,1732925.0000000,35.5788514,129.3063825,155.9499105
,1163685.0000000,1732925.0000000,35.5788497,129.3064928,156.2885363
,1163695.0000000,1732925.0000000,35.5788481,129.3066031,153.5054723
,1163705.0000000,1732925.0000000,35.5788464,129.3067134,149.0572013
,1163715.0000000,1732925.0000000,35.5788448,129.3068237,143.5790555
,1163725.0000000,1732925.0000000,35.5788431,129.3069340,141.8505671
,1163735.0000000,1732925.0000000,35.5788415,129.3070444,141.4043352
,1163745.0000000,1732925.0000000,35.5788398,129.3071547,140.6411711
,1163755.0000000,1732925.0000000,35.5788382,129.3072650,137.6740988
,1163765.0000000,1732925.0000000,35.5788365,129.3073753,136.5000000
,1163775.0000000,1732925.0000000,35.5788349,129.3074856,136.5000000
,1163785.0000000,1732925.0000000,35.5788332,129.3075959,136.5991942
,1163795.0000000,1732925.0000000,35.5788315,129.3077063,138.7238609
,1163805.0000000,1732925.0000000,35.5788299,129.3078166,139.3233720
,1163815.0000000,1732925.0000000,35.5788282,129.3079269,141.7598083
,1163825.0000000,1732925.0000000,35.5788266,129.3080372,143.4522174
,1163835.0000000,1732925.0000000,35.5788249,129.3081475,145.2501009
,1163845.0000000,1732925.0000000,35.5788233,129.3082578,146.4181641
,1163855.0000000,1732925.0000000,35.5788216,129.3083681,146.5644376
,1163865.0000000,1732925.0000000,35.5788200,129.3084785,148.6602737
,1163875.0000000,1732925.0000000,35.5788183,129.3085888,150.8004339
,1163885.0000000,1732925.0000000,35.5788166,129.3086991,151.8026076
,1163895.0000000,1732925.0000000,35.5788150,129.3088094,151.7525535
,1163905.0000000,1732925.0000000,35.5788133,129.3089197,155.2573250
,1163915.0000000,1732925.0000000,35.5788117,129.3090300,156.3107701
,1163925.0000000,1732925.0000000,35.5788100,129.3091403,156.5000000
,1163935.0000000,1732925.0000000,35.5788084,129.3092507,156.4880438
,1163945.0000000,1732925.0000000,35.5788067,129.3093610,156.0579889
,1163955.0000000,1732925.0000000,35.5788051,129.3094713,154.7724036
,1163965.0000000,1732925.0000000,35.5788034,129.3095816,151.7506354
,1163975.0000000,1732925.0000000,35.5788017,129.3096919,151.5000000
,1163985.0000000,1732925.0000000,35.5788001,129.3098022,151.5000000
,1163995.0000000,1732925.0000000,35.5787984,129.3099125,151.5429730
,1163005.0000000,1732935.0000000,35.5790521,129.2989934,91.5981630
,1163015.0000000,1732935.0000000,35.5790504,129.2991037,91.5726761
,1163025.0000000,1732935.0000000,35.5790488,129.2992140,91.6140744
,1163035.0000000,1732935.0000000,35.5790471,129.2993243,91.8251111
,1163045.0000000,1732935.0000000,35.5790455,129.2994346,91.5830959
,1163055.0000000,1732935.0000000,35.5790438,129.2995449,91.6426317
,1163065.0000000,1732935.0000000,35.5790422,129.2996553,91.5948829
,1163075.0000000,1732935.0000000,35.5790406,129.2997656,91.5701320
,1163085.0000000,1732935.0000000,35.5790389,129.2998759,91.5317730
,1163095.0000000,1732935.0000000,35.5790373,129.2999862,91.6438702
,1163105.0000000,1732935.0000000,35.5790356,129.3000965,93.0063528
,1163115.0000000,1732935.0000000,35.5790340,129.3002068,95.5719954
,1163125.0000000,1732935.0000000,35.5790323,129.3003172,99.0470662
,1163135.0000000,1732935.0000000,35.5790307,129.3004275,100.7635305
,1163145.0000000,1732935.0000000,35.5790290,129.3005378,101.5108966
,1163155.0000000,1732935.0000000,35.5790274,129.3006481,103.0607289
,1163165.0000000,1732935.0000000,35.5790257,129.3007584,105.8436074
,1163175.0000000,1732935.0000000,35.5790241,129.3008687,108.9444243
,1163185.0000000,1732935.0000000,35.5790224,129.3009790,110.5936478
,1163195.0000000,1732935.0000000,35.5790208,129.3010894,112.0403130
,1163205.0000000,1732935.0000000,35.5790191,129.3011997,113.3601028
,1163215.0000000,1732935.0000000,35.5790175,129.3013100,114.9660938
,1163225.0000000,1732935.0000000,35.5790158,129.3014203,115.2018136
,1163235.0000000,1732935.0000000,35.5790142,129.3015306,115.2041113
,1163245.0000000,1732935.0000000,35.5790125,129.3016409,114.2716882
,1163255.0000000,1732935.0000000,35.5790109,129.3017513,114.3235438
,1163265.0000000,1732935.0000000,35.5790092,129.3018616,115.5832900
,1163275.0000000,1732935.0000000,35.5790076,129.3019719,116.8181504
,1163285.0000000,1732935.0000000,35.5790059,129.3020822,119.3054464
,1163295.0000000,1732935.0000000,35.5790043,129.3021925,121.6774488
,1163305.0000000,1732935.0000000,35.5790026,129.3023028,125.8601223
,1163315.0000000,1732935.0000000,35.5790010,129.3024131,128.4401764
,1163325.0000000,1732935.0000000,35.5789993,129.3025235,131.8032650
,1163335.0000000,1732935.0000000,35.5789977,129.3026338,136.5152186
,1163345.0000000,1732935.0000000,35.5789960,129.3027441,140.4425042
,1163355.0000000,1732935.0000000,35.5789944,129.3028544,143.0013475
,1163365.0000000,1732935.0000000,35.5789927,129.3029647,144.9163996
,1163375.0000000,1732935.0000000,35.5789911,129.3030750,145.6035337
,1163385.0000000,1732935.0000000,35.5789894,129.3031854,144.7659038
,1163395.0000000,1732935.0000000,35.5789878,129.3032957,141.5629416
,1163405.0000000,1732935.0000000,35.5789861,129.3034060,138.0615354
,1163415.0000000,1732935.0000000,35.5789845,129.3035163,136.7037643
,1163425.0000000,1732935.0000000,35.5789828,129.3036266,136.3052962
,1163435.0000000,1732935.0000000,35.5789812,129.3037369,135.6760995
,1163445.0000000,1732935.0000000,35.5789795,129.3038472,135.2854858
,1163455.0000000,1732935.0000000,35.5789779,129.3039576,134.4871810
,1163465.0000000,1732935.0000000,35.5789762,129.3040679,133.7682806
,1163475.0000000,1732935.0000000,35.5789746,129.3041782,132.5150917
,1163485.0000000,1732935.0000000,35.5789729,129.3042885,131.5725653
,1163495.0000000,1732935.0000000,35.5789713,129.3043988,131.5000000
,1163505.0000000,1732935.0000000,35.5789696,129.3045091,131.5311405
,1163515.0000000,1732935.0000000,35.5789680,129.3046195,132.8830776
,1163525.0000000,1732935.0000000,35.5789663,129.3047298,136.3649420
,1163535.0000000,1732935.0000000,35.5789647,129.3048401,136.7541101
,1163545.0000000,1732935.0000000,35.5789630,129.3049504,137.9880378
,1163555.0000000,1732935.0000000,35.5789614,129.3050607,140.4798406
,1163565.0000000,1732935.0000000,35.5789597,129.3051710,141.8613112
,1163575.0000000,1732935.0000000,35.5789580,129.3052813,141.7823347
,1163585.0000000,1732935.0000000,35.5789564,129.3053917,144.5223517
,1163595.0000000,1732935.0000000,35.5789547,129.3055020,146.4783246
,1163605.0000000,1732935.0000000,35.5789531,129.3056123,146.6452851
,1163615.0000000,1732935.0000000,35.5789514,129.3057226,146.7002374
,1163625.0000000,1732935.0000000,35.5789498,129.3058329,146.7714229
,1163635.0000000,1732935.0000000,35.5789481,129.3059432,146.5346008
,1163645.0000000,1732935.0000000,35.5789465,129.3060536,148.1094994
,1163655.0000000,1732935.0000000,35.5789448,129.3061639,150.9192804
,1163665.0000000,1732935.0000000,35.5789432,129.3062742,152.0799143
,1163675.0000000,1732935.0000000,35.5789415,129.3063845,151.7717656
,1163685.0000000,1732935.0000000,35.5789399,129.3064948,152.5321723
,1163695.0000000,1732935.0000000,35.5789382,129.3066051,151.5015680
,1163705.0000000,1732935.0000000,35.5789366,129.3067154,147.3509505
,1163715.0000000,1732935.0000000,35.5789349,129.3068258,141.7686929
,1163725.0000000,1732935.0000000,35.5789332,129.3069361,141.2341878
,1163735.0000000,1732935.0000000,35.5789316,129.3070464,139.8263746
,1163745.0000000,1732935.0000000,35.5789299,129.3071567,138.0232665
,1163755.0000000,1732935.0000000,35.5789283,129.3072670,136.6405100
,1163765.0000000,1732935.0000000,35.5789266,129.3073773,136.5000000
,1163775.0000000,1732935.0000000,35.5789250,129.3074876,136.5000000
,1163785.0000000,1732935.0000000,35.5789233,129.3075980,136.5000000
,1163795.0000000,1732935.0000000,35.5789217,129.3077083,136.8632989
,1163805.0000000,1732935.0000000,35.5789200,129.3078186,137.5752720
,1163815.0000000,1732935.0000000,35.5789184,129.3079289,141.0309034
,1163825.0000000,1732935.0000000,35.5789167,129.3080392,142.7791418
,1163835.0000000,1732935.0000000,35.5789150,129.3081495,145.6046469
,1163845.0000000,1732935.0000000,35.5789134,129.3082599,144.9466780
,1163855.0000000,1732935.0000000,35.5789117,129.3083702,146.4002448
,1163865.0000000,1732935.0000000,35.5789101,129.3084805,147.5819138
,1163875.0000000,1732935.0000000,35.5789084,129.3085908,151.0316843
,1163885.0000000,1732935.0000000,35.5789068,129.3087011,151.7718141
,1163895.0000000,1732935.0000000,35.5789051,129.3088114,153.3390186
,1163905.0000000,1732935.0000000,35.5789035,129.3089217,156.1988755
,1163915.0000000,1732935.0000000,35.5789018,129.3090321,156.4375882
,1163925.0000000,1732935.0000000,35.5789001,129.3091424,156.5000000
,1163935.0000000,1732935.0000000,35.5788985,129.3092527,156.2873813
,1163945.0000000,1732935.0000000,35.5788968,129.3093630,154.6742175
,1163955.0000000,1732935.0000000,35.5788952,129.3094733,152.4199533
,1163965.0000000,1732935.0000000,35.5788935,129.3095836,151.4596472
,1163975.0000000,1732935.0000000,35.5788919,129.3096939,151.3012444
,1163985.0000000,1732935.0000000,35.5788902,129.3098043,151.4682616
,1163995.0000000,1732935.0000000,35.5788885,129.3099146,151.5000000
,1163005.0000000,1732945.0000000,35.5791422,129.2989954,91.7474579
,1163015.0000000,1732945.0000000,35.5791406,129.2991057,91.7772730
,1163025.0000000,1732945.0000000,35.5791389,129.2992160,91.7999448
,1163035.0000000,1732945.0000000,35.5791373,129.2993263,91.8798154
,1163045.0000000,1732945.0000000,35.5791356,129.2994366,90.5012954
,1163055.0000000,1732945.0000000,35.5791340,129.2995470,88.8246651
,1163065.0000000,1732945.0000000,35.5791323,129.2996573,88.9249741
,1163075.0000000,1732945.0000000,35.5791307,129.2997676,89.8717621
,1163085.0000000,1732945.0000000,35.5791290,129.2998779,90.9790774
,1163095.0000000,1732945.0000000,35.5791274,129.2999882,91.2431886
,1163105.0000000,1732945.0000000,35.5791257,129.3000985,92.2144051
,1163115.0000000,1732945.0000000,35.5791241,129.3002089,91.8553522
,1163125.0000000,1732945.0000000,35.5791224,129.3003192,96.7126532
,1163135.0000000,1732945.0000000,35.5791208,129.3004295,97.5406157
,1163145.0000000,1732945.0000000,35.5791191,129.3005398,101.3839028
,1163155.0000000,1732945.0000000,35.5791175,129.3006501,102.2787371
,1163165.0000000,1732945.0000000,35.5791158,129.3007604,106.3597571
,1163175.0000000,1732945.0000000,35.5791142,129.3008708,108.2410233
,1163185.0000000,1732945.0000000,35.5791125,129.3009811,110.4820076
,1163195.0000000,1732945.0000000,35.5791109,129.3010914,111.3244511
,1163205.0000000,1732945.0000000,35.5791092,129.3012017,111.8018436
,1163215.0000000,1732945.0000000,35.5791076,129.3013120,113.1153780
,1163225.0000000,1732945.0000000,35.5791059,129.3014223,112.7008613
,1163235.0000000,1732945.0000000,35.5791043,129.3015326,111.9771326
,1163245.0000000,1732945.0000000,35.5791026,129.3016430,111.5683529
,1163255.0000000,1732945.0000000,35.5791010,129.3017533,111.5908133
,1163265.0000000,1732945.0000000,35.5790994,129.3018636,113.5307389
,1163275.0000000,1732945.0000000,35.5790977,129.3019739,116.7322326
,1163285.0000000,1732945.0000000,35.5790961,129.3020842,119.0113794
,1163295.0000000,1732945.0000000,35.5790944,129.3021945,121.6468792
,1163305.0000000,1732945.0000000,35.5790928,129.3023049,124.3728026
,1163315.0000000,1732945.0000000,35.5790911,129.3024152,126.6585510
,1163325.0000000,1732945.0000000,35.5790895,129.3025255,131.9413971
,1163335.0000000,1732945.0000000,35.5790878,129.3026358,137.1803575
,1163345.0000000,1732945.0000000,35.5790862,129.3027461,141.7849774
,1163355.0000000,1732945.0000000,35.5790845,129.3028564,145.1959808
,1163365.0000000,1732945.0000000,35.5790829,129.3029667,145.1068418
,1163375.0000000,1732945.0000000,35.5790812,129.3030771,145.6797391
,1163385.0000000,1732945.0000000,35.5790795,129.3031874,144.6571304
,1163395.0000000,1732945.0000000,35.5790779,129.3032977,139.2865839
,1163405.0000000,1732945.0000000,35.5790762,129.3034080,136.5294726
,1163415.0000000,1732945.0000000,35.5790746,129.3035183,133.8503377
,1163425.0000000,1732945.0000000,35.5790729,129.3036286,132.6787251
,1163435.0000000,1732945.0000000,35.5790713,129.3037390,131.9972475
,1163445.0000000,1732945.0000000,35.5790696,129.3038493,131.1954546
,1163455.0000000,1732945.0000000,35.5790680,129.3039596,131.3103104
,1163465.0000000,1732945.0000000,35.5790663,129.3040699,131.2027430
,1163475.0000000,1732945.0000000,35.5790647,129.3041802,130.4772577
,1163485.0000000,1732945.0000000,35.5790630,129.3042905,131.1131853
,1163495.0000000,1732945.0000000,35.5790614,129.3044008,131.5000000
,1163505.0000000,1732945.0000000,35.5790597,129.3045112,131.5000000
,1163515.0000000,1732945.0000000,35.5790581,129.3046215,132.0691193
,1163525.0000000,1732945.0000000,35.5790564,129.3047318,135.7939202
,1163535.0000000,1732945.0000000,35.5790548,129.3048421,136.3045421
,1163545.0000000,1732945.0000000,35.5790531,129.3049524,137.0468765
,1163555.0000000,1732945.0000000,35.5790515,129.3050627,139.5905878
,1163565.0000000,1732945.0000000,35.5790498,129.3051731,141.3854282
,1163575.0000000,1732945.0000000,35.5790482,129.3052834,141.9914667
,1163585.0000000,1732945.0000000,35.5790465,129.3053937,143.3610745
,1163595.0000000,1732945.0000000,35.5790449,129.3055040,144.1082550
,1163605.0000000,1732945.0000000,35.5790432,129.3056143,143.4801603
,1163615.0000000,1732945.0000000,35.5790416,129.3057246,143.4336243
,1163625.0000000,1732945.0000000,35.5790399,129.3058349,144.2594723
,1163635.0000000,1732945.0000000,35.5790382,129.3059453,145.5790744
,1163645.0000000,1732945.0000000,35.5790366,129.3060556,146.1679059
,1163655.0000000,1732945.0000000,35.5790349,129.3061659,147.1379447
,1163665.0000000,1732945.0000000,35.5790333,129.3062762,149.1207855
,1163675.0000000,1732945.0000000,35.5790316,129.3063865,150.5597847
,1163685.0000000,1732945.0000000,35.5790300,129.3064968,151.0391593
,1163695.0000000,1732945.0000000,35.5790283,129.3066072,149.9400726
,1163705.0000000,1732945.0000000,35.5790267,129.3067175,146.2502630
,1163715.0000000,1732945.0000000,35.5790250,129.3068278,142.0850144
,1163725.0000000,1732945.0000000,35.5790234,129.3069381,139.8450848
,1163735.0000000,1732945.0000000,35.5790217,129.3070484,137.6722819
,1163745.0000000,1732945.0000000,35.5790201,129.3071587,136.6303379
,1163755.0000000,1732945.0000000,35.5790184,129.3072690,136.5000000
,1163765.0000000,1732945.0000000,35.5790167,129.3073794,136.5000000
,1163775.0000000,1732945.0000000,35.5790151,129.3074897,136.5000000
,1163785.0000000,1732945.0000000,35.5790134,129.3076000,136.5000000
,1163795.0000000,1732945.0000000,35.5790118,129.3077103,136.5000000
,1163805.0000000,1732945.0000000,35.5790101,129.3078206,136.9321489
,1163815.0000000,1732945.0000000,35.5790085,129.3079309,138.6647583
,1163825.0000000,1732945.0000000,35.5790068,129.3080412,141.2844559
,1163835.0000000,1732945.0000000,35.5790052,129.3081516,141.9785780
,1163845.0000000,1732945.0000000,35.5790035,129.3082619,143.4462809
,1163855.0000000,1732945.0000000,35.5790019,129.3083722,146.2901498
,1163865.0000000,1732945.0000000,35.5790002,129.3084825,147.9868844
,1163875.0000000,1732945.0000000,35.5789985,129.3085928,151.0464133
,1163885.0000000,1732945.0000000,35.5789969,129.3087031,151.8143356
,1163895.0000000,1732945.0000000,35.5789952,129.3088135,154.1722794
,1163905.0000000,1732945.0000000,35.5789936,129.3089238,155.8180296
,1163915.0000000,1732945.0000000,35.5789919,129.3090341,156.3167779
,1163925.0000000,1732945.0000000,35.5789903,129.3091444,156.1837018
,1163935.0000000,1732945.0000000,35.5789886,129.3092547,155.4631910
,1163945.0000000,1732945.0000000,35.5789869,129.3093650,153.8118309
,1163955.0000000,1732945.0000000,35.5789853,129.3094753,150.7059851
,1163965.0000000,1732945.0000000,35.5789836,129.3095857,148.9998307
,1163975.0000000,1732945.0000000,35.5789820,129.3096960,146.9217277
,1163985.0000000,1732945.0000000,35.5789803,129.3098063,146.8688216
,1163995.0000000,1732945.0000000,35.5789787,129.3099166,148.5942696
,1163005.0000000,1732955.0000000,35.5792323,129.2989974,91.6682611
,1163015.0000000,1732955.0000000,35.5792307,129.2991077,91.1452269
,1163025.0000000,1732955.0000000,35.5792290,129.2992180,90.8298057
,1163035.0000000,1732955.0000000,35.5792274,129.2993283,90.1140101
,1163045.0000000,1732955.0000000,35.5792257,129.2994387,88.1116700
,1163055.0000000,1732955.0000000,35.5792241,129.2995490,87.1086418
,1163065.0000000,1732955.0000000,35.5792224,129.2996593,87.0559198
,1163075.0000000,1732955.0000000,35.5792208,129.2997696,87.4857983
,1163085.0000000,1732955.0000000,35.5792191,129.2998799,88.5413110
,1163095.0000000,1732955.0000000,35.5792175,129.2999902,89.0011214
,1163105.0000000,1732955.0000000,35.5792159,129.3001006,90.0899662
,1163115.0000000,1732955.0000000,35.5792142,129.3002109,91.9102617
,1163125.0000000,1732955.0000000,35.5792126,129.3003212,96.5034068
,1163135.0000000,1732955.0000000,35.5792109,129.3004315,97.4940597
,1163145.0000000,1732955.0000000,35.5792093,129.3005418,100.8983139
,1163155.0000000,1732955.0000000,35.5792076,129.3006521,102.8468938
,1163165.0000000,1732955.0000000,35.5792060,129.3007625,106.8119555
,1163175.0000000,1732955.0000000,35.5792043,129.3008728,110.0669800
,1163185.0000000,1732955.0000000,35.5792027,129.3009831,111.3454081
,1163195.0000000,1732955.0000000,35.5792010,129.3010934,110.7759788
,1163205.0000000,1732955.0000000,35.5791994,129.3012037,109.2795849
,1163215.0000000,1732955.0000000,35.5791977,129.3013140,109.6766358
,1163225.0000000,1732955.0000000,35.5791961,129.3014243,111.5158077
,1163235.0000000,1732955.0000000,35.5791944,129.3015347,111.5303215
,1163245.0000000,1732955.0000000,35.5791928,129.3016450,111.5610317
,1163255.0000000,1732955.0000000,35.5791911,129.3017553,111.5155037
,1163265.0000000,1732955.0000000,35.5791895,129.3018656,113.5602061
,1163275.0000000,1732955.0000000,35.5791878,129.3019759,116.4401917
,1163285.0000000,1732955.0000000,35.5791862,129.3020862,118.0786066
,1163295.0000000,1732955.0000000,35.5791845,129.3021966,121.3419843
,1163305.0000000,1732955.0000000,35.5791829,129.3023069,123.4913086
,1163315.0000000,1732955.0000000,35.5791812,129.3024172,128.8984867
,1163325.0000000,1732955.0000000,35.5791796,129.3025275,131.8488593
,1163335.0000000,1732955.0000000,35.5791779,129.3026378,139.1782472
,1163345.0000000,1732955.0000000,35.5791763,129.3027481,145.4437317
,1163355.0000000,1732955.0000000,35.5791746,129.3028585,145.2507170
,1163365.0000000,1732955.0000000,35.5791730,129.3029688,146.5000000
,1163375.0000000,1732955.0000000,35.5791713,129.3030791,145.4299683
,1163385.0000000,1732955.0000000,35.5791697,129.3031894,143.7407759
,1163395.0000000,1732955.0000000,35.5791680,129.3032997,137.2018912
,1163405.0000000,1732955.0000000,35.5791664,129.3034100,133.3325121
,1163415.0000000,1732955.0000000,35.5791647,129.3035203,131.8706914
,1163425.0000000,1732955.0000000,35.5791631,129.3036307,130.3951314
,1163435.0000000,1732955.0000000,35.5791614,129.3037410,128.8998830
,1163445.0000000,1732955.0000000,35.5791598,129.3038513,128.5427827
,1163455.0000000,1732955.0000000,35.5791581,129.3039616,127.2005930
,1163465.0000000,1732955.0000000,35.5791565,129.3040719,126.6225758
,1163475.0000000,1732955.0000000,35.5791548,129.3041822,127.1160585
,1163485.0000000,1732955.0000000,35.5791532,129.3042926,128.1801573
,1163495.0000000,1732955.0000000,35.5791515,129.3044029,130.7475861
,1163505.0000000,1732955.0000000,35.5791499,129.3045132,131.5000000
,1163515.0000000,1732955.0000000,35.5791482,129.3046235,131.7348768
,1163525.0000000,1732955.0000000,35.5791465,129.3047338,135.0256692
,1163535.0000000,1732955.0000000,35.5791449,129.3048441,136.4759896
,1163545.0000000,1732955.0000000,35.5791432,129.3049544,136.6832071
,1163555.0000000,1732955.0000000,35.5791416,129.3050648,138.8530112
,1163565.0000000,1732955.0000000,35.5791399,129.3051751,141.1972051
,1163575.0000000,1732955.0000000,35.5791383,129.3052854,141.5000000
,1163585.0000000,1732955.0000000,35.5791366,129.3053957,141.8339164
,1163595.0000000,1732955.0000000,35.5791350,129.3055060,141.5613510
,1163605.0000000,1732955.0000000,35.5791333,129.3056163,141.4696256
,1163615.0000000,1732955.0000000,35.5791317,129.3057267,141.4889580
,1163625.0000000,1732955.0000000,35.5791300,129.3058370,141.4373279
,1163635.0000000,1732955.0000000,35.5791284,129.3059473,141.5771239
,1163645.0000000,1732955.0000000,35.5791267,129.3060576,141.8257894
,1163655.0000000,1732955.0000000,35.5791251,129.3061679,143.6034734
,1163665.0000000,1732955.0000000,35.5791234,129.3062782,146.1687889
,1163675.0000000,1732955.0000000,35.5791218,129.3063885,146.6012700
,1163685.0000000,1732955.0000000,35.5791201,129.3064989,147.1726378
,1163695.0000000,1732955.0000000,35.5791184,129.3066092,146.4560506
,1163705.0000000,1732955.0000000,35.5791168,129.3067195,144.4399770
,1163715.0000000,1732955.0000000,35.5791151,129.3068298,141.5089813
,1163725.0000000,1732955.0000000,35.5791135,129.3069401,138.6463553
,1163735.0000000,1732955.0000000,35.5791118,129.3070504,136.6234849
,1163745.0000000,1732955.0000000,35.5791102,129.3071608,136.4769508
,1163755.0000000,1732955.0000000,35.5791085,129.3072711,136.3006208
,1163765.0000000,1732955.0000000,35.5791069,129.3073814,135.8787358
,1163775.0000000,1732955.0000000,35.5791052,129.3074917,134.5759736
,1163785.0000000,1732955.0000000,35.5791036,129.3076020,133.8615714
,1163795.0000000,1732955.0000000,35.5791019,129.3077123,134.5227232
,1163805.0000000,1732955.0000000,35.5791002,129.3078226,135.8974754
,1163815.0000000,1732955.0000000,35.5790986,129.3079330,136.8507067
,1163825.0000000,1732955.0000000,35.5790969,129.3080433,138.9955576
,1163835.0000000,1732955.0000000,35.5790953,129.3081536,141.4179711
,1163845.0000000,1732955.0000000,35.5790936,129.3082639,142.0859754
,1163855.0000000,1732955.0000000,35.5790920,129.3083742,145.3857296
,1163865.0000000,1732955.0000000,35.5790903,129.3084845,148.9666086
,1163875.0000000,1732955.0000000,35.5790887,129.3085948,150.6944716
,1163885.0000000,1732955.0000000,35.5790870,129.3087052,151.7470304
,1163895.0000000,1732955.0000000,35.5790853,129.3088155,153.0462626
,1163905.0000000,1732955.0000000,35.5790837,129.3089258,153.9792553
,1163915.0000000,1732955.0000000,35.5790820,129.3090361,154.3772656
,1163925.0000000,1732955.0000000,35.5790804,129.3091464,154.2113894
,1163935.0000000,1732955.0000000,35.5790787,129.3092567,153.0864937
,1163945.0000000,1732955.0000000,35.5790771,129.3093671,151.3986032
,1163955.0000000,1732955.0000000,35.5790754,129.3094774,150.0403644
,1163965.0000000,1732955.0000000,35.5790738,129.3095877,148.8856918
,1163975.0000000,1732955.0000000,35.5790721,129.3096980,146.5000000
,1163985.0000000,1732955.0000000,35.5790704,129.3098083,146.5000000
,1163995.0000000,1732955.0000000,35.5790688,129.3099186,146.5000000
,1163005.0000000,1732965.0000000,35.5793224,129.2989994,89.3904647
,1163015.0000000,1732965.0000000,35.5793208,129.2991097,88.8817378
,1163025.0000000,1732965.0000000,35.5793192,129.2992200,88.3902681
,1163035.0000000,1732965.0000000,35.5793175,129.2993304,86.9823352
,1163045.0000000,1732965.0000000,35.5793159,129.2994407,86.7252016
,1163055.0000000,1732965.0000000,35.5793142,129.2995510,86.5000000
,1163065.0000000,1732965.0000000,35.5793126,129.2996613,86.5000000
,1163075.0000000,1732965.0000000,35.5793109,129.2997716,86.5000000
,1163085.0000000,1732965.0000000,35.5793093,129.2998819,86.5000000
,1163095.0000000,1732965.0000000,35.5793076,129.2999923,86.8161459
,1163105.0000000,1732965.0000000,35.5793060,129.3001026,88.5808974
,1163115.0000000,1732965.0000000,35.5793043,129.3002129,90.9291153
,1163125.0000000,1732965.0000000,35.5793027,129.3003232,96.0184598
,1163135.0000000,1732965.0000000,35.5793010,129.3004335,98.6681605
,1163145.0000000,1732965.0000000,35.5792994,129.3005438,101.2152236
,1163155.0000000,1732965.0000000,35.5792977,129.3006542,105.0057994
,1163165.0000000,1732965.0000000,35.5792961,129.3007645,106.8232979
,1163175.0000000,1732965.0000000,35.5792944,129.3008748,111.0941713
,1163185.0000000,1732965.0000000,35.5792928,129.3009851,111.0921581
,1163195.0000000,1732965.0000000,35.5792911,129.3010954,110.5019246
,1163205.0000000,1732965.0000000,35.5792895,129.3012057,107.5890956
,1163215.0000000,1732965.0000000,35.5792878,129.3013161,107.7267579
,1163225.0000000,1732965.0000000,35.5792862,129.3014264,109.5098899
,1163235.0000000,1732965.0000000,35.5792845,129.3015367,111.5000000
,1163245.0000000,1732965.0000000,35.5792829,129.3016470,111.5000000
,1163255.0000000,1732965.0000000,35.5792812,129.3017573,111.8208847
,1163265.0000000,1732965.0000000,35.5792796,129.3018676,114.5075633
,1163275.0000000,1732965.0000000,35.5792779,129.3019779,116.4938071
,1163285.0000000,1732965.0000000,35.5792763,129.3020883,118.0565608
,1163295.0000000,1732965.0000000,35.5792746,129.3021986,121.5769312
,1163305.0000000,1732965.0000000,35.5792730,129.3023089,123.9097226
,1163315.0000000,1732965.0000000,35.5792713,129.3024192,126.7384372
,1163325.0000000,1732965.0000000,35.5792697,129.3025295,132.1285732
,1163335.0000000,1732965.0000000,35.5792680,129.3026398,137.0313017
,1163345.0000000,1732965.0000000,35.5792664,129.3027502,142.2223499
,1163355.0000000,1732965.0000000,35.5792647,129.3028605,145.7732614
,1163365.0000000,1732965.0000000,35.5792631,129.3029708,145.4459869
,1163375.0000000,1732965.0000000,35.5792614,129.3030811,146.1068146
,1163385.0000000,1732965.0000000,35.5792598,129.3031914,141.6215468
,1163395.0000000,1732965.0000000,35.5792581,129.3033017,136.9184796
,1163405.0000000,1732965.0000000,35.5792565,129.3034120,131.5205752
,1163415.0000000,1732965.0000000,35.5792548,129.3035224,130.6958273
,1163425.0000000,1732965.0000000,35.5792532,129.3036327,127.4472155
,1163435.0000000,1732965.0000000,35.5792515,129.3037430,126.6436058
,1163445.0000000,1732965.0000000,35.5792499,129.3038533,126.6322687
,1163455.0000000,1732965.0000000,35.5792482,129.3039636,126.5000000
,1163465.0000000,1732965.0000000,35.5792466,129.3040739,126.5000000
,1163475.0000000,1732965.0000000,35.5792449,129.3041843,126.5000000
,1163485.0000000,1732965.0000000,35.5792433,129.3042946,126.5000000
,1163495.0000000,1732965.0000000,35.5792416,129.3044049,128.7075359
,1163505.0000000,1732965.0000000,35.5792400,129.3045152,131.1556783
,1163515.0000000,1732965.0000000,35.5792383,129.3046255,131.5543314
,1163525.0000000,1732965.0000000,35.5792367,129.3047358,133.7976303
,1163535.0000000,1732965.0000000,35.5792350,129.3048462,136.4151294
,1163545.0000000,1732965.0000000,35.5792334,129.3049565,136.5000000
,1163555.0000000,1732965.0000000,35.5792317,129.3050668,137.8542556
,1163565.0000000,1732965.0000000,35.5792301,129.3051771,140.9208399
,1163575.0000000,1732965.0000000,35.5792284,129.3052874,141.5000000
,1163585.0000000,1732965.0000000,35.5792268,129.3053977,141.5000000
,1163595.0000000,1732965.0000000,35.5792251,129.3055080,141.0638687
,1163605.0000000,1732965.0000000,35.5792234,129.3056184,139.6924634
,1163615.0000000,1732965.0000000,35.5792218,129.3057287,139.3268461
,1163625.0000000,1732965.0000000,35.5792201,129.3058390,139.4871273
,1163635.0000000,1732965.0000000,35.5792185,129.3059493,141.2755147
,1163645.0000000,1732965.0000000,35.5792168,129.3060596,140.5200180
,1163655.0000000,1732965.0000000,35.5792152,129.3061699,141.1981030
,1163665.0000000,1732965.0000000,35.5792135,129.3062803,142.3578406
,1163675.0000000,1732965.0000000,35.5792119,129.3063906,144.1336706
,1163685.0000000,1732965.0000000,35.5792102,129.3065009,144.5245084
,1163695.0000000,1732965.0000000,35.5792086,129.3066112,144.6949185
,1163705.0000000,1732965.0000000,35.5792069,129.3067215,141.5754746
,1163715.0000000,1732965.0000000,35.5792053,129.3068318,140.0115966
,1163725.0000000,1732965.0000000,35.5792036,129.3069421,136.9528006
,1163735.0000000,1732965.0000000,35.5792020,129.3070525,136.3997635
,1163745.0000000,1732965.0000000,35.5792003,129.3071628,134.8843849
,1163755.0000000,1732965.0000000,35.5791986,129.3072731,133.9202110
,1163765.0000000,1732965.0000000,35.5791970,129.3073834,131.9335391
,1163775.0000000,1732965.0000000,35.5791953,129.3074937,131.5000000
,1163785.0000000,1732965.0000000,35.5791937,129.3076040,131.5000000
,1163795.0000000,1732965.0000000,35.5791920,129.3077144,131.6920098
,1163805.0000000,1732965.0000000,35.5791904,129.3078247,133.9700508
,1163815.0000000,1732965.0000000,35.5791887,129.3079350,136.3051904
,1163825.0000000,1732965.0000000,35.5791871,129.3080453,137.0922582
,1163835.0000000,1732965.0000000,35.5791854,129.3081556,140.2439564
,1163845.0000000,1732965.0000000,35.5791837,129.3082659,141.5182934
,1163855.0000000,1732965.0000000,35.5791821,129.3083762,144.9809605
,1163865.0000000,1732965.0000000,35.5791804,129.3084866,150.1207098
,1163875.0000000,1732965.0000000,35.5791788,129.3085969,151.2638893
,1163885.0000000,1732965.0000000,35.5791771,129.3087072,151.5000000
,1163895.0000000,1732965.0000000,35.5791755,129.3088175,151.5000000
,1163905.0000000,1732965.0000000,35.5791738,129.3089278,151.7989469
,1163915.0000000,1732965.0000000,35.5791722,129.3090381,151.9684965
,1163925.0000000,1732965.0000000,35.5791705,129.3091485,151.6959275
,1163935.0000000,1732965.0000000,35.5791688,129.3092588,151.5377370
,1163945.0000000,1732965.0000000,35.5791672,129.3093691,151.1496986
,1163955.0000000,1732965.0000000,35.5791655,129.3094794,150.6927905
,1163965.0000000,1732965.0000000,35.5791639,129.3095897,149.9118744
,1163975.0000000,1732965.0000000,35.5791622,129.3097000,146.7667859
,1163985.0000000,1732965.0000000,35.5791606,129.3098103,146.5000000
,1163995.0000000,1732965.0000000,35.5791589,129.3099207,146.5000000
,1163005.0000000,1732975.0000000,35.5794126,129.2990014,87.2882893
,1163015.0000000,1732975.0000000,35.5794109,129.2991117,86.9771063
,1163025.0000000,1732975.0000000,35.5794093,129.2992221,86.6748266
,1163035.0000000,1732975.0000000,35.5794076,129.2993324,86.5000000
,1163045.0000000,1732975.0000000,35.5794060,129.2994427,86.5000000
,1163055.0000000,1732975.0000000,35.5794043,129.2995530,86.5000000
,1163065.0000000,1732975.0000000,35.5794027,129.2996633,86.5000000
,1163075.0000000,1732975.0000000,35.5794010,129.2997736,86.5000000
,1163085.0000000,1732975.0000000,35.5793994,129.2998840,86.5000000
,1163095.0000000,1732975.0000000,35.5793977,129.2999943,86.5161856
,1163105.0000000,1732975.0000000,35.5793961,129.3001046,87.4659499
,1163115.0000000,1732975.0000000,35.5793944,129.3002149,90.4951665
,1163125.0000000,1732975.0000000,35.5793928,129.3003252,95.8436909
,1163135.0000000,1732975.0000000,35.5793911,129.3004355,99.1902288
,1163145.0000000,1732975.0000000,35.5793895,129.3005459,101.3978786
,1163155.0000000,1732975.0000000,35.5793879,129.3006562,106.4752336
,1163165.0000000,1732975.0000000,35.5793862,129.3007665,108.9829309
,1163175.0000000,1732975.0000000,35.5793846,129.3008768,110.5518385
,1163185.0000000,1732975.0000000,35.5793829,129.3009871,110.4468719
,1163195.0000000,1732975.0000000,35.5793813,129.3010974,106.5708949
,1163205.0000000,1732975.0000000,35.5793796,129.3012078,106.5187838
,1163215.0000000,1732975.0000000,35.5793780,129.3013181,106.6148751
,1163225.0000000,1732975.0000000,35.5793763,129.3014284,107.7012083
,1163235.0000000,1732975.0000000,35.5793747,129.3015387,110.0134957
,1163245.0000000,1732975.0000000,35.5793730,129.3016490,111.3627872
,1163255.0000000,1732975.0000000,35.5793714,129.3017593,112.4512641
,1163265.0000000,1732975.0000000,35.5793697,129.3018696,114.0139843
,1163275.0000000,1732975.0000000,35.5793681,129.3019800,114.9750263
,1163285.0000000,1732975.0000000,35.5793664,129.3020903,117.2511682
,1163295.0000000,1732975.0000000,35.5793648,129.3022006,121.4985711
,1163305.0000000,1732975.0000000,35.5793631,129.3023109,125.5449572
,1163315.0000000,1732975.0000000,35.5793615,129.3024212,128.3509126
,1163325.0000000,1732975.0000000,35.5793598,129.3025315,132.0488278
,1163335.0000000,1732975.0000000,35.5793582,129.3026419,136.4246146
,1163345.0000000,1732975.0000000,35.5793565,129.3027522,140.4505729
,1163355.0000000,1732975.0000000,35.5793549,129.3028625,142.2391560
,1163365.0000000,1732975.0000000,35.5793532,129.3029728,145.0331969
,1163375.0000000,1732975.0000000,35.5793516,129.3030831,141.5167394
,1163385.0000000,1732975.0000000,35.5793499,129.3031934,136.9433728
,1163395.0000000,1732975.0000000,35.5793483,129.3033038,135.1391301
,1163405.0000000,1732975.0000000,35.5793466,129.3034141,132.3193620
,1163415.0000000,1732975.0000000,35.5793450,129.3035244,128.8025824
,1163425.0000000,1732975.0000000,35.5793433,129.3036347,126.5519847
,1163435.0000000,1732975.0000000,35.5793417,129.3037450,126.6476518
,1163445.0000000,1732975.0000000,35.5793400,129.3038553,126.5000000
,1163455.0000000,1732975.0000000,35.5793384,129.3039656,126.5000000
,1163465.0000000,1732975.0000000,35.5793367,129.3040760,126.5000000
,1163475.0000000,1732975.0000000,35.5793351,129.3041863,126.5000000
,1163485.0000000,1732975.0000000,35.5793334,129.3042966,126.5352321
,1163495.0000000,1732975.0000000,35.5793317,129.3044069,126.7427520
,1163505.0000000,1732975.0000000,35.5793301,129.3045172,131.2419188
,1163515.0000000,1732975.0000000,35.5793284,129.3046275,131.1206712
,1163525.0000000,1732975.0000000,35.5793268,129.3047379,133.4679269
,1163535.0000000,1732975.0000000,35.5793251,129.3048482,136.5000000
,1163545.0000000,1732975.0000000,35.5793235,129.3049585,136.5000000
,1163555.0000000,1732975.0000000,35.5793218,129.3050688,137.1304593
,1163565.0000000,1732975.0000000,35.5793202,129.3051791,141.4773312
,1163575.0000000,1732975.0000000,35.5793185,129.3052894,141.5000000
,1163585.0000000,1732975.0000000,35.5793169,129.3053998,141.3800355
,1163595.0000000,1732975.0000000,35.5793152,129.3055101,139.1745343
,1163605.0000000,1732975.0000000,35.5793136,129.3056204,136.6398403
,1163615.0000000,1732975.0000000,35.5793119,129.3057307,136.8790412
,1163625.0000000,1732975.0000000,35.5793103,129.3058410,136.8098940
,1163635.0000000,1732975.0000000,35.5793086,129.3059513,136.7344562
,1163645.0000000,1732975.0000000,35.5793070,129.3060616,138.8642013
,1163655.0000000,1732975.0000000,35.5793053,129.3061720,141.1731917
,1163665.0000000,1732975.0000000,35.5793037,129.3062823,141.3519123
,1163675.0000000,1732975.0000000,35.5793020,129.3063926,141.7649202
,1163685.0000000,1732975.0000000,35.5793003,129.3065029,141.5876754
,1163695.0000000,1732975.0000000,35.5792987,129.3066132,141.4655797
,1163705.0000000,1732975.0000000,35.5792970,129.3067235,140.3114076
,1163715.0000000,1732975.0000000,35.5792954,129.3068339,136.9791141
,1163725.0000000,1732975.0000000,35.5792937,129.3069442,136.4097263
,1163735.0000000,1732975.0000000,35.5792921,129.3070545,134.1130771
,1163745.0000000,1732975.0000000,35.5792904,129.3071648,132.7478892
,1163755.0000000,1732975.0000000,35.5792888,129.3072751,131.8716644
,1163765.0000000,1732975.0000000,35.5792871,129.3073854,131.5000000
,1163775.0000000,1732975.0000000,35.5792855,129.3074957,131.5000000
,1163785.0000000,1732975.0000000,35.5792838,129.3076061,131.5000000
,1163795.0000000,1732975.0000000,35.5792821,129.3077164,131.5000000
,1163805.0000000,1732975.0000000,35.5792805,129.3078267,131.7654973
,1163815.0000000,1732975.0000000,35.5792788,129.3079370,134.6085729
,1163825.0000000,1732975.0000000,35.5792772,129.3080473,136.6203630
,1163835.0000000,1732975.0000000,35.5792755,129.3081576,137.3775306
,1163845.0000000,1732975.0000000,35.5792739,129.3082680,140.5191556
,1163855.0000000,1732975.0000000,35.5792722,129.3083783,146.2131045
,1163865.0000000,1732975.0000000,35.5792706,129.3084886,149.9772167
,1163875.0000000,1732975.0000000,35.5792689,129.3085989,151.3544657
,1163885.0000000,1732975.0000000,35.5792672,129.3087092,151.5000000
,1163895.0000000,1732975.0000000,35.5792656,129.3088195,151.5000000
,1163905.0000000,1732975.0000000,35.5792639,129.3089298,151.4350363
,1163915.0000000,1732975.0000000,35.5792623,129.3090402,151.3898695
,1163925.0000000,1732975.0000000,35.5792606,129.3091505,151.4569463
,1163935.0000000,1732975.0000000,35.5792590,129.3092608,151.4666327
,1163945.0000000,1732975.0000000,35.5792573,129.3093711,151.2682171
,1163955.0000000,1732975.0000000,35.5792557,129.3094814,150.7777019
,1163965.0000000,1732975.0000000,35.5792540,129.3095917,147.9676594
,1163975.0000000,1732975.0000000,35.5792523,129.3097021,147.0534819
,1163985.0000000,1732975.0000000,35.5792507,129.3098124,146.5000000
,1163995.0000000,1732975.0000000,35.5792490,129.3099227,147.0185198
,1163005.0000000,1732985.0000000,35.5795027,129.2990034,86.6858061
,1163015.0000000,1732985.0000000,35.5795010,129.2991138,86.5322399
,1163025.0000000,1732985.0000000,35.5794994,129.2992241,86.5000000
,1163035.0000000,1732985.0000000,35.5794977,129.2993344,86.5000000
,1163045.0000000,1732985.0000000,35.5794961,129.2994447,86.5000000
,1163055.0000000,1732985.0000000,35.5794945,129.2995550,86.5000000
,1163065.0000000,1732985.0000000,35.5794928,129.2996653,86.5000000
,1163075.0000000,1732985.0000000,35.5794912,129.2997757,86.5000000
,1163085.0000000,1732985.0000000,35.5794895,129.2998860,86.5000000
,1163095.0000000,1732985.0000000,35.5794879,129.2999963,86.5469782
,1163105.0000000,1732985.0000000,35.5794862,129.3001066,88.0321468
,1163115.0000000,1732985.0000000,35.5794846,129.3002169,92.7222256
,1163125.0000000,1732985.0000000,35.5794829,129.3003272,95.7540184
,1163135.0000000,1732985.0000000,35.5794813,129.3004376,99.7038525
,1163145.0000000,1732985.0000000,35.5794796,129.3005479,104.0637401
,1163155.0000000,1732985.0000000,35.5794780,129.3006582,106.5856519
,1163165.0000000,1732985.0000000,35.5794763,129.3007685,107.3432212
,1163175.0000000,1732985.0000000,35.5794747,129.3008788,107.8462214
,1163185.0000000,1732985.0000000,35.5794730,129.3009891,107.1517560
,1163195.0000000,1732985.0000000,35.5794714,129.3010995,106.5993700
,1163205.0000000,1732985.0000000,35.5794697,129.3012098,106.5000000
,1163215.0000000,1732985.0000000,35.5794681,129.3013201,106.5000000
,1163225.0000000,1732985.0000000,35.5794664,129.3014304,107.1920232
,1163235.0000000,1732985.0000000,35.5794648,129.3015407,109.5712471
,1163245.0000000,1732985.0000000,35.5794631,129.3016510,111.4938161
,1163255.0000000,1732985.0000000,35.5794615,129.3017614,112.4451956
,1163265.0000000,1732985.0000000,35.5794598,129.3018717,112.6691096
,1163275.0000000,1732985.0000000,35.5794582,129.3019820,112.3252640
,1163285.0000000,1732985.0000000,35.5794565,129.3020923,113.7281850
,1163295.0000000,1732985.0000000,35.5794549,129.3022026,120.5018315
,1163305.0000000,1732985.0000000,35.5794532,129.3023129,124.6861068
,1163315.0000000,1732985.0000000,35.5794516,129.3024232,127.4726889
,1163325.0000000,1732985.0000000,35.5794499,129.3025336,131.4462580
,1163335.0000000,1732985.0000000,35.5794483,129.3026439,134.6996302
,1163345.0000000,1732985.0000000,35.5794466,129.3027542,137.2395179
,1163355.0000000,1732985.0000000,35.5794450,129.3028645,138.2470891
,1163365.0000000,1732985.0000000,35.5794433,129.3029748,140.1567383
,1163375.0000000,1732985.0000000,35.5794417,129.3030851,137.1361856
,1163385.0000000,1732985.0000000,35.5794400,129.3031955,135.5506277
,1163395.0000000,1732985.0000000,35.5794384,129.3033058,132.0927240
,1163405.0000000,1732985.0000000,35.5794367,129.3034161,130.9668093
,1163415.0000000,1732985.0000000,35.5794351,129.3035264,127.5587914
,1163425.0000000,1732985.0000000,35.5794334,129.3036367,126.6339339
,1163435.0000000,1732985.0000000,35.5794318,129.3037470,126.5000000
,1163445.0000000,1732985.0000000,35.5794301,129.3038574,126.5000000
,1163455.0000000,1732985.0000000,35.5794285,129.3039677,126.5000000
,1163465.0000000,1732985.0000000,35.5794268,129.3040780,126.5000000
,1163475.0000000,1732985.0000000,35.5794252,129.3041883,126.5000000
,1163485.0000000,1732985.0000000,35.5794235,129.3042986,126.5566012
,1163495.0000000,1732985.0000000,35.5794219,129.3044089,126.6947078
,1163505.0000000,1732985.0000000,35.5794202,129.3045193,130.1982840
,1163515.0000000,1732985.0000000,35.5794186,129.3046296,130.9421306
,1163525.0000000,1732985.0000000,35.5794169,129.3047399,132.0609978
,1163535.0000000,1732985.0000000,35.5794153,129.3048502,135.0807003
,1163545.0000000,1732985.0000000,35.5794136,129.3049605,136.5000000
,1163555.0000000,1732985.0000000,35.5794120,129.3050708,136.5996921
,1163565.0000000,1732985.0000000,35.5794103,129.3051811,140.8173192
,1163575.0000000,1732985.0000000,35.5794086,129.3052915,141.5000000
,1163585.0000000,1732985.0000000,35.5794070,129.3054018,141.3052718
,1163595.0000000,1732985.0000000,35.5794053,129.3055121,137.3112702
,1163605.0000000,1732985.0000000,35.5794037,129.3056224,136.7025710
,1163615.0000000,1732985.0000000,35.5794020,129.3057327,136.5000000
,1163625.0000000,1732985.0000000,35.5794004,129.3058430,136.8970741
,1163635.0000000,1732985.0000000,35.5793987,129.3059534,137.2248604
,1163645.0000000,1732985.0000000,35.5793971,129.3060637,136.7241437
,1163655.0000000,1732985.0000000,35.5793954,129.3061740,138.9797783
,1163665.0000000,1732985.0000000,35.5793938,129.3062843,140.9890728
,1163675.0000000,1732985.0000000,35.5793921,129.3063946,141.3305824
,1163685.0000000,1732985.0000000,35.5793905,129.3065049,140.0750141
,1163695.0000000,1732985.0000000,35.5793888,129.3066152,138.3836408
,1163705.0000000,1732985.0000000,35.5793872,129.3067256,136.8338760
,1163715.0000000,1732985.0000000,35.5793855,129.3068359,136.2618320
,1163725.0000000,1732985.0000000,35.5793838,129.3069462,133.8536956
,1163735.0000000,1732985.0000000,35.5793822,129.3070565,132.2785513
,1163745.0000000,1732985.0000000,35.5793805,129.3071668,131.6887191
,1163755.0000000,1732985.0000000,35.5793789,129.3072771,131.5000000
,1163765.0000000,1732985.0000000,35.5793772,129.3073875,131.5000000
,1163775.0000000,1732985.0000000,35.5793756,129.3074978,131.5000000
,1163785.0000000,1732985.0000000,35.5793739,129.3076081,131.5000000
,1163795.0000000,1732985.0000000,35.5793723,129.3077184,131.5000000
,1163805.0000000,1732985.0000000,35.5793706,129.3078287,131.5000000
,1163815.0000000,1732985.0000000,35.5793690,129.3079390,133.0116477
,1163825.0000000,1732985.0000000,35.5793673,129.3080494,136.0263320
,1163835.0000000,1732985.0000000,35.5793656,129.3081597,137.3051967
,1163845.0000000,1732985.0000000,35.5793640,129.3082700,140.3615823
,1163855.0000000,1732985.0000000,35.5793623,129.3083803,145.3548622
,1163865.0000000,1732985.0000000,35.5793607,129.3084906,150.0979700
,1163875.0000000,1732985.0000000,35.5793590,129.3086009,151.1813851
,1163885.0000000,1732985.0000000,35.5793574,129.3087112,151.4284346
,1163895.0000000,1732985.0000000,35.5793557,129.3088216,151.4432507
,1163905.0000000,1732985.0000000,35.5793541,129.3089319,150.6978486
,1163915.0000000,1732985.0000000,35.5793524,129.3090422,150.2856856
,1163925.0000000,1732985.0000000,35.5793507,129.3091525,150.5930991
,1163935.0000000,1732985.0000000,35.5793491,129.3092628,150.8007439
,1163945.0000000,1732985.0000000,35.5793474,129.3093731,150.9012631
,1163955.0000000,1732985.0000000,35.5793458,129.3094835,147.6128111
,1163965.0000000,1732985.0000000,35.5793441,129.3095938,147.1588555
,1163975.0000000,1732985.0000000,35.5793425,129.3097041,146.5364445
,1163985.0000000,1732985.0000000,35.5793408,129.3098144,145.6810315
,1163995.0000000,1732985.0000000,35.5793391,129.3099247,148.1090404
,1163005.0000000,1732995.0000000,35.5795928,129.2990055,86.5000000
,1163015.0000000,1732995.0000000,35.5795912,129.2991158,86.5000000
,1163025.0000000,1732995.0000000,35.5795895,129.2992261,86.5000000
,1163035.0000000,1732995.0000000,35.5795879,129.2993364,86.5000000
,1163045.0000000,1732995.0000000,35.5795862,129.2994467,86.5000000
,1163055.0000000,1732995.0000000,35.5795846,129.2995570,86.5000000
,1163065.0000000,1732995.0000000,35.5795829,129.2996674,86.5000000
,1163075.0000000,1732995.0000000,35.5795813,129.2997777,86.5000000
,1163085.0000000,1732995.0000000,35.5795796,129.2998880,86.5000000
,1163095.0000000,1732995.0000000,35.5795780,129.2999983,86.6187928
,1163105.0000000,1732995.0000000,35.5795763,129.3001086,90.8086120
,1163115.0000000,1732995.0000000,35.5795747,129.3002189,94.9149896
,1163125.0000000,1732995.0000000,35.5795730,129.3003293,97.1427539
,1163135.0000000,1732995.0000000,35.5795714,129.3004396,101.2769009
,1163145.0000000,1732995.0000000,35.5795697,129.3005499,104.6575709
,1163155.0000000,1732995.0000000,35.5795681,129.3006602,106.3903000
,1163165.0000000,1732995.0000000,35.5795664,129.3007705,105.9469474
,1163175.0000000,1732995.0000000,35.5795648,129.3008808,106.1317033
,1163185.0000000,1732995.0000000,35.5795631,129.3009912,106.0887027
,1163195.0000000,1732995.0000000,35.5795615,129.3011015,106.0803858
,1163205.0000000,1732995.0000000,35.5795599,129.3012118,106.5000000
,1163215.0000000,1732995.0000000,35.5795582,129.3013221,106.5453668
,1163225.0000000,1732995.0000000,35.5795566,129.3014324,106.5220507
,1163235.0000000,1732995.0000000,35.5795549,129.3015427,109.6001018
,1163245.0000000,1732995.0000000,35.5795533,129.3016531,111.5377335
,1163255.0000000,1732995.0000000,35.5795516,129.3017634,113.6331631
,1163265.0000000,1732995.0000000,35.5795500,129.3018737,113.0724452
,1163275.0000000,1732995.0000000,35.5795483,129.3019840,112.4297278
,1163285.0000000,1732995.0000000,35.5795467,129.3020943,113.8626202
,1163295.0000000,1732995.0000000,35.5795450,129.3022046,118.0875512
,1163305.0000000,1732995.0000000,35.5795434,129.3023150,123.0672477
,1163315.0000000,1732995.0000000,35.5795417,129.3024253,125.2302564
,1163325.0000000,1732995.0000000,35.5795401,129.3025356,127.8579504
,1163335.0000000,1732995.0000000,35.5795384,129.3026459,131.9741354
,1163345.0000000,1732995.0000000,35.5795368,129.3027562,133.5452963
,1163355.0000000,1732995.0000000,35.5795351,129.3028665,132.9633261
,1163365.0000000,1732995.0000000,35.5795335,129.3029768,132.9218867
,1163375.0000000,1732995.0000000,35.5795318,129.3030872,131.7604729
,1163385.0000000,1732995.0000000,35.5795302,129.3031975,131.4938793
,1163395.0000000,1732995.0000000,35.5795285,129.3033078,130.8626369
,1163405.0000000,1732995.0000000,35.5795269,129.3034181,128.6289225
,1163415.0000000,1732995.0000000,35.5795252,129.3035284,126.7339147
,1163425.0000000,1732995.0000000,35.5795235,129.3036387,126.2882490
,1163435.0000000,1732995.0000000,35.5795219,129.3037491,125.5718067
,1163445.0000000,1732995.0000000,35.5795202,129.3038594,125.0727005
,1163455.0000000,1732995.0000000,35.5795186,129.3039697,125.3933832
,1163465.0000000,1732995.0000000,35.5795169,129.3040800,126.5000000
,1163475.0000000,1732995.0000000,35.5795153,129.3041903,126.5000000
,1163485.0000000,1732995.0000000,35.5795136,129.3043006,127.3174415
,1163495.0000000,1732995.0000000,35.5795120,129.3044110,127.2377932
,1163505.0000000,1732995.0000000,35.5795103,129.3045213,130.5261169
,1163515.0000000,1732995.0000000,35.5795087,129.3046316,131.1252459
,1163525.0000000,1732995.0000000,35.5795070,129.3047419,131.5000000
,1163535.0000000,1732995.0000000,35.5795054,129.3048522,132.3067903
,1163545.0000000,1732995.0000000,35.5795037,129.3049625,134.4539850
,1163555.0000000,1732995.0000000,35.5795021,129.3050729,137.1840280
,1163565.0000000,1732995.0000000,35.5795004,129.3051832,140.5182283
,1163575.0000000,1732995.0000000,35.5794988,129.3052935,141.4290797
,1163585.0000000,1732995.0000000,35.5794971,129.3054038,138.9512869
,1163595.0000000,1732995.0000000,35.5794955,129.3055141,136.6850290
,1163605.0000000,1732995.0000000,35.5794938,129.3056244,136.6529420
,1163615.0000000,1732995.0000000,35.5794922,129.3057347,136.5000000
,1163625.0000000,1732995.0000000,35.5794905,129.3058451,136.2887238
,1163635.0000000,1732995.0000000,35.5794889,129.3059554,136.7123806
,1163645.0000000,1732995.0000000,35.5794872,129.3060657,137.1050317
,1163655.0000000,1732995.0000000,35.5794855,129.3061760,137.7128401
,1163665.0000000,1732995.0000000,35.5794839,129.3062863,139.2203432
,1163675.0000000,1732995.0000000,35.5794822,129.3063966,138.8171214
,1163685.0000000,1732995.0000000,35.5794806,129.3065070,137.5005855
,1163695.0000000,1732995.0000000,35.5794789,129.3066173,136.5348514
,1163705.0000000,1732995.0000000,35.5794773,129.3067276,135.5198918
,1163715.0000000,1732995.0000000,35.5794756,129.3068379,133.2472040
,1163725.0000000,1732995.0000000,35.5794740,129.3069482,131.9256930
,1163735.0000000,1732995.0000000,35.5794723,129.3070585,131.5996421
,1163745.0000000,1732995.0000000,35.5794707,129.3071689,131.5233522
,1163755.0000000,1732995.0000000,35.5794690,129.3072792,131.5000000
,1163765.0000000,1732995.0000000,35.5794674,129.3073895,131.5000000
,1163775.0000000,1732995.0000000,35.5794657,129.3074998,131.5000000
,1163785.0000000,1732995.0000000,35.5794640,129.3076101,131.5000000
,1163795.0000000,1732995.0000000,35.5794624,129.3077204,131.5000000
,1163805.0000000,1732995.0000000,35.5794607,129.3078307,131.5000000
,1163815.0000000,1732995.0000000,35.5794591,129.3079411,131.8809884
,1163825.0000000,1732995.0000000,35.5794574,129.3080514,135.1884213
,1163835.0000000,1732995.0000000,35.5794558,129.3081617,137.4551897
,1163845.0000000,1732995.0000000,35.5794541,129.3082720,138.7830232
,1163855.0000000,1732995.0000000,35.5794525,129.3083823,146.2289275
,1163865.0000000,1732995.0000000,35.5794508,129.3084926,147.5438796
,1163875.0000000,1732995.0000000,35.5794491,129.3086030,150.9563002
,1163885.0000000,1732995.0000000,35.5794475,129.3087133,151.3509888
,1163895.0000000,1732995.0000000,35.5794458,129.3088236,150.2411599
,1163905.0000000,1732995.0000000,35.5794442,129.3089339,148.1285035
,1163915.0000000,1732995.0000000,35.5794425,129.3090442,147.4656148
,1163925.0000000,1732995.0000000,35.5794409,129.3091545,147.8625389
,1163935.0000000,1732995.0000000,35.5794392,129.3092648,148.5921977
,1163945.0000000,1732995.0000000,35.5794376,129.3093752,147.2064871
,1163955.0000000,1732995.0000000,35.5794359,129.3094855,146.4408545
,1163965.0000000,1732995.0000000,35.5794342,129.3095958,144.3695238
,1163975.0000000,1732995.0000000,35.5794326,129.3097061,143.1873419
,1163985.0000000,1732995.0000000,35.5794309,129.3098164,143.6313448
,1163995.0000000,1732995.0000000,35.5794293,129.3099267,147.2412305
