reference,x_epsg5179,y_epsg5179,lat,lon,alt
,1163000.0000000,1732000.0000000,35.5706266,129.2987498,124.8263581
,1163010.0000000,1732000.0000000,35.5706249,129.2988601,126.5000000
,1163020.0000000,1732000.0000000,35.5706233,129.2989704,126.5000000
,1163030.0000000,1732000.0000000,35.5706216,129.2990807,124.5786227
,1163040.0000000,1732000.0000000,35.5706200,129.2991910,120.0765111
,1163050.0000000,1732000.0000000,35.5706183,129.2993013,115.8974580
,1163060.0000000,1732000.0000000,35.5706167,129.2994116,111.2892206
,1163070.0000000,1732000.0000000,35.5706150,129.2995219,106.6585729
,1163080.0000000,1732000.0000000,35.5706134,129.2996322,102.9007888
,1163090.0000000,1732000.0000000,35.5706117,129.2997425,101.5248617
,1163100.0000000,1732000.0000000,35.5706101,129.2998528,101.5000000
,1163110.0000000,1732000.0000000,35.5706085,129.2999631,101.5569698
,1163120.0000000,1732000.0000000,35.5706068,129.3000734,101.6076023
,1163130.0000000,1732000.0000000,35.5706052,129.3001837,103.7830991
,1163140.0000000,1732000.0000000,35.5706035,129.3002940,106.3809451
,1163150.0000000,1732000.0000000,35.5706019,129.3004043,109.3780049
,1163160.0000000,1732000.0000000,35.5706002,129.3005146,111.2239615
,1163170.0000000,1732000.0000000,35.5705986,129.3006249,111.5278802
,1163180.0000000,1732000.0000000,35.5705969,129.3007352,111.8963112
,1163190.0000000,1732000.0000000,35.5705953,129.3008455,113.9897821
,1163200.0000000,1732000.0000000,35.5705936,129.3009558,115.9136291
,1163210.0000000,1732000.0000000,35.5705920,129.3010661,117.1637203
,1163220.0000000,1732000.0000000,35.5705903,129.3011765,118.8426983
,1163230.0000000,1732000.0000000,35.5705887,129.3012868,120.9957816
,1163240.0000000,1732000.0000000,35.5705870,129.3013971,119.6925183
,1163250.0000000,1732000.0000000,35.5705854,129.3015074,119.9365661
,1163260.0000000,1732000.0000000,35.5705837,129.3016177,122.1043854
,1163270.0000000,1732000.0000000,35.5705821,129.3017280,124.8387213
,1163280.0000000,1732000.0000000,35.5705804,129.3018383,126.0011758
,1163290.0000000,1732000.0000000,35.5705788,129.3019486,127.6011045
,1163300.0000000,1732000.0000000,35.5705771,129.3020589,130.2388757
,1163310.0000000,1732000.0000000,35.5705755,129.3021692,130.3980935
,1163320.0000000,1732000.0000000,35.5705738,129.3022795,127.6749355
,1163330.0000000,1732000.0000000,35.5705722,129.3023898,126.4625352
,1163340.0000000,1732000.0000000,35.5705705,129.3025001,121.6331384
,1163350.0000000,1732000.0000000,35.5705689,129.3026104,116.8822838
,1163360.0000000,1732000.0000000,35.5705672,129.3027207,115.1930275
,1163370.0000000,1732000.0000000,35.5705656,129.3028310,111.6900341
,1163380.0000000,1732000.0000000,35.5705639,129.3029413,110.5547904
,1163390.0000000,1732000.0000000,35.5705623,129.3030516,107.4222212
,1163400.0000000,1732000.0000000,35.5705606,129.3031619,106.5911837
,1163410.0000000,1732000.0000000,35.5705590,129.3032722,106.3771195
,1163420.0000000,1732000.0000000,35.5705573,129.3033825,104.0990832
,1163430.0000000,1732000.0000000,35.5705557,129.3034928,101.0260427
,1163440.0000000,1732000.0000000,35.5705540,129.3036031,101.1204300
,1163450.0000000,1732000.0000000,35.5705524,129.3037134,99.5011654
,1163460.0000000,1732000.0000000,35.5705507,129.3038237,96.8060815
,1163470.0000000,1732000.0000000,35.5705491,129.3039340,99.3700100
,1163480.0000000,1732000.0000000,35.5705474,129.3040444,100.7128538
,1163490.0000000,1732000.0000000,35.5705458,129.3041547,101.4654681
,1163500.0000000,1732000.0000000,35.5705441,129.3042650,101.7083553
,1163510.0000000,1732000.0000000,35.5705425,129.3043753,106.4091573
,1163520.0000000,1732000.0000000,35.5705408,129.3044856,107.9029170
,1163530.0000000,1732000.0000000,35.5705392,129.3045959,109.7399036
,1163540.0000000,1732000.0000000,35.5705375,129.3047062,110.6311052
,1163550.0000000,1732000.0000000,35.5705359,129.3048165,110.6927322
,1163560.0000000,1732000.0000000,35.5705342,129.3049268,110.2460917
,1163570.0000000,1732000.0000000,35.5705326,129.3050371,107.8316402
,1163580.0000000,1732000.0000000,35.5705309,129.3051474,106.0286054
,1163590.0000000,1732000.0000000,35.5705293,129.3052577,103.3849200
,1163600.0000000,1732000.0000000,35.5705276,129.3053680,102.0887388
,1163610.0000000,1732000.0000000,35.5705260,129.3054783,103.7140775
,1163620.0000000,1732000.0000000,35.5705243,129.3055886,105.6393120
,1163630.0000000,1732000.0000000,35.5705226,129.3056989,105.9381640
,1163640.0000000,1732000.0000000,35.5705210,129.3058092,106.2333676
,1163650.0000000,1732000.0000000,35.5705193,129.3059195,106.5132343
,1163660.0000000,1732000.0000000,35.5705177,129.3060298,107.0155021
,1163670.0000000,1732000.0000000,35.5705160,129.3061401,109.8793150
,1163680.0000000,1732000.0000000,35.5705144,129.3062504,112.0235974
,1163690.0000000,1732000.0000000,35.5705127,129.3063607,116.1475934
,1163700.0000000,1732000.0000000,35.5705111,129.3064710,118.0902683
,1163710.0000000,1732000.0000000,35.5705094,129.3065813,121.1821947
,1163720.0000000,1732000.0000000,35.5705078,129.3066916,124.1282301
,1163730.0000000,1732000.0000000,35.5705061,129.3068019,126.4536938
,1163740.0000000,1732000.0000000,35.5705045,129.3069122,126.2717034
,1163750.0000000,1732000.0000000,35.5705028,129.3070225,125.6343272
,1163760.0000000,1732000.0000000,35.5705012,129.3071329,121.2535783
,1163770.0000000,1732000.0000000,35.5704995,129.3072432,119.1894549
,1163780.0000000,1732000.0000000,35.5704978,129.3073535,116.2831891
,1163790.0000000,1732000.0000000,35.5704962,129.3074638,111.5247071
,1163800.0000000,1732000.0000000,35.5704945,129.3075741,106.8889717
,1163810.0000000,1732000.0000000,35.5704929,129.3076844,104.7965470
,1163820.0000000,1732000.0000000,35.5704912,129.3077947,101.3046610
,1163830.0000000,1732000.0000000,35.5704896,129.3079050,96.5980955
,1163840.0000000,1732000.0000000,35.5704879,129.3080153,94.5813339
,1163850.0000000,1732000.0000000,35.5704863,129.3081256,92.5057567
,1163860.0000000,1732000.0000000,35.5704846,129.3082359,90.9192177
,1163870.0000000,1732000.0000000,35.5704830,129.3083462,86.6400989
,1163880.0000000,1732000.0000000,35.5704813,129.3084565,85.7450386
,1163890.0000000,1732000.0000000,35.5704796,129.3085668,81.6244535
,1163900.0000000,1732000.0000000,35.5704780,129.3086771,81.0956672
,1163910.0000000,1732000.0000000,35.5704763,129.3087874,81.4955760
,1163920.0000000,1732000.0000000,35.5704747,129.3088977,85.7620353
,1163930.0000000,1732000.0000000,35.5704730,129.3090080,86.5569233
,1163940.0000000,1732000.0000000,35.5704714,129.3091183,86.7837814
,1163950.0000000,1732000.0000000,35.5704697,129.3092286,90.5292150
,1163960.0000000,1732000.0000000,35.5704681,129.3093389,91.7910048
,1163970.0000000,1732000.0000000,35.5704664,129.3094492,96.1073282
,1163980.0000000,1732000.0000000,35.5704647,129.3095595,97.6660528
,1163990.0000000,1732000.0000000,35.5704631,129.3096698,101.2185288
,1164000.0000000,1732000.0000000,35.5704614,129.3097801,103.5115851
,1164000.0000000,1732010.0000000,35.5705515,129.3097822,101.8196822
,1163990.0000000,1732010.0000000,35.5705532,129.3096719,100.5569233
,1163980.0000000,1732010.0000000,35.5705549,129.3095616,96.6420042
,1163970.0000000,1732010.0000000,35.5705565,129.3094512,95.9063397
,1163960.0000000,1732010.0000000,35.5705582,129.3093409,92.4325380
,1163950.0000000,1732010.0000000,35.5705598,129.3092306,91.4051823
,1163940.0000000,1732010.0000000,35.5705615,129.3091203,88.0899420
,1163930.0000000,1732010.0000000,35.5705631,129.3090100,86.7949443
,1163920.0000000,1732010.0000000,35.5705648,129.3088997,85.8575324
,1163910.0000000,1732010.0000000,35.5705665,129.3087894,84.5343157
,1163900.0000000,1732010.0000000,35.5705681,129.3086791,81.7917335
,1163890.0000000,1732010.0000000,35.5705698,129.3085688,84.2541695
,1163880.0000000,1732010.0000000,35.5705714,129.3084585,86.6068465
,1163870.0000000,1732010.0000000,35.5705731,129.3083482,91.0875760
,1163860.0000000,1732010.0000000,35.5705747,129.3082379,94.9895064
,1163850.0000000,1732010.0000000,35.5705764,129.3081276,97.0391428
,1163840.0000000,1732010.0000000,35.5705780,129.3080173,99.8869078
,1163830.0000000,1732010.0000000,35.5705797,129.3079070,101.4554230
,1163820.0000000,1732010.0000000,35.5705813,129.3077967,102.2481823
,1163810.0000000,1732010.0000000,35.5705830,129.3076864,106.3553818
,1163800.0000000,1732010.0000000,35.5705847,129.3075761,108.9581413
,1163790.0000000,1732010.0000000,35.5705863,129.3074658,113.8512388
,1163780.0000000,1732010.0000000,35.5705880,129.3073555,117.8682931
,1163770.0000000,1732010.0000000,35.5705896,129.3072452,121.5862813
,1163760.0000000,1732010.0000000,35.5705913,129.3071349,125.8678941
,1163750.0000000,1732010.0000000,35.5705929,129.3070246,128.3838172
,1163740.0000000,1732010.0000000,35.5705946,129.3069143,128.4231199
,1163730.0000000,1732010.0000000,35.5705962,129.3068040,126.5305461
,1163720.0000000,1732010.0000000,35.5705979,129.3066937,124.1964673
,1163710.0000000,1732010.0000000,35.5705995,129.3065834,121.3835887
,1163700.0000000,1732010.0000000,35.5706012,129.3064731,118.7241888
,1163690.0000000,1732010.0000000,35.5706029,129.3063627,116.1737791
,1163680.0000000,1732010.0000000,35.5706045,129.3062524,112.7610182
,1163670.0000000,1732010.0000000,35.5706062,129.3061421,111.3425795
,1163660.0000000,1732010.0000000,35.5706078,129.3060318,110.4168373
,1163650.0000000,1732010.0000000,35.5706095,129.3059215,110.6095177
,1163640.0000000,1732010.0000000,35.5706111,129.3058112,110.2594894
,1163630.0000000,1732010.0000000,35.5706128,129.3057009,108.8145874
,1163620.0000000,1732010.0000000,35.5706144,129.3055906,107.5147533
,1163610.0000000,1732010.0000000,35.5706161,129.3054803,106.7040838
,1163600.0000000,1732010.0000000,35.5706177,129.3053700,106.1222423
,1163590.0000000,1732010.0000000,35.5706194,129.3052597,106.3836262
,1163580.0000000,1732010.0000000,35.5706210,129.3051494,108.6966849
,1163570.0000000,1732010.0000000,35.5706227,129.3050391,112.2442479
,1163560.0000000,1732010.0000000,35.5706243,129.3049288,112.4277013
,1163550.0000000,1732010.0000000,35.5706260,129.3048185,112.9328594
,1163540.0000000,1732010.0000000,35.5706276,129.3047082,112.8608664
,1163530.0000000,1732010.0000000,35.5706293,129.3045979,112.1961580
,1163520.0000000,1732010.0000000,35.5706309,129.3044876,111.4912234
,1163510.0000000,1732010.0000000,35.5706326,129.3043773,109.7506970
,1163500.0000000,1732010.0000000,35.5706342,129.3042670,106.9559323
,1163490.0000000,1732010.0000000,35.5706359,129.3041567,104.7851805
,1163480.0000000,1732010.0000000,35.5706375,129.3040464,103.2885840
,1163470.0000000,1732010.0000000,35.5706392,129.3039361,101.7828860
,1163460.0000000,1732010.0000000,35.5706409,129.3038258,101.0448445
,1163450.0000000,1732010.0000000,35.5706425,129.3037155,101.4225637
,1163440.0000000,1732010.0000000,35.5706442,129.3036052,101.0974475
,1163430.0000000,1732010.0000000,35.5706458,129.3034949,101.6846165
,1163420.0000000,1732010.0000000,35.5706475,129.3033845,104.5613103
,1163410.0000000,1732010.0000000,35.5706491,129.3032742,106.7544651
,1163400.0000000,1732010.0000000,35.5706508,129.3031639,106.5509003
,1163390.0000000,1732010.0000000,35.5706524,129.3030536,108.7801397
,1163380.0000000,1732010.0000000,35.5706541,129.3029433,111.5403200
,1163370.0000000,1732010.0000000,35.5706557,129.3028330,113.4161125
,1163360.0000000,1732010.0000000,35.5706574,129.3027227,116.3985727
,1163350.0000000,1732010.0000000,35.5706590,129.3026124,119.8368463
,1163340.0000000,1732010.0000000,35.5706607,129.3025021,122.3597907
,1163330.0000000,1732010.0000000,35.5706623,129.3023918,126.4645441
,1163320.0000000,1732010.0000000,35.5706640,129.3022815,129.2844029
,1163310.0000000,1732010.0000000,35.5706656,129.3021712,131.4048575
,1163300.0000000,1732010.0000000,35.5706673,129.3020609,131.4781387
,1163290.0000000,1732010.0000000,35.5706689,129.3019506,130.7572114
,1163280.0000000,1732010.0000000,35.5706706,129.3018403,128.4622516
,1163270.0000000,1732010.0000000,35.5706722,129.3017300,126.4128793
,1163260.0000000,1732010.0000000,35.5706739,129.3016197,124.7614130
,1163250.0000000,1732010.0000000,35.5706755,129.3015094,123.9951925
,1163240.0000000,1732010.0000000,35.5706771,129.3013991,122.3717792
,1163230.0000000,1732010.0000000,35.5706788,129.3012888,121.5282592
,1163220.0000000,1732010.0000000,35.5706804,129.3011785,120.4931809
,1163210.0000000,1732010.0000000,35.5706821,129.3010682,117.9853870
,1163200.0000000,1732010.0000000,35.5706837,129.3009579,116.5644023
,1163190.0000000,1732010.0000000,35.5706854,129.3008476,115.6241378
,1163180.0000000,1732010.0000000,35.5706870,129.3007373,114.5025303
,1163170.0000000,1732010.0000000,35.5706887,129.3006269,112.4888251
,1163160.0000000,1732010.0000000,35.5706903,129.3005166,111.5581031
,1163150.0000000,1732010.0000000,35.5706920,129.3004063,110.9148062
,1163140.0000000,1732010.0000000,35.5706936,129.3002960,108.6497541
,1163130.0000000,1732010.0000000,35.5706953,129.3001857,106.4082068
,1163120.0000000,1732010.0000000,35.5706969,129.3000754,104.1264401
,1163110.0000000,1732010.0000000,35.5706986,129.2999651,102.4524335
,1163100.0000000,1732010.0000000,35.5707002,129.2998548,102.2653317
,1163090.0000000,1732010.0000000,35.5707019,129.2997445,103.3954695
,1163080.0000000,1732010.0000000,35.5707035,129.2996342,105.5046969
,1163070.0000000,1732010.0000000,35.5707052,129.2995239,106.7706918
,1163060.0000000,1732010.0000000,35.5707068,129.2994136,110.6262467
,1163050.0000000,1732010.0000000,35.5707085,129.2993033,115.8689033
,1163040.0000000,1732010.0000000,35.5707101,129.2991930,119.1072158
,1163030.0000000,1732010.0000000,35.5707118,129.2990827,122.4464735
,1163020.0000000,1732010.0000000,35.5707134,129.2989724,126.1870088
,1163010.0000000,1732010.0000000,35.5707150,129.2988621,126.5000000
,1163000.0000000,1732010.0000000,35.5707167,129.2987518,126.0806683
,1163000.0000000,1732020.0000000,35.5708068,129.2987538,126.2702158
,1163010.0000000,1732020.0000000,35.5708052,129.2988641,126.2825800
,1163020.0000000,1732020.0000000,35.5708035,129.2989744,124.4680397
,1163030.0000000,1732020.0000000,35.5708019,129.2990847,121.5059676
,1163040.0000000,1732020.0000000,35.5708002,129.2991950,119.1245533
,1163050.0000000,1732020.0000000,35.5707986,129.2993053,115.7074922
,1163060.0000000,1732020.0000000,35.5707969,129.2994156,111.4788002
,1163070.0000000,1732020.0000000,35.5707953,129.2995259,107.4691999
,1163080.0000000,1732020.0000000,35.5707936,129.2996362,106.6011137
,1163090.0000000,1732020.0000000,35.5707920,129.2997465,106.3609661
,1163100.0000000,1732020.0000000,35.5707903,129.2998568,106.0513604
,1163110.0000000,1732020.0000000,35.5707887,129.2999671,105.8200206
,1163120.0000000,1732020.0000000,35.5707870,129.3000774,106.4698989
,1163130.0000000,1732020.0000000,35.5707854,129.3001877,109.1657093
,1163140.0000000,1732020.0000000,35.5707838,129.3002981,111.1194692
,1163150.0000000,1732020.0000000,35.5707821,129.3004084,111.5980602
,1163160.0000000,1732020.0000000,35.5707805,129.3005187,113.3475495
,1163170.0000000,1732020.0000000,35.5707788,129.3006290,115.7223732
,1163180.0000000,1732020.0000000,35.5707772,129.3007393,116.4701328
,1163190.0000000,1732020.0000000,35.5707755,129.3008496,116.7046088
,1163200.0000000,1732020.0000000,35.5707739,129.3009599,118.1278507
,1163210.0000000,1732020.0000000,35.5707722,129.3010702,120.0267190
,1163220.0000000,1732020.0000000,35.5707706,129.3011805,121.4897618
,1163230.0000000,1732020.0000000,35.5707689,129.3012908,122.8405805
,1163240.0000000,1732020.0000000,35.5707673,129.3014011,125.1592229
,1163250.0000000,1732020.0000000,35.5707656,129.3015114,126.5399885
,1163260.0000000,1732020.0000000,35.5707640,129.3016217,127.0635945
,1163270.0000000,1732020.0000000,35.5707623,129.3017320,129.3464662
,1163280.0000000,1732020.0000000,35.5707607,129.3018423,131.1389454
,1163290.0000000,1732020.0000000,35.5707590,129.3019526,131.5000000
,1163300.0000000,1732020.0000000,35.5707574,129.3020629,131.5000000
,1163310.0000000,1732020.0000000,35.5707557,129.3021732,131.4718983
,1163320.0000000,1732020.0000000,35.5707541,129.3022835,130.3319462
,1163330.0000000,1732020.0000000,35.5707524,129.3023938,126.2128711
,1163340.0000000,1732020.0000000,35.5707508,129.3025041,122.5134999
,1163350.0000000,1732020.0000000,35.5707491,129.3026144,121.0094013
,1163360.0000000,1732020.0000000,35.5707475,129.3027247,117.1554283
,1163370.0000000,1732020.0000000,35.5707458,129.3028350,114.8129921
,1163380.0000000,1732020.0000000,35.5707442,129.3029454,111.6177856
,1163390.0000000,1732020.0000000,35.5707425,129.3030557,110.1237327
,1163400.0000000,1732020.0000000,35.5707409,129.3031660,107.2387477
,1163410.0000000,1732020.0000000,35.5707392,129.3032763,106.7755884
,1163420.0000000,1732020.0000000,35.5707376,129.3033866,106.4207756
,1163430.0000000,1732020.0000000,35.5707359,129.3034969,104.1388469
,1163440.0000000,1732020.0000000,35.5707343,129.3036072,101.7776670
,1163450.0000000,1732020.0000000,35.5707326,129.3037175,101.5000000
,1163460.0000000,1732020.0000000,35.5707310,129.3038278,101.5873444
,1163470.0000000,1732020.0000000,35.5707293,129.3039381,103.9140278
,1163480.0000000,1732020.0000000,35.5707277,129.3040484,107.4399635
,1163490.0000000,1732020.0000000,35.5707260,129.3041587,110.7233007
,1163500.0000000,1732020.0000000,35.5707244,129.3042690,111.5082433
,1163510.0000000,1732020.0000000,35.5707227,129.3043793,112.8185651
,1163520.0000000,1732020.0000000,35.5707211,129.3044896,115.1756093
,1163530.0000000,1732020.0000000,35.5707194,129.3045999,116.2624310
,1163540.0000000,1732020.0000000,35.5707178,129.3047102,116.5108740
,1163550.0000000,1732020.0000000,35.5707161,129.3048205,116.5436051
,1163560.0000000,1732020.0000000,35.5707145,129.3049308,116.4982721
,1163570.0000000,1732020.0000000,35.5707128,129.3050411,116.3239076
,1163580.0000000,1732020.0000000,35.5707112,129.3051514,112.8685962
,1163590.0000000,1732020.0000000,35.5707095,129.3052617,110.9324446
,1163600.0000000,1732020.0000000,35.5707078,129.3053720,107.5714327
,1163610.0000000,1732020.0000000,35.5707062,129.3054823,108.6729980
,1163620.0000000,1732020.0000000,35.5707045,129.3055926,111.3717633
,1163630.0000000,1732020.0000000,35.5707029,129.3057030,112.0754485
,1163640.0000000,1732020.0000000,35.5707012,129.3058133,112.6479187
,1163650.0000000,1732020.0000000,35.5706996,129.3059236,113.0034423
,1163660.0000000,1732020.0000000,35.5706979,129.3060339,112.2219612
,1163670.0000000,1732020.0000000,35.5706963,129.3061442,112.0219473
,1163680.0000000,1732020.0000000,35.5706946,129.3062545,114.2115515
,1163690.0000000,1732020.0000000,35.5706930,129.3063648,116.5316082
,1163700.0000000,1732020.0000000,35.5706913,129.3064751,118.2549391
,1163710.0000000,1732020.0000000,35.5706897,129.3065854,121.3184242
,1163720.0000000,1732020.0000000,35.5706880,129.3066957,124.3980691
,1163730.0000000,1732020.0000000,35.5706864,129.3068060,126.7095668
,1163740.0000000,1732020.0000000,35.5706847,129.3069163,130.1133554
,1163750.0000000,1732020.0000000,35.5706831,129.3070266,131.3561384
,1163760.0000000,1732020.0000000,35.5706814,129.3071369,129.8341037
,1163770.0000000,1732020.0000000,35.5706797,129.3072472,125.5121858
,1163780.0000000,1732020.0000000,35.5706781,129.3073575,120.2715257
,1163790.0000000,1732020.0000000,35.5706764,129.3074678,115.5918413
,1163800.0000000,1732020.0000000,35.5706748,129.3075781,111.7723049
,1163810.0000000,1732020.0000000,35.5706731,129.3076884,109.4016689
,1163820.0000000,1732020.0000000,35.5706715,129.3077987,106.8534069
,1163830.0000000,1732020.0000000,35.5706698,129.3079090,105.3676119
,1163840.0000000,1732020.0000000,35.5706682,129.3080193,103.3060861
,1163850.0000000,1732020.0000000,35.5706665,129.3081296,101.1972431
,1163860.0000000,1732020.0000000,35.5706649,129.3082399,97.5527848
,1163870.0000000,1732020.0000000,35.5706632,129.3083502,92.1512972
,1163880.0000000,1732020.0000000,35.5706615,129.3084605,88.9737198
,1163890.0000000,1732020.0000000,35.5706599,129.3085708,86.4708089
,1163900.0000000,1732020.0000000,35.5706582,129.3086811,85.4523739
,1163910.0000000,1732020.0000000,35.5706566,129.3087915,86.3133167
,1163920.0000000,1732020.0000000,35.5706549,129.3089018,86.6808312
,1163930.0000000,1732020.0000000,35.5706533,129.3090121,88.5435375
,1163940.0000000,1732020.0000000,35.5706516,129.3091224,91.2437079
,1163950.0000000,1732020.0000000,35.5706500,129.3092327,93.0444275
,1163960.0000000,1732020.0000000,35.5706483,129.3093430,95.7143798
,1163970.0000000,1732020.0000000,35.5706466,129.3094533,96.7649010
,1163980.0000000,1732020.0000000,35.5706450,129.3095636,99.1847118
,1163990.0000000,1732020.0000000,35.5706433,129.3096739,101.7693783
,1164000.0000000,1732020.0000000,35.5706417,129.3097842,105.2378654
,1164000.0000000,1732030.0000000,35.5707318,129.3097862,106.3501174
,1163990.0000000,1732030.0000000,35.5707334,129.3096759,103.9462752
,1163980.0000000,1732030.0000000,35.5707351,129.3095656,101.3692149
,1163970.0000000,1732030.0000000,35.5707368,129.3094553,98.8355155
,1163960.0000000,1732030.0000000,35.5707384,129.3093450,96.5431944
,1163950.0000000,1732030.0000000,35.5707401,129.3092347,95.2633393
,1163940.0000000,1732030.0000000,35.5707417,129.3091244,91.7551757
,1163930.0000000,1732030.0000000,35.5707434,129.3090141,90.2209768
,1163920.0000000,1732030.0000000,35.5707450,129.3089038,87.7389643
,1163910.0000000,1732030.0000000,35.5707467,129.3087935,86.6681415
,1163900.0000000,1732030.0000000,35.5707484,129.3086832,86.8918399
,1163890.0000000,1732030.0000000,35.5707500,129.3085729,88.8199882
,1163880.0000000,1732030.0000000,35.5707517,129.3084626,91.9893346
,1163870.0000000,1732030.0000000,35.5707533,129.3083523,96.8127920
,1163860.0000000,1732030.0000000,35.5707550,129.3082420,101.3201955
,1163850.0000000,1732030.0000000,35.5707566,129.3081317,104.6345596
,1163840.0000000,1732030.0000000,35.5707583,129.3080214,106.5363173
,1163830.0000000,1732030.0000000,35.5707599,129.3079110,109.4551599
,1163820.0000000,1732030.0000000,35.5707616,129.3078007,111.5239018
,1163810.0000000,1732030.0000000,35.5707632,129.3076904,113.8404527
,1163800.0000000,1732030.0000000,35.5707649,129.3075801,115.7366153
,1163790.0000000,1732030.0000000,35.5707666,129.3074698,116.7901401
,1163780.0000000,1732030.0000000,35.5707682,129.3073595,121.5789491
,1163770.0000000,1732030.0000000,35.5707699,129.3072492,126.7003882
,1163760.0000000,1732030.0000000,35.5707715,129.3071389,131.0281963
,1163750.0000000,1732030.0000000,35.5707732,129.3070286,131.5361320
,1163740.0000000,1732030.0000000,35.5707748,129.3069183,131.0043613
,1163730.0000000,1732030.0000000,35.5707765,129.3068080,127.2993863
,1163720.0000000,1732030.0000000,35.5707781,129.3066977,125.1308121
,1163710.0000000,1732030.0000000,35.5707798,129.3065874,121.5096476
,1163700.0000000,1732030.0000000,35.5707814,129.3064771,118.8859357
,1163690.0000000,1732030.0000000,35.5707831,129.3063668,116.5454642
,1163680.0000000,1732030.0000000,35.5707847,129.3062565,116.0206069
,1163670.0000000,1732030.0000000,35.5707864,129.3061462,115.4101991
,1163660.0000000,1732030.0000000,35.5707881,129.3060359,116.1298049
,1163650.0000000,1732030.0000000,35.5707897,129.3059256,116.4120102
,1163640.0000000,1732030.0000000,35.5707914,129.3058153,116.5635203
,1163630.0000000,1732030.0000000,35.5707930,129.3057050,116.3900497
,1163620.0000000,1732030.0000000,35.5707947,129.3055947,114.1271583
,1163610.0000000,1732030.0000000,35.5707963,129.3054844,111.4843925
,1163600.0000000,1732030.0000000,35.5707980,129.3053741,111.1758099
,1163590.0000000,1732030.0000000,35.5707996,129.3052638,112.0871698
,1163580.0000000,1732030.0000000,35.5708013,129.3051535,116.5762849
,1163570.0000000,1732030.0000000,35.5708029,129.3050431,118.1612801
,1163560.0000000,1732030.0000000,35.5708046,129.3049328,120.6602122
,1163550.0000000,1732030.0000000,35.5708062,129.3048225,121.8325457
,1163540.0000000,1732030.0000000,35.5708079,129.3047122,121.5895714
,1163530.0000000,1732030.0000000,35.5708095,129.3046019,120.4911278
,1163520.0000000,1732030.0000000,35.5708112,129.3044916,118.3053322
,1163510.0000000,1732030.0000000,35.5708128,129.3043813,116.9681764
,1163500.0000000,1732030.0000000,35.5708145,129.3042710,116.2170048
,1163490.0000000,1732030.0000000,35.5708161,129.3041607,112.2792919
,1163480.0000000,1732030.0000000,35.5708178,129.3040504,110.0050669
,1163470.0000000,1732030.0000000,35.5708194,129.3039401,105.1922497
,1163460.0000000,1732030.0000000,35.5708211,129.3038298,102.1097766
,1163450.0000000,1732030.0000000,35.5708227,129.3037195,102.8240220
,1163440.0000000,1732030.0000000,35.5708244,129.3036092,105.0602665
,1163430.0000000,1732030.0000000,35.5708260,129.3034989,106.5000000
,1163420.0000000,1732030.0000000,35.5708277,129.3033886,106.5438267
,1163410.0000000,1732030.0000000,35.5708293,129.3032783,106.6743161
,1163400.0000000,1732030.0000000,35.5708310,129.3031680,108.2693592
,1163390.0000000,1732030.0000000,35.5708326,129.3030577,111.2993079
,1163380.0000000,1732030.0000000,35.5708343,129.3029474,111.6343437
,1163370.0000000,1732030.0000000,35.5708359,129.3028371,115.9043316
,1163360.0000000,1732030.0000000,35.5708376,129.3027268,117.2488577
,1163350.0000000,1732030.0000000,35.5708392,129.3026165,120.9276067
,1163340.0000000,1732030.0000000,35.5708409,129.3025062,122.2720630
,1163330.0000000,1732030.0000000,35.5708425,129.3023959,126.5878013
,1163320.0000000,1732030.0000000,35.5708442,129.3022855,130.9631775
,1163310.0000000,1732030.0000000,35.5708458,129.3021752,131.7558236
,1163300.0000000,1732030.0000000,35.5708475,129.3020649,132.8358279
,1163290.0000000,1732030.0000000,35.5708491,129.3019546,132.6043109
,1163280.0000000,1732030.0000000,35.5708508,129.3018443,131.9328974
,1163270.0000000,1732030.0000000,35.5708524,129.3017340,131.5000380
,1163260.0000000,1732030.0000000,35.5708541,129.3016237,130.3990251
,1163250.0000000,1732030.0000000,35.5708557,129.3015134,129.1063137
,1163240.0000000,1732030.0000000,35.5708574,129.3014031,127.8431159
,1163230.0000000,1732030.0000000,35.5708590,129.3012928,125.3516401
,1163220.0000000,1732030.0000000,35.5708607,129.3011825,121.9190954
,1163210.0000000,1732030.0000000,35.5708623,129.3010722,121.3644577
,1163200.0000000,1732030.0000000,35.5708640,129.3009619,120.5549948
,1163190.0000000,1732030.0000000,35.5708656,129.3008516,119.8189894
,1163180.0000000,1732030.0000000,35.5708673,129.3007413,119.4374574
,1163170.0000000,1732030.0000000,35.5708689,129.3006310,117.3463030
,1163160.0000000,1732030.0000000,35.5708706,129.3005207,116.2856235
,1163150.0000000,1732030.0000000,35.5708722,129.3004104,113.2330462
,1163140.0000000,1732030.0000000,35.5708739,129.3003001,111.5276342
,1163130.0000000,1732030.0000000,35.5708755,129.3001898,111.0983371
,1163120.0000000,1732030.0000000,35.5708772,129.3000795,107.8824865
,1163110.0000000,1732030.0000000,35.5708788,129.2999692,106.5058769
,1163100.0000000,1732030.0000000,35.5708805,129.2998589,106.4868116
,1163090.0000000,1732030.0000000,35.5708821,129.2997485,106.5112246
,1163080.0000000,1732030.0000000,35.5708838,129.2996382,106.9928258
,1163070.0000000,1732030.0000000,35.5708854,129.2995279,109.5824492
,1163060.0000000,1732030.0000000,35.5708871,129.2994176,111.5063550
,1163050.0000000,1732030.0000000,35.5708887,129.2993073,116.2919777
,1163040.0000000,1732030.0000000,35.5708903,129.2991970,119.9795730
,1163030.0000000,1732030.0000000,35.5708920,129.2990867,121.3409379
,1163020.0000000,1732030.0000000,35.5708936,129.2989764,125.2708108
,1163010.0000000,1732030.0000000,35.5708953,129.2988661,125.4626100
,1163000.0000000,1732030.0000000,35.5708969,129.2987558,126.2231483
,1163000.0000000,1732040.0000000,35.5709871,129.2987578,127.0315645
,1163010.0000000,1732040.0000000,35.5709854,129.2988681,126.2289607
,1163020.0000000,1732040.0000000,35.5709838,129.2989784,125.4664371
,1163030.0000000,1732040.0000000,35.5709821,129.2990887,121.6821845
,1163040.0000000,1732040.0000000,35.5709805,129.2991990,120.4334199
,1163050.0000000,1732040.0000000,35.5709788,129.2993093,116.4265525
,1163060.0000000,1732040.0000000,35.5709772,129.2994197,112.4287021
,1163070.0000000,1732040.0000000,35.5709755,129.2995300,111.4171341
,1163080.0000000,1732040.0000000,35.5709739,129.2996403,108.9279473
,1163090.0000000,1732040.0000000,35.5709722,129.2997506,107.4546526
,1163100.0000000,1732040.0000000,35.5709706,129.2998609,107.3964614
,1163110.0000000,1732040.0000000,35.5709689,129.2999712,107.9032602
,1163120.0000000,1732040.0000000,35.5709673,129.3000815,110.2690925
,1163130.0000000,1732040.0000000,35.5709656,129.3001918,111.4652926
,1163140.0000000,1732040.0000000,35.5709640,129.3003021,111.5351137
,1163150.0000000,1732040.0000000,35.5709623,129.3004124,114.3675014
,1163160.0000000,1732040.0000000,35.5709607,129.3005227,116.8765656
,1163170.0000000,1732040.0000000,35.5709591,129.3006330,120.2678274
,1163180.0000000,1732040.0000000,35.5709574,129.3007433,120.9901312
,1163190.0000000,1732040.0000000,35.5709558,129.3008536,121.0394783
,1163200.0000000,1732040.0000000,35.5709541,129.3009639,121.6418686
,1163210.0000000,1732040.0000000,35.5709525,129.3010742,123.0513782
,1163220.0000000,1732040.0000000,35.5709508,129.3011845,125.7137097
,1163230.0000000,1732040.0000000,35.5709492,129.3012948,128.0590933
,1163240.0000000,1732040.0000000,35.5709475,129.3014051,130.6895946
,1163250.0000000,1732040.0000000,35.5709459,129.3015154,131.4220212
,1163260.0000000,1732040.0000000,35.5709442,129.3016257,131.8781765
,1163270.0000000,1732040.0000000,35.5709426,129.3017360,133.4877087
,1163280.0000000,1732040.0000000,35.5709409,129.3018463,135.1315807
,1163290.0000000,1732040.0000000,35.5709393,129.3019567,136.2293994
,1163300.0000000,1732040.0000000,35.5709376,129.3020670,136.0026508
,1163310.0000000,1732040.0000000,35.5709360,129.3021773,133.5323127
,1163320.0000000,1732040.0000000,35.5709343,129.3022876,131.4762510
,1163330.0000000,1732040.0000000,35.5709327,129.3023979,126.4475984
,1163340.0000000,1732040.0000000,35.5709310,129.3025082,122.3679370
,1163350.0000000,1732040.0000000,35.5709294,129.3026185,120.6891981
,1163360.0000000,1732040.0000000,35.5709277,129.3027288,116.6046746
,1163370.0000000,1732040.0000000,35.5709261,129.3028391,116.0077586
,1163380.0000000,1732040.0000000,35.5709244,129.3029494,113.3175154
,1163390.0000000,1732040.0000000,35.5709228,129.3030597,111.4084976
,1163400.0000000,1732040.0000000,35.5709211,129.3031700,109.4145683
,1163410.0000000,1732040.0000000,35.5709195,129.3032803,106.7354879
,1163420.0000000,1732040.0000000,35.5709178,129.3033906,106.5000000
,1163430.0000000,1732040.0000000,35.5709162,129.3035009,106.5000000
,1163440.0000000,1732040.0000000,35.5709145,129.3036112,106.4707912
,1163450.0000000,1732040.0000000,35.5709129,129.3037215,105.9279159
,1163460.0000000,1732040.0000000,35.5709112,129.3038318,106.4222490
,1163470.0000000,1732040.0000000,35.5709096,129.3039421,106.7151606
,1163480.0000000,1732040.0000000,35.5709079,129.3040524,110.0647769
,1163490.0000000,1732040.0000000,35.5709063,129.3041627,113.9468275
,1163500.0000000,1732040.0000000,35.5709046,129.3042730,117.5990641
,1163510.0000000,1732040.0000000,35.5709030,129.3043833,120.9208906
,1163520.0000000,1732040.0000000,35.5709013,129.3044937,121.6314754
,1163530.0000000,1732040.0000000,35.5708997,129.3046040,123.6198602
,1163540.0000000,1732040.0000000,35.5708980,129.3047143,126.0446627
,1163550.0000000,1732040.0000000,35.5708964,129.3048246,126.3155767
,1163560.0000000,1732040.0000000,35.5708947,129.3049349,123.9256196
,1163570.0000000,1732040.0000000,35.5708930,129.3050452,121.4781950
,1163580.0000000,1732040.0000000,35.5708914,129.3051555,118.5300512
,1163590.0000000,1732040.0000000,35.5708897,129.3052658,115.7896129
,1163600.0000000,1732040.0000000,35.5708881,129.3053761,112.8779001
,1163610.0000000,1732040.0000000,35.5708864,129.3054864,113.6331265
,1163620.0000000,1732040.0000000,35.5708848,129.3055967,116.3164435
,1163630.0000000,1732040.0000000,35.5708831,129.3057070,118.7873982
,1163640.0000000,1732040.0000000,35.5708815,129.3058173,120.7410302
,1163650.0000000,1732040.0000000,35.5708798,129.3059276,120.8471497
,1163660.0000000,1732040.0000000,35.5708782,129.3060379,118.5786968
,1163670.0000000,1732040.0000000,35.5708765,129.3061482,117.4837746
,1163680.0000000,1732040.0000000,35.5708749,129.3062585,117.2511631
,1163690.0000000,1732040.0000000,35.5708732,129.3063688,118.3042054
,1163700.0000000,1732040.0000000,35.5708716,129.3064791,121.0760912
,1163710.0000000,1732040.0000000,35.5708699,129.3065894,122.5724711
,1163720.0000000,1732040.0000000,35.5708683,129.3066997,126.4455516
,1163730.0000000,1732040.0000000,35.5708666,129.3068100,129.7191396
,1163740.0000000,1732040.0000000,35.5708649,129.3069203,131.8785135
,1163750.0000000,1732040.0000000,35.5708633,129.3070306,133.6186972
,1163760.0000000,1732040.0000000,35.5708616,129.3071409,132.8456609
,1163770.0000000,1732040.0000000,35.5708600,129.3072513,130.6940260
,1163780.0000000,1732040.0000000,35.5708583,129.3073616,126.4795893
,1163790.0000000,1732040.0000000,35.5708567,129.3074719,121.4198029
,1163800.0000000,1732040.0000000,35.5708550,129.3075822,120.4292489
,1163810.0000000,1732040.0000000,35.5708534,129.3076925,118.0893920
,1163820.0000000,1732040.0000000,35.5708517,129.3078028,116.0566828
,1163830.0000000,1732040.0000000,35.5708501,129.3079131,111.8029569
,1163840.0000000,1732040.0000000,35.5708484,129.3080234,109.5292863
,1163850.0000000,1732040.0000000,35.5708467,129.3081337,106.2577597
,1163860.0000000,1732040.0000000,35.5708451,129.3082440,101.9212262
,1163870.0000000,1732040.0000000,35.5708434,129.3083543,97.4582943
,1163880.0000000,1732040.0000000,35.5708418,129.3084646,94.4511650
,1163890.0000000,1732040.0000000,35.5708401,129.3085749,91.4501257
,1163900.0000000,1732040.0000000,35.5708385,129.3086852,89.2953282
,1163910.0000000,1732040.0000000,35.5708368,129.3087955,86.6159937
,1163920.0000000,1732040.0000000,35.5708352,129.3089058,89.5817798
,1163930.0000000,1732040.0000000,35.5708335,129.3090161,91.0461242
,1163940.0000000,1732040.0000000,35.5708318,129.3091264,92.6738696
,1163950.0000000,1732040.0000000,35.5708302,129.3092367,96.3121548
,1163960.0000000,1732040.0000000,35.5708285,129.3093470,98.1388658
,1163970.0000000,1732040.0000000,35.5708269,129.3094573,101.2105476
,1163980.0000000,1732040.0000000,35.5708252,129.3095676,102.8843597
,1163990.0000000,1732040.0000000,35.5708236,129.3096779,106.1044667
,1164000.0000000,1732040.0000000,35.5708219,129.3097882,107.3932532
,1164000.0000000,1732050.0000000,35.5709120,129.3097903,110.8224737
,1163990.0000000,1732050.0000000,35.5709137,129.3096800,106.8776400
,1163980.0000000,1732050.0000000,35.5709153,129.3095697,105.6557952
,1163970.0000000,1732050.0000000,35.5709170,129.3094594,101.8743398
,1163960.0000000,1732050.0000000,35.5709187,129.3093491,100.2479965
,1163950.0000000,1732050.0000000,35.5709203,129.3092387,96.5440551
,1163940.0000000,1732050.0000000,35.5709220,129.3091284,93.8214306
,1163930.0000000,1732050.0000000,35.5709236,129.3090181,91.2100724
,1163920.0000000,1732050.0000000,35.5709253,129.3089078,90.9523135
,1163910.0000000,1732050.0000000,35.5709269,129.3087975,90.2330990
,1163900.0000000,1732050.0000000,35.5709286,129.3086872,91.4712031
,1163890.0000000,1732050.0000000,35.5709302,129.3085769,93.2958083
,1163880.0000000,1732050.0000000,35.5709319,129.3084666,96.1395942
,1163870.0000000,1732050.0000000,35.5709336,129.3083563,98.9373581
,1163860.0000000,1732050.0000000,35.5709352,129.3082460,102.8370130
,1163850.0000000,1732050.0000000,35.5709369,129.3081357,106.4451659
,1163840.0000000,1732050.0000000,35.5709385,129.3080254,110.8319707
,1163830.0000000,1732050.0000000,35.5709402,129.3079151,114.7762968
,1163820.0000000,1732050.0000000,35.5709418,129.3078048,117.3999435
,1163810.0000000,1732050.0000000,35.5709435,129.3076945,121.4152584
,1163800.0000000,1732050.0000000,35.5709451,129.3075842,123.3672765
,1163790.0000000,1732050.0000000,35.5709468,129.3074739,126.3808647
,1163780.0000000,1732050.0000000,35.5709485,129.3073636,130.8433240
,1163770.0000000,1732050.0000000,35.5709501,129.3072533,132.7381116
,1163760.0000000,1732050.0000000,35.5709518,129.3071430,135.9696307
,1163750.0000000,1732050.0000000,35.5709534,129.3070327,136.3221614
,1163740.0000000,1732050.0000000,35.5709551,129.3069224,133.5535294
,1163730.0000000,1732050.0000000,35.5709567,129.3068121,131.1237192
,1163720.0000000,1732050.0000000,35.5709584,129.3067018,127.2819853
,1163710.0000000,1732050.0000000,35.5709600,129.3065915,126.0794469
,1163700.0000000,1732050.0000000,35.5709617,129.3064811,122.6661689
,1163690.0000000,1732050.0000000,35.5709633,129.3063708,121.5411119
,1163680.0000000,1732050.0000000,35.5709650,129.3062605,121.4221099
,1163670.0000000,1732050.0000000,35.5709666,129.3061502,121.4788601
,1163660.0000000,1732050.0000000,35.5709683,129.3060399,121.8818006
,1163650.0000000,1732050.0000000,35.5709699,129.3059296,123.1068842
,1163640.0000000,1732050.0000000,35.5709716,129.3058193,122.5477583
,1163630.0000000,1732050.0000000,35.5709733,129.3057090,121.4947287
,1163620.0000000,1732050.0000000,35.5709749,129.3055987,118.3778659
,1163610.0000000,1732050.0000000,35.5709766,129.3054884,116.3947532
,1163600.0000000,1732050.0000000,35.5709782,129.3053781,116.1206875
,1163590.0000000,1732050.0000000,35.5709799,129.3052678,116.5275547
,1163580.0000000,1732050.0000000,35.5709815,129.3051575,120.7359916
,1163570.0000000,1732050.0000000,35.5709832,129.3050472,122.8703749
,1163560.0000000,1732050.0000000,35.5709848,129.3049369,126.4342753
,1163550.0000000,1732050.0000000,35.5709865,129.3048266,126.1026005
,1163540.0000000,1732050.0000000,35.5709881,129.3047163,126.1360787
,1163530.0000000,1732050.0000000,35.5709898,129.3046060,126.4197322
,1163520.0000000,1732050.0000000,35.5709914,129.3044957,124.0616877
,1163510.0000000,1732050.0000000,35.5709931,129.3043854,121.5034048
,1163500.0000000,1732050.0000000,35.5709947,129.3042751,118.8336485
,1163490.0000000,1732050.0000000,35.5709964,129.3041648,115.0909182
,1163480.0000000,1732050.0000000,35.5709980,129.3040545,108.7101972
,1163470.0000000,1732050.0000000,35.5709997,129.3039442,106.5188122
,1163460.0000000,1732050.0000000,35.5710013,129.3038338,106.5000000
,1163450.0000000,1732050.0000000,35.5710030,129.3037235,106.5000000
,1163440.0000000,1732050.0000000,35.5710046,129.3036132,106.5000000
,1163430.0000000,1732050.0000000,35.5710063,129.3035029,106.5327071
,1163420.0000000,1732050.0000000,35.5710079,129.3033926,106.6153347
,1163410.0000000,1732050.0000000,35.5710096,129.3032823,107.8362669
,1163400.0000000,1732050.0000000,35.5710112,129.3031720,110.2882280
,1163390.0000000,1732050.0000000,35.5710129,129.3030617,111.9198361
,1163380.0000000,1732050.0000000,35.5710145,129.3029514,115.1396660
,1163370.0000000,1732050.0000000,35.5710162,129.3028411,116.7589156
,1163360.0000000,1732050.0000000,35.5710178,129.3027308,117.1117524
,1163350.0000000,1732050.0000000,35.5710195,129.3026205,121.6438783
,1163340.0000000,1732050.0000000,35.5710211,129.3025102,122.2193080
,1163330.0000000,1732050.0000000,35.5710228,129.3023999,125.6986467
,1163320.0000000,1732050.0000000,35.5710244,129.3022896,131.9279766
,1163310.0000000,1732050.0000000,35.5710261,129.3021793,135.8750903
,1163300.0000000,1732050.0000000,35.5710277,129.3020690,136.6730936
,1163290.0000000,1732050.0000000,35.5710294,129.3019587,138.2332470
,1163280.0000000,1732050.0000000,35.5710310,129.3018484,137.6509786
,1163270.0000000,1732050.0000000,35.5710327,129.3017381,136.6491359
,1163260.0000000,1732050.0000000,35.5710343,129.3016278,135.2167541
,1163250.0000000,1732050.0000000,35.5710360,129.3015175,132.4160153
,1163240.0000000,1732050.0000000,35.5710376,129.3014071,131.5518019
,1163230.0000000,1732050.0000000,35.5710393,129.3012968,130.9900159
,1163220.0000000,1732050.0000000,35.5710409,129.3011865,129.1775862
,1163210.0000000,1732050.0000000,35.5710426,129.3010762,127.4490256
,1163200.0000000,1732050.0000000,35.5710442,129.3009659,125.8108115
,1163190.0000000,1732050.0000000,35.5710459,129.3008556,122.9777677
,1163180.0000000,1732050.0000000,35.5710475,129.3007453,121.3907836
,1163170.0000000,1732050.0000000,35.5710492,129.3006350,121.1600073
,1163160.0000000,1732050.0000000,35.5710508,129.3005247,117.5483125
,1163150.0000000,1732050.0000000,35.5710525,129.3004144,115.9900561
,1163140.0000000,1732050.0000000,35.5710541,129.3003041,112.2016621
,1163130.0000000,1732050.0000000,35.5710558,129.3001938,111.5052692
,1163120.0000000,1732050.0000000,35.5710574,129.3000835,111.5000000
,1163110.0000000,1732050.0000000,35.5710591,129.2999732,111.0499178
,1163100.0000000,1732050.0000000,35.5710607,129.2998629,111.0244467
,1163090.0000000,1732050.0000000,35.5710624,129.2997526,111.4194377
,1163080.0000000,1732050.0000000,35.5710640,129.2996423,111.4407127
,1163070.0000000,1732050.0000000,35.5710656,129.2995320,111.6751533
,1163060.0000000,1732050.0000000,35.5710673,129.2994217,113.4325763
,1163050.0000000,1732050.0000000,35.5710689,129.2993114,116.4822297
,1163040.0000000,1732050.0000000,35.5710706,129.2992011,119.6025344
,1163030.0000000,1732050.0000000,35.5710722,129.2990908,122.4986550
,1163020.0000000,1732050.0000000,35.5710739,129.2989804,125.7757164
,1163010.0000000,1732050.0000000,35.5710755,129.2988701,127.9601458
,1163000.0000000,1732050.0000000,35.5710772,129.2987598,128.7729429
,1163000.0000000,1732060.0000000,35.5711673,129.2987619,130.4577289
,1163010.0000000,1732060.0000000,35.5711656,129.2988722,129.9297499
,1163020.0000000,1732060.0000000,35.5711640,129.2989825,126.5061286
,1163030.0000000,1732060.0000000,35.5711624,129.2990928,123.6751204
,1163040.0000000,1732060.0000000,35.5711607,129.2992031,121.0454438
,1163050.0000000,1732060.0000000,35.5711591,129.2993134,116.7825880
,1163060.0000000,1732060.0000000,35.5711574,129.2994237,114.7629655
,1163070.0000000,1732060.0000000,35.5711558,129.2995340,111.5837155
,1163080.0000000,1732060.0000000,35.5711541,129.2996443,111.6245708
,1163090.0000000,1732060.0000000,35.5711525,129.2997546,111.5000000
,1163100.0000000,1732060.0000000,35.5711508,129.2998649,111.5216100
,1163110.0000000,1732060.0000000,35.5711492,129.2999752,111.5461112
,1163120.0000000,1732060.0000000,35.5711475,129.3000855,111.5000000
,1163130.0000000,1732060.0000000,35.5711459,129.3001958,111.8838458
,1163140.0000000,1732060.0000000,35.5711442,129.3003061,113.6258842
,1163150.0000000,1732060.0000000,35.5711426,129.3004164,116.4180839
,1163160.0000000,1732060.0000000,35.5711409,129.3005267,118.0169551
,1163170.0000000,1732060.0000000,35.5711393,129.3006370,121.2580907
,1163180.0000000,1732060.0000000,35.5711376,129.3007473,122.2779144
,1163190.0000000,1732060.0000000,35.5711360,129.3008576,126.0968554
,1163200.0000000,1732060.0000000,35.5711343,129.3009679,128.3895412
,1163210.0000000,1732060.0000000,35.5711327,129.3010783,129.7302856
,1163220.0000000,1732060.0000000,35.5711311,129.3011886,131.3353574
,1163230.0000000,1732060.0000000,35.5711294,129.3012989,131.2986302
,1163240.0000000,1732060.0000000,35.5711278,129.3014092,133.3511367
,1163250.0000000,1732060.0000000,35.5711261,129.3015195,135.6357491
,1163260.0000000,1732060.0000000,35.5711245,129.3016298,136.9264532
,1163270.0000000,1732060.0000000,35.5711228,129.3017401,138.5646332
,1163280.0000000,1732060.0000000,35.5711212,129.3018504,141.4377746
,1163290.0000000,1732060.0000000,35.5711195,129.3019607,141.4326054
,1163300.0000000,1732060.0000000,35.5711179,129.3020710,137.9374952
,1163310.0000000,1732060.0000000,35.5711162,129.3021813,136.2638956
,1163320.0000000,1732060.0000000,35.5711146,129.3022916,131.8776243
,1163330.0000000,1732060.0000000,35.5711129,129.3024019,126.4868976
,1163340.0000000,1732060.0000000,35.5711113,129.3025122,126.3119852
,1163350.0000000,1732060.0000000,35.5711096,129.3026225,123.5294055
,1163360.0000000,1732060.0000000,35.5711080,129.3027328,121.2573612
,1163370.0000000,1732060.0000000,35.5711063,129.3028431,117.6812476
,1163380.0000000,1732060.0000000,35.5711047,129.3029534,116.5098274
,1163390.0000000,1732060.0000000,35.5711030,129.3030637,113.4917358
,1163400.0000000,1732060.0000000,35.5711014,129.3031740,111.5696529
,1163410.0000000,1732060.0000000,35.5710997,129.3032843,110.0103525
,1163420.0000000,1732060.0000000,35.5710981,129.3033946,108.8139825
,1163430.0000000,1732060.0000000,35.5710964,129.3035050,107.2336894
,1163440.0000000,1732060.0000000,35.5710948,129.3036153,106.6780206
,1163450.0000000,1732060.0000000,35.5710931,129.3037256,106.5000000
,1163460.0000000,1732060.0000000,35.5710915,129.3038359,106.6733452
,1163470.0000000,1732060.0000000,35.5710898,129.3039462,107.3515752
,1163480.0000000,1732060.0000000,35.5710882,129.3040565,110.3741001
,1163490.0000000,1732060.0000000,35.5710865,129.3041668,115.5594907
,1163500.0000000,1732060.0000000,35.5710849,129.3042771,118.7610794
,1163510.0000000,1732060.0000000,35.5710832,129.3043874,122.5509519
,1163520.0000000,1732060.0000000,35.5710815,129.3044977,125.8970685
,1163530.0000000,1732060.0000000,35.5710799,129.3046080,126.6876460
,1163540.0000000,1732060.0000000,35.5710782,129.3047183,128.0121168
,1163550.0000000,1732060.0000000,35.5710766,129.3048286,129.0034273
,1163560.0000000,1732060.0000000,35.5710749,129.3049389,127.7714818
,1163570.0000000,1732060.0000000,35.5710733,129.3050492,126.1472834
,1163580.0000000,1732060.0000000,35.5710716,129.3051595,121.8645624
,1163590.0000000,1732060.0000000,35.5710700,129.3052698,120.4579090
,1163600.0000000,1732060.0000000,35.5710683,129.3053801,117.7078256
,1163610.0000000,1732060.0000000,35.5710667,129.3054904,117.6730082
,1163620.0000000,1732060.0000000,35.5710650,129.3056007,119.9470017
,1163630.0000000,1732060.0000000,35.5710634,129.3057110,121.6217047
,1163640.0000000,1732060.0000000,35.5710617,129.3058213,125.2522467
,1163650.0000000,1732060.0000000,35.5710601,129.3059317,126.1721119
,1163660.0000000,1732060.0000000,35.5710584,129.3060420,125.4356316
,1163670.0000000,1732060.0000000,35.5710568,129.3061523,125.4341172
,1163680.0000000,1732060.0000000,35.5710551,129.3062626,124.9333200
,1163690.0000000,1732060.0000000,35.5710535,129.3063729,125.3176932
,1163700.0000000,1732060.0000000,35.5710518,129.3064832,125.7342322
,1163710.0000000,1732060.0000000,35.5710501,129.3065935,126.7242190
,1163720.0000000,1732060.0000000,35.5710485,129.3067038,130.8332414
,1163730.0000000,1732060.0000000,35.5710468,129.3068141,131.4735387
,1163740.0000000,1732060.0000000,35.5710452,129.3069244,135.2678367
,1163750.0000000,1732060.0000000,35.5710435,129.3070347,136.5123371
,1163760.0000000,1732060.0000000,35.5710419,129.3071450,136.4717067
,1163770.0000000,1732060.0000000,35.5710402,129.3072553,136.3105087
,1163780.0000000,1732060.0000000,35.5710386,129.3073656,134.2068247
,1163790.0000000,1732060.0000000,35.5710369,129.3074759,130.7312619
,1163800.0000000,1732060.0000000,35.5710353,129.3075862,126.4356774
,1163810.0000000,1732060.0000000,35.5710336,129.3076965,121.6467598
,1163820.0000000,1732060.0000000,35.5710320,129.3078068,118.1278317
,1163830.0000000,1732060.0000000,35.5710303,129.3079171,113.6165206
,1163840.0000000,1732060.0000000,35.5710286,129.3080274,110.5598810
,1163850.0000000,1732060.0000000,35.5710270,129.3081377,106.4664276
,1163860.0000000,1732060.0000000,35.5710253,129.3082480,101.6065148
,1163870.0000000,1732060.0000000,35.5710237,129.3083583,98.9448264
,1163880.0000000,1732060.0000000,35.5710220,129.3084686,96.6533544
,1163890.0000000,1732060.0000000,35.5710204,129.3085790,95.9599006
,1163900.0000000,1732060.0000000,35.5710187,129.3086893,92.9370102
,1163910.0000000,1732060.0000000,35.5710171,129.3087996,91.5000000
,1163920.0000000,1732060.0000000,35.5710154,129.3089099,91.5000000
,1163930.0000000,1732060.0000000,35.5710137,129.3090202,91.8208467
,1163940.0000000,1732060.0000000,35.5710121,129.3091305,95.0223734
,1163950.0000000,1732060.0000000,35.5710104,129.3092408,96.7910752
,1163960.0000000,1732060.0000000,35.5710088,129.3093511,101.2227750
,1163970.0000000,1732060.0000000,35.5710071,129.3094614,104.5347908
,1163980.0000000,1732060.0000000,35.5710055,129.3095717,106.5167299
,1163990.0000000,1732060.0000000,35.5710038,129.3096820,110.0801717
,1164000.0000000,1732060.0000000,35.5710022,129.3097923,111.6038670
,1164000.0000000,1732070.0000000,35.5710923,129.3097943,112.7629512
,1163990.0000000,1732070.0000000,35.5710939,129.3096840,110.9360092
,1163980.0000000,1732070.0000000,35.5710956,129.3095737,106.9917334
,1163970.0000000,1732070.0000000,35.5710972,129.3094634,105.4528758
,1163960.0000000,1732070.0000000,35.5710989,129.3093531,101.5897015
,1163950.0000000,1732070.0000000,35.5711006,129.3092428,97.3774430
,1163940.0000000,1732070.0000000,35.5711022,129.3091325,96.1588258
,1163930.0000000,1732070.0000000,35.5711039,129.3090222,93.4234902
,1163920.0000000,1732070.0000000,35.5711055,129.3089119,91.5818460
,1163910.0000000,1732070.0000000,35.5711072,129.3088016,92.0564867
,1163900.0000000,1732070.0000000,35.5711088,129.3086913,95.5549140
,1163890.0000000,1732070.0000000,35.5711105,129.3085810,96.7490290
,1163880.0000000,1732070.0000000,35.5711121,129.3084707,98.8634329
,1163870.0000000,1732070.0000000,35.5711138,129.3083604,101.4063538
,1163860.0000000,1732070.0000000,35.5711155,129.3082501,102.0549850
,1163850.0000000,1732070.0000000,35.5711171,129.3081398,106.1142536
,1163840.0000000,1732070.0000000,35.5711188,129.3080295,109.2846064
,1163830.0000000,1732070.0000000,35.5711204,129.3079192,113.2199744
,1163820.0000000,1732070.0000000,35.5711221,129.3078088,116.9177922
,1163810.0000000,1732070.0000000,35.5711237,129.3076985,122.0726089
,1163800.0000000,1732070.0000000,35.5711254,129.3075882,127.3237023
,1163790.0000000,1732070.0000000,35.5711270,129.3074779,132.1026640
,1163780.0000000,1732070.0000000,35.5711287,129.3073676,136.6361293
,1163770.0000000,1732070.0000000,35.5711303,129.3072573,138.8948700
,1163760.0000000,1732070.0000000,35.5711320,129.3071470,140.0972758
,1163750.0000000,1732070.0000000,35.5711337,129.3070367,139.1822815
,1163740.0000000,1732070.0000000,35.5711353,129.3069264,136.5485886
,1163730.0000000,1732070.0000000,35.5711370,129.3068161,133.6893127
,1163720.0000000,1732070.0000000,35.5711386,129.3067058,131.4585806
,1163710.0000000,1732070.0000000,35.5711403,129.3065955,128.7360003
,1163700.0000000,1732070.0000000,35.5711419,129.3064852,126.8132134
,1163690.0000000,1732070.0000000,35.5711436,129.3063749,127.1979314
,1163680.0000000,1732070.0000000,35.5711452,129.3062646,128.1218685
,1163670.0000000,1732070.0000000,35.5711469,129.3061543,127.2038977
,1163660.0000000,1732070.0000000,35.5711485,129.3060440,126.7365622
,1163650.0000000,1732070.0000000,35.5711502,129.3059337,126.3986964
,1163640.0000000,1732070.0000000,35.5711518,129.3058234,126.4697554
,1163630.0000000,1732070.0000000,35.5711535,129.3057131,123.5334511
,1163620.0000000,1732070.0000000,35.5711551,129.3056028,121.6877907
,1163610.0000000,1732070.0000000,35.5711568,129.3054925,120.8268694
,1163600.0000000,1732070.0000000,35.5711585,129.3053822,121.5975797
,1163590.0000000,1732070.0000000,35.5711601,129.3052718,122.5025452
,1163580.0000000,1732070.0000000,35.5711618,129.3051615,126.5374114
,1163570.0000000,1732070.0000000,35.5711634,129.3050512,127.6150237
,1163560.0000000,1732070.0000000,35.5711651,129.3049409,131.2407884
,1163550.0000000,1732070.0000000,35.5711667,129.3048306,131.2616055
,1163540.0000000,1732070.0000000,35.5711684,129.3047203,130.1427973
,1163530.0000000,1732070.0000000,35.5711700,129.3046100,127.1982142
,1163520.0000000,1732070.0000000,35.5711717,129.3044997,126.4086320
,1163510.0000000,1732070.0000000,35.5711733,129.3043894,123.7095771
,1163500.0000000,1732070.0000000,35.5711750,129.3042791,118.0821610
,1163490.0000000,1732070.0000000,35.5711766,129.3041688,115.8687044
,1163480.0000000,1732070.0000000,35.5711783,129.3040585,111.7663983
,1163470.0000000,1732070.0000000,35.5711799,129.3039482,110.1474841
,1163460.0000000,1732070.0000000,35.5711816,129.3038379,108.0446196
,1163450.0000000,1732070.0000000,35.5711832,129.3037276,107.9019695
,1163440.0000000,1732070.0000000,35.5711849,129.3036173,108.7392258
,1163430.0000000,1732070.0000000,35.5711865,129.3035070,109.8640709
,1163420.0000000,1732070.0000000,35.5711882,129.3033967,110.9136230
,1163410.0000000,1732070.0000000,35.5711898,129.3032864,111.4022706
,1163400.0000000,1732070.0000000,35.5711915,129.3031761,112.1074419
,1163390.0000000,1732070.0000000,35.5711931,129.3030658,114.5593936
,1163380.0000000,1732070.0000000,35.5711948,129.3029555,117.0093997
,1163370.0000000,1732070.0000000,35.5711964,129.3028451,119.8708856
,1163360.0000000,1732070.0000000,35.5711981,129.3027348,121.7850855
,1163350.0000000,1732070.0000000,35.5711997,129.3026245,124.7246690
,1163340.0000000,1732070.0000000,35.5712014,129.3025142,126.2147270
,1163330.0000000,1732070.0000000,35.5712030,129.3024039,127.6670695
,1163320.0000000,1732070.0000000,35.5712047,129.3022936,131.6714545
,1163310.0000000,1732070.0000000,35.5712063,129.3021833,135.5135601
,1163300.0000000,1732070.0000000,35.5712080,129.3020730,137.1340628
,1163290.0000000,1732070.0000000,35.5712096,129.3019627,141.0214888
,1163280.0000000,1732070.0000000,35.5712113,129.3018524,141.5000000
,1163270.0000000,1732070.0000000,35.5712129,129.3017421,141.1868981
,1163260.0000000,1732070.0000000,35.5712146,129.3016318,137.1533542
,1163250.0000000,1732070.0000000,35.5712162,129.3015215,136.9776928
,1163240.0000000,1732070.0000000,35.5712179,129.3014112,135.5318347
,1163230.0000000,1732070.0000000,35.5712195,129.3013009,133.5422649
,1163220.0000000,1732070.0000000,35.5712212,129.3011906,131.7025116
,1163210.0000000,1732070.0000000,35.5712228,129.3010803,131.3374596
,1163200.0000000,1732070.0000000,35.5712245,129.3009700,129.6400769
,1163190.0000000,1732070.0000000,35.5712261,129.3008597,127.1833614
,1163180.0000000,1732070.0000000,35.5712278,129.3007494,124.2173213
,1163170.0000000,1732070.0000000,35.5712294,129.3006391,121.5156792
,1163160.0000000,1732070.0000000,35.5712311,129.3005287,119.3242453
,1163150.0000000,1732070.0000000,35.5712327,129.3004184,117.1123742
,1163140.0000000,1732070.0000000,35.5712344,129.3003081,115.7487788
,1163130.0000000,1732070.0000000,35.5712360,129.3001978,114.0298284
,1163120.0000000,1732070.0000000,35.5712377,129.3000875,112.7300407
,1163110.0000000,1732070.0000000,35.5712393,129.2999772,112.4130494
,1163100.0000000,1732070.0000000,35.5712409,129.2998669,112.7259597
,1163090.0000000,1732070.0000000,35.5712426,129.2997566,112.9167934
,1163080.0000000,1732070.0000000,35.5712442,129.2996463,113.3662572
,1163070.0000000,1732070.0000000,35.5712459,129.2995360,114.9909198
,1163060.0000000,1732070.0000000,35.5712475,129.2994257,116.3783580
,1163050.0000000,1732070.0000000,35.5712492,129.2993154,118.1502069
,1163040.0000000,1732070.0000000,35.5712508,129.2992051,121.4112520
,1163030.0000000,1732070.0000000,35.5712525,129.2990948,123.8119015
,1163020.0000000,1732070.0000000,35.5712541,129.2989845,126.8988521
,1163010.0000000,1732070.0000000,35.5712558,129.2988742,131.2781642
,1163000.0000000,1732070.0000000,35.5712574,129.2987639,131.3088447
,1163000.0000000,1732080.0000000,35.5713475,129.2987659,131.2046149
,1163010.0000000,1732080.0000000,35.5713459,129.2988762,131.2295262
,1163020.0000000,1732080.0000000,35.5713442,129.2989865,128.0985044
,1163030.0000000,1732080.0000000,35.5713426,129.2990968,125.6603409
,1163040.0000000,1732080.0000000,35.5713410,129.2992071,121.8289680
,1163050.0000000,1732080.0000000,35.5713393,129.2993174,120.9875386
,1163060.0000000,1732080.0000000,35.5713377,129.2994277,118.6197430
,1163070.0000000,1732080.0000000,35.5713360,129.2995380,116.6700503
,1163080.0000000,1732080.0000000,35.5713344,129.2996483,116.3053744
,1163090.0000000,1732080.0000000,35.5713327,129.2997586,116.2467052
,1163100.0000000,1732080.0000000,35.5713311,129.2998689,116.2639290
,1163110.0000000,1732080.0000000,35.5713294,129.2999792,116.1038478
,1163120.0000000,1732080.0000000,35.5713278,129.3000895,116.5000000
,1163130.0000000,1732080.0000000,35.5713261,129.3001998,116.5000000
,1163140.0000000,1732080.0000000,35.5713245,129.3003102,116.7266270
,1163150.0000000,1732080.0000000,35.5713228,129.3004205,117.6898967
,1163160.0000000,1732080.0000000,35.5713212,129.3005308,120.9933269
,1163170.0000000,1732080.0000000,35.5713195,129.3006411,123.0803220
,1163180.0000000,1732080.0000000,35.5713179,129.3007514,126.4198926
,1163190.0000000,1732080.0000000,35.5713162,129.3008617,127.2858988
,1163200.0000000,1732080.0000000,35.5713146,129.3009720,131.1193436
,1163210.0000000,1732080.0000000,35.5713129,129.3010823,131.6869817
,1163220.0000000,1732080.0000000,35.5713113,129.3011926,134.2440571
,1163230.0000000,1732080.0000000,35.5713096,129.3013029,136.1321315
,1163240.0000000,1732080.0000000,35.5713080,129.3014132,136.7025225
,1163250.0000000,1732080.0000000,35.5713063,129.3015235,136.8164404
,1163260.0000000,1732080.0000000,35.5713047,129.3016338,139.4865488
,1163270.0000000,1732080.0000000,35.5713030,129.3017441,141.4868733
,1163280.0000000,1732080.0000000,35.5713014,129.3018544,141.4566109
,1163290.0000000,1732080.0000000,35.5712998,129.3019647,138.3328712
,1163300.0000000,1732080.0000000,35.5712981,129.3020750,136.4849251
,1163310.0000000,1732080.0000000,35.5712965,129.3021853,133.6980462
,1163320.0000000,1732080.0000000,35.5712948,129.3022956,131.6064781
,1163330.0000000,1732080.0000000,35.5712932,129.3024059,129.7178290
,1163340.0000000,1732080.0000000,35.5712915,129.3025163,126.1231833
,1163350.0000000,1732080.0000000,35.5712899,129.3026266,125.0757929
,1163360.0000000,1732080.0000000,35.5712882,129.3027369,121.6313952
,1163370.0000000,1732080.0000000,35.5712866,129.3028472,119.0919714
,1163380.0000000,1732080.0000000,35.5712849,129.3029575,116.5020652
,1163390.0000000,1732080.0000000,35.5712833,129.3030678,115.7739148
,1163400.0000000,1732080.0000000,35.5712816,129.3031781,113.1770309
,1163410.0000000,1732080.0000000,35.5712800,129.3032884,111.7725445
,1163420.0000000,1732080.0000000,35.5712783,129.3033987,111.6302485
,1163430.0000000,1732080.0000000,35.5712767,129.3035090,111.2545261
,1163440.0000000,1732080.0000000,35.5712750,129.3036193,111.1440021
,1163450.0000000,1732080.0000000,35.5712733,129.3037296,111.5000000
,1163460.0000000,1732080.0000000,35.5712717,129.3038399,111.5000000
,1163470.0000000,1732080.0000000,35.5712700,129.3039502,111.5000000
,1163480.0000000,1732080.0000000,35.5712684,129.3040605,111.8775791
,1163490.0000000,1732080.0000000,35.5712667,129.3041708,115.1253169
,1163500.0000000,1732080.0000000,35.5712651,129.3042811,118.8576359
,1163510.0000000,1732080.0000000,35.5712634,129.3043914,122.8361972
,1163520.0000000,1732080.0000000,35.5712618,129.3045017,126.4128737
,1163530.0000000,1732080.0000000,35.5712601,129.3046120,127.5667025
,1163540.0000000,1732080.0000000,35.5712585,129.3047223,130.8046175
,1163550.0000000,1732080.0000000,35.5712568,129.3048327,131.3721243
,1163560.0000000,1732080.0000000,35.5712552,129.3049430,131.1175221
,1163570.0000000,1732080.0000000,35.5712535,129.3050533,131.0531204
,1163580.0000000,1732080.0000000,35.5712519,129.3051636,129.1089138
,1163590.0000000,1732080.0000000,35.5712502,129.3052739,126.3842346
,1163600.0000000,1732080.0000000,35.5712486,129.3053842,122.9828740
,1163610.0000000,1732080.0000000,35.5712469,129.3054945,121.9369685
,1163620.0000000,1732080.0000000,35.5712453,129.3056048,124.0867695
,1163630.0000000,1732080.0000000,35.5712436,129.3057151,126.4591464
,1163640.0000000,1732080.0000000,35.5712420,129.3058254,126.7913844
,1163650.0000000,1732080.0000000,35.5712403,129.3059357,128.4602788
,1163660.0000000,1732080.0000000,35.5712387,129.3060460,131.4466936
,1163670.0000000,1732080.0000000,35.5712370,129.3061563,131.7781249
,1163680.0000000,1732080.0000000,35.5712354,129.3062666,131.7096971
,1163690.0000000,1732080.0000000,35.5712337,129.3063769,131.3710639
,1163700.0000000,1732080.0000000,35.5712320,129.3064872,130.3470343
,1163710.0000000,1732080.0000000,35.5712304,129.3065975,131.2365345
,1163720.0000000,1732080.0000000,35.5712287,129.3067078,132.7297671
,1163730.0000000,1732080.0000000,35.5712271,129.3068181,136.3479998
,1163740.0000000,1732080.0000000,35.5712254,129.3069284,137.8727444
,1163750.0000000,1732080.0000000,35.5712238,129.3070387,140.8583013
,1163760.0000000,1732080.0000000,35.5712221,129.3071490,141.2537812
,1163770.0000000,1732080.0000000,35.5712205,129.3072594,141.1394037
,1163780.0000000,1732080.0000000,35.5712188,129.3073697,140.0849443
,1163790.0000000,1732080.0000000,35.5712172,129.3074800,135.3301426
,1163800.0000000,1732080.0000000,35.5712155,129.3075903,130.2144361
,1163810.0000000,1732080.0000000,35.5712138,129.3077006,124.3487308
,1163820.0000000,1732080.0000000,35.5712122,129.3078109,119.3267645
,1163830.0000000,1732080.0000000,35.5712105,129.3079212,115.3869125
,1163840.0000000,1732080.0000000,35.5712089,129.3080315,111.0478451
,1163850.0000000,1732080.0000000,35.5712072,129.3081418,107.8377562
,1163860.0000000,1732080.0000000,35.5712056,129.3082521,105.2035743
,1163870.0000000,1732080.0000000,35.5712039,129.3083624,101.8605623
,1163880.0000000,1732080.0000000,35.5712023,129.3084727,100.8962650
,1163890.0000000,1732080.0000000,35.5712006,129.3085830,97.2725120
,1163900.0000000,1732080.0000000,35.5711990,129.3086933,96.6637784
,1163910.0000000,1732080.0000000,35.5711973,129.3088036,95.6596277
,1163920.0000000,1732080.0000000,35.5711956,129.3089139,95.7478175
,1163930.0000000,1732080.0000000,35.5711940,129.3090242,96.3414266
,1163940.0000000,1732080.0000000,35.5711923,129.3091345,96.5000000
,1163950.0000000,1732080.0000000,35.5711907,129.3092448,97.7329339
,1163960.0000000,1732080.0000000,35.5711890,129.3093551,101.8085404
,1163970.0000000,1732080.0000000,35.5711874,129.3094654,105.2154416
,1163980.0000000,1732080.0000000,35.5711857,129.3095757,106.9428705
,1163990.0000000,1732080.0000000,35.5711841,129.3096860,111.0772850
,1164000.0000000,1732080.0000000,35.5711824,129.3097963,112.8884372
,1164000.0000000,1732090.0000000,35.5712725,129.3097984,111.7339874
,1163990.0000000,1732090.0000000,35.5712742,129.3096881,110.3032189
,1163980.0000000,1732090.0000000,35.5712758,129.3095778,106.4616353
,1163970.0000000,1732090.0000000,35.5712775,129.3094675,102.5066099
,1163960.0000000,1732090.0000000,35.5712791,129.3093572,101.6117355
,1163950.0000000,1732090.0000000,35.5712808,129.3092469,98.9131209
,1163940.0000000,1732090.0000000,35.5712825,129.3091366,96.5749291
,1163930.0000000,1732090.0000000,35.5712841,129.3090262,96.5511654
,1163920.0000000,1732090.0000000,35.5712858,129.3089159,96.7389973
,1163910.0000000,1732090.0000000,35.5712874,129.3088056,97.4601762
,1163900.0000000,1732090.0000000,35.5712891,129.3086953,97.2189734
,1163890.0000000,1732090.0000000,35.5712907,129.3085850,99.7170632
,1163880.0000000,1732090.0000000,35.5712924,129.3084747,101.4985497
,1163870.0000000,1732090.0000000,35.5712940,129.3083644,105.2044995
,1163860.0000000,1732090.0000000,35.5712957,129.3082541,108.1899168
,1163850.0000000,1732090.0000000,35.5712974,129.3081438,111.3069756
,1163840.0000000,1732090.0000000,35.5712990,129.3080335,113.7664613
,1163830.0000000,1732090.0000000,35.5713007,129.3079232,117.5092641
,1163820.0000000,1732090.0000000,35.5713023,129.3078129,121.9029229
,1163810.0000000,1732090.0000000,35.5713040,129.3077026,126.9024493
,1163800.0000000,1732090.0000000,35.5713056,129.3075923,132.8643989
,1163790.0000000,1732090.0000000,35.5713073,129.3074820,137.1955325
,1163780.0000000,1732090.0000000,35.5713089,129.3073717,140.6698597
,1163770.0000000,1732090.0000000,35.5713106,129.3072614,141.4199021
,1163760.0000000,1732090.0000000,35.5713122,129.3071511,142.5257490
,1163750.0000000,1732090.0000000,35.5713139,129.3070408,141.4397213
,1163740.0000000,1732090.0000000,35.5713156,129.3069305,139.3245859
,1163730.0000000,1732090.0000000,35.5713172,129.3068202,136.5539600
,1163720.0000000,1732090.0000000,35.5713189,129.3067099,134.9952440
,1163710.0000000,1732090.0000000,35.5713205,129.3065995,132.4521104
,1163700.0000000,1732090.0000000,35.5713222,129.3064892,132.4159004
,1163690.0000000,1732090.0000000,35.5713238,129.3063789,133.6549611
,1163680.0000000,1732090.0000000,35.5713255,129.3062686,136.3569256
,1163670.0000000,1732090.0000000,35.5713271,129.3061583,135.3134678
,1163660.0000000,1732090.0000000,35.5713288,129.3060480,132.8506508
,1163650.0000000,1732090.0000000,35.5713304,129.3059377,131.8699850
,1163640.0000000,1732090.0000000,35.5713321,129.3058274,130.0727739
,1163630.0000000,1732090.0000000,35.5713337,129.3057171,128.0881609
,1163620.0000000,1732090.0000000,35.5713354,129.3056068,126.3576980
,1163610.0000000,1732090.0000000,35.5713370,129.3054965,125.2775802
,1163600.0000000,1732090.0000000,35.5713387,129.3053862,126.3194999
,1163590.0000000,1732090.0000000,35.5713403,129.3052759,128.1476680
,1163580.0000000,1732090.0000000,35.5713420,129.3051656,130.7776335
,1163570.0000000,1732090.0000000,35.5713437,129.3050553,130.5479019
,1163560.0000000,1732090.0000000,35.5713453,129.3049450,131.5000000
,1163550.0000000,1732090.0000000,35.5713470,129.3048347,131.5000000
,1163540.0000000,1732090.0000000,35.5713486,129.3047244,130.1981899
,1163530.0000000,1732090.0000000,35.5713503,129.3046141,126.8706249
,1163520.0000000,1732090.0000000,35.5713519,129.3045038,126.3155197
,1163510.0000000,1732090.0000000,35.5713536,129.3043935,121.7482132
,1163500.0000000,1732090.0000000,35.5713552,129.3042831,118.9639380
,1163490.0000000,1732090.0000000,35.5713569,129.3041728,114.6520971
,1163480.0000000,1732090.0000000,35.5713585,129.3040625,111.6198672
,1163470.0000000,1732090.0000000,35.5713602,129.3039522,111.5000000
,1163460.0000000,1732090.0000000,35.5713618,129.3038419,111.5000000
,1163450.0000000,1732090.0000000,35.5713635,129.3037316,111.5000000
,1163440.0000000,1732090.0000000,35.5713651,129.3036213,111.5000000
,1163430.0000000,1732090.0000000,35.5713668,129.3035110,111.5198313
,1163420.0000000,1732090.0000000,35.5713684,129.3034007,112.1524640
,1163410.0000000,1732090.0000000,35.5713701,129.3032904,113.5358146
,1163400.0000000,1732090.0000000,35.5713717,129.3031801,115.3391943
,1163390.0000000,1732090.0000000,35.5713734,129.3030698,116.3937498
,1163380.0000000,1732090.0000000,35.5713750,129.3029595,116.6863724
,1163370.0000000,1732090.0000000,35.5713767,129.3028492,118.6269703
,1163360.0000000,1732090.0000000,35.5713783,129.3027389,122.0413641
,1163350.0000000,1732090.0000000,35.5713800,129.3026286,122.6070388
,1163340.0000000,1732090.0000000,35.5713816,129.3025183,126.2818390
,1163330.0000000,1732090.0000000,35.5713833,129.3024080,129.5130668
,1163320.0000000,1732090.0000000,35.5713849,129.3022977,131.4729115
,1163310.0000000,1732090.0000000,35.5713866,129.3021874,132.4171710
,1163300.0000000,1732090.0000000,35.5713882,129.3020771,136.2474875
,1163290.0000000,1732090.0000000,35.5713899,129.3019667,136.7256648
,1163280.0000000,1732090.0000000,35.5713915,129.3018564,140.1777555
,1163270.0000000,1732090.0000000,35.5713932,129.3017461,141.3873737
,1163260.0000000,1732090.0000000,35.5713948,129.3016358,141.2503349
,1163250.0000000,1732090.0000000,35.5713965,129.3015255,138.4694171
,1163240.0000000,1732090.0000000,35.5713981,129.3014152,137.0460469
,1163230.0000000,1732090.0000000,35.5713998,129.3013049,136.4187315
,1163220.0000000,1732090.0000000,35.5714014,129.3011946,135.4080317
,1163210.0000000,1732090.0000000,35.5714031,129.3010843,132.7067736
,1163200.0000000,1732090.0000000,35.5714047,129.3009740,131.3110358
,1163190.0000000,1732090.0000000,35.5714064,129.3008637,129.6457770
,1163180.0000000,1732090.0000000,35.5714080,129.3007534,126.7792956
,1163170.0000000,1732090.0000000,35.5714097,129.3006431,125.4828199
,1163160.0000000,1732090.0000000,35.5714113,129.3005328,121.6424172
,1163150.0000000,1732090.0000000,35.5714130,129.3004225,118.6043443
,1163140.0000000,1732090.0000000,35.5714146,129.3003122,116.5971838
,1163130.0000000,1732090.0000000,35.5714162,129.3002019,116.5000000
,1163120.0000000,1732090.0000000,35.5714179,129.3000916,116.5000000
,1163110.0000000,1732090.0000000,35.5714195,129.2999813,116.6596159
,1163100.0000000,1732090.0000000,35.5714212,129.2998710,117.5398251
,1163090.0000000,1732090.0000000,35.5714228,129.2997606,117.8956204
,1163080.0000000,1732090.0000000,35.5714245,129.2996503,118.4164933
,1163070.0000000,1732090.0000000,35.5714261,129.2995400,119.7816139
,1163060.0000000,1732090.0000000,35.5714278,129.2994297,121.4439023
,1163050.0000000,1732090.0000000,35.5714294,129.2993194,121.9853604
,1163040.0000000,1732090.0000000,35.5714311,129.2992091,124.5185164
,1163030.0000000,1732090.0000000,35.5714327,129.2990988,126.6071777
,1163020.0000000,1732090.0000000,35.5714344,129.2989885,129.8169510
,1163010.0000000,1732090.0000000,35.5714360,129.2988782,131.7393830
,1163000.0000000,1732090.0000000,35.5714377,129.2987679,132.8487109
,1163000.0000000,1732100.0000000,35.5715278,129.2987699,135.8853035
,1163010.0000000,1732100.0000000,35.5715261,129.2988802,134.6597780
,1163020.0000000,1732100.0000000,35.5715245,129.2989905,131.5587877
,1163030.0000000,1732100.0000000,35.5715228,129.2991008,129.3643457
,1163040.0000000,1732100.0000000,35.5715212,129.2992111,126.7454026
,1163050.0000000,1732100.0000000,35.5715195,129.2993214,125.5138890
,1163060.0000000,1732100.0000000,35.5715179,129.2994317,122.8964298
,1163070.0000000,1732100.0000000,35.5715163,129.2995421,121.5637452
,1163080.0000000,1732100.0000000,35.5715146,129.2996524,121.2783572
,1163090.0000000,1732100.0000000,35.5715130,129.2997627,121.2800829
,1163100.0000000,1732100.0000000,35.5715113,129.2998730,121.2196612
,1163110.0000000,1732100.0000000,35.5715097,129.2999833,119.8241550
,1163120.0000000,1732100.0000000,35.5715080,129.3000936,117.7937319
,1163130.0000000,1732100.0000000,35.5715064,129.3002039,117.1809976
,1163140.0000000,1732100.0000000,35.5715047,129.3003142,118.0967747
,1163150.0000000,1732100.0000000,35.5715031,129.3004245,121.3957454
,1163160.0000000,1732100.0000000,35.5715014,129.3005348,122.9571366
,1163170.0000000,1732100.0000000,35.5714998,129.3006451,126.5384944
,1163180.0000000,1732100.0000000,35.5714981,129.3007554,127.7420026
,1163190.0000000,1732100.0000000,35.5714965,129.3008657,131.1747496
,1163200.0000000,1732100.0000000,35.5714948,129.3009760,132.1105075
,1163210.0000000,1732100.0000000,35.5714932,129.3010863,133.9238256
,1163220.0000000,1732100.0000000,35.5714915,129.3011966,135.6378402
,1163230.0000000,1732100.0000000,35.5714899,129.3013069,136.9367363
,1163240.0000000,1732100.0000000,35.5714882,129.3014172,138.5503796
,1163250.0000000,1732100.0000000,35.5714866,129.3015275,141.3274640
,1163260.0000000,1732100.0000000,35.5714849,129.3016379,140.9508770
,1163270.0000000,1732100.0000000,35.5714833,129.3017482,141.3276127
,1163280.0000000,1732100.0000000,35.5714816,129.3018585,137.7234300
,1163290.0000000,1732100.0000000,35.5714800,129.3019688,136.5227176
,1163300.0000000,1732100.0000000,35.5714783,129.3020791,135.5421995
,1163310.0000000,1732100.0000000,35.5714767,129.3021894,131.5000000
,1163320.0000000,1732100.0000000,35.5714750,129.3022997,131.4276890
,1163330.0000000,1732100.0000000,35.5714734,129.3024100,129.3847813
,1163340.0000000,1732100.0000000,35.5714717,129.3025203,124.7273749
,1163350.0000000,1732100.0000000,35.5714701,129.3026306,121.6506353
,1163360.0000000,1732100.0000000,35.5714684,129.3027409,121.5000000
,1163370.0000000,1732100.0000000,35.5714668,129.3028512,120.4587801
,1163380.0000000,1732100.0000000,35.5714651,129.3029615,117.8321196
,1163390.0000000,1732100.0000000,35.5714635,129.3030718,116.6682458
,1163400.0000000,1732100.0000000,35.5714618,129.3031821,116.5958127
,1163410.0000000,1732100.0000000,35.5714602,129.3032924,115.3250077
,1163420.0000000,1732100.0000000,35.5714585,129.3034027,113.3323266
,1163430.0000000,1732100.0000000,35.5714569,129.3035130,111.9396923
,1163440.0000000,1732100.0000000,35.5714552,129.3036233,111.5000000
,1163450.0000000,1732100.0000000,35.5714536,129.3037336,111.5000000
,1163460.0000000,1732100.0000000,35.5714519,129.3038440,111.5000000
,1163470.0000000,1732100.0000000,35.5714503,129.3039543,111.5000000
,1163480.0000000,1732100.0000000,35.5714486,129.3040646,111.5317257
,1163490.0000000,1732100.0000000,35.5714470,129.3041749,113.8261585
,1163500.0000000,1732100.0000000,35.5714453,129.3042852,118.2350465
,1163510.0000000,1732100.0000000,35.5714437,129.3043955,121.4994217
,1163520.0000000,1732100.0000000,35.5714420,129.3045058,124.9902014
,1163530.0000000,1732100.0000000,35.5714404,129.3046161,126.2817087
,1163540.0000000,1732100.0000000,35.5714387,129.3047264,129.7496559
,1163550.0000000,1732100.0000000,35.5714371,129.3048367,131.3040938
,1163560.0000000,1732100.0000000,35.5714354,129.3049470,131.5000000
,1163570.0000000,1732100.0000000,35.5714338,129.3050573,131.5000000
,1163580.0000000,1732100.0000000,35.5714321,129.3051676,130.6997409
,1163590.0000000,1732100.0000000,35.5714305,129.3052779,130.4667422
,1163600.0000000,1732100.0000000,35.5714288,129.3053882,126.5869765
,1163610.0000000,1732100.0000000,35.5714272,129.3054985,126.5097750
,1163620.0000000,1732100.0000000,35.5714255,129.3056088,127.2464229
,1163630.0000000,1732100.0000000,35.5714239,129.3057191,130.3983909
,1163640.0000000,1732100.0000000,35.5714222,129.3058294,131.4743444
,1163650.0000000,1732100.0000000,35.5714206,129.3059397,132.8423949
,1163660.0000000,1732100.0000000,35.5714189,129.3060500,136.2895488
,1163670.0000000,1732100.0000000,35.5714172,129.3061604,136.1569149
,1163680.0000000,1732100.0000000,35.5714156,129.3062707,136.0938152
,1163690.0000000,1732100.0000000,35.5714139,129.3063810,135.9174205
,1163700.0000000,1732100.0000000,35.5714123,129.3064913,135.9754902
,1163710.0000000,1732100.0000000,35.5714106,129.3066016,136.1935855
,1163720.0000000,1732100.0000000,35.5714090,129.3067119,136.4480395
,1163730.0000000,1732100.0000000,35.5714073,129.3068222,137.4101239
,1163740.0000000,1732100.0000000,35.5714057,129.3069325,140.9257024
,1163750.0000000,1732100.0000000,35.5714040,129.3070428,143.3971016
,1163760.0000000,1732100.0000000,35.5714024,129.3071531,145.1201503
,1163770.0000000,1732100.0000000,35.5714007,129.3072634,143.5261827
,1163780.0000000,1732100.0000000,35.5713991,129.3073737,140.8072641
,1163790.0000000,1732100.0000000,35.5713974,129.3074840,138.4197257
,1163800.0000000,1732100.0000000,35.5713957,129.3075943,133.8322934
,1163810.0000000,1732100.0000000,35.5713941,129.3077046,128.7564994
,1163820.0000000,1732100.0000000,35.5713924,129.3078149,124.9978234
,1163830.0000000,1732100.0000000,35.5713908,129.3079252,120.3112011
,1163840.0000000,1732100.0000000,35.5713891,129.3080355,116.1516093
,1163850.0000000,1732100.0000000,35.5713875,129.3081458,112.0649499
,1163860.0000000,1732100.0000000,35.5713858,129.3082561,111.2485506
,1163870.0000000,1732100.0000000,35.5713842,129.3083664,107.4452396
,1163880.0000000,1732100.0000000,35.5713825,129.3084768,105.2856829
,1163890.0000000,1732100.0000000,35.5713809,129.3085871,102.0139368
,1163900.0000000,1732100.0000000,35.5713792,129.3086974,101.1925929
,1163910.0000000,1732100.0000000,35.5713775,129.3088077,100.3058104
,1163920.0000000,1732100.0000000,35.5713759,129.3089180,99.3062837
,1163930.0000000,1732100.0000000,35.5713742,129.3090283,97.7028341
,1163940.0000000,1732100.0000000,35.5713726,129.3091386,97.9904742
,1163950.0000000,1732100.0000000,35.5713709,129.3092489,100.4298189
,1163960.0000000,1732100.0000000,35.5713693,129.3093592,101.5329381
,1163970.0000000,1732100.0000000,35.5713676,129.3094695,102.2998487
,1163980.0000000,1732100.0000000,35.5713659,129.3095798,106.0305070
,1163990.0000000,1732100.0000000,35.5713643,129.3096901,109.0912239
,1164000.0000000,1732100.0000000,35.5713626,129.3098004,111.5629472
,1164000.0000000,1732110.0000000,35.5714528,129.3098024,111.2277400
,1163990.0000000,1732110.0000000,35.5714544,129.3096921,108.2356926
,1163980.0000000,1732110.0000000,35.5714561,129.3095818,104.2065844
,1163970.0000000,1732110.0000000,35.5714577,129.3094715,102.1553263
,1163960.0000000,1732110.0000000,35.5714594,129.3093612,101.5000000
,1163950.0000000,1732110.0000000,35.5714610,129.3092509,101.4412292
,1163940.0000000,1732110.0000000,35.5714627,129.3091406,100.8697781
,1163930.0000000,1732110.0000000,35.5714644,129.3090303,101.1489351
,1163920.0000000,1732110.0000000,35.5714660,129.3089200,101.5182418
,1163910.0000000,1732110.0000000,35.5714677,129.3088097,101.6048145
,1163900.0000000,1732110.0000000,35.5714693,129.3086994,103.5338751
,1163890.0000000,1732110.0000000,35.5714710,129.3085891,106.0571764
,1163880.0000000,1732110.0000000,35.5714726,129.3084788,106.7788557
,1163870.0000000,1732110.0000000,35.5714743,129.3083685,110.0414997
,1163860.0000000,1732110.0000000,35.5714759,129.3082582,111.6262810
,1163850.0000000,1732110.0000000,35.5714776,129.3081479,115.1171344
,1163840.0000000,1732110.0000000,35.5714792,129.3080376,117.5204486
,1163830.0000000,1732110.0000000,35.5714809,129.3079273,121.5416319
,1163820.0000000,1732110.0000000,35.5714826,129.3078169,125.9670698
,1163810.0000000,1732110.0000000,35.5714842,129.3077066,129.7987111
,1163800.0000000,1732110.0000000,35.5714859,129.3075963,133.4753323
,1163790.0000000,1732110.0000000,35.5714875,129.3074860,137.4651104
,1163780.0000000,1732110.0000000,35.5714892,129.3073757,141.3993906
,1163770.0000000,1732110.0000000,35.5714908,129.3072654,143.8800906
,1163760.0000000,1732110.0000000,35.5714925,129.3071551,146.4866860
,1163750.0000000,1732110.0000000,35.5714941,129.3070448,145.7251756
,1163740.0000000,1732110.0000000,35.5714958,129.3069345,142.8718233
,1163730.0000000,1732110.0000000,35.5714974,129.3068242,140.8002935
,1163720.0000000,1732110.0000000,35.5714991,129.3067139,138.3612820
,1163710.0000000,1732110.0000000,35.5715008,129.3066036,137.1040426
,1163700.0000000,1732110.0000000,35.5715024,129.3064933,136.7768395
,1163690.0000000,1732110.0000000,35.5715041,129.3063830,136.4491417
,1163680.0000000,1732110.0000000,35.5715057,129.3062727,136.5000000
,1163670.0000000,1732110.0000000,35.5715074,129.3061624,136.4434255
,1163660.0000000,1732110.0000000,35.5715090,129.3060521,136.1627823
,1163650.0000000,1732110.0000000,35.5715107,129.3059418,133.4825000
,1163640.0000000,1732110.0000000,35.5715123,129.3058315,131.5610416
,1163630.0000000,1732110.0000000,35.5715140,129.3057212,131.1355163
,1163620.0000000,1732110.0000000,35.5715156,129.3056109,128.5968879
,1163610.0000000,1732110.0000000,35.5715173,129.3055005,127.2976024
,1163600.0000000,1732110.0000000,35.5715189,129.3053902,128.3123345
,1163590.0000000,1732110.0000000,35.5715206,129.3052799,130.9967294
,1163580.0000000,1732110.0000000,35.5715222,129.3051696,131.2607285
,1163570.0000000,1732110.0000000,35.5715239,129.3050593,131.5000000
,1163560.0000000,1732110.0000000,35.5715255,129.3049490,131.5000000
,1163550.0000000,1732110.0000000,35.5715272,129.3048387,131.4835775
,1163540.0000000,1732110.0000000,35.5715288,129.3047284,129.5909972
,1163530.0000000,1732110.0000000,35.5715305,129.3046181,126.6432397
,1163520.0000000,1732110.0000000,35.5715322,129.3045078,125.0301633
,1163510.0000000,1732110.0000000,35.5715338,129.3043975,121.4839934
,1163500.0000000,1732110.0000000,35.5715355,129.3042872,118.2886351
,1163490.0000000,1732110.0000000,35.5715371,129.3041769,116.0279165
,1163480.0000000,1732110.0000000,35.5715388,129.3040666,112.0832731
,1163470.0000000,1732110.0000000,35.5715404,129.3039563,111.5000000
,1163460.0000000,1732110.0000000,35.5715421,129.3038460,111.5000000
,1163450.0000000,1732110.0000000,35.5715437,129.3037357,111.5414821
,1163440.0000000,1732110.0000000,35.5715454,129.3036254,111.6619635
,1163430.0000000,1732110.0000000,35.5715470,129.3035151,113.0157844
,1163420.0000000,1732110.0000000,35.5715487,129.3034048,114.8804405
,1163410.0000000,1732110.0000000,35.5715503,129.3032944,116.6640290
,1163400.0000000,1732110.0000000,35.5715520,129.3031841,116.7601126
,1163390.0000000,1732110.0000000,35.5715536,129.3030738,118.5016001
,1163380.0000000,1732110.0000000,35.5715553,129.3029635,120.8311843
,1163370.0000000,1732110.0000000,35.5715569,129.3028532,121.5002087
,1163360.0000000,1732110.0000000,35.5715586,129.3027429,121.5556968
,1163350.0000000,1732110.0000000,35.5715602,129.3026326,122.2321582
,1163340.0000000,1732110.0000000,35.5715619,129.3025223,125.7233045
,1163330.0000000,1732110.0000000,35.5715635,129.3024120,127.5593646
,1163320.0000000,1732110.0000000,35.5715652,129.3023017,130.9163033
,1163310.0000000,1732110.0000000,35.5715668,129.3021914,131.5428944
,1163300.0000000,1732110.0000000,35.5715685,129.3020811,133.6584752
,1163290.0000000,1732110.0000000,35.5715701,129.3019708,136.4543012
,1163280.0000000,1732110.0000000,35.5715718,129.3018605,136.9325501
,1163270.0000000,1732110.0000000,35.5715734,129.3017502,139.2774781
,1163260.0000000,1732110.0000000,35.5715751,129.3016399,141.1224039
,1163250.0000000,1732110.0000000,35.5715767,129.3015296,140.7826435
,1163240.0000000,1732110.0000000,35.5715784,129.3014193,140.2117678
,1163230.0000000,1732110.0000000,35.5715800,129.3013090,139.2051855
,1163220.0000000,1732110.0000000,35.5715817,129.3011986,136.7399316
,1163210.0000000,1732110.0000000,35.5715833,129.3010883,135.7848708
,1163200.0000000,1732110.0000000,35.5715850,129.3009780,134.5333797
,1163190.0000000,1732110.0000000,35.5715866,129.3008677,132.4672609
,1163180.0000000,1732110.0000000,35.5715883,129.3007574,129.7835501
,1163170.0000000,1732110.0000000,35.5715899,129.3006471,126.7318024
,1163160.0000000,1732110.0000000,35.5715915,129.3005368,125.1250737
,1163150.0000000,1732110.0000000,35.5715932,129.3004265,122.4285950
,1163140.0000000,1732110.0000000,35.5715948,129.3003162,121.3259985
,1163130.0000000,1732110.0000000,35.5715965,129.3002059,121.1846432
,1163120.0000000,1732110.0000000,35.5715981,129.3000956,121.4561091
,1163110.0000000,1732110.0000000,35.5715998,129.2999853,121.5472418
,1163100.0000000,1732110.0000000,35.5716014,129.2998750,122.1673776
,1163090.0000000,1732110.0000000,35.5716031,129.2997647,121.8093919
,1163080.0000000,1732110.0000000,35.5716047,129.2996544,121.8134209
,1163070.0000000,1732110.0000000,35.5716064,129.2995441,123.2492236
,1163060.0000000,1732110.0000000,35.5716080,129.2994338,126.2931902
,1163050.0000000,1732110.0000000,35.5716097,129.2993235,127.3283011
,1163040.0000000,1732110.0000000,35.5716113,129.2992132,130.7141955
,1163030.0000000,1732110.0000000,35.5716130,129.2991028,131.9648089
,1163020.0000000,1732110.0000000,35.5716146,129.2989925,134.7597467
,1163010.0000000,1732110.0000000,35.5716163,129.2988822,136.4646445
,1163000.0000000,1732110.0000000,35.5716179,129.2987719,136.3444711
,1163000.0000000,1732120.0000000,35.5717080,129.2987739,137.0107747
,1163010.0000000,1732120.0000000,35.5717064,129.2988843,137.6165527
,1163020.0000000,1732120.0000000,35.5717047,129.2989946,136.8533697
,1163030.0000000,1732120.0000000,35.5717031,129.2991049,136.4964497
,1163040.0000000,1732120.0000000,35.5717014,129.2992152,134.1978099
,1163050.0000000,1732120.0000000,35.5716998,129.2993255,131.1980836
,1163060.0000000,1732120.0000000,35.5716981,129.2994358,128.3073438
,1163070.0000000,1732120.0000000,35.5716965,129.2995461,126.5796733
,1163080.0000000,1732120.0000000,35.5716948,129.2996564,125.4545833
,1163090.0000000,1732120.0000000,35.5716932,129.2997667,126.1152687
,1163100.0000000,1732120.0000000,35.5716916,129.2998770,126.3140628
,1163110.0000000,1732120.0000000,35.5716899,129.2999873,124.8732509
,1163120.0000000,1732120.0000000,35.5716883,129.3000976,122.7667087
,1163130.0000000,1732120.0000000,35.5716866,129.3002079,121.5944509
,1163140.0000000,1732120.0000000,35.5716850,129.3003182,121.7789756
,1163150.0000000,1732120.0000000,35.5716833,129.3004285,123.6555449
,1163160.0000000,1732120.0000000,35.5716817,129.3005388,126.0288184
,1163170.0000000,1732120.0000000,35.5716800,129.3006491,126.6285802
,1163180.0000000,1732120.0000000,35.5716784,129.3007594,130.9635051
,1163190.0000000,1732120.0000000,35.5716767,129.3008697,136.3743582
,1163200.0000000,1732120.0000000,35.5716751,129.3009801,135.3966452
,1163210.0000000,1732120.0000000,35.5716734,129.3010904,136.8108655
,1163220.0000000,1732120.0000000,35.5716718,129.3012007,138.7540796
,1163230.0000000,1732120.0000000,35.5716701,129.3013110,140.6591442
,1163240.0000000,1732120.0000000,35.5716685,129.3014213,141.4181219
,1163250.0000000,1732120.0000000,35.5716668,129.3015316,141.3057439
,1163260.0000000,1732120.0000000,35.5716652,129.3016419,140.5674921
,1163270.0000000,1732120.0000000,35.5716635,129.3017522,138.5865442
,1163280.0000000,1732120.0000000,35.5716619,129.3018625,136.4645517
,1163290.0000000,1732120.0000000,35.5716602,129.3019728,135.9816559
,1163300.0000000,1732120.0000000,35.5716586,129.3020831,132.2516349
,1163310.0000000,1732120.0000000,35.5716569,129.3021934,131.6030290
,1163320.0000000,1732120.0000000,35.5716553,129.3023037,130.3789286
,1163330.0000000,1732120.0000000,35.5716536,129.3024140,127.5600230
,1163340.0000000,1732120.0000000,35.5716520,129.3025243,126.4953552
,1163350.0000000,1732120.0000000,35.5716503,129.3026346,125.0724938
,1163360.0000000,1732120.0000000,35.5716487,129.3027449,122.6956584
,1163370.0000000,1732120.0000000,35.5716470,129.3028552,121.7780459
,1163380.0000000,1732120.0000000,35.5716454,129.3029656,121.5841019
,1163390.0000000,1732120.0000000,35.5716437,129.3030759,120.6709509
,1163400.0000000,1732120.0000000,35.5716421,129.3031862,117.5920327
,1163410.0000000,1732120.0000000,35.5716404,129.3032965,117.2464148
,1163420.0000000,1732120.0000000,35.5716388,129.3034068,116.2818903
,1163430.0000000,1732120.0000000,35.5716371,129.3035171,114.0387272
,1163440.0000000,1732120.0000000,35.5716355,129.3036274,113.0745473
,1163450.0000000,1732120.0000000,35.5716338,129.3037377,112.9447448
,1163460.0000000,1732120.0000000,35.5716322,129.3038480,113.0381472
,1163470.0000000,1732120.0000000,35.5716305,129.3039583,112.8464838
,1163480.0000000,1732120.0000000,35.5716289,129.3040686,114.8503460
,1163490.0000000,1732120.0000000,35.5716272,129.3041789,117.7974793
,1163500.0000000,1732120.0000000,35.5716256,129.3042892,119.2824480
,1163510.0000000,1732120.0000000,35.5716239,129.3043995,122.0264201
,1163520.0000000,1732120.0000000,35.5716223,129.3045098,125.8363391
,1163530.0000000,1732120.0000000,35.5716206,129.3046201,126.6679970
,1163540.0000000,1732120.0000000,35.5716190,129.3047304,129.8854056
,1163550.0000000,1732120.0000000,35.5716173,129.3048407,131.4220895
,1163560.0000000,1732120.0000000,35.5716157,129.3049510,131.5000000
,1163570.0000000,1732120.0000000,35.5716140,129.3050613,131.5000000
,1163580.0000000,1732120.0000000,35.5716124,129.3051717,131.4567756
,1163590.0000000,1732120.0000000,35.5716107,129.3052820,131.4029976
,1163600.0000000,1732120.0000000,35.5716091,129.3053923,130.9582506
,1163610.0000000,1732120.0000000,35.5716074,129.3055026,129.9489158
,1163620.0000000,1732120.0000000,35.5716058,129.3056129,130.7872889
,1163630.0000000,1732120.0000000,35.5716041,129.3057232,131.5000000
,1163640.0000000,1732120.0000000,35.5716024,129.3058335,131.6031101
,1163650.0000000,1732120.0000000,35.5716008,129.3059438,133.8135318
,1163660.0000000,1732120.0000000,35.5715991,129.3060541,136.2078359
,1163670.0000000,1732120.0000000,35.5715975,129.3061644,136.5224262
,1163680.0000000,1732120.0000000,35.5715958,129.3062747,137.6373124
,1163690.0000000,1732120.0000000,35.5715942,129.3063850,139.2422994
,1163700.0000000,1732120.0000000,35.5715925,129.3064953,139.7274618
,1163710.0000000,1732120.0000000,35.5715909,129.3066056,140.1866690
,1163720.0000000,1732120.0000000,35.5715892,129.3067159,141.4897999
,1163730.0000000,1732120.0000000,35.5715876,129.3068262,143.6446045
,1163740.0000000,1732120.0000000,35.5715859,129.3069365,145.9856981
,1163750.0000000,1732120.0000000,35.5715843,129.3070468,146.4465317
,1163760.0000000,1732120.0000000,35.5715826,129.3071571,144.3853148
,1163770.0000000,1732120.0000000,35.5715810,129.3072674,141.8941173
,1163780.0000000,1732120.0000000,35.5715793,129.3073778,139.7176380
,1163790.0000000,1732120.0000000,35.5715776,129.3074881,136.5474138
,1163800.0000000,1732120.0000000,35.5715760,129.3075984,132.4477719
,1163810.0000000,1732120.0000000,35.5715743,129.3077087,129.9936611
,1163820.0000000,1732120.0000000,35.5715727,129.3078190,126.4247296
,1163830.0000000,1732120.0000000,35.5715710,129.3079293,121.9311617
,1163840.0000000,1732120.0000000,35.5715694,129.3080396,120.0397084
,1163850.0000000,1732120.0000000,35.5715677,129.3081499,116.4601000
,1163860.0000000,1732120.0000000,35.5715661,129.3082602,113.4152404
,1163870.0000000,1732120.0000000,35.5715644,129.3083705,111.5055714
,1163880.0000000,1732120.0000000,35.5715627,129.3084808,110.0695528
,1163890.0000000,1732120.0000000,35.5715611,129.3085911,108.7935269
,1163900.0000000,1732120.0000000,35.5715594,129.3087014,106.3336538
,1163910.0000000,1732120.0000000,35.5715578,129.3088117,104.9546850
,1163920.0000000,1732120.0000000,35.5715561,129.3089220,104.0133775
,1163930.0000000,1732120.0000000,35.5715545,129.3090323,103.4608485
,1163940.0000000,1732120.0000000,35.5715528,129.3091426,102.9269350
,1163950.0000000,1732120.0000000,35.5715512,129.3092529,101.9360239
,1163960.0000000,1732120.0000000,35.5715495,129.3093632,101.5839823
,1163970.0000000,1732120.0000000,35.5715478,129.3094735,102.0750125
,1163980.0000000,1732120.0000000,35.5715462,129.3095839,105.4021453
,1163990.0000000,1732120.0000000,35.5715445,129.3096942,107.2190280
,1164000.0000000,1732120.0000000,35.5715429,129.3098045,110.7937285
,1164000.0000000,1732130.0000000,35.5716330,129.3098065,110.8675073
,1163990.0000000,1732130.0000000,35.5716347,129.3096962,107.7013616
,1163980.0000000,1732130.0000000,35.5716363,129.3095859,106.3983760
,1163970.0000000,1732130.0000000,35.5716380,129.3094756,103.3662668
,1163960.0000000,1732130.0000000,35.5716396,129.3093653,102.5129515
,1163950.0000000,1732130.0000000,35.5716413,129.3092550,104.3018976
,1163940.0000000,1732130.0000000,35.5716429,129.3091447,106.1184806
,1163930.0000000,1732130.0000000,35.5716446,129.3090344,106.4957311
,1163920.0000000,1732130.0000000,35.5716462,129.3089240,106.5403171
,1163910.0000000,1732130.0000000,35.5716479,129.3088137,107.6164513
,1163900.0000000,1732130.0000000,35.5716496,129.3087034,110.7591543
,1163890.0000000,1732130.0000000,35.5716512,129.3085931,112.0534305
,1163880.0000000,1732130.0000000,35.5716529,129.3084828,114.1367808
,1163870.0000000,1732130.0000000,35.5716545,129.3083725,115.2922320
,1163860.0000000,1732130.0000000,35.5716562,129.3082622,116.4808475
,1163850.0000000,1732130.0000000,35.5716578,129.3081519,117.2962270
,1163840.0000000,1732130.0000000,35.5716595,129.3080416,120.5091444
,1163830.0000000,1732130.0000000,35.5716611,129.3079313,121.8648381
,1163820.0000000,1732130.0000000,35.5716628,129.3078210,126.2032002
,1163810.0000000,1732130.0000000,35.5716645,129.3077107,129.6799063
,1163800.0000000,1732130.0000000,35.5716661,129.3076004,131.6137671
,1163790.0000000,1732130.0000000,35.5716678,129.3074901,134.8742923
,1163780.0000000,1732130.0000000,35.5716694,129.3073798,136.8518419
,1163770.0000000,1732130.0000000,35.5716711,129.3072695,139.9434146
,1163760.0000000,1732130.0000000,35.5716727,129.3071592,141.7213009
,1163750.0000000,1732130.0000000,35.5716744,129.3070489,146.2624793
,1163740.0000000,1732130.0000000,35.5716760,129.3069386,146.3504758
,1163730.0000000,1732130.0000000,35.5716777,129.3068283,145.5483755
,1163720.0000000,1732130.0000000,35.5716793,129.3067179,142.9342721
,1163710.0000000,1732130.0000000,35.5716810,129.3066076,141.5078265
,1163700.0000000,1732130.0000000,35.5716826,129.3064973,141.3870953
,1163690.0000000,1732130.0000000,35.5716843,129.3063870,140.9652908
,1163680.0000000,1732130.0000000,35.5716860,129.3062767,139.1522430
,1163670.0000000,1732130.0000000,35.5716876,129.3061664,137.2084468
,1163660.0000000,1732130.0000000,35.5716893,129.3060561,136.1288356
,1163650.0000000,1732130.0000000,35.5716909,129.3059458,133.6708008
,1163640.0000000,1732130.0000000,35.5716926,129.3058355,131.5034112
,1163630.0000000,1732130.0000000,35.5716942,129.3057252,131.5412062
,1163620.0000000,1732130.0000000,35.5716959,129.3056149,131.4829883
,1163610.0000000,1732130.0000000,35.5716975,129.3055046,131.4124211
,1163600.0000000,1732130.0000000,35.5716992,129.3053943,131.5000000
,1163590.0000000,1732130.0000000,35.5717008,129.3052840,131.5000000
,1163580.0000000,1732130.0000000,35.5717025,129.3051737,131.5853317
,1163570.0000000,1732130.0000000,35.5717041,129.3050634,131.5000000
,1163560.0000000,1732130.0000000,35.5717058,129.3049531,131.5000000
,1163550.0000000,1732130.0000000,35.5717074,129.3048428,131.3437173
,1163540.0000000,1732130.0000000,35.5717091,129.3047325,130.7372004
,1163530.0000000,1732130.0000000,35.5717107,129.3046222,127.7366267
,1163520.0000000,1732130.0000000,35.5717124,129.3045118,126.4127673
,1163510.0000000,1732130.0000000,35.5717140,129.3044015,125.4621129
,1163500.0000000,1732130.0000000,35.5717157,129.3042912,121.2451241
,1163490.0000000,1732130.0000000,35.5717173,129.3041809,117.4069998
,1163480.0000000,1732130.0000000,35.5717190,129.3040706,116.9549729
,1163470.0000000,1732130.0000000,35.5717207,129.3039603,116.5000000
,1163460.0000000,1732130.0000000,35.5717223,129.3038500,115.9770506
,1163450.0000000,1732130.0000000,35.5717240,129.3037397,115.5763537
,1163440.0000000,1732130.0000000,35.5717256,129.3036294,115.2231950
,1163430.0000000,1732130.0000000,35.5717273,129.3035191,117.2968912
,1163420.0000000,1732130.0000000,35.5717289,129.3034088,118.3469145
,1163410.0000000,1732130.0000000,35.5717306,129.3032985,117.6919501
,1163400.0000000,1732130.0000000,35.5717322,129.3031882,117.9081555
,1163390.0000000,1732130.0000000,35.5717339,129.3030779,121.3569803
,1163380.0000000,1732130.0000000,35.5717355,129.3029676,122.3129250
,1163370.0000000,1732130.0000000,35.5717372,129.3028573,124.8301590
,1163360.0000000,1732130.0000000,35.5717388,129.3027470,126.3335444
,1163350.0000000,1732130.0000000,35.5717405,129.3026367,126.5316324
,1163340.0000000,1732130.0000000,35.5717421,129.3025263,127.1592225
,1163330.0000000,1732130.0000000,35.5717438,129.3024160,127.8467778
,1163320.0000000,1732130.0000000,35.5717454,129.3023057,131.1251888
,1163310.0000000,1732130.0000000,35.5717471,129.3021954,131.5430880
,1163300.0000000,1732130.0000000,35.5717487,129.3020851,131.5568112
,1163290.0000000,1732130.0000000,35.5717504,129.3019748,135.1146496
,1163280.0000000,1732130.0000000,35.5717520,129.3018645,136.5603582
,1163270.0000000,1732130.0000000,35.5717537,129.3017542,139.2490110
,1163260.0000000,1732130.0000000,35.5717553,129.3016439,141.3178617
,1163250.0000000,1732130.0000000,35.5717570,129.3015336,141.5000000
,1163240.0000000,1732130.0000000,35.5717586,129.3014233,141.5000000
,1163230.0000000,1732130.0000000,35.5717603,129.3013130,141.3393581
,1163220.0000000,1732130.0000000,35.5717619,129.3012027,140.4365431
,1163210.0000000,1732130.0000000,35.5717635,129.3010924,140.2594203
,1163200.0000000,1732130.0000000,35.5717652,129.3009821,137.4153324
,1163190.0000000,1732130.0000000,35.5717668,129.3008718,135.5448557
,1163180.0000000,1732130.0000000,35.5717685,129.3007615,131.8584613
,1163170.0000000,1732130.0000000,35.5717701,129.3006512,128.5034749
,1163160.0000000,1732130.0000000,35.5717718,129.3005409,126.8981497
,1163150.0000000,1732130.0000000,35.5717734,129.3004305,126.4134361
,1163140.0000000,1732130.0000000,35.5717751,129.3003202,124.9306868
,1163130.0000000,1732130.0000000,35.5717767,129.3002099,124.8784122
,1163120.0000000,1732130.0000000,35.5717784,129.3000996,126.4584713
,1163110.0000000,1732130.0000000,35.5717800,129.2999893,127.4219966
,1163100.0000000,1732130.0000000,35.5717817,129.2998790,128.6902198
,1163090.0000000,1732130.0000000,35.5717833,129.2997687,128.7034877
,1163080.0000000,1732130.0000000,35.5717850,129.2996584,128.1361788
,1163070.0000000,1732130.0000000,35.5717866,129.2995481,129.5789669
,1163060.0000000,1732130.0000000,35.5717883,129.2994378,131.5035934
,1163050.0000000,1732130.0000000,35.5717899,129.2993275,135.5791250
,1163040.0000000,1732130.0000000,35.5717916,129.2992172,137.0108338
,1163030.0000000,1732130.0000000,35.5717932,129.2991069,139.8376543
,1163020.0000000,1732130.0000000,35.5717949,129.2989966,141.1635698
,1163010.0000000,1732130.0000000,35.5717965,129.2988863,140.9146952
,1163000.0000000,1732130.0000000,35.5717981,129.2987760,139.0289643
,1163000.0000000,1732140.0000000,35.5718883,129.2987780,140.3583307
,1163010.0000000,1732140.0000000,35.5718866,129.2988883,141.5467864
,1163020.0000000,1732140.0000000,35.5718850,129.2989986,142.0711019
,1163030.0000000,1732140.0000000,35.5718833,129.2991089,141.6353469
,1163040.0000000,1732140.0000000,35.5718817,129.2992192,141.3145376
,1163050.0000000,1732140.0000000,35.5718800,129.2993295,137.3987975
,1163060.0000000,1732140.0000000,35.5718784,129.2994398,135.6862789
,1163070.0000000,1732140.0000000,35.5718767,129.2995501,132.5819741
,1163080.0000000,1732140.0000000,35.5718751,129.2996604,131.6590665
,1163090.0000000,1732140.0000000,35.5718734,129.2997707,131.9922120
,1163100.0000000,1732140.0000000,35.5718718,129.2998810,131.6287643
,1163110.0000000,1732140.0000000,35.5718702,129.2999913,131.1887042
,1163120.0000000,1732140.0000000,35.5718685,129.3001016,129.5825785
,1163130.0000000,1732140.0000000,35.5718669,129.3002120,127.7149544
,1163140.0000000,1732140.0000000,35.5718652,129.3003223,127.3438864
,1163150.0000000,1732140.0000000,35.5718636,129.3004326,128.7235558
,1163160.0000000,1732140.0000000,35.5718619,129.3005429,130.6536053
,1163170.0000000,1732140.0000000,35.5718603,129.3006532,131.6104176
,1163180.0000000,1732140.0000000,35.5718586,129.3007635,134.3447910
,1163190.0000000,1732140.0000000,35.5718570,129.3008738,135.7519987
,1163200.0000000,1732140.0000000,35.5718553,129.3009841,139.7639074
,1163210.0000000,1732140.0000000,35.5718537,129.3010944,141.1194857
,1163220.0000000,1732140.0000000,35.5718520,129.3012047,141.1242443
,1163230.0000000,1732140.0000000,35.5718504,129.3013150,141.5000000
,1163240.0000000,1732140.0000000,35.5718487,129.3014253,141.5000000
,1163250.0000000,1732140.0000000,35.5718471,129.3015356,141.5000000
,1163260.0000000,1732140.0000000,35.5718454,129.3016459,141.3961833
,1163270.0000000,1732140.0000000,35.5718438,129.3017562,139.6867651
,1163280.0000000,1732140.0000000,35.5718421,129.3018665,136.5484412
,1163290.0000000,1732140.0000000,35.5718405,129.3019768,134.9806832
,1163300.0000000,1732140.0000000,35.5718388,129.3020871,131.5925867
,1163310.0000000,1732140.0000000,35.5718372,129.3021975,132.1018436
,1163320.0000000,1732140.0000000,35.5718355,129.3023078,133.7441320
,1163330.0000000,1732140.0000000,35.5718339,129.3024181,132.4730872
,1163340.0000000,1732140.0000000,35.5718322,129.3025284,130.7736602
,1163350.0000000,1732140.0000000,35.5718306,129.3026387,129.3805887
,1163360.0000000,1732140.0000000,35.5718289,129.3027490,127.3755657
,1163370.0000000,1732140.0000000,35.5718273,129.3028593,126.5567516
,1163380.0000000,1732140.0000000,35.5718256,129.3029696,123.5270062
,1163390.0000000,1732140.0000000,35.5718240,129.3030799,121.4595361
,1163400.0000000,1732140.0000000,35.5718223,129.3031902,120.7338013
,1163410.0000000,1732140.0000000,35.5718207,129.3033005,119.8654531
,1163420.0000000,1732140.0000000,35.5718190,129.3034108,116.9783009
,1163430.0000000,1732140.0000000,35.5718174,129.3035211,117.9360227
,1163440.0000000,1732140.0000000,35.5718157,129.3036314,117.3964235
,1163450.0000000,1732140.0000000,35.5718141,129.3037417,116.5965462
,1163460.0000000,1732140.0000000,35.5718124,129.3038520,116.5000000
,1163470.0000000,1732140.0000000,35.5718108,129.3039623,116.5000000
,1163480.0000000,1732140.0000000,35.5718091,129.3040726,116.5000000
,1163490.0000000,1732140.0000000,35.5718075,129.3041830,117.0412440
,1163500.0000000,1732140.0000000,35.5718058,129.3042933,121.2549939
,1163510.0000000,1732140.0000000,35.5718042,129.3044036,126.3618886
,1163520.0000000,1732140.0000000,35.5718025,129.3045139,127.1817282
,1163530.0000000,1732140.0000000,35.5718009,129.3046242,130.6927450
,1163540.0000000,1732140.0000000,35.5717992,129.3047345,131.4434546
,1163550.0000000,1732140.0000000,35.5717976,129.3048448,131.5000000
,1163560.0000000,1732140.0000000,35.5717959,129.3049551,132.6734799
,1163570.0000000,1732140.0000000,35.5717943,129.3050654,133.2637861
,1163580.0000000,1732140.0000000,35.5717926,129.3051757,132.3661414
,1163590.0000000,1732140.0000000,35.5717910,129.3052860,131.7917574
,1163600.0000000,1732140.0000000,35.5717893,129.3053963,131.5693610
,1163610.0000000,1732140.0000000,35.5717876,129.3055066,131.5000000
,1163620.0000000,1732140.0000000,35.5717860,129.3056169,131.5000000
,1163630.0000000,1732140.0000000,35.5717843,129.3057272,131.7310739
,1163640.0000000,1732140.0000000,35.5717827,129.3058375,132.3295817
,1163650.0000000,1732140.0000000,35.5717810,129.3059478,134.4022071
,1163660.0000000,1732140.0000000,35.5717794,129.3060581,136.2127502
,1163670.0000000,1732140.0000000,35.5717777,129.3061684,137.3474219
,1163680.0000000,1732140.0000000,35.5717761,129.3062788,140.0634200
,1163690.0000000,1732140.0000000,35.5717744,129.3063891,141.4629232
,1163700.0000000,1732140.0000000,35.5717728,129.3064994,141.6785198
,1163710.0000000,1732140.0000000,35.5717711,129.3066097,142.3015944
,1163720.0000000,1732140.0000000,35.5717695,129.3067200,144.4967077
,1163730.0000000,1732140.0000000,35.5717678,129.3068303,146.3450995
,1163740.0000000,1732140.0000000,35.5717662,129.3069406,146.1500383
,1163750.0000000,1732140.0000000,35.5717645,129.3070509,145.4535105
,1163760.0000000,1732140.0000000,35.5717628,129.3071612,141.4915996
,1163770.0000000,1732140.0000000,35.5717612,129.3072715,138.0446580
,1163780.0000000,1732140.0000000,35.5717595,129.3073818,136.4751022
,1163790.0000000,1732140.0000000,35.5717579,129.3074921,133.7031159
,1163800.0000000,1732140.0000000,35.5717562,129.3076024,131.5005752
,1163810.0000000,1732140.0000000,35.5717546,129.3077127,129.1564722
,1163820.0000000,1732140.0000000,35.5717529,129.3078230,126.3245277
,1163830.0000000,1732140.0000000,35.5717513,129.3079333,123.2223969
,1163840.0000000,1732140.0000000,35.5717496,129.3080436,121.4516027
,1163850.0000000,1732140.0000000,35.5717480,129.3081539,119.9675914
,1163860.0000000,1732140.0000000,35.5717463,129.3082642,118.1390755
,1163870.0000000,1732140.0000000,35.5717446,129.3083745,119.0010061
,1163880.0000000,1732140.0000000,35.5717430,129.3084849,117.6692842
,1163890.0000000,1732140.0000000,35.5717413,129.3085952,116.8418219
,1163900.0000000,1732140.0000000,35.5717397,129.3087055,114.5551728
,1163910.0000000,1732140.0000000,35.5717380,129.3088158,111.8642200
,1163920.0000000,1732140.0000000,35.5717364,129.3089261,109.1815086
,1163930.0000000,1732140.0000000,35.5717347,129.3090364,107.7328957
,1163940.0000000,1732140.0000000,35.5717331,129.3091467,107.1697816
,1163950.0000000,1732140.0000000,35.5717314,129.3092570,106.6163117
,1163960.0000000,1732140.0000000,35.5717297,129.3093673,105.9619372
,1163970.0000000,1732140.0000000,35.5717281,129.3094776,105.6429838
,1163980.0000000,1732140.0000000,35.5717264,129.3095879,106.5781509
,1163990.0000000,1732140.0000000,35.5717248,129.3096982,108.2456050
,1164000.0000000,1732140.0000000,35.5717231,129.3098085,111.2713651
,1164000.0000000,1732150.0000000,35.5718132,129.3098105,111.3545651
,1163990.0000000,1732150.0000000,35.5718149,129.3097002,107.9428624
,1163980.0000000,1732150.0000000,35.5718166,129.3095899,106.7319222
,1163970.0000000,1732150.0000000,35.5718182,129.3094796,107.0807950
,1163960.0000000,1732150.0000000,35.5718199,129.3093693,107.0814505
,1163950.0000000,1732150.0000000,35.5718215,129.3092590,108.0570017
,1163940.0000000,1732150.0000000,35.5718232,129.3091487,109.6199519
,1163930.0000000,1732150.0000000,35.5718248,129.3090384,111.3153313
,1163920.0000000,1732150.0000000,35.5718265,129.3089281,111.7397919
,1163910.0000000,1732150.0000000,35.5718281,129.3088178,115.7443878
,1163900.0000000,1732150.0000000,35.5718298,129.3087075,117.8584871
,1163890.0000000,1732150.0000000,35.5718315,129.3085972,121.2174168
,1163880.0000000,1732150.0000000,35.5718331,129.3084869,122.5957681
,1163870.0000000,1732150.0000000,35.5718348,129.3083766,123.6532399
,1163860.0000000,1732150.0000000,35.5718364,129.3082663,122.9000492
,1163850.0000000,1732150.0000000,35.5718381,129.3081560,122.1261095
,1163840.0000000,1732150.0000000,35.5718397,129.3080457,123.5551504
,1163830.0000000,1732150.0000000,35.5718414,129.3079354,125.2442551
,1163820.0000000,1732150.0000000,35.5718430,129.3078250,126.5659934
,1163810.0000000,1732150.0000000,35.5718447,129.3077147,129.1937390
,1163800.0000000,1732150.0000000,35.5718464,129.3076044,131.4939174
,1163790.0000000,1732150.0000000,35.5718480,129.3074941,133.9551927
,1163780.0000000,1732150.0000000,35.5718497,129.3073838,136.3394594
,1163770.0000000,1732150.0000000,35.5718513,129.3072735,137.0875234
,1163760.0000000,1732150.0000000,35.5718530,129.3071632,141.2009019
,1163750.0000000,1732150.0000000,35.5718546,129.3070529,143.7009287
,1163740.0000000,1732150.0000000,35.5718563,129.3069426,145.8103768
,1163730.0000000,1732150.0000000,35.5718579,129.3068323,146.4467634
,1163720.0000000,1732150.0000000,35.5718596,129.3067220,146.1268226
,1163710.0000000,1732150.0000000,35.5718612,129.3066117,143.8148373
,1163700.0000000,1732150.0000000,35.5718629,129.3065014,142.2407024
,1163690.0000000,1732150.0000000,35.5718645,129.3063911,141.3651047
,1163680.0000000,1732150.0000000,35.5718662,129.3062808,140.2577744
,1163670.0000000,1732150.0000000,35.5718679,129.3061705,137.1673292
,1163660.0000000,1732150.0000000,35.5718695,129.3060602,136.5047062
,1163650.0000000,1732150.0000000,35.5718712,129.3059499,135.3050499
,1163640.0000000,1732150.0000000,35.5718728,129.3058396,133.4617106
,1163630.0000000,1732150.0000000,35.5718745,129.3057292,132.4913212
,1163620.0000000,1732150.0000000,35.5718761,129.3056189,132.2636749
,1163610.0000000,1732150.0000000,35.5718778,129.3055086,132.3827529
,1163600.0000000,1732150.0000000,35.5718794,129.3053983,132.8416965
,1163590.0000000,1732150.0000000,35.5718811,129.3052880,133.8581071
,1163580.0000000,1732150.0000000,35.5718827,129.3051777,135.2596089
,1163570.0000000,1732150.0000000,35.5718844,129.3050674,135.8966917
,1163560.0000000,1732150.0000000,35.5718860,129.3049571,135.0649667
,1163550.0000000,1732150.0000000,35.5718877,129.3048468,132.0365493
,1163540.0000000,1732150.0000000,35.5718893,129.3047365,131.3895265
,1163530.0000000,1732150.0000000,35.5718910,129.3046262,131.4439147
,1163520.0000000,1732150.0000000,35.5718926,129.3045159,127.4677943
,1163510.0000000,1732150.0000000,35.5718943,129.3044056,125.0169959
,1163500.0000000,1732150.0000000,35.5718959,129.3042953,120.0807476
,1163490.0000000,1732150.0000000,35.5718976,129.3041850,116.5521725
,1163480.0000000,1732150.0000000,35.5718992,129.3040747,116.5000000
,1163470.0000000,1732150.0000000,35.5719009,129.3039644,116.5000000
,1163460.0000000,1732150.0000000,35.5719025,129.3038541,116.5236762
,1163450.0000000,1732150.0000000,35.5719042,129.3037437,116.6838071
,1163440.0000000,1732150.0000000,35.5719058,129.3036334,116.9194050
,1163430.0000000,1732150.0000000,35.5719075,129.3035231,119.0081111
,1163420.0000000,1732150.0000000,35.5719091,129.3034128,120.3643461
,1163410.0000000,1732150.0000000,35.5719108,129.3033025,121.1532162
,1163400.0000000,1732150.0000000,35.5719125,129.3031922,121.5141895
,1163390.0000000,1732150.0000000,35.5719141,129.3030819,121.7652896
,1163380.0000000,1732150.0000000,35.5719158,129.3029716,124.4757298
,1163370.0000000,1732150.0000000,35.5719174,129.3028613,127.0093365
,1163360.0000000,1732150.0000000,35.5719191,129.3027510,130.5767481
,1163350.0000000,1732150.0000000,35.5719207,129.3026407,132.0700044
,1163340.0000000,1732150.0000000,35.5719224,129.3025304,133.4813095
,1163330.0000000,1732150.0000000,35.5719240,129.3024201,135.5168544
,1163320.0000000,1732150.0000000,35.5719257,129.3023098,135.6412965
,1163310.0000000,1732150.0000000,35.5719273,129.3021995,134.4840131
,1163300.0000000,1732150.0000000,35.5719289,129.3020892,134.5182252
,1163290.0000000,1732150.0000000,35.5719306,129.3019789,136.1890131
,1163280.0000000,1732150.0000000,35.5719322,129.3018686,136.8691606
,1163270.0000000,1732150.0000000,35.5719339,129.3017582,139.8787033
,1163260.0000000,1732150.0000000,35.5719355,129.3016479,141.4399889
,1163250.0000000,1732150.0000000,35.5719372,129.3015376,141.5000000
,1163240.0000000,1732150.0000000,35.5719388,129.3014273,141.5000000
,1163230.0000000,1732150.0000000,35.5719405,129.3013170,141.5000000
,1163220.0000000,1732150.0000000,35.5719421,129.3012067,141.2806105
,1163210.0000000,1732150.0000000,35.5719438,129.3010964,140.3719210
,1163200.0000000,1732150.0000000,35.5719454,129.3009861,139.4071950
,1163190.0000000,1732150.0000000,35.5719471,129.3008758,137.1139295
,1163180.0000000,1732150.0000000,35.5719487,129.3007655,136.4890814
,1163170.0000000,1732150.0000000,35.5719504,129.3006552,135.4749149
,1163160.0000000,1732150.0000000,35.5719520,129.3005449,133.6739520
,1163150.0000000,1732150.0000000,35.5719537,129.3004346,131.5710933
,1163140.0000000,1732150.0000000,35.5719553,129.3003243,131.2870436
,1163130.0000000,1732150.0000000,35.5719570,129.3002140,131.1895162
,1163120.0000000,1732150.0000000,35.5719586,129.3001037,131.5775542
,1163110.0000000,1732150.0000000,35.5719603,129.2999934,133.2125781
,1163100.0000000,1732150.0000000,35.5719619,129.2998830,135.1590878
,1163090.0000000,1732150.0000000,35.5719636,129.2997727,136.3482788
,1163080.0000000,1732150.0000000,35.5719652,129.2996624,136.2591783
,1163070.0000000,1732150.0000000,35.5719669,129.2995521,136.4959183
,1163060.0000000,1732150.0000000,35.5719685,129.2994418,137.2997776
,1163050.0000000,1732150.0000000,35.5719702,129.2993315,141.2928327
,1163040.0000000,1732150.0000000,35.5719718,129.2992212,142.5154655
,1163030.0000000,1732150.0000000,35.5719734,129.2991109,145.1620711
,1163020.0000000,1732150.0000000,35.5719751,129.2990006,145.0888267
,1163010.0000000,1732150.0000000,35.5719767,129.2988903,142.2668006
,1163000.0000000,1732150.0000000,35.5719784,129.2987800,141.1540995
,1163000.0000000,1732160.0000000,35.5720685,129.2987820,141.5586924
,1163010.0000000,1732160.0000000,35.5720669,129.2988923,144.7278766
,1163020.0000000,1732160.0000000,35.5720652,129.2990026,146.7370603
,1163030.0000000,1732160.0000000,35.5720636,129.2991129,147.6894035
,1163040.0000000,1732160.0000000,35.5720619,129.2992232,146.5697023
,1163050.0000000,1732160.0000000,35.5720603,129.2993335,143.6719596
,1163060.0000000,1732160.0000000,35.5720586,129.2994438,141.5317471
,1163070.0000000,1732160.0000000,35.5720570,129.2995541,140.0349827
,1163080.0000000,1732160.0000000,35.5720553,129.2996645,139.1683752
,1163090.0000000,1732160.0000000,35.5720537,129.2997748,138.6093620
,1163100.0000000,1732160.0000000,35.5720520,129.2998851,137.3210678
,1163110.0000000,1732160.0000000,35.5720504,129.2999954,136.3990457
,1163120.0000000,1732160.0000000,35.5720487,129.3001057,134.6713557
,1163130.0000000,1732160.0000000,35.5720471,129.3002160,133.5705436
,1163140.0000000,1732160.0000000,35.5720454,129.3003263,133.9467812
,1163150.0000000,1732160.0000000,35.5720438,129.3004366,135.7551264
,1163160.0000000,1732160.0000000,35.5720422,129.3005469,136.4848478
,1163170.0000000,1732160.0000000,35.5720405,129.3006572,138.8321364
,1163180.0000000,1732160.0000000,35.5720389,129.3007675,137.8746832
,1163190.0000000,1732160.0000000,35.5720372,129.3008778,140.5384883
,1163200.0000000,1732160.0000000,35.5720356,129.3009881,139.9080406
,1163210.0000000,1732160.0000000,35.5720339,129.3010984,140.0465235
,1163220.0000000,1732160.0000000,35.5720323,129.3012087,141.3421928
,1163230.0000000,1732160.0000000,35.5720306,129.3013190,141.5000000
,1163240.0000000,1732160.0000000,35.5720290,129.3014293,141.5000000
,1163250.0000000,1732160.0000000,35.5720273,129.3015397,141.5000000
,1163260.0000000,1732160.0000000,35.5720257,129.3016500,141.5000000
,1163270.0000000,1732160.0000000,35.5720240,129.3017603,140.9256981
,1163280.0000000,1732160.0000000,35.5720224,129.3018706,137.9024944
,1163290.0000000,1732160.0000000,35.5720207,129.3019809,136.2637528
,1163300.0000000,1732160.0000000,35.5720191,129.3020912,136.4009753
,1163310.0000000,1732160.0000000,35.5720174,129.3022015,136.3973082
,1163320.0000000,1732160.0000000,35.5720158,129.3023118,136.7808371
,1163330.0000000,1732160.0000000,35.5720141,129.3024221,136.5924026
,1163340.0000000,1732160.0000000,35.5720125,129.3025324,136.4261544
,1163350.0000000,1732160.0000000,35.5720108,129.3026427,135.6063300
,1163360.0000000,1732160.0000000,35.5720092,129.3027530,132.2784803
,1163370.0000000,1732160.0000000,35.5720075,129.3028633,129.6322379
,1163380.0000000,1732160.0000000,35.5720059,129.3029736,126.4005587
,1163390.0000000,1732160.0000000,35.5720042,129.3030839,124.1363068
,1163400.0000000,1732160.0000000,35.5720026,129.3031942,122.1387074
,1163410.0000000,1732160.0000000,35.5720009,129.3033045,121.5731994
,1163420.0000000,1732160.0000000,35.5719993,129.3034149,121.3788637
,1163430.0000000,1732160.0000000,35.5719976,129.3035252,120.4262315
,1163440.0000000,1732160.0000000,35.5719960,129.3036355,118.2606942
,1163450.0000000,1732160.0000000,35.5719943,129.3037458,117.0682047
,1163460.0000000,1732160.0000000,35.5719927,129.3038561,117.0591829
,1163470.0000000,1732160.0000000,35.5719910,129.3039664,116.9593752
,1163480.0000000,1732160.0000000,35.5719894,129.3040767,116.5913677
,1163490.0000000,1732160.0000000,35.5719877,129.3041870,117.1116766
,1163500.0000000,1732160.0000000,35.5719861,129.3042973,120.3605442
,1163510.0000000,1732160.0000000,35.5719844,129.3044076,123.5576413
,1163520.0000000,1732160.0000000,35.5719828,129.3045179,126.6130294
,1163530.0000000,1732160.0000000,35.5719811,129.3046282,130.9096143
,1163540.0000000,1732160.0000000,35.5719795,129.3047385,131.2475137
,1163550.0000000,1732160.0000000,35.5719778,129.3048488,132.8800872
,1163560.0000000,1732160.0000000,35.5719762,129.3049591,136.1823352
,1163570.0000000,1732160.0000000,35.5719745,129.3050694,136.5000000
,1163580.0000000,1732160.0000000,35.5719728,129.3051797,136.5000000
,1163590.0000000,1732160.0000000,35.5719712,129.3052900,136.5000000
,1163600.0000000,1732160.0000000,35.5719695,129.3054004,136.5000000
,1163610.0000000,1732160.0000000,35.5719679,129.3055107,135.6911460
,1163620.0000000,1732160.0000000,35.5719662,129.3056210,135.1218849
,1163630.0000000,1732160.0000000,35.5719646,129.3057313,134.6905572
,1163640.0000000,1732160.0000000,35.5719629,129.3058416,135.4433393
,1163650.0000000,1732160.0000000,35.5719613,129.3059519,136.0277323
,1163660.0000000,1732160.0000000,35.5719596,129.3060622,136.7621972
,1163670.0000000,1732160.0000000,35.5719580,129.3061725,137.6555902
,1163680.0000000,1732160.0000000,35.5719563,129.3062828,140.0901630
,1163690.0000000,1732160.0000000,35.5719547,129.3063931,141.6941740
,1163700.0000000,1732160.0000000,35.5719530,129.3065034,143.4335547
,1163710.0000000,1732160.0000000,35.5719514,129.3066137,145.3738954
,1163720.0000000,1732160.0000000,35.5719497,129.3067240,146.4943263
,1163730.0000000,1732160.0000000,35.5719481,129.3068343,146.3313232
,1163740.0000000,1732160.0000000,35.5719464,129.3069446,146.3734261
,1163750.0000000,1732160.0000000,35.5719447,129.3070549,143.0973525
,1163760.0000000,1732160.0000000,35.5719431,129.3071652,141.4458162
,1163770.0000000,1732160.0000000,35.5719414,129.3072755,137.6717007
,1163780.0000000,1732160.0000000,35.5719398,129.3073859,136.5218482
,1163790.0000000,1732160.0000000,35.5719381,129.3074962,134.5457062
,1163800.0000000,1732160.0000000,35.5719365,129.3076065,131.6571613
,1163810.0000000,1732160.0000000,35.5719348,129.3077168,130.7745153
,1163820.0000000,1732160.0000000,35.5719332,129.3078271,127.1948527
,1163830.0000000,1732160.0000000,35.5719315,129.3079374,126.7046841
,1163840.0000000,1732160.0000000,35.5719299,129.3080477,125.9825753
,1163850.0000000,1732160.0000000,35.5719282,129.3081580,126.0741808
,1163860.0000000,1732160.0000000,35.5719265,129.3082683,126.4952016
,1163870.0000000,1732160.0000000,35.5719249,129.3083786,126.7934047
,1163880.0000000,1732160.0000000,35.5719232,129.3084889,126.5092363
,1163890.0000000,1732160.0000000,35.5719216,129.3085992,124.8500360
,1163900.0000000,1732160.0000000,35.5719199,129.3087095,121.6661071
,1163910.0000000,1732160.0000000,35.5719183,129.3088198,118.3928705
,1163920.0000000,1732160.0000000,35.5719166,129.3089301,116.4677099
,1163930.0000000,1732160.0000000,35.5719150,129.3090404,113.6315890
,1163940.0000000,1732160.0000000,35.5719133,129.3091507,111.4856684
,1163950.0000000,1732160.0000000,35.5719116,129.3092610,111.4637865
,1163960.0000000,1732160.0000000,35.5719100,129.3093713,111.2717910
,1163970.0000000,1732160.0000000,35.5719083,129.3094817,108.2555208
,1163980.0000000,1732160.0000000,35.5719067,129.3095920,106.5540164
,1163990.0000000,1732160.0000000,35.5719050,129.3097023,108.1758397
,1164000.0000000,1732160.0000000,35.5719034,129.3098126,111.2116758
,1164000.0000000,1732170.0000000,35.5719935,129.3098146,111.5972085
,1163990.0000000,1732170.0000000,35.5719951,129.3097043,111.5902594
,1163980.0000000,1732170.0000000,35.5719968,129.3095940,110.8575377
,1163970.0000000,1732170.0000000,35.5719985,129.3094837,111.0389943
,1163960.0000000,1732170.0000000,35.5720001,129.3093734,111.9856726
,1163950.0000000,1732170.0000000,35.5720018,129.3092631,112.8745230
,1163940.0000000,1732170.0000000,35.5720034,129.3091528,115.2921125
,1163930.0000000,1732170.0000000,35.5720051,129.3090425,116.8762902
,1163920.0000000,1732170.0000000,35.5720067,129.3089322,116.8442898
,1163910.0000000,1732170.0000000,35.5720084,129.3088218,121.4145623
,1163900.0000000,1732170.0000000,35.5720100,129.3087115,126.3737918
,1163890.0000000,1732170.0000000,35.5720117,129.3086012,127.4576841
,1163880.0000000,1732170.0000000,35.5720134,129.3084909,130.4894531
,1163870.0000000,1732170.0000000,35.5720150,129.3083806,130.5827053
,1163860.0000000,1732170.0000000,35.5720167,129.3082703,128.4969522
,1163850.0000000,1732170.0000000,35.5720183,129.3081600,126.9021808
,1163840.0000000,1732170.0000000,35.5720200,129.3080497,127.6432176
,1163830.0000000,1732170.0000000,35.5720216,129.3079394,128.7142693
,1163820.0000000,1732170.0000000,35.5720233,129.3078291,130.4187494
,1163810.0000000,1732170.0000000,35.5720249,129.3077188,131.7690806
,1163800.0000000,1732170.0000000,35.5720266,129.3076085,135.2988036
,1163790.0000000,1732170.0000000,35.5720282,129.3074982,136.4826969
,1163780.0000000,1732170.0000000,35.5720299,129.3073879,137.7622158
,1163770.0000000,1732170.0000000,35.5720316,129.3072776,139.6334960
,1163760.0000000,1732170.0000000,35.5720332,129.3071673,141.3264660
,1163750.0000000,1732170.0000000,35.5720349,129.3070570,142.1997201
,1163740.0000000,1732170.0000000,35.5720365,129.3069467,145.7849068
,1163730.0000000,1732170.0000000,35.5720382,129.3068364,146.2057551
,1163720.0000000,1732170.0000000,35.5720398,129.3067260,146.5000000
,1163710.0000000,1732170.0000000,35.5720415,129.3066157,146.3777176
,1163700.0000000,1732170.0000000,35.5720431,129.3065054,144.4711201
,1163690.0000000,1732170.0000000,35.5720448,129.3063951,141.7530420
,1163680.0000000,1732170.0000000,35.5720464,129.3062848,140.7296057
,1163670.0000000,1732170.0000000,35.5720481,129.3061745,137.8425687
,1163660.0000000,1732170.0000000,35.5720497,129.3060642,136.8520086
,1163650.0000000,1732170.0000000,35.5720514,129.3059539,136.6552675
,1163640.0000000,1732170.0000000,35.5720531,129.3058436,136.5000000
,1163630.0000000,1732170.0000000,35.5720547,129.3057333,136.5000000
,1163620.0000000,1732170.0000000,35.5720564,129.3056230,136.5000000
,1163610.0000000,1732170.0000000,35.5720580,129.3055127,136.5000000
,1163600.0000000,1732170.0000000,35.5720597,129.3054024,136.5000000
,1163590.0000000,1732170.0000000,35.5720613,129.3052921,136.5000000
,1163580.0000000,1732170.0000000,35.5720630,129.3051818,136.5000000
,1163570.0000000,1732170.0000000,35.5720646,129.3050715,136.5000000
,1163560.0000000,1732170.0000000,35.5720663,129.3049612,136.3433477
,1163550.0000000,1732170.0000000,35.5720679,129.3048508,133.3636915
,1163540.0000000,1732170.0000000,35.5720696,129.3047405,131.0931618
,1163530.0000000,1732170.0000000,35.5720712,129.3046302,130.2604177
,1163520.0000000,1732170.0000000,35.5720729,129.3045199,126.4692471
,1163510.0000000,1732170.0000000,35.5720745,129.3044096,121.9933525
,1163500.0000000,1732170.0000000,35.5720762,129.3042993,121.4277477
,1163490.0000000,1732170.0000000,35.5720778,129.3041890,121.1208032
,1163480.0000000,1732170.0000000,35.5720795,129.3040787,120.2311728
,1163470.0000000,1732170.0000000,35.5720811,129.3039684,120.2720666
,1163460.0000000,1732170.0000000,35.5720828,129.3038581,120.1222650
,1163450.0000000,1732170.0000000,35.5720844,129.3037478,120.4087431
,1163440.0000000,1732170.0000000,35.5720861,129.3036375,121.3632440
,1163430.0000000,1732170.0000000,35.5720877,129.3035272,121.4881835
,1163420.0000000,1732170.0000000,35.5720894,129.3034169,122.2734543
,1163410.0000000,1732170.0000000,35.5720910,129.3033066,123.4397633
,1163400.0000000,1732170.0000000,35.5720927,129.3031963,124.5969272
,1163390.0000000,1732170.0000000,35.5720943,129.3030860,125.6163279
,1163380.0000000,1732170.0000000,35.5720960,129.3029757,127.3969805
,1163370.0000000,1732170.0000000,35.5720976,129.3028653,131.5750646
,1163360.0000000,1732170.0000000,35.5720993,129.3027550,134.9208442
,1163350.0000000,1732170.0000000,35.5721009,129.3026447,136.6115944
,1163340.0000000,1732170.0000000,35.5721026,129.3025344,137.9839356
,1163330.0000000,1732170.0000000,35.5721042,129.3024241,139.5032339
,1163320.0000000,1732170.0000000,35.5721059,129.3023138,140.0419948
,1163310.0000000,1732170.0000000,35.5721075,129.3022035,139.2645765
,1163300.0000000,1732170.0000000,35.5721092,129.3020932,138.2046255
,1163290.0000000,1732170.0000000,35.5721108,129.3019829,138.1943250
,1163280.0000000,1732170.0000000,35.5721125,129.3018726,140.0212684
,1163270.0000000,1732170.0000000,35.5721141,129.3017623,141.5000000
,1163260.0000000,1732170.0000000,35.5721158,129.3016520,141.5000000
,1163250.0000000,1732170.0000000,35.5721174,129.3015417,141.5000000
,1163240.0000000,1732170.0000000,35.5721191,129.3014314,141.5000000
,1163230.0000000,1732170.0000000,35.5721207,129.3013211,141.5000000
,1163220.0000000,1732170.0000000,35.5721224,129.3012108,141.4019471
,1163210.0000000,1732170.0000000,35.5721240,129.3011004,139.9244637
,1163200.0000000,1732170.0000000,35.5721257,129.3009901,139.9060982
,1163190.0000000,1732170.0000000,35.5721273,129.3008798,139.7998939
,1163180.0000000,1732170.0000000,35.5721290,129.3007695,138.6750673
,1163170.0000000,1732170.0000000,35.5721306,129.3006592,138.7882908
,1163160.0000000,1732170.0000000,35.5721323,129.3005489,138.9816194
,1163150.0000000,1732170.0000000,35.5721339,129.3004386,138.2183560
,1163140.0000000,1732170.0000000,35.5721356,129.3003283,137.7897549
,1163130.0000000,1732170.0000000,35.5721372,129.3002180,136.9001970
,1163120.0000000,1732170.0000000,35.5721389,129.3001077,137.7319007
,1163110.0000000,1732170.0000000,35.5721405,129.2999974,139.2073170
,1163100.0000000,1732170.0000000,35.5721422,129.2998871,141.1966059
,1163090.0000000,1732170.0000000,35.5721438,129.2997768,141.5846447
,1163080.0000000,1732170.0000000,35.5721455,129.2996665,141.8998903
,1163070.0000000,1732170.0000000,35.5721471,129.2995562,142.2123292
,1163060.0000000,1732170.0000000,35.5721488,129.2994459,145.0538771
,1163050.0000000,1732170.0000000,35.5721504,129.2993356,146.8823017
,1163040.0000000,1732170.0000000,35.5721520,129.2992252,151.0976195
,1163030.0000000,1732170.0000000,35.5721537,129.2991149,151.4136086
,1163020.0000000,1732170.0000000,35.5721553,129.2990046,148.8523472
,1163010.0000000,1732170.0000000,35.5721570,129.2988943,146.3762857
,1163000.0000000,1732170.0000000,35.5721586,129.2987840,142.5176470
,1163000.0000000,1732180.0000000,35.5722488,129.2987860,144.3753788
,1163010.0000000,1732180.0000000,35.5722471,129.2988963,146.6531653
,1163020.0000000,1732180.0000000,35.5722455,129.2990066,150.4839972
,1163030.0000000,1732180.0000000,35.5722438,129.2991170,152.1111290
,1163040.0000000,1732180.0000000,35.5722422,129.2992273,152.2384483
,1163050.0000000,1732180.0000000,35.5722405,129.2993376,151.2514951
,1163060.0000000,1732180.0000000,35.5722389,129.2994479,147.5671317
,1163070.0000000,1732180.0000000,35.5722372,129.2995582,146.4979436
,1163080.0000000,1732180.0000000,35.5722356,129.2996685,145.9874044
,1163090.0000000,1732180.0000000,35.5722339,129.2997788,145.5031019
,1163100.0000000,1732180.0000000,35.5722323,129.2998891,143.5049385
,1163110.0000000,1732180.0000000,35.5722306,129.2999994,141.5575690
,1163120.0000000,1732180.0000000,35.5722290,129.3001097,141.3837336
,1163130.0000000,1732180.0000000,35.5722273,129.3002200,141.1127491
,1163140.0000000,1732180.0000000,35.5722257,129.3003303,141.4009182
,1163150.0000000,1732180.0000000,35.5722240,129.3004406,141.0730158
,1163160.0000000,1732180.0000000,35.5722224,129.3005509,139.8515042
,1163170.0000000,1732180.0000000,35.5722207,129.3006612,138.9643580
,1163180.0000000,1732180.0000000,35.5722191,129.3007715,138.7527846
,1163190.0000000,1732180.0000000,35.5722175,129.3008819,138.9771605
,1163200.0000000,1732180.0000000,35.5722158,129.3009922,139.3016963
,1163210.0000000,1732180.0000000,35.5722142,129.3011025,139.8387681
,1163220.0000000,1732180.0000000,35.5722125,129.3012128,141.5000000
,1163230.0000000,1732180.0000000,35.5722109,129.3013231,141.5000000
,1163240.0000000,1732180.0000000,35.5722092,129.3014334,141.5000000
,1163250.0000000,1732180.0000000,35.5722076,129.3015437,141.5000000
,1163260.0000000,1732180.0000000,35.5722059,129.3016540,141.5000000
,1163270.0000000,1732180.0000000,35.5722043,129.3017643,141.5000000
,1163280.0000000,1732180.0000000,35.5722026,129.3018746,141.5000000
,1163290.0000000,1732180.0000000,35.5722010,129.3019849,140.9498122
,1163300.0000000,1732180.0000000,35.5721993,129.3020952,140.9598583
,1163310.0000000,1732180.0000000,35.5721977,129.3022055,141.4092036
,1163320.0000000,1732180.0000000,35.5721960,129.3023158,141.5811715
,1163330.0000000,1732180.0000000,35.5721944,129.3024261,141.3607260
,1163340.0000000,1732180.0000000,35.5721927,129.3025364,141.1125925
,1163350.0000000,1732180.0000000,35.5721911,129.3026468,137.9960510
,1163360.0000000,1732180.0000000,35.5721894,129.3027571,136.1595058
,1163370.0000000,1732180.0000000,35.5721878,129.3028674,131.6414540
,1163380.0000000,1732180.0000000,35.5721861,129.3029777,129.4265414
,1163390.0000000,1732180.0000000,35.5721845,129.3030880,126.5719574
,1163400.0000000,1732180.0000000,35.5721828,129.3031983,126.4451398
,1163410.0000000,1732180.0000000,35.5721812,129.3033086,125.7995644
,1163420.0000000,1732180.0000000,35.5721795,129.3034189,124.9566427
,1163430.0000000,1732180.0000000,35.5721779,129.3035292,123.9511456
,1163440.0000000,1732180.0000000,35.5721762,129.3036395,122.6763879
,1163450.0000000,1732180.0000000,35.5721746,129.3037498,122.2439031
,1163460.0000000,1732180.0000000,35.5721729,129.3038601,121.6402118
,1163470.0000000,1732180.0000000,35.5721713,129.3039704,121.5000000
,1163480.0000000,1732180.0000000,35.5721696,129.3040807,121.5000000
,1163490.0000000,1732180.0000000,35.5721680,129.3041910,121.5000000
,1163500.0000000,1732180.0000000,35.5721663,129.3043013,121.5000000
,1163510.0000000,1732180.0000000,35.5721647,129.3044116,122.6442029
,1163520.0000000,1732180.0000000,35.5721630,129.3045220,126.4114658
,1163530.0000000,1732180.0000000,35.5721613,129.3046323,129.2487064
,1163540.0000000,1732180.0000000,35.5721597,129.3047426,131.1622867
,1163550.0000000,1732180.0000000,35.5721580,129.3048529,133.2956432
,1163560.0000000,1732180.0000000,35.5721564,129.3049632,136.1805998
,1163570.0000000,1732180.0000000,35.5721547,129.3050735,136.5000000
,1163580.0000000,1732180.0000000,35.5721531,129.3051838,136.5000000
,1163590.0000000,1732180.0000000,35.5721514,129.3052941,136.5000000
,1163600.0000000,1732180.0000000,35.5721498,129.3054044,136.5000000
,1163610.0000000,1732180.0000000,35.5721481,129.3055147,136.5000000
,1163620.0000000,1732180.0000000,35.5721465,129.3056250,136.5000000
,1163630.0000000,1732180.0000000,35.5721448,129.3057353,136.5000000
,1163640.0000000,1732180.0000000,35.5721432,129.3058456,136.5000000
,1163650.0000000,1732180.0000000,35.5721415,129.3059559,136.5495861
,1163660.0000000,1732180.0000000,35.5721399,129.3060662,136.7238387
,1163670.0000000,1732180.0000000,35.5721382,129.3061765,137.9288769
,1163680.0000000,1732180.0000000,35.5721366,129.3062868,141.4053822
,1163690.0000000,1732180.0000000,35.5721349,129.3063972,142.4343756
,1163700.0000000,1732180.0000000,35.5721333,129.3065075,145.4460947
,1163710.0000000,1732180.0000000,35.5721316,129.3066178,146.3875302
,1163720.0000000,1732180.0000000,35.5721299,129.3067281,146.5000000
,1163730.0000000,1732180.0000000,35.5721283,129.3068384,146.2307583
,1163740.0000000,1732180.0000000,35.5721266,129.3069487,146.2815143
,1163750.0000000,1732180.0000000,35.5721250,129.3070590,142.7036065
,1163760.0000000,1732180.0000000,35.5721233,129.3071693,141.5152826
,1163770.0000000,1732180.0000000,35.5721217,129.3072796,141.1146445
,1163780.0000000,1732180.0000000,35.5721200,129.3073899,140.4168490
,1163790.0000000,1732180.0000000,35.5721184,129.3075002,138.8395250
,1163800.0000000,1732180.0000000,35.5721167,129.3076105,136.8938910
,1163810.0000000,1732180.0000000,35.5721151,129.3077208,135.3855659
,1163820.0000000,1732180.0000000,35.5721134,129.3078311,131.6511673
,1163830.0000000,1732180.0000000,35.5721117,129.3079414,131.4006577
,1163840.0000000,1732180.0000000,35.5721101,129.3080517,130.9275343
,1163850.0000000,1732180.0000000,35.5721084,129.3081620,130.8348743
,1163860.0000000,1732180.0000000,35.5721068,129.3082723,131.3357578
,1163870.0000000,1732180.0000000,35.5721051,129.3083827,132.6791506
,1163880.0000000,1732180.0000000,35.5721035,129.3084930,132.7281394
,1163890.0000000,1732180.0000000,35.5721018,129.3086033,131.3502927
,1163900.0000000,1732180.0000000,35.5721002,129.3087136,127.6123773
,1163910.0000000,1732180.0000000,35.5720985,129.3088239,126.3708251
,1163920.0000000,1732180.0000000,35.5720969,129.3089342,121.6467824
,1163930.0000000,1732180.0000000,35.5720952,129.3090445,120.3238006
,1163940.0000000,1732180.0000000,35.5720935,129.3091548,117.6060289
,1163950.0000000,1732180.0000000,35.5720919,129.3092651,116.6893465
,1163960.0000000,1732180.0000000,35.5720902,129.3093754,116.4763063
,1163970.0000000,1732180.0000000,35.5720886,129.3094857,115.9288237
,1163980.0000000,1732180.0000000,35.5720869,129.3095960,116.3810561
,1163990.0000000,1732180.0000000,35.5720853,129.3097063,114.6244526
,1164000.0000000,1732180.0000000,35.5720836,129.3098166,112.8082958
,1164000.0000000,1732190.0000000,35.5721737,129.3098187,115.8933798
,1163990.0000000,1732190.0000000,35.5721754,129.3097083,116.1826527
,1163980.0000000,1732190.0000000,35.5721770,129.3095980,116.8842569
,1163970.0000000,1732190.0000000,35.5721787,129.3094877,117.5426174
,1163960.0000000,1732190.0000000,35.5721803,129.3093774,118.8215647
,1163950.0000000,1732190.0000000,35.5721820,129.3092671,120.5366159
,1163940.0000000,1732190.0000000,35.5721837,129.3091568,121.4982040
,1163930.0000000,1732190.0000000,35.5721853,129.3090465,122.4173140
,1163920.0000000,1732190.0000000,35.5721870,129.3089362,126.2249941
,1163910.0000000,1732190.0000000,35.5721886,129.3088259,129.1483736
,1163900.0000000,1732190.0000000,35.5721903,129.3087156,132.0069253
,1163890.0000000,1732190.0000000,35.5721919,129.3086053,134.1678153
,1163880.0000000,1732190.0000000,35.5721936,129.3084950,136.4521177
,1163870.0000000,1732190.0000000,35.5721952,129.3083847,136.4490500
,1163860.0000000,1732190.0000000,35.5721969,129.3082744,135.9013277
,1163850.0000000,1732190.0000000,35.5721986,129.3081641,132.7453711
,1163840.0000000,1732190.0000000,35.5722002,129.3080538,132.9248039
,1163830.0000000,1732190.0000000,35.5722019,129.3079435,133.7634225
,1163820.0000000,1732190.0000000,35.5722035,129.3078332,135.2830472
,1163810.0000000,1732190.0000000,35.5722052,129.3077228,136.8826532
,1163800.0000000,1732190.0000000,35.5722068,129.3076125,141.1648367
,1163790.0000000,1732190.0000000,35.5722085,129.3075022,140.9573211
,1163780.0000000,1732190.0000000,35.5722101,129.3073919,141.2590399
,1163770.0000000,1732190.0000000,35.5722118,129.3072816,141.3278902
,1163760.0000000,1732190.0000000,35.5722135,129.3071713,142.2861772
,1163750.0000000,1732190.0000000,35.5722151,129.3070610,144.0681586
,1163740.0000000,1732190.0000000,35.5722168,129.3069507,146.0070163
,1163730.0000000,1732190.0000000,35.5722184,129.3068404,146.5000000
,1163720.0000000,1732190.0000000,35.5722201,129.3067301,146.5000000
,1163710.0000000,1732190.0000000,35.5722217,129.3066198,146.3250964
,1163700.0000000,1732190.0000000,35.5722234,129.3065095,145.7314693
,1163690.0000000,1732190.0000000,35.5722250,129.3063992,142.6694516
,1163680.0000000,1732190.0000000,35.5722267,129.3062889,141.3339749
,1163670.0000000,1732190.0000000,35.5722283,129.3061786,139.1474546
,1163660.0000000,1732190.0000000,35.5722300,129.3060683,137.5555062
,1163650.0000000,1732190.0000000,35.5722316,129.3059580,136.6876140
,1163640.0000000,1732190.0000000,35.5722333,129.3058476,136.5223707
,1163630.0000000,1732190.0000000,35.5722349,129.3057373,136.5561681
,1163620.0000000,1732190.0000000,35.5722366,129.3056270,136.5219427
,1163610.0000000,1732190.0000000,35.5722383,129.3055167,136.5000000
,1163600.0000000,1732190.0000000,35.5722399,129.3054064,136.5000000
,1163590.0000000,1732190.0000000,35.5722416,129.3052961,136.5000000
,1163580.0000000,1732190.0000000,35.5722432,129.3051858,136.5000000
,1163570.0000000,1732190.0000000,35.5722449,129.3050755,136.3370864
,1163560.0000000,1732190.0000000,35.5722465,129.3049652,136.0176667
,1163550.0000000,1732190.0000000,35.5722482,129.3048549,132.4439975
,1163540.0000000,1732190.0000000,35.5722498,129.3047446,130.9954402
,1163530.0000000,1732190.0000000,35.5722515,129.3046343,127.4929432
,1163520.0000000,1732190.0000000,35.5722531,129.3045240,126.3994895
,1163510.0000000,1732190.0000000,35.5722548,129.3044137,123.5073162
,1163500.0000000,1732190.0000000,35.5722564,129.3043034,121.5000000
,1163490.0000000,1732190.0000000,35.5722581,129.3041931,121.5000000
,1163480.0000000,1732190.0000000,35.5722597,129.3040828,121.5000000
,1163470.0000000,1732190.0000000,35.5722614,129.3039724,121.5000000
,1163460.0000000,1732190.0000000,35.5722630,129.3038621,124.2653556
,1163450.0000000,1732190.0000000,35.5722647,129.3037518,125.3910260
,1163440.0000000,1732190.0000000,35.5722663,129.3036415,125.6124621
,1163430.0000000,1732190.0000000,35.5722680,129.3035312,125.9934537
,1163420.0000000,1732190.0000000,35.5722696,129.3034209,126.3502324
,1163410.0000000,1732190.0000000,35.5722713,129.3033106,126.5635422
,1163400.0000000,1732190.0000000,35.5722729,129.3032003,127.0635183
,1163390.0000000,1732190.0000000,35.5722746,129.3030900,128.3360963
,1163380.0000000,1732190.0000000,35.5722762,129.3029797,131.1345813
,1163370.0000000,1732190.0000000,35.5722779,129.3028694,132.8881480
,1163360.0000000,1732190.0000000,35.5722795,129.3027591,136.4905593
,1163350.0000000,1732190.0000000,35.5722812,129.3026488,138.9961377
,1163340.0000000,1732190.0000000,35.5722828,129.3025385,141.4379724
,1163330.0000000,1732190.0000000,35.5722845,129.3024282,143.0883791
,1163320.0000000,1732190.0000000,35.5722861,129.3023179,143.2101103
,1163310.0000000,1732190.0000000,35.5722878,129.3022075,141.9398469
,1163300.0000000,1732190.0000000,35.5722894,129.3020972,141.5470212
,1163290.0000000,1732190.0000000,35.5722911,129.3019869,141.5000000
,1163280.0000000,1732190.0000000,35.5722927,129.3018766,141.5000000
,1163270.0000000,1732190.0000000,35.5722944,129.3017663,141.5000000
,1163260.0000000,1732190.0000000,35.5722960,129.3016560,141.5000000
,1163250.0000000,1732190.0000000,35.5722977,129.3015457,141.5000000
,1163240.0000000,1732190.0000000,35.5722993,129.3014354,141.5000000
,1163230.0000000,1732190.0000000,35.5723010,129.3013251,141.5000000
,1163220.0000000,1732190.0000000,35.5723026,129.3012148,141.5000000
,1163210.0000000,1732190.0000000,35.5723043,129.3011045,140.0059077
,1163200.0000000,1732190.0000000,35.5723059,129.3009942,139.5776962
,1163190.0000000,1732190.0000000,35.5723076,129.3008839,138.9539559
,1163180.0000000,1732190.0000000,35.5723092,129.3007736,139.0850408
,1163170.0000000,1732190.0000000,35.5723109,129.3006633,139.5848856
,1163160.0000000,1732190.0000000,35.5723125,129.3005530,140.3092607
,1163150.0000000,1732190.0000000,35.5723142,129.3004426,140.6047788
,1163140.0000000,1732190.0000000,35.5723158,129.3003323,141.6974189
,1163130.0000000,1732190.0000000,35.5723175,129.3002220,142.4181127
,1163120.0000000,1732190.0000000,35.5723191,129.3001117,143.4211492
,1163110.0000000,1732190.0000000,35.5723208,129.3000014,145.5210027
,1163100.0000000,1732190.0000000,35.5723224,129.2998911,146.7801451
,1163090.0000000,1732190.0000000,35.5723241,129.2997808,148.6765544
,1163080.0000000,1732190.0000000,35.5723257,129.2996705,149.4774694
,1163070.0000000,1732190.0000000,35.5723273,129.2995602,151.2839356
,1163060.0000000,1732190.0000000,35.5723290,129.2994499,151.7445094
,1163050.0000000,1732190.0000000,35.5723306,129.2993396,154.9165391
,1163040.0000000,1732190.0000000,35.5723323,129.2992293,156.3308514
,1163030.0000000,1732190.0000000,35.5723339,129.2991190,154.5956494
,1163020.0000000,1732190.0000000,35.5723356,129.2990087,151.4332227
,1163010.0000000,1732190.0000000,35.5723372,129.2988984,147.2683993
,1163000.0000000,1732190.0000000,35.5723389,129.2987881,146.4560180
,1163000.0000000,1732200.0000000,35.5724290,129.2987901,146.1471404
,1163010.0000000,1732200.0000000,35.5724273,129.2989004,148.1860779
,1163020.0000000,1732200.0000000,35.5724257,129.2990107,152.5995551
,1163030.0000000,1732200.0000000,35.5724241,129.2991210,156.0566542
,1163040.0000000,1732200.0000000,35.5724224,129.2992313,156.8656333
,1163050.0000000,1732200.0000000,35.5724208,129.2993416,157.0114697
,1163060.0000000,1732200.0000000,35.5724191,129.2994519,156.6833371
,1163070.0000000,1732200.0000000,35.5724175,129.2995622,156.5011386
,1163080.0000000,1732200.0000000,35.5724158,129.2996725,153.9708111
,1163090.0000000,1732200.0000000,35.5724142,129.2997828,151.3236961
,1163100.0000000,1732200.0000000,35.5724125,129.2998931,150.8942986
,1163110.0000000,1732200.0000000,35.5724109,129.3000034,147.7337141
,1163120.0000000,1732200.0000000,35.5724092,129.3001137,146.2722886
,1163130.0000000,1732200.0000000,35.5724076,129.3002241,144.3474997
,1163140.0000000,1732200.0000000,35.5724059,129.3003344,142.5753082
,1163150.0000000,1732200.0000000,35.5724043,129.3004447,141.5000000
,1163160.0000000,1732200.0000000,35.5724026,129.3005550,141.5000000
,1163170.0000000,1732200.0000000,35.5724010,129.3006653,141.5000000
,1163180.0000000,1732200.0000000,35.5723993,129.3007756,141.5000000
,1163190.0000000,1732200.0000000,35.5723977,129.3008859,141.5000000
,1163200.0000000,1732200.0000000,35.5723960,129.3009962,141.5000000
,1163210.0000000,1732200.0000000,35.5723944,129.3011065,141.3928969
,1163220.0000000,1732200.0000000,35.5723927,129.3012168,141.5000000
,1163230.0000000,1732200.0000000,35.5723911,129.3013271,141.5000000
,1163240.0000000,1732200.0000000,35.5723895,129.3014374,141.5000000
,1163250.0000000,1732200.0000000,35.5723878,129.3015477,141.5000000
,1163260.0000000,1732200.0000000,35.5723862,129.3016580,141.5000000
,1163270.0000000,1732200.0000000,35.5723845,129.3017683,141.5000000
,1163280.0000000,1732200.0000000,35.5723829,129.3018786,141.5000000
,1163290.0000000,1732200.0000000,35.5723812,129.3019890,141.5361829
,1163300.0000000,1732200.0000000,35.5723796,129.3020993,141.7612693
,1163310.0000000,1732200.0000000,35.5723779,129.3022096,144.3470746
,1163320.0000000,1732200.0000000,35.5723763,129.3023199,146.2298046
,1163330.0000000,1732200.0000000,35.5723746,129.3024302,146.0752367
,1163340.0000000,1732200.0000000,35.5723730,129.3025405,143.1484632
,1163350.0000000,1732200.0000000,35.5723713,129.3026508,139.9069258
,1163360.0000000,1732200.0000000,35.5723697,129.3027611,136.5420389
,1163370.0000000,1732200.0000000,35.5723680,129.3028714,134.4369703
,1163380.0000000,1732200.0000000,35.5723664,129.3029817,131.8222929
,1163390.0000000,1732200.0000000,35.5723647,129.3030920,131.1277933
,1163400.0000000,1732200.0000000,35.5723631,129.3032023,129.5458980
,1163410.0000000,1732200.0000000,35.5723614,129.3033126,127.6926384
,1163420.0000000,1732200.0000000,35.5723598,129.3034229,126.9434531
,1163430.0000000,1732200.0000000,35.5723581,129.3035332,126.5381099
,1163440.0000000,1732200.0000000,35.5723565,129.3036435,126.5000000
,1163450.0000000,1732200.0000000,35.5723548,129.3037539,126.5000000
,1163460.0000000,1732200.0000000,35.5723532,129.3038642,126.4842019
,1163470.0000000,1732200.0000000,35.5723515,129.3039745,123.9762440
,1163480.0000000,1732200.0000000,35.5723498,129.3040848,121.7235674
,1163490.0000000,1732200.0000000,35.5723482,129.3041951,121.5000000
,1163500.0000000,1732200.0000000,35.5723465,129.3043054,122.5453920
,1163510.0000000,1732200.0000000,35.5723449,129.3044157,124.8165096
,1163520.0000000,1732200.0000000,35.5723432,129.3045260,126.5000000
,1163530.0000000,1732200.0000000,35.5723416,129.3046363,126.5130389
,1163540.0000000,1732200.0000000,35.5723399,129.3047466,129.7945627
,1163550.0000000,1732200.0000000,35.5723383,129.3048569,131.8219197
,1163560.0000000,1732200.0000000,35.5723366,129.3049672,135.1875181
,1163570.0000000,1732200.0000000,35.5723350,129.3050775,135.6513021
,1163580.0000000,1732200.0000000,35.5723333,129.3051878,136.3354446
,1163590.0000000,1732200.0000000,35.5723317,129.3052981,136.6222728
,1163600.0000000,1732200.0000000,35.5723300,129.3054084,137.3465581
,1163610.0000000,1732200.0000000,35.5723284,129.3055188,137.4479031
,1163620.0000000,1732200.0000000,35.5723267,129.3056291,137.2545432
,1163630.0000000,1732200.0000000,35.5723251,129.3057394,137.1091902
,1163640.0000000,1732200.0000000,35.5723234,129.3058497,137.4487157
,1163650.0000000,1732200.0000000,35.5723218,129.3059600,137.5075700
,1163660.0000000,1732200.0000000,35.5723201,129.3060703,138.3562296
,1163670.0000000,1732200.0000000,35.5723185,129.3061806,139.9219666
,1163680.0000000,1732200.0000000,35.5723168,129.3062909,141.5350745
,1163690.0000000,1732200.0000000,35.5723151,129.3064012,142.0702464
,1163700.0000000,1732200.0000000,35.5723135,129.3065115,144.7238216
,1163710.0000000,1732200.0000000,35.5723118,129.3066218,146.3575826
,1163720.0000000,1732200.0000000,35.5723102,129.3067321,146.5000000
,1163730.0000000,1732200.0000000,35.5723085,129.3068424,146.5000000
,1163740.0000000,1732200.0000000,35.5723069,129.3069527,146.4487113
,1163750.0000000,1732200.0000000,35.5723052,129.3070630,145.1037698
,1163760.0000000,1732200.0000000,35.5723036,129.3071733,143.3668653
,1163770.0000000,1732200.0000000,35.5723019,129.3072836,141.9530453
,1163780.0000000,1732200.0000000,35.5723003,129.3073940,140.8011639
,1163790.0000000,1732200.0000000,35.5722986,129.3075043,140.5172337
,1163800.0000000,1732200.0000000,35.5722970,129.3076146,140.1589426
,1163810.0000000,1732200.0000000,35.5722953,129.3077249,138.1257510
,1163820.0000000,1732200.0000000,35.5722936,129.3078352,137.5532614
,1163830.0000000,1732200.0000000,35.5722920,129.3079455,137.6741311
,1163840.0000000,1732200.0000000,35.5722903,129.3080558,136.4828360
,1163850.0000000,1732200.0000000,35.5722887,129.3081661,136.4015315
,1163860.0000000,1732200.0000000,35.5722870,129.3082764,138.6194937
,1163870.0000000,1732200.0000000,35.5722854,129.3083867,139.4648713
,1163880.0000000,1732200.0000000,35.5722837,129.3084970,141.3999379
,1163890.0000000,1732200.0000000,35.5722821,129.3086073,139.0110968
,1163900.0000000,1732200.0000000,35.5722804,129.3087176,136.2522407
,1163910.0000000,1732200.0000000,35.5722787,129.3088279,131.8874218
,1163920.0000000,1732200.0000000,35.5722771,129.3089382,129.4428888
,1163930.0000000,1732200.0000000,35.5722754,129.3090485,126.4798236
,1163940.0000000,1732200.0000000,35.5722738,129.3091588,123.2524910
,1163950.0000000,1732200.0000000,35.5722721,129.3092692,121.9086113
,1163960.0000000,1732200.0000000,35.5722705,129.3093795,121.4978270
,1163970.0000000,1732200.0000000,35.5722688,129.3094898,120.7919716
,1163980.0000000,1732200.0000000,35.5722672,129.3096001,120.5060363
,1163990.0000000,1732200.0000000,35.5722655,129.3097104,120.2091597
,1164000.0000000,1732200.0000000,35.5722638,129.3098207,120.4466788
,1164000.0000000,1732210.0000000,35.5723540,129.3098227,121.4139265
,1163990.0000000,1732210.0000000,35.5723556,129.3097124,121.5781742
,1163980.0000000,1732210.0000000,35.5723573,129.3096021,122.0551499
,1163970.0000000,1732210.0000000,35.5723589,129.3094918,123.5696474
,1163960.0000000,1732210.0000000,35.5723606,129.3093815,124.5189725
,1163950.0000000,1732210.0000000,35.5723622,129.3092712,126.1654830
,1163940.0000000,1732210.0000000,35.5723639,129.3091609,126.7623551
,1163930.0000000,1732210.0000000,35.5723656,129.3090506,131.0744547
,1163920.0000000,1732210.0000000,35.5723672,129.3089403,133.2789640
,1163910.0000000,1732210.0000000,35.5723689,129.3088300,135.6684064
,1163900.0000000,1732210.0000000,35.5723705,129.3087196,140.0543722
,1163890.0000000,1732210.0000000,35.5723722,129.3086093,141.0942647
,1163880.0000000,1732210.0000000,35.5723738,129.3084990,141.4210293
,1163870.0000000,1732210.0000000,35.5723755,129.3083887,141.5656946
,1163860.0000000,1732210.0000000,35.5723771,129.3082784,140.9187816
,1163850.0000000,1732210.0000000,35.5723788,129.3081681,139.4670522
,1163840.0000000,1732210.0000000,35.5723805,129.3080578,140.3202685
,1163830.0000000,1732210.0000000,35.5723821,129.3079475,138.9736909
,1163820.0000000,1732210.0000000,35.5723838,129.3078372,138.1329562
,1163810.0000000,1732210.0000000,35.5723854,129.3077269,138.5921820
,1163800.0000000,1732210.0000000,35.5723871,129.3076166,139.4969296
,1163790.0000000,1732210.0000000,35.5723887,129.3075063,140.0344030
,1163780.0000000,1732210.0000000,35.5723904,129.3073960,140.4681815
,1163770.0000000,1732210.0000000,35.5723920,129.3072857,142.6691457
,1163760.0000000,1732210.0000000,35.5723937,129.3071754,144.2873651
,1163750.0000000,1732210.0000000,35.5723953,129.3070651,145.9277032
,1163740.0000000,1732210.0000000,35.5723970,129.3069548,146.4900007
,1163730.0000000,1732210.0000000,35.5723987,129.3068444,146.5000000
,1163720.0000000,1732210.0000000,35.5724003,129.3067341,146.5000000
,1163710.0000000,1732210.0000000,35.5724020,129.3066238,145.7769784
,1163700.0000000,1732210.0000000,35.5724036,129.3065135,143.2600903
,1163690.0000000,1732210.0000000,35.5724053,129.3064032,141.6063963
,1163680.0000000,1732210.0000000,35.5724069,129.3062929,142.0061986
,1163670.0000000,1732210.0000000,35.5724086,129.3061826,140.6729331
,1163660.0000000,1732210.0000000,35.5724102,129.3060723,139.9943048
,1163650.0000000,1732210.0000000,35.5724119,129.3059620,139.8676564
,1163640.0000000,1732210.0000000,35.5724135,129.3058517,139.9134518
,1163630.0000000,1732210.0000000,35.5724152,129.3057414,140.2895553
,1163620.0000000,1732210.0000000,35.5724168,129.3056311,140.1957939
,1163610.0000000,1732210.0000000,35.5724185,129.3055208,140.2820050
,1163600.0000000,1732210.0000000,35.5724201,129.3054105,139.9022058
,1163590.0000000,1732210.0000000,35.5724218,129.3053002,138.4508833
,1163580.0000000,1732210.0000000,35.5724235,129.3051899,135.2228218
,1163570.0000000,1732210.0000000,35.5724251,129.3050795,135.8761692
,1163560.0000000,1732210.0000000,35.5724268,129.3049692,133.7891589
,1163550.0000000,1732210.0000000,35.5724284,129.3048589,131.4090754
,1163540.0000000,1732210.0000000,35.5724301,129.3047486,128.7900822
,1163530.0000000,1732210.0000000,35.5724317,129.3046383,126.6597096
,1163520.0000000,1732210.0000000,35.5724334,129.3045280,126.5000000
,1163510.0000000,1732210.0000000,35.5724350,129.3044177,126.5000000
,1163500.0000000,1732210.0000000,35.5724367,129.3043074,125.6877439
,1163490.0000000,1732210.0000000,35.5724383,129.3041971,124.9499332
,1163480.0000000,1732210.0000000,35.5724400,129.3040868,126.0017291
,1163470.0000000,1732210.0000000,35.5724416,129.3039765,126.4952333
,1163460.0000000,1732210.0000000,35.5724433,129.3038662,126.5000000
,1163450.0000000,1732210.0000000,35.5724449,129.3037559,126.5000000
,1163440.0000000,1732210.0000000,35.5724466,129.3036456,126.5000000
,1163430.0000000,1732210.0000000,35.5724482,129.3035353,128.2077100
,1163420.0000000,1732210.0000000,35.5724499,129.3034250,129.4428250
,1163410.0000000,1732210.0000000,35.5724515,129.3033146,130.8918093
,1163400.0000000,1732210.0000000,35.5724532,129.3032043,131.4242041
,1163390.0000000,1732210.0000000,35.5724548,129.3030940,131.8974161
,1163380.0000000,1732210.0000000,35.5724565,129.3029837,133.6327936
,1163370.0000000,1732210.0000000,35.5724581,129.3028734,135.5926980
,1163360.0000000,1732210.0000000,35.5724598,129.3027631,136.6449462
,1163350.0000000,1732210.0000000,35.5724614,129.3026528,140.9974251
,1163340.0000000,1732210.0000000,35.5724631,129.3025425,143.1859025
,1163330.0000000,1732210.0000000,35.5724647,129.3024322,146.3216126
,1163320.0000000,1732210.0000000,35.5724664,129.3023219,146.5000000
,1163310.0000000,1732210.0000000,35.5724680,129.3022116,146.3335188
,1163300.0000000,1732210.0000000,35.5724697,129.3021013,144.2404522
,1163290.0000000,1732210.0000000,35.5724713,129.3019910,141.7433925
,1163280.0000000,1732210.0000000,35.5724730,129.3018807,141.5109861
,1163270.0000000,1732210.0000000,35.5724746,129.3017704,141.5000000
,1163260.0000000,1732210.0000000,35.5724763,129.3016601,141.5000000
,1163250.0000000,1732210.0000000,35.5724779,129.3015497,141.5000000
,1163240.0000000,1732210.0000000,35.5724796,129.3014394,141.5000000
,1163230.0000000,1732210.0000000,35.5724812,129.3013291,141.5000000
,1163220.0000000,1732210.0000000,35.5724829,129.3012188,140.9485670
,1163210.0000000,1732210.0000000,35.5724845,129.3011085,140.6584962
,1163200.0000000,1732210.0000000,35.5724862,129.3009982,140.9046827
,1163190.0000000,1732210.0000000,35.5724878,129.3008879,141.1236299
,1163180.0000000,1732210.0000000,35.5724895,129.3007776,140.9484009
,1163170.0000000,1732210.0000000,35.5724911,129.3006673,141.3335357
,1163160.0000000,1732210.0000000,35.5724928,129.3005570,141.5000000
,1163150.0000000,1732210.0000000,35.5724944,129.3004467,141.5000000
,1163140.0000000,1732210.0000000,35.5724961,129.3003364,141.8590903
,1163130.0000000,1732210.0000000,35.5724977,129.3002261,142.9553913
,1163120.0000000,1732210.0000000,35.5724994,129.3001158,145.7673814
,1163110.0000000,1732210.0000000,35.5725010,129.3000055,148.6218913
,1163100.0000000,1732210.0000000,35.5725026,129.2998951,151.2329095
,1163090.0000000,1732210.0000000,35.5725043,129.2997848,152.2441955
,1163080.0000000,1732210.0000000,35.5725059,129.2996745,156.0288524
,1163070.0000000,1732210.0000000,35.5725076,129.2995642,157.2645727
,1163060.0000000,1732210.0000000,35.5725092,129.2994539,161.0181999
,1163050.0000000,1732210.0000000,35.5725109,129.2993436,161.4500250
,1163040.0000000,1732210.0000000,35.5725125,129.2992333,158.8478191
,1163030.0000000,1732210.0000000,35.5725142,129.2991230,156.3415196
,1163020.0000000,1732210.0000000,35.5725158,129.2990127,151.5644071
,1163010.0000000,1732210.0000000,35.5725175,129.2989024,150.6040233
,1163000.0000000,1732210.0000000,35.5725191,129.2987921,146.8802401
,1163000.0000000,1732220.0000000,35.5726092,129.2987941,147.6170402
,1163010.0000000,1732220.0000000,35.5726076,129.2989044,151.0131059
,1163020.0000000,1732220.0000000,35.5726059,129.2990147,152.0156752
,1163030.0000000,1732220.0000000,35.5726043,129.2991250,156.3935664
,1163040.0000000,1732220.0000000,35.5726027,129.2992353,158.1590034
,1163050.0000000,1732220.0000000,35.5726010,129.2993456,161.1452329
,1163060.0000000,1732220.0000000,35.5725994,129.2994559,161.3082502
,1163070.0000000,1732220.0000000,35.5725977,129.2995662,157.4958784
,1163080.0000000,1732220.0000000,35.5725961,129.2996766,156.1759167
,1163090.0000000,1732220.0000000,35.5725944,129.2997869,152.1616971
,1163100.0000000,1732220.0000000,35.5725928,129.2998972,150.7225114
,1163110.0000000,1732220.0000000,35.5725911,129.3000075,146.6958669
,1163120.0000000,1732220.0000000,35.5725895,129.3001178,142.4873239
,1163130.0000000,1732220.0000000,35.5725878,129.3002281,141.5760715
,1163140.0000000,1732220.0000000,35.5725862,129.3003384,141.5000000
,1163150.0000000,1732220.0000000,35.5725845,129.3004487,141.4968466
,1163160.0000000,1732220.0000000,35.5725829,129.3005590,141.3260873
,1163170.0000000,1732220.0000000,35.5725812,129.3006693,140.6925751
,1163180.0000000,1732220.0000000,35.5725796,129.3007796,140.7398453
,1163190.0000000,1732220.0000000,35.5725779,129.3008899,140.7144890
,1163200.0000000,1732220.0000000,35.5725763,129.3010002,140.5736423
,1163210.0000000,1732220.0000000,35.5725746,129.3011105,140.5607222
,1163220.0000000,1732220.0000000,35.5725730,129.3012208,140.5208543
,1163230.0000000,1732220.0000000,35.5725713,129.3013312,141.5000000
,1163240.0000000,1732220.0000000,35.5725697,129.3014415,141.5000000
,1163250.0000000,1732220.0000000,35.5725680,129.3015518,141.5000000
,1163260.0000000,1732220.0000000,35.5725664,129.3016621,141.7367547
,1163270.0000000,1732220.0000000,35.5725647,129.3017724,141.9947437
,1163280.0000000,1732220.0000000,35.5725631,129.3018827,142.7919188
,1163290.0000000,1732220.0000000,35.5725614,129.3019930,144.2944907
,1163300.0000000,1732220.0000000,35.5725598,129.3021033,146.1531685
,1163310.0000000,1732220.0000000,35.5725581,129.3022136,146.5000000
,1163320.0000000,1732220.0000000,35.5725565,129.3023239,146.5000000
,1163330.0000000,1732220.0000000,35.5725548,129.3024342,146.3323085
,1163340.0000000,1732220.0000000,35.5725532,129.3025445,143.2757931
,1163350.0000000,1732220.0000000,35.5725515,129.3026548,142.1903706
,1163360.0000000,1732220.0000000,35.5725499,129.3027651,137.9026174
,1163370.0000000,1732220.0000000,35.5725482,129.3028754,136.4329583
,1163380.0000000,1732220.0000000,35.5725466,129.3029857,136.0579718
,1163390.0000000,1732220.0000000,35.5725449,129.3030961,134.5782747
,1163400.0000000,1732220.0000000,35.5725433,129.3032064,132.5127256
,1163410.0000000,1732220.0000000,35.5725416,129.3033167,131.5629282
,1163420.0000000,1732220.0000000,35.5725400,129.3034270,131.2802837
,1163430.0000000,1732220.0000000,35.5725383,129.3035373,130.7357563
,1163440.0000000,1732220.0000000,35.5725367,129.3036476,128.3398452
,1163450.0000000,1732220.0000000,35.5725350,129.3037579,126.6476272
,1163460.0000000,1732220.0000000,35.5725334,129.3038682,126.5000000
,1163470.0000000,1732220.0000000,35.5725317,129.3039785,126.5000000
,1163480.0000000,1732220.0000000,35.5725301,129.3040888,126.5000000
,1163490.0000000,1732220.0000000,35.5725284,129.3041991,126.3626485
,1163500.0000000,1732220.0000000,35.5725268,129.3043094,126.4885281
,1163510.0000000,1732220.0000000,35.5725251,129.3044197,126.5000000
,1163520.0000000,1732220.0000000,35.5725235,129.3045300,126.5000000
,1163530.0000000,1732220.0000000,35.5725218,129.3046403,126.5128168
,1163540.0000000,1732220.0000000,35.5725202,129.3047507,128.1701113
,1163550.0000000,1732220.0000000,35.5725185,129.3048610,131.2547215
,1163560.0000000,1732220.0000000,35.5725169,129.3049713,132.1266435
,1163570.0000000,1732220.0000000,35.5725152,129.3050816,135.7822472
,1163580.0000000,1732220.0000000,35.5725136,129.3051919,135.4820425
,1163590.0000000,1732220.0000000,35.5725119,129.3053022,137.9375915
,1163600.0000000,1732220.0000000,35.5725103,129.3054125,140.7411698
,1163610.0000000,1732220.0000000,35.5725086,129.3055228,141.4409883
,1163620.0000000,1732220.0000000,35.5725070,129.3056331,141.4637427
,1163630.0000000,1732220.0000000,35.5725053,129.3057434,141.4905243
,1163640.0000000,1732220.0000000,35.5725037,129.3058537,141.3019758
,1163650.0000000,1732220.0000000,35.5725020,129.3059640,141.2259233
,1163660.0000000,1732220.0000000,35.5725004,129.3060743,141.5000000
,1163670.0000000,1732220.0000000,35.5724987,129.3061846,141.5000000
,1163680.0000000,1732220.0000000,35.5724970,129.3062949,141.5000000
,1163690.0000000,1732220.0000000,35.5724954,129.3064052,141.6554184
,1163700.0000000,1732220.0000000,35.5724937,129.3065156,142.5927173
,1163710.0000000,1732220.0000000,35.5724921,129.3066259,145.3578346
,1163720.0000000,1732220.0000000,35.5724904,129.3067362,146.4768926
,1163730.0000000,1732220.0000000,35.5724888,129.3068465,146.4195463
,1163740.0000000,1732220.0000000,35.5724871,129.3069568,146.5000000
,1163750.0000000,1732220.0000000,35.5724855,129.3070671,146.1572533
,1163760.0000000,1732220.0000000,35.5724838,129.3071774,145.1368681
,1163770.0000000,1732220.0000000,35.5724822,129.3072877,143.2500967
,1163780.0000000,1732220.0000000,35.5724805,129.3073980,141.5772320
,1163790.0000000,1732220.0000000,35.5724789,129.3075083,139.8366498
,1163800.0000000,1732220.0000000,35.5724772,129.3076186,139.5463819
,1163810.0000000,1732220.0000000,35.5724755,129.3077289,138.8529582
,1163820.0000000,1732220.0000000,35.5724739,129.3078392,138.9150005
,1163830.0000000,1732220.0000000,35.5724722,129.3079495,139.6287510
,1163840.0000000,1732220.0000000,35.5724706,129.3080598,140.6093362
,1163850.0000000,1732220.0000000,35.5724689,129.3081701,142.5418573
,1163860.0000000,1732220.0000000,35.5724673,129.3082805,145.0447676
,1163870.0000000,1732220.0000000,35.5724656,129.3083908,146.3995444
,1163880.0000000,1732220.0000000,35.5724640,129.3085011,144.5701609
,1163890.0000000,1732220.0000000,35.5724623,129.3086114,145.1909860
,1163900.0000000,1732220.0000000,35.5724606,129.3087217,142.3650121
,1163910.0000000,1732220.0000000,35.5724590,129.3088320,139.0735909
,1163920.0000000,1732220.0000000,35.5724573,129.3089423,136.5684890
,1163930.0000000,1732220.0000000,35.5724557,129.3090526,133.2820352
,1163940.0000000,1732220.0000000,35.5724540,129.3091629,130.4475163
,1163950.0000000,1732220.0000000,35.5724524,129.3092732,128.2330358
,1163960.0000000,1732220.0000000,35.5724507,129.3093835,126.9209371
,1163970.0000000,1732220.0000000,35.5724491,129.3094938,126.4048584
,1163980.0000000,1732220.0000000,35.5724474,129.3096041,125.0127730
,1163990.0000000,1732220.0000000,35.5724457,129.3097144,123.7131144
,1164000.0000000,1732220.0000000,35.5724441,129.3098247,122.9543381
,1164000.0000000,1732230.0000000,35.5725342,129.3098268,125.0391437
,1163990.0000000,1732230.0000000,35.5725359,129.3097165,126.1708559
,1163980.0000000,1732230.0000000,35.5725375,129.3096062,126.7635705
,1163970.0000000,1732230.0000000,35.5725392,129.3094958,127.0006528
,1163960.0000000,1732230.0000000,35.5725408,129.3093855,131.0551517
,1163950.0000000,1732230.0000000,35.5725425,129.3092752,131.5195070
,1163940.0000000,1732230.0000000,35.5725441,129.3091649,133.7131606
,1163930.0000000,1732230.0000000,35.5725458,129.3090546,138.4504351
,1163920.0000000,1732230.0000000,35.5725475,129.3089443,140.1658371
,1163910.0000000,1732230.0000000,35.5725491,129.3088340,143.4331636
,1163900.0000000,1732230.0000000,35.5725508,129.3087237,142.7640286
,1163890.0000000,1732230.0000000,35.5725524,129.3086134,144.1379290
,1163880.0000000,1732230.0000000,35.5725541,129.3085031,144.5877686
,1163870.0000000,1732230.0000000,35.5725557,129.3083928,145.1030060
,1163860.0000000,1732230.0000000,35.5725574,129.3082825,145.8368132
,1163850.0000000,1732230.0000000,35.5725590,129.3081722,145.3353553
,1163840.0000000,1732230.0000000,35.5725607,129.3080619,142.9044064
,1163830.0000000,1732230.0000000,35.5725624,129.3079516,141.4049792
,1163820.0000000,1732230.0000000,35.5725640,129.3078413,140.7261757
,1163810.0000000,1732230.0000000,35.5725657,129.3077309,140.3389497
,1163800.0000000,1732230.0000000,35.5725673,129.3076206,141.0591357
,1163790.0000000,1732230.0000000,35.5725690,129.3075103,141.7330409
,1163780.0000000,1732230.0000000,35.5725706,129.3074000,143.8463604
,1163770.0000000,1732230.0000000,35.5725723,129.3072897,144.5875671
,1163760.0000000,1732230.0000000,35.5725739,129.3071794,145.6384680
,1163750.0000000,1732230.0000000,35.5725756,129.3070691,146.5000000
,1163740.0000000,1732230.0000000,35.5725772,129.3069588,146.5000000
,1163730.0000000,1732230.0000000,35.5725789,129.3068485,146.3144203
,1163720.0000000,1732230.0000000,35.5725806,129.3067382,146.0404386
,1163710.0000000,1732230.0000000,35.5725822,129.3066279,144.7501206
,1163700.0000000,1732230.0000000,35.5725839,129.3065176,142.6581430
,1163690.0000000,1732230.0000000,35.5725855,129.3064073,141.5747555
,1163680.0000000,1732230.0000000,35.5725872,129.3062970,141.5000000
,1163670.0000000,1732230.0000000,35.5725888,129.3061867,141.5000000
,1163660.0000000,1732230.0000000,35.5725905,129.3060764,141.5000000
,1163650.0000000,1732230.0000000,35.5725921,129.3059660,141.5000000
,1163640.0000000,1732230.0000000,35.5725938,129.3058557,141.5000000
,1163630.0000000,1732230.0000000,35.5725954,129.3057454,141.5000000
,1163620.0000000,1732230.0000000,35.5725971,129.3056351,141.5000000
,1163610.0000000,1732230.0000000,35.5725987,129.3055248,141.4218523
,1163600.0000000,1732230.0000000,35.5726004,129.3054145,140.5306371
,1163590.0000000,1732230.0000000,35.5726020,129.3053042,136.9255407
,1163580.0000000,1732230.0000000,35.5726037,129.3051939,135.5726778
,1163570.0000000,1732230.0000000,35.5726053,129.3050836,132.7538810
,1163560.0000000,1732230.0000000,35.5726070,129.3049733,131.6157993
,1163550.0000000,1732230.0000000,35.5726086,129.3048630,131.1186006
,1163540.0000000,1732230.0000000,35.5726103,129.3047527,128.7929123
,1163530.0000000,1732230.0000000,35.5726120,129.3046424,126.9101319
,1163520.0000000,1732230.0000000,35.5726136,129.3045321,126.5000000
,1163510.0000000,1732230.0000000,35.5726153,129.3044218,126.9180729
,1163500.0000000,1732230.0000000,35.5726169,129.3043114,127.4085647
,1163490.0000000,1732230.0000000,35.5726186,129.3042011,127.8821802
,1163480.0000000,1732230.0000000,35.5726202,129.3040908,127.8493341
,1163470.0000000,1732230.0000000,35.5726219,129.3039805,127.4263454
,1163460.0000000,1732230.0000000,35.5726235,129.3038702,127.2460228
,1163450.0000000,1732230.0000000,35.5726252,129.3037599,128.6616582
,1163440.0000000,1732230.0000000,35.5726268,129.3036496,130.4497616
,1163430.0000000,1732230.0000000,35.5726285,129.3035393,131.6581065
,1163420.0000000,1732230.0000000,35.5726301,129.3034290,131.6556778
,1163410.0000000,1732230.0000000,35.5726318,129.3033187,132.8796508
,1163400.0000000,1732230.0000000,35.5726334,129.3032084,135.4553031
,1163390.0000000,1732230.0000000,35.5726351,129.3030981,136.4104953
,1163380.0000000,1732230.0000000,35.5726367,129.3029878,136.5412529
,1163370.0000000,1732230.0000000,35.5726384,129.3028775,136.9461469
,1163360.0000000,1732230.0000000,35.5726400,129.3027672,138.8321637
,1163350.0000000,1732230.0000000,35.5726417,129.3026568,143.0989077
,1163340.0000000,1732230.0000000,35.5726433,129.3025465,145.5400593
,1163330.0000000,1732230.0000000,35.5726450,129.3024362,146.1471886
,1163320.0000000,1732230.0000000,35.5726466,129.3023259,146.5000000
,1163310.0000000,1732230.0000000,35.5726483,129.3022156,146.5000000
,1163300.0000000,1732230.0000000,35.5726499,129.3021053,146.4932649
,1163290.0000000,1732230.0000000,35.5726516,129.3019950,146.0960891
,1163280.0000000,1732230.0000000,35.5726532,129.3018847,144.9069353
,1163270.0000000,1732230.0000000,35.5726549,129.3017744,143.8649358
,1163260.0000000,1732230.0000000,35.5726565,129.3016641,141.6208929
,1163250.0000000,1732230.0000000,35.5726582,129.3015538,141.5000000
,1163240.0000000,1732230.0000000,35.5726598,129.3014435,141.5000000
,1163230.0000000,1732230.0000000,35.5726615,129.3013332,141.2321679
,1163220.0000000,1732230.0000000,35.5726631,129.3012229,140.7368489
,1163210.0000000,1732230.0000000,35.5726648,129.3011126,140.5790976
,1163200.0000000,1732230.0000000,35.5726664,129.3010022,140.7935593
,1163190.0000000,1732230.0000000,35.5726681,129.3008919,140.9489370
,1163180.0000000,1732230.0000000,35.5726697,129.3007816,140.6159622
,1163170.0000000,1732230.0000000,35.5726714,129.3006713,140.8676290
,1163160.0000000,1732230.0000000,35.5726730,129.3005610,141.2114777
,1163150.0000000,1732230.0000000,35.5726747,129.3004507,140.5255757
,1163140.0000000,1732230.0000000,35.5726763,129.3003404,141.0713594
,1163130.0000000,1732230.0000000,35.5726779,129.3002301,141.4880104
,1163120.0000000,1732230.0000000,35.5726796,129.3001198,141.6608937
,1163110.0000000,1732230.0000000,35.5726812,129.3000095,143.3598429
,1163100.0000000,1732230.0000000,35.5726829,129.2998992,146.5406267
,1163090.0000000,1732230.0000000,35.5726845,129.2997889,151.5328661
,1163080.0000000,1732230.0000000,35.5726862,129.2996786,153.9637058
,1163070.0000000,1732230.0000000,35.5726878,129.2995683,156.2887889
,1163060.0000000,1732230.0000000,35.5726895,129.2994580,156.9238871
,1163050.0000000,1732230.0000000,35.5726911,129.2993476,156.5057832
,1163040.0000000,1732230.0000000,35.5726928,129.2992373,156.3274410
,1163030.0000000,1732230.0000000,35.5726944,129.2991270,155.5108678
,1163020.0000000,1732230.0000000,35.5726961,129.2990167,152.7338429
,1163010.0000000,1732230.0000000,35.5726977,129.2989064,151.4815039
,1163000.0000000,1732230.0000000,35.5726994,129.2987961,149.3968008
,1163000.0000000,1732240.0000000,35.5727895,129.2987981,151.1917671
,1163010.0000000,1732240.0000000,35.5727878,129.2989084,151.5000000
,1163020.0000000,1732240.0000000,35.5727862,129.2990187,151.7706744
,1163030.0000000,1732240.0000000,35.5727845,129.2991290,152.1446302
,1163040.0000000,1732240.0000000,35.5727829,129.2992394,151.9387788
,1163050.0000000,1732240.0000000,35.5727812,129.2993497,152.2450508
,1163060.0000000,1732240.0000000,35.5727796,129.2994600,152.3495179
,1163070.0000000,1732240.0000000,35.5727780,129.2995703,152.1395939
,1163080.0000000,1732240.0000000,35.5727763,129.2996806,151.5093371
,1163090.0000000,1732240.0000000,35.5727747,129.2997909,150.0431468
,1163100.0000000,1732240.0000000,35.5727730,129.2999012,145.1606693
,1163110.0000000,1732240.0000000,35.5727714,129.3000115,141.7438364
,1163120.0000000,1732240.0000000,35.5727697,129.3001218,141.4900817
,1163130.0000000,1732240.0000000,35.5727681,129.3002321,140.4031065
,1163140.0000000,1732240.0000000,35.5727664,129.3003424,137.3186540
,1163150.0000000,1732240.0000000,35.5727648,129.3004527,136.8278811
,1163160.0000000,1732240.0000000,35.5727631,129.3005630,137.1128976
,1163170.0000000,1732240.0000000,35.5727615,129.3006733,138.7040688
,1163180.0000000,1732240.0000000,35.5727598,129.3007837,139.3321227
,1163190.0000000,1732240.0000000,35.5727582,129.3008940,140.4705508
,1163200.0000000,1732240.0000000,35.5727565,129.3010043,141.2576167
,1163210.0000000,1732240.0000000,35.5727549,129.3011146,140.9767609
,1163220.0000000,1732240.0000000,35.5727532,129.3012249,140.8771085
,1163230.0000000,1732240.0000000,35.5727516,129.3013352,141.5000000
,1163240.0000000,1732240.0000000,35.5727499,129.3014455,141.5000000
,1163250.0000000,1732240.0000000,35.5727483,129.3015558,141.5000000
,1163260.0000000,1732240.0000000,35.5727466,129.3016661,141.5000000
,1163270.0000000,1732240.0000000,35.5727450,129.3017764,143.6537309
,1163280.0000000,1732240.0000000,35.5727433,129.3018867,145.5560648
,1163290.0000000,1732240.0000000,35.5727417,129.3019970,146.5000000
,1163300.0000000,1732240.0000000,35.5727400,129.3021073,146.5000000
,1163310.0000000,1732240.0000000,35.5727384,129.3022176,146.5000000
,1163320.0000000,1732240.0000000,35.5727367,129.3023279,146.5000000
,1163330.0000000,1732240.0000000,35.5727351,129.3024383,146.4761648
,1163340.0000000,1732240.0000000,35.5727334,129.3025486,145.2848130
,1163350.0000000,1732240.0000000,35.5727318,129.3026589,141.5939525
,1163360.0000000,1732240.0000000,35.5727301,129.3027692,140.5653974
,1163370.0000000,1732240.0000000,35.5727285,129.3028795,138.8960731
,1163380.0000000,1732240.0000000,35.5727268,129.3029898,137.5702585
,1163390.0000000,1732240.0000000,35.5727252,129.3031001,136.7690902
,1163400.0000000,1732240.0000000,35.5727235,129.3032104,136.5207455
,1163410.0000000,1732240.0000000,35.5727219,129.3033207,136.0367722
,1163420.0000000,1732240.0000000,35.5727202,129.3034310,133.4743518
,1163430.0000000,1732240.0000000,35.5727186,129.3035413,131.9715722
,1163440.0000000,1732240.0000000,35.5727169,129.3036516,131.7438216
,1163450.0000000,1732240.0000000,35.5727153,129.3037619,131.2508809
,1163460.0000000,1732240.0000000,35.5727136,129.3038722,131.3401525
,1163470.0000000,1732240.0000000,35.5727120,129.3039825,130.4551247
,1163480.0000000,1732240.0000000,35.5727103,129.3040929,130.6862111
,1163490.0000000,1732240.0000000,35.5727087,129.3042032,130.7576032
,1163500.0000000,1732240.0000000,35.5727070,129.3043135,130.2543162
,1163510.0000000,1732240.0000000,35.5727054,129.3044238,130.0012627
,1163520.0000000,1732240.0000000,35.5727037,129.3045341,129.1016784
,1163530.0000000,1732240.0000000,35.5727021,129.3046444,128.3718094
,1163540.0000000,1732240.0000000,35.5727004,129.3047547,129.9181687
,1163550.0000000,1732240.0000000,35.5726988,129.3048650,131.5000000
,1163560.0000000,1732240.0000000,35.5726971,129.3049753,131.5641252
,1163570.0000000,1732240.0000000,35.5726955,129.3050856,131.7275927
,1163580.0000000,1732240.0000000,35.5726938,129.3051959,132.9848560
,1163590.0000000,1732240.0000000,35.5726922,129.3053062,136.4187901
,1163600.0000000,1732240.0000000,35.5726905,129.3054165,139.5230623
,1163610.0000000,1732240.0000000,35.5726889,129.3055268,141.2931399
,1163620.0000000,1732240.0000000,35.5726872,129.3056371,141.5000000
,1163630.0000000,1732240.0000000,35.5726856,129.3057475,141.5000000
,1163640.0000000,1732240.0000000,35.5726839,129.3058578,141.5000000
,1163650.0000000,1732240.0000000,35.5726822,129.3059681,141.5000000
,1163660.0000000,1732240.0000000,35.5726806,129.3060784,141.5000000
,1163670.0000000,1732240.0000000,35.5726789,129.3061887,141.5000000
,1163680.0000000,1732240.0000000,35.5726773,129.3062990,141.5000000
,1163690.0000000,1732240.0000000,35.5726756,129.3064093,141.5224537
,1163700.0000000,1732240.0000000,35.5726740,129.3065196,142.3548028
,1163710.0000000,1732240.0000000,35.5726723,129.3066299,144.0332119
,1163720.0000000,1732240.0000000,35.5726707,129.3067402,145.5497102
,1163730.0000000,1732240.0000000,35.5726690,129.3068505,146.1356424
,1163740.0000000,1732240.0000000,35.5726674,129.3069608,146.5000000
,1163750.0000000,1732240.0000000,35.5726657,129.3070711,146.5000000
,1163760.0000000,1732240.0000000,35.5726641,129.3071814,146.5000000
,1163770.0000000,1732240.0000000,35.5726624,129.3072917,146.5000000
,1163780.0000000,1732240.0000000,35.5726607,129.3074021,145.2034456
,1163790.0000000,1732240.0000000,35.5726591,129.3075124,144.6268355
,1163800.0000000,1732240.0000000,35.5726574,129.3076227,143.9892114
,1163810.0000000,1732240.0000000,35.5726558,129.3077330,143.3730995
,1163820.0000000,1732240.0000000,35.5726541,129.3078433,143.5879698
,1163830.0000000,1732240.0000000,35.5726525,129.3079536,144.5289050
,1163840.0000000,1732240.0000000,35.5726508,129.3080639,145.3669333
,1163850.0000000,1732240.0000000,35.5726492,129.3081742,146.3526718
,1163860.0000000,1732240.0000000,35.5726475,129.3082845,146.3187205
,1163870.0000000,1732240.0000000,35.5726459,129.3083948,146.1451553
,1163880.0000000,1732240.0000000,35.5726442,129.3085051,145.7605004
,1163890.0000000,1732240.0000000,35.5726425,129.3086154,145.8321595
,1163900.0000000,1732240.0000000,35.5726409,129.3087257,144.6234920
,1163910.0000000,1732240.0000000,35.5726392,129.3088360,144.4792194
,1163920.0000000,1732240.0000000,35.5726376,129.3089463,142.5032963
,1163930.0000000,1732240.0000000,35.5726359,129.3090566,141.4543550
,1163940.0000000,1732240.0000000,35.5726343,129.3091670,140.6580540
,1163950.0000000,1732240.0000000,35.5726326,129.3092773,136.1369801
,1163960.0000000,1732240.0000000,35.5726310,129.3093876,135.9340038
,1163970.0000000,1732240.0000000,35.5726293,129.3094979,134.0156025
,1163980.0000000,1732240.0000000,35.5726276,129.3096082,130.9364223
,1163990.0000000,1732240.0000000,35.5726260,129.3097185,128.3859781
,1164000.0000000,1732240.0000000,35.5726243,129.3098288,126.6744894
,1164000.0000000,1732250.0000000,35.5727144,129.3098308,131.8831149
,1163990.0000000,1732250.0000000,35.5727161,129.3097205,134.6152555
,1163980.0000000,1732250.0000000,35.5727178,129.3096102,138.1013820
,1163970.0000000,1732250.0000000,35.5727194,129.3094999,140.6981225
,1163960.0000000,1732250.0000000,35.5727211,129.3093896,140.6380442
,1163950.0000000,1732250.0000000,35.5727227,129.3092793,142.2900316
,1163940.0000000,1732250.0000000,35.5727244,129.3091690,143.4692676
,1163930.0000000,1732250.0000000,35.5727260,129.3090587,144.8261177
,1163920.0000000,1732250.0000000,35.5727277,129.3089484,144.9651476
,1163910.0000000,1732250.0000000,35.5727294,129.3088381,145.5252011
,1163900.0000000,1732250.0000000,35.5727310,129.3087278,146.3376224
,1163890.0000000,1732250.0000000,35.5727327,129.3086174,146.4538071
,1163880.0000000,1732250.0000000,35.5727343,129.3085071,146.5000000
,1163870.0000000,1732250.0000000,35.5727360,129.3083968,146.5000000
,1163860.0000000,1732250.0000000,35.5727376,129.3082865,146.5000000
,1163850.0000000,1732250.0000000,35.5727393,129.3081762,146.5000000
,1163840.0000000,1732250.0000000,35.5727409,129.3080659,146.2816765
,1163830.0000000,1732250.0000000,35.5727426,129.3079556,146.5000000
,1163820.0000000,1732250.0000000,35.5727442,129.3078453,146.5000000
,1163810.0000000,1732250.0000000,35.5727459,129.3077350,146.5000000
,1163800.0000000,1732250.0000000,35.5727476,129.3076247,146.3412703
,1163790.0000000,1732250.0000000,35.5727492,129.3075144,146.5000000
,1163780.0000000,1732250.0000000,35.5727509,129.3074041,146.5000000
,1163770.0000000,1732250.0000000,35.5727525,129.3072938,146.5000000
,1163760.0000000,1732250.0000000,35.5727542,129.3071835,146.5000000
,1163750.0000000,1732250.0000000,35.5727558,129.3070732,146.5000000
,1163740.0000000,1732250.0000000,35.5727575,129.3069629,146.5000000
,1163730.0000000,1732250.0000000,35.5727591,129.3068525,146.5000000
,1163720.0000000,1732250.0000000,35.5727608,129.3067422,145.3010983
,1163710.0000000,1732250.0000000,35.5727624,129.3066319,144.3426161
,1163700.0000000,1732250.0000000,35.5727641,129.3065216,142.7067420
,1163690.0000000,1732250.0000000,35.5727658,129.3064113,141.6879268
,1163680.0000000,1732250.0000000,35.5727674,129.3063010,141.5000000
,1163670.0000000,1732250.0000000,35.5727691,129.3061907,141.5000000
,1163660.0000000,1732250.0000000,35.5727707,129.3060804,141.5000000
,1163650.0000000,1732250.0000000,35.5727724,129.3059701,141.5000000
,1163640.0000000,1732250.0000000,35.5727740,129.3058598,141.5000000
,1163630.0000000,1732250.0000000,35.5727757,129.3057495,141.5000000
,1163620.0000000,1732250.0000000,35.5727773,129.3056392,141.4815618
,1163610.0000000,1732250.0000000,35.5727790,129.3055289,140.4850986
,1163600.0000000,1732250.0000000,35.5727806,129.3054186,137.8513694
,1163590.0000000,1732250.0000000,35.5727823,129.3053083,135.5556706
,1163580.0000000,1732250.0000000,35.5727839,129.3051979,131.9720745
,1163570.0000000,1732250.0000000,35.5727856,129.3050876,131.6957628
,1163560.0000000,1732250.0000000,35.5727872,129.3049773,131.5000000
,1163550.0000000,1732250.0000000,35.5727889,129.3048670,131.5000000
,1163540.0000000,1732250.0000000,35.5727905,129.3047567,131.1896996
,1163530.0000000,1732250.0000000,35.5727922,129.3046464,131.0056876
,1163520.0000000,1732250.0000000,35.5727938,129.3045361,131.1693667
,1163510.0000000,1732250.0000000,35.5727955,129.3044258,131.6049072
,1163500.0000000,1732250.0000000,35.5727972,129.3043155,131.5712666
,1163490.0000000,1732250.0000000,35.5727988,129.3042052,131.6276162
,1163480.0000000,1732250.0000000,35.5728005,129.3040949,132.2054744
,1163470.0000000,1732250.0000000,35.5728021,129.3039846,132.2267572
,1163460.0000000,1732250.0000000,35.5728038,129.3038743,133.5122923
,1163450.0000000,1732250.0000000,35.5728054,129.3037640,134.3220219
,1163440.0000000,1732250.0000000,35.5728071,129.3036537,134.5235070
,1163430.0000000,1732250.0000000,35.5728087,129.3035433,135.0220121
,1163420.0000000,1732250.0000000,35.5728104,129.3034330,136.2632939
,1163410.0000000,1732250.0000000,35.5728120,129.3033227,136.8646872
,1163400.0000000,1732250.0000000,35.5728137,129.3032124,138.1073739
,1163390.0000000,1732250.0000000,35.5728153,129.3031021,139.7662333
,1163380.0000000,1732250.0000000,35.5728170,129.3029918,140.6295257
,1163370.0000000,1732250.0000000,35.5728186,129.3028815,141.4751016
,1163360.0000000,1732250.0000000,35.5728203,129.3027712,141.8260991
,1163350.0000000,1732250.0000000,35.5728219,129.3026609,142.8710230
,1163340.0000000,1732250.0000000,35.5728236,129.3025506,145.3914411
,1163330.0000000,1732250.0000000,35.5728252,129.3024403,146.4821593
,1163320.0000000,1732250.0000000,35.5728269,129.3023300,146.5000000
,1163310.0000000,1732250.0000000,35.5728285,129.3022197,146.5000000
,1163300.0000000,1732250.0000000,35.5728302,129.3021094,146.5000000
,1163290.0000000,1732250.0000000,35.5728318,129.3019990,146.2312907
,1163280.0000000,1732250.0000000,35.5728335,129.3018887,144.4584359
,1163270.0000000,1732250.0000000,35.5728351,129.3017784,142.4765052
,1163260.0000000,1732250.0000000,35.5728368,129.3016681,141.5000000
,1163250.0000000,1732250.0000000,35.5728384,129.3015578,141.5000000
,1163240.0000000,1732250.0000000,35.5728401,129.3014475,141.5000000
,1163230.0000000,1732250.0000000,35.5728417,129.3013372,141.3057256
,1163220.0000000,1732250.0000000,35.5728434,129.3012269,141.3277759
,1163210.0000000,1732250.0000000,35.5728450,129.3011166,140.3625230
,1163200.0000000,1732250.0000000,35.5728467,129.3010063,137.8209102
,1163190.0000000,1732250.0000000,35.5728483,129.3008960,136.7389830
,1163180.0000000,1732250.0000000,35.5728499,129.3007857,136.0660399
,1163170.0000000,1732250.0000000,35.5728516,129.3006754,135.7644351
,1163160.0000000,1732250.0000000,35.5728532,129.3005651,135.4110734
,1163150.0000000,1732250.0000000,35.5728549,129.3004547,135.9149530
,1163140.0000000,1732250.0000000,35.5728565,129.3003444,136.4826829
,1163130.0000000,1732250.0000000,35.5728582,129.3002341,137.7933391
,1163120.0000000,1732250.0000000,35.5728598,129.3001238,141.0113746
,1163110.0000000,1732250.0000000,35.5728615,129.3000135,141.5459911
,1163100.0000000,1732250.0000000,35.5728631,129.2999032,143.9658931
,1163090.0000000,1732250.0000000,35.5728648,129.2997929,147.0279549
,1163080.0000000,1732250.0000000,35.5728664,129.2996826,149.1459390
,1163070.0000000,1732250.0000000,35.5728681,129.2995723,150.1639245
,1163060.0000000,1732250.0000000,35.5728697,129.2994620,150.5417044
,1163050.0000000,1732250.0000000,35.5728714,129.2993517,151.5353633
,1163040.0000000,1732250.0000000,35.5728730,129.2992414,151.7924376
,1163030.0000000,1732250.0000000,35.5728747,129.2991311,151.5634996
,1163020.0000000,1732250.0000000,35.5728763,129.2990208,151.5000000
,1163010.0000000,1732250.0000000,35.5728780,129.2989104,151.5000000
,1163000.0000000,1732250.0000000,35.5728796,129.2988001,151.5000000
,1163000.0000000,1732260.0000000,35.5729697,129.2988022,151.5000000
,1163010.0000000,1732260.0000000,35.5729681,129.2989125,151.5000000
,1163020.0000000,1732260.0000000,35.5729664,129.2990228,151.5000000
,1163030.0000000,1732260.0000000,35.5729648,129.2991331,151.3729363
,1163040.0000000,1732260.0000000,35.5729631,129.2992434,149.9047557
,1163050.0000000,1732260.0000000,35.5729615,129.2993537,147.8765431
,1163060.0000000,1732260.0000000,35.5729598,129.2994640,147.3323002
,1163070.0000000,1732260.0000000,35.5729582,129.2995743,147.0144203
,1163080.0000000,1732260.0000000,35.5729565,129.2996846,146.7653947
,1163090.0000000,1732260.0000000,35.5729549,129.2997949,145.9752441
,1163100.0000000,1732260.0000000,35.5729533,129.2999052,142.2141631
,1163110.0000000,1732260.0000000,35.5729516,129.3000155,141.4253130
,1163120.0000000,1732260.0000000,35.5729500,129.3001258,140.1599494
,1163130.0000000,1732260.0000000,35.5729483,129.3002362,136.5033467
,1163140.0000000,1732260.0000000,35.5729467,129.3003465,135.2287025
,1163150.0000000,1732260.0000000,35.5729450,129.3004568,132.5411453
,1163160.0000000,1732260.0000000,35.5729434,129.3005671,131.6636764
,1163170.0000000,1732260.0000000,35.5729417,129.3006774,131.5845048
,1163180.0000000,1732260.0000000,35.5729401,129.3007877,132.8096922
,1163190.0000000,1732260.0000000,35.5729384,129.3008980,134.5651697
,1163200.0000000,1732260.0000000,35.5729368,129.3010083,136.2490183
,1163210.0000000,1732260.0000000,35.5729351,129.3011186,137.4556357
,1163220.0000000,1732260.0000000,35.5729335,129.3012289,139.8755971
,1163230.0000000,1732260.0000000,35.5729318,129.3013392,141.3569777
,1163240.0000000,1732260.0000000,35.5729302,129.3014495,141.4057435
,1163250.0000000,1732260.0000000,35.5729285,129.3015598,141.4768150
,1163260.0000000,1732260.0000000,35.5729269,129.3016701,141.4067848
,1163270.0000000,1732260.0000000,35.5729252,129.3017805,141.3540212
,1163280.0000000,1732260.0000000,35.5729236,129.3018908,143.1149981
,1163290.0000000,1732260.0000000,35.5729219,129.3020011,146.4416544
,1163300.0000000,1732260.0000000,35.5729203,129.3021114,146.0934414
,1163310.0000000,1732260.0000000,35.5729186,129.3022217,146.5000000
,1163320.0000000,1732260.0000000,35.5729170,129.3023320,146.5000000
,1163330.0000000,1732260.0000000,35.5729153,129.3024423,146.5000000
,1163340.0000000,1732260.0000000,35.5729137,129.3025526,146.2285781
,1163350.0000000,1732260.0000000,35.5729120,129.3026629,145.0566910
,1163360.0000000,1732260.0000000,35.5729104,129.3027732,144.4711757
,1163370.0000000,1732260.0000000,35.5729087,129.3028835,144.0531874
,1163380.0000000,1732260.0000000,35.5729071,129.3029938,143.5458316
,1163390.0000000,1732260.0000000,35.5729054,129.3031041,142.6363870
,1163400.0000000,1732260.0000000,35.5729038,129.3032144,141.5956064
,1163410.0000000,1732260.0000000,35.5729021,129.3033248,140.2765803
,1163420.0000000,1732260.0000000,35.5729005,129.3034351,137.8608856
,1163430.0000000,1732260.0000000,35.5728988,129.3035454,136.5187480
,1163440.0000000,1732260.0000000,35.5728972,129.3036557,136.5732230
,1163450.0000000,1732260.0000000,35.5728955,129.3037660,136.4361598
,1163460.0000000,1732260.0000000,35.5728939,129.3038763,136.2336491
,1163470.0000000,1732260.0000000,35.5728922,129.3039866,135.5044528
,1163480.0000000,1732260.0000000,35.5728906,129.3040969,134.7298319
,1163490.0000000,1732260.0000000,35.5728889,129.3042072,133.3104352
,1163500.0000000,1732260.0000000,35.5728873,129.3043175,131.5018759
,1163510.0000000,1732260.0000000,35.5728856,129.3044278,131.5830762
,1163520.0000000,1732260.0000000,35.5728840,129.3045381,131.5294500
,1163530.0000000,1732260.0000000,35.5728823,129.3046484,131.5062135
,1163540.0000000,1732260.0000000,35.5728807,129.3047587,131.5000000
,1163550.0000000,1732260.0000000,35.5728790,129.3048690,131.5000000
,1163560.0000000,1732260.0000000,35.5728774,129.3049794,131.5382923
,1163570.0000000,1732260.0000000,35.5728757,129.3050897,131.7265517
,1163580.0000000,1732260.0000000,35.5728741,129.3052000,132.9920212
,1163590.0000000,1732260.0000000,35.5728724,129.3053103,135.8411213
,1163600.0000000,1732260.0000000,35.5728708,129.3054206,136.6940044
,1163610.0000000,1732260.0000000,35.5728691,129.3055309,138.2088161
,1163620.0000000,1732260.0000000,35.5728674,129.3056412,141.2367755
,1163630.0000000,1732260.0000000,35.5728658,129.3057515,141.5000000
,1163640.0000000,1732260.0000000,35.5728641,129.3058618,141.5000000
,1163650.0000000,1732260.0000000,35.5728625,129.3059721,141.5000000
,1163660.0000000,1732260.0000000,35.5728608,129.3060824,141.5000000
,1163670.0000000,1732260.0000000,35.5728592,129.3061927,141.5000000
,1163680.0000000,1732260.0000000,35.5728575,129.3063030,141.9267772
,1163690.0000000,1732260.0000000,35.5728559,129.3064133,142.8269394
,1163700.0000000,1732260.0000000,35.5728542,129.3065236,143.9923669
,1163710.0000000,1732260.0000000,35.5728526,129.3066340,145.4294483
,1163720.0000000,1732260.0000000,35.5728509,129.3067443,146.3072977
,1163730.0000000,1732260.0000000,35.5728493,129.3068546,146.5000000
,1163740.0000000,1732260.0000000,35.5728476,129.3069649,146.5000000
,1163750.0000000,1732260.0000000,35.5728460,129.3070752,146.5000000
,1163760.0000000,1732260.0000000,35.5728443,129.3071855,146.5000000
,1163770.0000000,1732260.0000000,35.5728426,129.3072958,146.6612966
,1163780.0000000,1732260.0000000,35.5728410,129.3074061,146.5000000
,1163790.0000000,1732260.0000000,35.5728393,129.3075164,146.5000000
,1163800.0000000,1732260.0000000,35.5728377,129.3076267,146.5000000
,1163810.0000000,1732260.0000000,35.5728360,129.3077370,146.5000000
,1163820.0000000,1732260.0000000,35.5728344,129.3078473,146.5000000
,1163830.0000000,1732260.0000000,35.5728327,129.3079576,146.5000000
,1163840.0000000,1732260.0000000,35.5728311,129.3080679,146.5000000
,1163850.0000000,1732260.0000000,35.5728294,129.3081782,146.5000000
,1163860.0000000,1732260.0000000,35.5728278,129.3082886,146.5000000
,1163870.0000000,1732260.0000000,35.5728261,129.3083989,146.5000000
,1163880.0000000,1732260.0000000,35.5728244,129.3085092,146.5000000
,1163890.0000000,1732260.0000000,35.5728228,129.3086195,146.5000000
,1163900.0000000,1732260.0000000,35.5728211,129.3087298,146.4432088
,1163910.0000000,1732260.0000000,35.5728195,129.3088401,146.4033778
,1163920.0000000,1732260.0000000,35.5728178,129.3089504,146.4556286
,1163930.0000000,1732260.0000000,35.5728162,129.3090607,146.2680215
,1163940.0000000,1732260.0000000,35.5728145,129.3091710,145.0965033
,1163950.0000000,1732260.0000000,35.5728129,129.3092813,143.7281538
,1163960.0000000,1732260.0000000,35.5728112,129.3093916,141.8204966
,1163970.0000000,1732260.0000000,35.5728095,129.3095019,141.6032626
,1163980.0000000,1732260.0000000,35.5728079,129.3096122,141.5569251
,1163990.0000000,1732260.0000000,35.5728062,129.3097225,139.8931336
,1164000.0000000,1732260.0000000,35.5728046,129.3098328,136.3057964
,1164000.0000000,1732270.0000000,35.5728947,129.3098349,138.2012367
,1163990.0000000,1732270.0000000,35.5728963,129.3097246,141.4022717
,1163980.0000000,1732270.0000000,35.5728980,129.3096143,141.5167601
,1163970.0000000,1732270.0000000,35.5728997,129.3095040,141.7792106
,1163960.0000000,1732270.0000000,35.5729013,129.3093936,146.0547568
,1163950.0000000,1732270.0000000,35.5729030,129.3092833,144.1608890
,1163940.0000000,1732270.0000000,35.5729046,129.3091730,145.6391887
,1163930.0000000,1732270.0000000,35.5729063,129.3090627,146.2909368
,1163920.0000000,1732270.0000000,35.5729079,129.3089524,146.5521876
,1163910.0000000,1732270.0000000,35.5729096,129.3088421,146.5519498
,1163900.0000000,1732270.0000000,35.5729113,129.3087318,146.5637820
,1163890.0000000,1732270.0000000,35.5729129,129.3086215,146.5000000
,1163880.0000000,1732270.0000000,35.5729146,129.3085112,146.5000000
,1163870.0000000,1732270.0000000,35.5729162,129.3084009,146.5000000
,1163860.0000000,1732270.0000000,35.5729179,129.3082906,146.5000000
,1163850.0000000,1732270.0000000,35.5729195,129.3081803,146.5000000
,1163840.0000000,1732270.0000000,35.5729212,129.3080700,146.5000000
,1163830.0000000,1732270.0000000,35.5729228,129.3079597,146.5000000
,1163820.0000000,1732270.0000000,35.5729245,129.3078494,146.5000000
,1163810.0000000,1732270.0000000,35.5729261,129.3077390,146.5000000
,1163800.0000000,1732270.0000000,35.5729278,129.3076287,146.5096267
,1163790.0000000,1732270.0000000,35.5729295,129.3075184,146.5792684
,1163780.0000000,1732270.0000000,35.5729311,129.3074081,146.6444231
,1163770.0000000,1732270.0000000,35.5729328,129.3072978,146.7700662
,1163760.0000000,1732270.0000000,35.5729344,129.3071875,146.5336649
,1163750.0000000,1732270.0000000,35.5729361,129.3070772,146.5000000
,1163740.0000000,1732270.0000000,35.5729377,129.3069669,146.5000000
,1163730.0000000,1732270.0000000,35.5729394,129.3068566,146.5000000
,1163720.0000000,1732270.0000000,35.5729410,129.3067463,146.5000000
,1163710.0000000,1732270.0000000,35.5729427,129.3066360,146.3129990
,1163700.0000000,1732270.0000000,35.5729443,129.3065257,145.6895285
,1163690.0000000,1732270.0000000,35.5729460,129.3064154,144.5686125
,1163680.0000000,1732270.0000000,35.5729476,129.3063051,143.7465277
,1163670.0000000,1732270.0000000,35.5729493,129.3061948,142.6964129
,1163660.0000000,1732270.0000000,35.5729510,129.3060844,141.5000000
,1163650.0000000,1732270.0000000,35.5729526,129.3059741,141.5514291
,1163640.0000000,1732270.0000000,35.5729543,129.3058638,141.5042991
,1163630.0000000,1732270.0000000,35.5729559,129.3057535,141.4634244
,1163620.0000000,1732270.0000000,35.5729576,129.3056432,139.8886306
,1163610.0000000,1732270.0000000,35.5729592,129.3055329,136.7179175
,1163600.0000000,1732270.0000000,35.5729609,129.3054226,136.5000000
,1163590.0000000,1732270.0000000,35.5729625,129.3053123,136.5000000
,1163580.0000000,1732270.0000000,35.5729642,129.3052020,134.5742039
,1163570.0000000,1732270.0000000,35.5729658,129.3050917,132.6654516
,1163560.0000000,1732270.0000000,35.5729675,129.3049814,131.9335881
,1163550.0000000,1732270.0000000,35.5729691,129.3048711,131.5000000
,1163540.0000000,1732270.0000000,35.5729708,129.3047608,131.7172221
,1163530.0000000,1732270.0000000,35.5729724,129.3046505,132.0943177
,1163520.0000000,1732270.0000000,35.5729741,129.3045401,132.2851388
,1163510.0000000,1732270.0000000,35.5729757,129.3044298,132.4099058
,1163500.0000000,1732270.0000000,35.5729774,129.3043195,134.5187309
,1163490.0000000,1732270.0000000,35.5729790,129.3042092,136.3165796
,1163480.0000000,1732270.0000000,35.5729807,129.3040989,136.4617691
,1163470.0000000,1732270.0000000,35.5729823,129.3039886,136.5539522
,1163460.0000000,1732270.0000000,35.5729840,129.3038783,136.9293487
,1163450.0000000,1732270.0000000,35.5729856,129.3037680,137.8153949
,1163440.0000000,1732270.0000000,35.5729873,129.3036577,138.3138173
,1163430.0000000,1732270.0000000,35.5729890,129.3035474,139.6559692
,1163420.0000000,1732270.0000000,35.5729906,129.3034371,141.3081953
,1163410.0000000,1732270.0000000,35.5729923,129.3033268,142.0039407
,1163400.0000000,1732270.0000000,35.5729939,129.3032165,145.4713634
,1163390.0000000,1732270.0000000,35.5729956,129.3031062,146.9061473
,1163380.0000000,1732270.0000000,35.5729972,129.3029958,148.2117758
,1163370.0000000,1732270.0000000,35.5729989,129.3028855,146.6783606
,1163360.0000000,1732270.0000000,35.5730005,129.3027752,146.8432158
,1163350.0000000,1732270.0000000,35.5730022,129.3026649,146.6823638
,1163340.0000000,1732270.0000000,35.5730038,129.3025546,146.5863070
,1163330.0000000,1732270.0000000,35.5730055,129.3024443,146.5000000
,1163320.0000000,1732270.0000000,35.5730071,129.3023340,146.5000000
,1163310.0000000,1732270.0000000,35.5730088,129.3022237,145.7480518
,1163300.0000000,1732270.0000000,35.5730104,129.3021134,146.2186321
,1163290.0000000,1732270.0000000,35.5730121,129.3020031,142.7162517
,1163280.0000000,1732270.0000000,35.5730137,129.3018928,141.3625168
,1163270.0000000,1732270.0000000,35.5730154,129.3017825,140.3295505
,1163260.0000000,1732270.0000000,35.5730170,129.3016722,140.2485133
,1163250.0000000,1732270.0000000,35.5730186,129.3015619,141.3764453
,1163240.0000000,1732270.0000000,35.5730203,129.3014515,141.2855176
,1163230.0000000,1732270.0000000,35.5730219,129.3013412,138.9069046
,1163220.0000000,1732270.0000000,35.5730236,129.3012309,136.9770987
,1163210.0000000,1732270.0000000,35.5730252,129.3011206,136.2692167
,1163200.0000000,1732270.0000000,35.5730269,129.3010103,134.1344948
,1163190.0000000,1732270.0000000,35.5730285,129.3009000,131.8000512
,1163180.0000000,1732270.0000000,35.5730302,129.3007897,131.6992098
,1163170.0000000,1732270.0000000,35.5730318,129.3006794,131.5000000
,1163160.0000000,1732270.0000000,35.5730335,129.3005691,131.5000000
,1163150.0000000,1732270.0000000,35.5730351,129.3004588,131.5354218
,1163140.0000000,1732270.0000000,35.5730368,129.3003485,132.6887807
,1163130.0000000,1732270.0000000,35.5730384,129.3002382,136.1889813
,1163120.0000000,1732270.0000000,35.5730401,129.3001279,139.8564132
,1163110.0000000,1732270.0000000,35.5730417,129.3000176,141.2976272
,1163100.0000000,1732270.0000000,35.5730434,129.2999072,141.5000000
,1163090.0000000,1732270.0000000,35.5730450,129.2997969,142.4567143
,1163080.0000000,1732270.0000000,35.5730467,129.2996866,145.0270972
,1163070.0000000,1732270.0000000,35.5730483,129.2995763,146.3557532
,1163060.0000000,1732270.0000000,35.5730500,129.2994660,146.5165073
,1163050.0000000,1732270.0000000,35.5730516,129.2993557,146.5541947
,1163040.0000000,1732270.0000000,35.5730533,129.2992454,147.1471938
,1163030.0000000,1732270.0000000,35.5730549,129.2991351,149.2744368
,1163020.0000000,1732270.0000000,35.5730566,129.2990248,151.1036597
,1163010.0000000,1732270.0000000,35.5730582,129.2989145,151.5000000
,1163000.0000000,1732270.0000000,35.5730598,129.2988042,150.9287275
,1163000.0000000,1732280.0000000,35.5731500,129.2988062,148.8400318
,1163010.0000000,1732280.0000000,35.5731483,129.2989165,150.0802030
,1163020.0000000,1732280.0000000,35.5731467,129.2990268,148.4607160
,1163030.0000000,1732280.0000000,35.5731450,129.2991371,146.8429151
,1163040.0000000,1732280.0000000,35.5731434,129.2992474,146.5000000
,1163050.0000000,1732280.0000000,35.5731417,129.2993577,146.5000000
,1163060.0000000,1732280.0000000,35.5731401,129.2994680,145.9304961
,1163070.0000000,1732280.0000000,35.5731384,129.2995783,144.0865313
,1163080.0000000,1732280.0000000,35.5731368,129.2996886,141.9809839
,1163090.0000000,1732280.0000000,35.5731351,129.2997990,141.3766557
,1163100.0000000,1732280.0000000,35.5731335,129.2999093,141.3982841
,1163110.0000000,1732280.0000000,35.5731318,129.3000196,139.2634551
,1163120.0000000,1732280.0000000,35.5731302,129.3001299,136.4954985
,1163130.0000000,1732280.0000000,35.5731286,129.3002402,132.3869659
,1163140.0000000,1732280.0000000,35.5731269,129.3003505,131.5064031
,1163150.0000000,1732280.0000000,35.5731253,129.3004608,131.5728803
,1163160.0000000,1732280.0000000,35.5731236,129.3005711,131.5000000
,1163170.0000000,1732280.0000000,35.5731220,129.3006814,131.5000000
,1163180.0000000,1732280.0000000,35.5731203,129.3007917,131.5000000
,1163190.0000000,1732280.0000000,35.5731187,129.3009020,132.1170691
,1163200.0000000,1732280.0000000,35.5731170,129.3010123,131.7423007
,1163210.0000000,1732280.0000000,35.5731154,129.3011226,134.2955194
,1163220.0000000,1732280.0000000,35.5731137,129.3012330,135.7807144
,1163230.0000000,1732280.0000000,35.5731121,129.3013433,136.4834768
,1163240.0000000,1732280.0000000,35.5731104,129.3014536,138.0380532
,1163250.0000000,1732280.0000000,35.5731088,129.3015639,137.6822782
,1163260.0000000,1732280.0000000,35.5731071,129.3016742,136.5985439
,1163270.0000000,1732280.0000000,35.5731055,129.3017845,136.5880383
,1163280.0000000,1732280.0000000,35.5731038,129.3018948,137.3225029
,1163290.0000000,1732280.0000000,35.5731022,129.3020051,139.5804132
,1163300.0000000,1732280.0000000,35.5731005,129.3021154,141.8664972
,1163310.0000000,1732280.0000000,35.5730989,129.3022257,144.6885461
,1163320.0000000,1732280.0000000,35.5730972,129.3023360,145.4885356
,1163330.0000000,1732280.0000000,35.5730956,129.3024463,147.0464657
,1163340.0000000,1732280.0000000,35.5730939,129.3025566,148.3959236
,1163350.0000000,1732280.0000000,35.5730923,129.3026669,149.1152845
,1163360.0000000,1732280.0000000,35.5730906,129.3027773,149.0379513
,1163370.0000000,1732280.0000000,35.5730890,129.3028876,151.4403876
,1163380.0000000,1732280.0000000,35.5730873,129.3029979,151.2483613
,1163390.0000000,1732280.0000000,35.5730857,129.3031082,151.2028047
,1163400.0000000,1732280.0000000,35.5730840,129.3032185,147.6583653
,1163410.0000000,1732280.0000000,35.5730824,129.3033288,146.1683656
,1163420.0000000,1732280.0000000,35.5730807,129.3034391,143.7432518
,1163430.0000000,1732280.0000000,35.5730791,129.3035494,141.6272812
,1163440.0000000,1732280.0000000,35.5730774,129.3036597,141.5738188
,1163450.0000000,1732280.0000000,35.5730758,129.3037700,141.3267688
,1163460.0000000,1732280.0000000,35.5730741,129.3038803,140.0527861
,1163470.0000000,1732280.0000000,35.5730725,129.3039906,138.7064795
,1163480.0000000,1732280.0000000,35.5730708,129.3041009,137.9585484
,1163490.0000000,1732280.0000000,35.5730692,129.3042112,137.0807769
,1163500.0000000,1732280.0000000,35.5730675,129.3043216,136.4605759
,1163510.0000000,1732280.0000000,35.5730659,129.3044319,135.1117524
,1163520.0000000,1732280.0000000,35.5730642,129.3045422,133.7797301
,1163530.0000000,1732280.0000000,35.5730626,129.3046525,133.1646623
,1163540.0000000,1732280.0000000,35.5730609,129.3047628,132.6791616
,1163550.0000000,1732280.0000000,35.5730593,129.3048731,132.8493392
,1163560.0000000,1732280.0000000,35.5730576,129.3049834,133.2137763
,1163570.0000000,1732280.0000000,35.5730560,129.3050937,134.3192981
,1163580.0000000,1732280.0000000,35.5730543,129.3052040,136.5000000
,1163590.0000000,1732280.0000000,35.5730526,129.3053143,136.5000000
,1163600.0000000,1732280.0000000,35.5730510,129.3054246,136.5171740
,1163610.0000000,1732280.0000000,35.5730493,129.3055349,136.7390299
,1163620.0000000,1732280.0000000,35.5730477,129.3056452,139.8639583
,1163630.0000000,1732280.0000000,35.5730460,129.3057555,141.5374561
,1163640.0000000,1732280.0000000,35.5730444,129.3058659,141.6748806
,1163650.0000000,1732280.0000000,35.5730427,129.3059762,142.2010555
,1163660.0000000,1732280.0000000,35.5730411,129.3060865,143.3803303
,1163670.0000000,1732280.0000000,35.5730394,129.3061968,144.8842890
,1163680.0000000,1732280.0000000,35.5730378,129.3063071,145.6518903
,1163690.0000000,1732280.0000000,35.5730361,129.3064174,146.0776078
,1163700.0000000,1732280.0000000,35.5730345,129.3065277,146.3467182
,1163710.0000000,1732280.0000000,35.5730328,129.3066380,146.4897704
,1163720.0000000,1732280.0000000,35.5730312,129.3067483,146.5000000
,1163730.0000000,1732280.0000000,35.5730295,129.3068586,146.5000000
,1163740.0000000,1732280.0000000,35.5730278,129.3069689,146.5182468
,1163750.0000000,1732280.0000000,35.5730262,129.3070792,146.5258440
,1163760.0000000,1732280.0000000,35.5730245,129.3071895,146.6977490
,1163770.0000000,1732280.0000000,35.5730229,129.3072998,146.7761470
,1163780.0000000,1732280.0000000,35.5730212,129.3074102,146.7455153
,1163790.0000000,1732280.0000000,35.5730196,129.3075205,146.8713733
,1163800.0000000,1732280.0000000,35.5730179,129.3076308,146.7234526
,1163810.0000000,1732280.0000000,35.5730163,129.3077411,146.5114568
,1163820.0000000,1732280.0000000,35.5730146,129.3078514,146.5000000
,1163830.0000000,1732280.0000000,35.5730130,129.3079617,146.5000000
,1163840.0000000,1732280.0000000,35.5730113,129.3080720,146.5000000
,1163850.0000000,1732280.0000000,35.5730096,129.3081823,146.5055678
,1163860.0000000,1732280.0000000,35.5730080,129.3082926,146.7038368
,1163870.0000000,1732280.0000000,35.5730063,129.3084029,146.5897511
,1163880.0000000,1732280.0000000,35.5730047,129.3085132,146.6267883
,1163890.0000000,1732280.0000000,35.5730030,129.3086235,146.8420983
,1163900.0000000,1732280.0000000,35.5730014,129.3087338,146.7761446
,1163910.0000000,1732280.0000000,35.5729997,129.3088441,146.7402282
,1163920.0000000,1732280.0000000,35.5729981,129.3089544,146.5011313
,1163930.0000000,1732280.0000000,35.5729964,129.3090648,146.5000000
,1163940.0000000,1732280.0000000,35.5729947,129.3091751,146.1251864
,1163950.0000000,1732280.0000000,35.5729931,129.3092854,146.2927431
,1163960.0000000,1732280.0000000,35.5729914,129.3093957,145.4796228
,1163970.0000000,1732280.0000000,35.5729898,129.3095060,142.3292797
,1163980.0000000,1732280.0000000,35.5729881,129.3096163,141.5594253
,1163990.0000000,1732280.0000000,35.5729865,129.3097266,141.5000000
,1164000.0000000,1732280.0000000,35.5729848,129.3098369,141.0251344
,1164000.0000000,1732290.0000000,35.5730749,129.3098389,141.6158114
,1163990.0000000,1732290.0000000,35.5730766,129.3097286,141.7201564
,1163980.0000000,1732290.0000000,35.5730782,129.3096183,142.4190080
,1163970.0000000,1732290.0000000,35.5730799,129.3095080,143.0053464
,1163960.0000000,1732290.0000000,35.5730816,129.3093977,145.3547537
,1163950.0000000,1732290.0000000,35.5730832,129.3092874,146.1596139
,1163940.0000000,1732290.0000000,35.5730849,129.3091771,146.6441674
,1163930.0000000,1732290.0000000,35.5730865,129.3090668,146.5949432
,1163920.0000000,1732290.0000000,35.5730882,129.3089565,147.2236161
,1163910.0000000,1732290.0000000,35.5730898,129.3088462,147.9327822
,1163900.0000000,1732290.0000000,35.5730915,129.3087359,148.2335012
,1163890.0000000,1732290.0000000,35.5730931,129.3086256,148.1328120
,1163880.0000000,1732290.0000000,35.5730948,129.3085152,148.0197466
,1163870.0000000,1732290.0000000,35.5730965,129.3084049,147.9078212
,1163860.0000000,1732290.0000000,35.5730981,129.3082946,147.5847167
,1163850.0000000,1732290.0000000,35.5730998,129.3081843,147.1798309
,1163840.0000000,1732290.0000000,35.5731014,129.3080740,146.6659890
,1163830.0000000,1732290.0000000,35.5731031,129.3079637,146.6229702
,1163820.0000000,1732290.0000000,35.5731047,129.3078534,146.5000000
,1163810.0000000,1732290.0000000,35.5731064,129.3077431,146.7128145
,1163800.0000000,1732290.0000000,35.5731080,129.3076328,147.4877970
,1163790.0000000,1732290.0000000,35.5731097,129.3075225,148.1669851
,1163780.0000000,1732290.0000000,35.5731114,129.3074122,148.0940822
,1163770.0000000,1732290.0000000,35.5731130,129.3073019,147.7238317
,1163760.0000000,1732290.0000000,35.5731147,129.3071916,146.9952026
,1163750.0000000,1732290.0000000,35.5731163,129.3070813,146.5662180
,1163740.0000000,1732290.0000000,35.5731180,129.3069709,146.6047173
,1163730.0000000,1732290.0000000,35.5731196,129.3068606,146.5000000
,1163720.0000000,1732290.0000000,35.5731213,129.3067503,146.5000000
,1163710.0000000,1732290.0000000,35.5731229,129.3066400,146.5000000
,1163700.0000000,1732290.0000000,35.5731246,129.3065297,146.4568542
,1163690.0000000,1732290.0000000,35.5731262,129.3064194,146.4922299
,1163680.0000000,1732290.0000000,35.5731279,129.3063091,146.3873889
,1163670.0000000,1732290.0000000,35.5731295,129.3061988,145.9931732
,1163660.0000000,1732290.0000000,35.5731312,129.3060885,145.3202980
,1163650.0000000,1732290.0000000,35.5731329,129.3059782,144.1233937
,1163640.0000000,1732290.0000000,35.5731345,129.3058679,143.4019456
,1163630.0000000,1732290.0000000,35.5731362,129.3057576,142.9317234
,1163620.0000000,1732290.0000000,35.5731378,129.3056473,141.4191045
,1163610.0000000,1732290.0000000,35.5731395,129.3055370,139.2555511
,1163600.0000000,1732290.0000000,35.5731411,129.3054266,137.0743975
,1163590.0000000,1732290.0000000,35.5731428,129.3053163,136.5694723
,1163580.0000000,1732290.0000000,35.5731444,129.3052060,136.7796779
,1163570.0000000,1732290.0000000,35.5731461,129.3050957,136.4007893
,1163560.0000000,1732290.0000000,35.5731477,129.3049854,135.4607890
,1163550.0000000,1732290.0000000,35.5731494,129.3048751,134.5802251
,1163540.0000000,1732290.0000000,35.5731510,129.3047648,134.8085735
,1163530.0000000,1732290.0000000,35.5731527,129.3046545,134.9077394
,1163520.0000000,1732290.0000000,35.5731543,129.3045442,135.7185246
,1163510.0000000,1732290.0000000,35.5731560,129.3044339,136.6346241
,1163500.0000000,1732290.0000000,35.5731576,129.3043236,137.6945284
,1163490.0000000,1732290.0000000,35.5731593,129.3042133,139.6276869
,1163480.0000000,1732290.0000000,35.5731609,129.3041030,141.0420123
,1163470.0000000,1732290.0000000,35.5731626,129.3039927,141.4824831
,1163460.0000000,1732290.0000000,35.5731642,129.3038823,142.0926002
,1163450.0000000,1732290.0000000,35.5731659,129.3037720,143.6114611
,1163440.0000000,1732290.0000000,35.5731675,129.3036617,144.9269426
,1163430.0000000,1732290.0000000,35.5731692,129.3035514,146.2472074
,1163420.0000000,1732290.0000000,35.5731708,129.3034411,147.0468893
,1163410.0000000,1732290.0000000,35.5731725,129.3033308,149.1779418
,1163400.0000000,1732290.0000000,35.5731741,129.3032205,151.2371187
,1163390.0000000,1732290.0000000,35.5731758,129.3031102,152.9926524
,1163380.0000000,1732290.0000000,35.5731774,129.3029999,154.2067865
,1163370.0000000,1732290.0000000,35.5731791,129.3028896,153.4163358
,1163360.0000000,1732290.0000000,35.5731807,129.3027793,151.5545853
,1163350.0000000,1732290.0000000,35.5731824,129.3026690,151.4675918
,1163340.0000000,1732290.0000000,35.5731840,129.3025587,150.2398839
,1163330.0000000,1732290.0000000,35.5731857,129.3024484,147.0905051
,1163320.0000000,1732290.0000000,35.5731873,129.3023380,146.3095762
,1163310.0000000,1732290.0000000,35.5731890,129.3022277,142.0931445
,1163300.0000000,1732290.0000000,35.5731906,129.3021174,140.4542161
,1163290.0000000,1732290.0000000,35.5731923,129.3020071,136.5925491
,1163280.0000000,1732290.0000000,35.5731939,129.3018968,136.8771905
,1163270.0000000,1732290.0000000,35.5731956,129.3017865,136.5000000
,1163260.0000000,1732290.0000000,35.5731972,129.3016762,136.6033137
,1163250.0000000,1732290.0000000,35.5731989,129.3015659,136.3151947
,1163240.0000000,1732290.0000000,35.5732005,129.3014556,135.2393888
,1163230.0000000,1732290.0000000,35.5732022,129.3013453,134.2920210
,1163220.0000000,1732290.0000000,35.5732038,129.3012350,131.9271494
,1163210.0000000,1732290.0000000,35.5732055,129.3011247,131.5575647
,1163200.0000000,1732290.0000000,35.5732071,129.3010144,131.9978459
,1163190.0000000,1732290.0000000,35.5732088,129.3009040,130.0571703
,1163180.0000000,1732290.0000000,35.5732104,129.3007937,128.7314741
,1163170.0000000,1732290.0000000,35.5732121,129.3006834,125.5524433
,1163160.0000000,1732290.0000000,35.5732137,129.3005731,128.2216876
,1163150.0000000,1732290.0000000,35.5732154,129.3004628,130.6126896
,1163140.0000000,1732290.0000000,35.5732170,129.3003525,131.9988964
,1163130.0000000,1732290.0000000,35.5732187,129.3002422,131.9513264
,1163120.0000000,1732290.0000000,35.5732203,129.3001319,132.9393113
,1163110.0000000,1732290.0000000,35.5732220,129.3000216,136.4308187
,1163100.0000000,1732290.0000000,35.5732236,129.2999113,138.2027108
,1163090.0000000,1732290.0000000,35.5732253,129.2998010,140.9085464
,1163080.0000000,1732290.0000000,35.5732269,129.2996907,141.5000000
,1163070.0000000,1732290.0000000,35.5732286,129.2995804,141.7484877
,1163060.0000000,1732290.0000000,35.5732302,129.2994700,143.4338869
,1163050.0000000,1732290.0000000,35.5732319,129.2993597,145.9632903
,1163040.0000000,1732290.0000000,35.5732335,129.2992494,146.5000000
,1163030.0000000,1732290.0000000,35.5732351,129.2991391,146.5000000
,1163020.0000000,1732290.0000000,35.5732368,129.2990288,146.7309503
,1163010.0000000,1732290.0000000,35.5732384,129.2989185,146.9646526
,1163000.0000000,1732290.0000000,35.5732401,129.2988082,147.1124209
,1163000.0000000,1732300.0000000,35.5733302,129.2988102,146.5000000
,1163010.0000000,1732300.0000000,35.5733286,129.2989205,146.5000000
,1163020.0000000,1732300.0000000,35.5733269,129.2990308,146.5000000
,1163030.0000000,1732300.0000000,35.5733253,129.2991411,146.4928383
,1163040.0000000,1732300.0000000,35.5733236,129.2992515,146.2973885
,1163050.0000000,1732300.0000000,35.5733220,129.2993618,143.8277893
,1163060.0000000,1732300.0000000,35.5733203,129.2994721,141.6222345
,1163070.0000000,1732300.0000000,35.5733187,129.2995824,141.5000000
,1163080.0000000,1732300.0000000,35.5733170,129.2996927,141.4252022
,1163090.0000000,1732300.0000000,35.5733154,129.2998030,139.5404015
,1163100.0000000,1732300.0000000,35.5733137,129.2999133,136.6236960
,1163110.0000000,1732300.0000000,35.5733121,129.3000236,134.7446347
,1163120.0000000,1732300.0000000,35.5733104,129.3001339,131.5374317
,1163130.0000000,1732300.0000000,35.5733088,129.3002442,131.1913710
,1163140.0000000,1732300.0000000,35.5733071,129.3003545,129.4255502
,1163150.0000000,1732300.0000000,35.5733055,129.3004648,126.6165468
,1163160.0000000,1732300.0000000,35.5733039,129.3005751,125.0410297
,1163170.0000000,1732300.0000000,35.5733022,129.3006855,124.9570834
,1163180.0000000,1732300.0000000,35.5733006,129.3007958,125.1549834
,1163190.0000000,1732300.0000000,35.5732989,129.3009061,125.7133207
,1163200.0000000,1732300.0000000,35.5732973,129.3010164,128.1446403
,1163210.0000000,1732300.0000000,35.5732956,129.3011267,129.3071935
,1163220.0000000,1732300.0000000,35.5732940,129.3012370,130.4989840
,1163230.0000000,1732300.0000000,35.5732923,129.3013473,131.5693467
,1163240.0000000,1732300.0000000,35.5732907,129.3014576,131.8548277
,1163250.0000000,1732300.0000000,35.5732890,129.3015679,133.8604351
,1163260.0000000,1732300.0000000,35.5732874,129.3016782,135.3059902
,1163270.0000000,1732300.0000000,35.5732857,129.3017885,136.5000000
,1163280.0000000,1732300.0000000,35.5732841,129.3018988,136.5536014
,1163290.0000000,1732300.0000000,35.5732824,129.3020091,136.5983274
,1163300.0000000,1732300.0000000,35.5732808,129.3021194,138.8185187
,1163310.0000000,1732300.0000000,35.5732791,129.3022298,141.6546194
,1163320.0000000,1732300.0000000,35.5732775,129.3023401,145.3991619
,1163330.0000000,1732300.0000000,35.5732758,129.3024504,146.6305250
,1163340.0000000,1732300.0000000,35.5732742,129.3025607,150.2624806
,1163350.0000000,1732300.0000000,35.5732725,129.3026710,151.5450402
,1163360.0000000,1732300.0000000,35.5732709,129.3027813,153.2602773
,1163370.0000000,1732300.0000000,35.5732692,129.3028916,156.2924526
,1163380.0000000,1732300.0000000,35.5732676,129.3030019,156.4424994
,1163390.0000000,1732300.0000000,35.5732659,129.3031122,156.3798340
,1163400.0000000,1732300.0000000,35.5732643,129.3032225,154.0464431
,1163410.0000000,1732300.0000000,35.5732626,129.3033328,151.6575340
,1163420.0000000,1732300.0000000,35.5732610,129.3034431,150.9492155
,1163430.0000000,1732300.0000000,35.5732593,129.3035534,150.1264158
,1163440.0000000,1732300.0000000,35.5732577,129.3036638,147.7784559
,1163450.0000000,1732300.0000000,35.5732560,129.3037741,146.5086684
,1163460.0000000,1732300.0000000,35.5732544,129.3038844,144.9494264
,1163470.0000000,1732300.0000000,35.5732527,129.3039947,143.2468462
,1163480.0000000,1732300.0000000,35.5732511,129.3041050,142.0247344
,1163490.0000000,1732300.0000000,35.5732494,129.3042153,141.3567143
,1163500.0000000,1732300.0000000,35.5732478,129.3043256,139.9906433
,1163510.0000000,1732300.0000000,35.5732461,129.3044359,137.3636201
,1163520.0000000,1732300.0000000,35.5732445,129.3045462,137.3458750
,1163530.0000000,1732300.0000000,35.5732428,129.3046565,137.0674928
,1163540.0000000,1732300.0000000,35.5732411,129.3047668,136.5000505
,1163550.0000000,1732300.0000000,35.5732395,129.3048771,136.8616592
,1163560.0000000,1732300.0000000,35.5732378,129.3049874,137.3462429
,1163570.0000000,1732300.0000000,35.5732362,129.3050978,137.7363104
,1163580.0000000,1732300.0000000,35.5732345,129.3052081,136.5394096
,1163590.0000000,1732300.0000000,35.5732329,129.3053184,138.4144124
,1163600.0000000,1732300.0000000,35.5732312,129.3054287,140.2927696
,1163610.0000000,1732300.0000000,35.5732296,129.3055390,141.3981272
,1163620.0000000,1732300.0000000,35.5732279,129.3056493,143.0206354
,1163630.0000000,1732300.0000000,35.5732263,129.3057596,146.4720501
,1163640.0000000,1732300.0000000,35.5732246,129.3058699,145.8427257
,1163650.0000000,1732300.0000000,35.5732230,129.3059802,146.4515311
,1163660.0000000,1732300.0000000,35.5732213,129.3060905,146.4104492
,1163670.0000000,1732300.0000000,35.5732197,129.3062008,146.5000000
,1163680.0000000,1732300.0000000,35.5732180,129.3063111,146.5000000
,1163690.0000000,1732300.0000000,35.5732164,129.3064214,146.5483060
,1163700.0000000,1732300.0000000,35.5732147,129.3065317,146.6770587
,1163710.0000000,1732300.0000000,35.5732131,129.3066421,146.6842964
,1163720.0000000,1732300.0000000,35.5732114,129.3067524,146.5681708
,1163730.0000000,1732300.0000000,35.5732097,129.3068627,146.7201490
,1163740.0000000,1732300.0000000,35.5732081,129.3069730,146.9624762
,1163750.0000000,1732300.0000000,35.5732064,129.3070833,147.1462895
,1163760.0000000,1732300.0000000,35.5732048,129.3071936,147.9076471
,1163770.0000000,1732300.0000000,35.5732031,129.3073039,149.4722546
,1163780.0000000,1732300.0000000,35.5732015,129.3074142,150.3742186
,1163790.0000000,1732300.0000000,35.5731998,129.3075245,150.5174722
,1163800.0000000,1732300.0000000,35.5731982,129.3076348,149.4603450
,1163810.0000000,1732300.0000000,35.5731965,129.3077451,148.0389379
,1163820.0000000,1732300.0000000,35.5731949,129.3078554,147.2817511
,1163830.0000000,1732300.0000000,35.5731932,129.3079657,147.7712849
,1163840.0000000,1732300.0000000,35.5731915,129.3080760,148.7608495
,1163850.0000000,1732300.0000000,35.5731899,129.3081864,149.7836795
,1163860.0000000,1732300.0000000,35.5731882,129.3082967,150.2192118
,1163870.0000000,1732300.0000000,35.5731866,129.3084070,150.7004056
,1163880.0000000,1732300.0000000,35.5731849,129.3085173,150.6800525
,1163890.0000000,1732300.0000000,35.5731833,129.3086276,150.5924368
,1163900.0000000,1732300.0000000,35.5731816,129.3087379,150.4490294
,1163910.0000000,1732300.0000000,35.5731800,129.3088482,150.4134018
,1163920.0000000,1732300.0000000,35.5731783,129.3089585,149.7480947
,1163930.0000000,1732300.0000000,35.5731766,129.3090688,147.7256940
,1163940.0000000,1732300.0000000,35.5731750,129.3091791,146.5616452
,1163950.0000000,1732300.0000000,35.5731733,129.3092894,146.5922128
,1163960.0000000,1732300.0000000,35.5731717,129.3093997,146.0886446
,1163970.0000000,1732300.0000000,35.5731700,129.3095100,144.9485080
,1163980.0000000,1732300.0000000,35.5731684,129.3096203,144.9150483
,1163990.0000000,1732300.0000000,35.5731667,129.3097306,146.4136771
,1164000.0000000,1732300.0000000,35.5731651,129.3098410,142.8985196
,1164000.0000000,1732310.0000000,35.5732552,129.3098430,146.2074770
,1163990.0000000,1732310.0000000,35.5732568,129.3097327,146.1115329
,1163980.0000000,1732310.0000000,35.5732585,129.3096224,145.5872910
,1163970.0000000,1732310.0000000,35.5732601,129.3095121,145.9502672
,1163960.0000000,1732310.0000000,35.5732618,129.3094018,146.5235698
,1163950.0000000,1732310.0000000,35.5732635,129.3092914,146.6087976
,1163940.0000000,1732310.0000000,35.5732651,129.3091811,147.5661362
,1163930.0000000,1732310.0000000,35.5732668,129.3090708,149.9071989
,1163920.0000000,1732310.0000000,35.5732684,129.3089605,151.6940621
,1163910.0000000,1732310.0000000,35.5732701,129.3088502,151.5990315
,1163900.0000000,1732310.0000000,35.5732717,129.3087399,151.9820459
,1163890.0000000,1732310.0000000,35.5732734,129.3086296,152.3424094
,1163880.0000000,1732310.0000000,35.5732750,129.3085193,152.1552177
,1163870.0000000,1732310.0000000,35.5732767,129.3084090,151.9787366
,1163860.0000000,1732310.0000000,35.5732784,129.3082987,151.6548827
,1163850.0000000,1732310.0000000,35.5732800,129.3081884,151.4902440
,1163840.0000000,1732310.0000000,35.5732817,129.3080781,150.9384260
,1163830.0000000,1732310.0000000,35.5732833,129.3079678,149.6731086
,1163820.0000000,1732310.0000000,35.5732850,129.3078575,149.3481927
,1163810.0000000,1732310.0000000,35.5732866,129.3077471,150.2250253
,1163800.0000000,1732310.0000000,35.5732883,129.3076368,151.0648553
,1163790.0000000,1732310.0000000,35.5732899,129.3075265,151.4903054
,1163780.0000000,1732310.0000000,35.5732916,129.3074162,151.3398863
,1163770.0000000,1732310.0000000,35.5732932,129.3073059,150.7949870
,1163760.0000000,1732310.0000000,35.5732949,129.3071956,149.6992179
,1163750.0000000,1732310.0000000,35.5732966,129.3070853,148.7491133
,1163740.0000000,1732310.0000000,35.5732982,129.3069750,148.4966237
,1163730.0000000,1732310.0000000,35.5732999,129.3068647,148.2568635
,1163720.0000000,1732310.0000000,35.5733015,129.3067544,147.8190919
,1163710.0000000,1732310.0000000,35.5733032,129.3066441,147.8096154
,1163700.0000000,1732310.0000000,35.5733048,129.3065338,147.4030732
,1163690.0000000,1732310.0000000,35.5733065,129.3064235,147.2259893
,1163680.0000000,1732310.0000000,35.5733081,129.3063132,146.6345756
,1163670.0000000,1732310.0000000,35.5733098,129.3062028,146.5000000
,1163660.0000000,1732310.0000000,35.5733114,129.3060925,146.5000000
,1163650.0000000,1732310.0000000,35.5733131,129.3059822,146.3620476
,1163640.0000000,1732310.0000000,35.5733147,129.3058719,146.3771547
,1163630.0000000,1732310.0000000,35.5733164,129.3057616,146.0159036
,1163620.0000000,1732310.0000000,35.5733181,129.3056513,145.1379035
,1163610.0000000,1732310.0000000,35.5733197,129.3055410,143.4768373
,1163600.0000000,1732310.0000000,35.5733214,129.3054307,142.2380694
,1163590.0000000,1732310.0000000,35.5733230,129.3053204,141.5216493
,1163580.0000000,1732310.0000000,35.5733247,129.3052101,139.5150433
,1163570.0000000,1732310.0000000,35.5733263,129.3050998,139.1902971
,1163560.0000000,1732310.0000000,35.5733280,129.3049895,138.3492722
,1163550.0000000,1732310.0000000,35.5733296,129.3048792,136.9627124
,1163540.0000000,1732310.0000000,35.5733313,129.3047689,136.7444709
,1163530.0000000,1732310.0000000,35.5733329,129.3046585,136.7463705
,1163520.0000000,1732310.0000000,35.5733346,129.3045482,137.4804990
,1163510.0000000,1732310.0000000,35.5733362,129.3044379,139.2487928
,1163500.0000000,1732310.0000000,35.5733379,129.3043276,141.1773603
,1163490.0000000,1732310.0000000,35.5733395,129.3042173,141.7569477
,1163480.0000000,1732310.0000000,35.5733412,129.3041070,143.5249883
,1163470.0000000,1732310.0000000,35.5733428,129.3039967,145.7734336
,1163460.0000000,1732310.0000000,35.5733445,129.3038864,146.7773876
,1163450.0000000,1732310.0000000,35.5733461,129.3037761,149.2560299
,1163440.0000000,1732310.0000000,35.5733478,129.3036658,151.1818640
,1163430.0000000,1732310.0000000,35.5733494,129.3035555,151.4753759
,1163420.0000000,1732310.0000000,35.5733511,129.3034452,152.6529541
,1163410.0000000,1732310.0000000,35.5733527,129.3033349,154.9933341
,1163400.0000000,1732310.0000000,35.5733544,129.3032245,156.4300405
,1163390.0000000,1732310.0000000,35.5733560,129.3031142,156.5000000
,1163380.0000000,1732310.0000000,35.5733577,129.3030039,156.5000000
,1163370.0000000,1732310.0000000,35.5733593,129.3028936,156.2603142
,1163360.0000000,1732310.0000000,35.5733610,129.3027833,153.2707741
,1163350.0000000,1732310.0000000,35.5733626,129.3026730,151.4728307
,1163340.0000000,1732310.0000000,35.5733643,129.3025627,149.2504352
,1163330.0000000,1732310.0000000,35.5733659,129.3024524,146.2572330
,1163320.0000000,1732310.0000000,35.5733676,129.3023421,144.1435922
,1163310.0000000,1732310.0000000,35.5733692,129.3022318,141.9557160
,1163300.0000000,1732310.0000000,35.5733709,129.3021215,138.2374147
,1163290.0000000,1732310.0000000,35.5733725,129.3020112,136.5163168
,1163280.0000000,1732310.0000000,35.5733742,129.3019009,136.5000000
,1163270.0000000,1732310.0000000,35.5733758,129.3017905,135.8077239
,1163260.0000000,1732310.0000000,35.5733775,129.3016802,133.4221044
,1163250.0000000,1732310.0000000,35.5733791,129.3015699,131.9094735
,1163240.0000000,1732310.0000000,35.5733808,129.3014596,131.4538343
,1163230.0000000,1732310.0000000,35.5733824,129.3013493,129.7266786
,1163220.0000000,1732310.0000000,35.5733841,129.3012390,126.8662949
,1163210.0000000,1732310.0000000,35.5733857,129.3011287,126.5350818
,1163200.0000000,1732310.0000000,35.5733874,129.3010184,126.3712485
,1163190.0000000,1732310.0000000,35.5733890,129.3009081,125.9451648
,1163180.0000000,1732310.0000000,35.5733907,129.3007978,125.4423702
,1163170.0000000,1732310.0000000,35.5733923,129.3006875,123.3869766
,1163160.0000000,1732310.0000000,35.5733940,129.3005772,126.0164804
,1163150.0000000,1732310.0000000,35.5733956,129.3004669,126.0099796
,1163140.0000000,1732310.0000000,35.5733973,129.3003565,127.2304420
,1163130.0000000,1732310.0000000,35.5733989,129.3002462,129.8221971
,1163120.0000000,1732310.0000000,35.5734006,129.3001359,131.5678174
,1163110.0000000,1732310.0000000,35.5734022,129.3000256,135.5014186
,1163100.0000000,1732310.0000000,35.5734039,129.2999153,136.0619425
,1163090.0000000,1732310.0000000,35.5734055,129.2998050,138.5575412
,1163080.0000000,1732310.0000000,35.5734072,129.2996947,141.1681365
,1163070.0000000,1732310.0000000,35.5734088,129.2995844,141.4034726
,1163060.0000000,1732310.0000000,35.5734104,129.2994741,140.9257285
,1163050.0000000,1732310.0000000,35.5734121,129.2993638,140.6052578
,1163040.0000000,1732310.0000000,35.5734137,129.2992535,144.8226387
,1163030.0000000,1732310.0000000,35.5734154,129.2991432,146.3688246
,1163020.0000000,1732310.0000000,35.5734170,129.2990329,146.5000000
,1163010.0000000,1732310.0000000,35.5734187,129.2989225,146.5000000
,1163000.0000000,1732310.0000000,35.5734203,129.2988122,146.5000000
,1163000.0000000,1732320.0000000,35.5735105,129.2988142,146.5000000
,1163010.0000000,1732320.0000000,35.5735088,129.2989246,146.5000000
,1163020.0000000,1732320.0000000,35.5735072,129.2990349,146.4476776
,1163030.0000000,1732320.0000000,35.5735055,129.2991452,145.2480247
,1163040.0000000,1732320.0000000,35.5735039,129.2992555,141.1385892
,1163050.0000000,1732320.0000000,35.5735022,129.2993658,141.1950678
,1163060.0000000,1732320.0000000,35.5735006,129.2994761,140.8755883
,1163070.0000000,1732320.0000000,35.5734989,129.2995864,139.9646685
,1163080.0000000,1732320.0000000,35.5734973,129.2996967,139.1137873
,1163090.0000000,1732320.0000000,35.5734956,129.2998070,137.4379124
,1163100.0000000,1732320.0000000,35.5734940,129.2999173,135.7541873
,1163110.0000000,1732320.0000000,35.5734923,129.3000276,136.1600467
,1163120.0000000,1732320.0000000,35.5734907,129.3001379,132.0996117
,1163130.0000000,1732320.0000000,35.5734890,129.3002483,128.0841503
,1163140.0000000,1732320.0000000,35.5734874,129.3003586,126.8040655
,1163150.0000000,1732320.0000000,35.5734857,129.3004689,125.7233768
,1163160.0000000,1732320.0000000,35.5734841,129.3005792,122.1073050
,1163170.0000000,1732320.0000000,35.5734824,129.3006895,121.5000000
,1163180.0000000,1732320.0000000,35.5734808,129.3007998,121.8936463
,1163190.0000000,1732320.0000000,35.5734791,129.3009101,123.3780151
,1163200.0000000,1732320.0000000,35.5734775,129.3010204,125.4386307
,1163210.0000000,1732320.0000000,35.5734759,129.3011307,126.2648759
,1163220.0000000,1732320.0000000,35.5734742,129.3012410,126.5129861
,1163230.0000000,1732320.0000000,35.5734726,129.3013513,126.9576939
,1163240.0000000,1732320.0000000,35.5734709,129.3014616,129.2351676
,1163250.0000000,1732320.0000000,35.5734693,129.3015719,131.3783504
,1163260.0000000,1732320.0000000,35.5734676,129.3016823,130.9468761
,1163270.0000000,1732320.0000000,35.5734660,129.3017926,134.0582319
,1163280.0000000,1732320.0000000,35.5734643,129.3019029,135.7403809
,1163290.0000000,1732320.0000000,35.5734627,129.3020132,136.5420585
,1163300.0000000,1732320.0000000,35.5734610,129.3021235,137.3312931
,1163310.0000000,1732320.0000000,35.5734594,129.3022338,140.5916696
,1163320.0000000,1732320.0000000,35.5734577,129.3023441,142.5688492
,1163330.0000000,1732320.0000000,35.5734561,129.3024544,146.1587136
,1163340.0000000,1732320.0000000,35.5734544,129.3025647,147.7795124
,1163350.0000000,1732320.0000000,35.5734528,129.3026750,150.8027382
,1163360.0000000,1732320.0000000,35.5734511,129.3027853,152.3428481
,1163370.0000000,1732320.0000000,35.5734495,129.3028956,155.4576250
,1163380.0000000,1732320.0000000,35.5734478,129.3030059,156.5000000
,1163390.0000000,1732320.0000000,35.5734462,129.3031163,156.5000000
,1163400.0000000,1732320.0000000,35.5734445,129.3032266,156.3859343
,1163410.0000000,1732320.0000000,35.5734429,129.3033369,156.2373255
,1163420.0000000,1732320.0000000,35.5734412,129.3034472,155.9104605
,1163430.0000000,1732320.0000000,35.5734396,129.3035575,153.5231920
,1163440.0000000,1732320.0000000,35.5734379,129.3036678,151.7061577
,1163450.0000000,1732320.0000000,35.5734363,129.3037781,150.8569543
,1163460.0000000,1732320.0000000,35.5734346,129.3038884,148.2103441
,1163470.0000000,1732320.0000000,35.5734330,129.3039987,146.5622367
,1163480.0000000,1732320.0000000,35.5734313,129.3041090,145.2033919
,1163490.0000000,1732320.0000000,35.5734296,129.3042193,142.2673676
,1163500.0000000,1732320.0000000,35.5734280,129.3043296,141.3586894
,1163510.0000000,1732320.0000000,35.5734263,129.3044399,139.6793139
,1163520.0000000,1732320.0000000,35.5734247,129.3045503,136.9206501
,1163530.0000000,1732320.0000000,35.5734230,129.3046606,136.5344183
,1163540.0000000,1732320.0000000,35.5734214,129.3047709,136.8152058
,1163550.0000000,1732320.0000000,35.5734197,129.3048812,137.8477117
,1163560.0000000,1732320.0000000,35.5734181,129.3049915,140.4209079
,1163570.0000000,1732320.0000000,35.5734164,129.3051018,141.5943005
,1163580.0000000,1732320.0000000,35.5734148,129.3052121,141.6587681
,1163590.0000000,1732320.0000000,35.5734131,129.3053224,143.7772999
,1163600.0000000,1732320.0000000,35.5734115,129.3054327,146.2689651
,1163610.0000000,1732320.0000000,35.5734098,129.3055430,145.2995638
,1163620.0000000,1732320.0000000,35.5734082,129.3056533,145.3184378
,1163630.0000000,1732320.0000000,35.5734065,129.3057636,146.1320172
,1163640.0000000,1732320.0000000,35.5734049,129.3058739,146.4790709
,1163650.0000000,1732320.0000000,35.5734032,129.3059843,146.5645302
,1163660.0000000,1732320.0000000,35.5734016,129.3060946,146.5505247
,1163670.0000000,1732320.0000000,35.5733999,129.3062049,146.6239495
,1163680.0000000,1732320.0000000,35.5733983,129.3063152,147.5479536
,1163690.0000000,1732320.0000000,35.5733966,129.3064255,148.4746562
,1163700.0000000,1732320.0000000,35.5733949,129.3065358,149.3621528
,1163710.0000000,1732320.0000000,35.5733933,129.3066461,150.1441598
,1163720.0000000,1732320.0000000,35.5733916,129.3067564,150.5459572
,1163730.0000000,1732320.0000000,35.5733900,129.3068667,150.5317402
,1163740.0000000,1732320.0000000,35.5733883,129.3069770,150.1008925
,1163750.0000000,1732320.0000000,35.5733867,129.3070873,150.5069465
,1163760.0000000,1732320.0000000,35.5733850,129.3071976,151.1055162
,1163770.0000000,1732320.0000000,35.5733834,129.3073079,151.4801768
,1163780.0000000,1732320.0000000,35.5733817,129.3074183,151.4216946
,1163790.0000000,1732320.0000000,35.5733801,129.3075286,151.4689484
,1163800.0000000,1732320.0000000,35.5733784,129.3076389,151.4854393
,1163810.0000000,1732320.0000000,35.5733768,129.3077492,151.1353437
,1163820.0000000,1732320.0000000,35.5733751,129.3078595,151.4379151
,1163830.0000000,1732320.0000000,35.5733734,129.3079698,151.7571355
,1163840.0000000,1732320.0000000,35.5733718,129.3080801,151.6537008
,1163850.0000000,1732320.0000000,35.5733701,129.3081904,151.8784255
,1163860.0000000,1732320.0000000,35.5733685,129.3083007,151.8264995
,1163870.0000000,1732320.0000000,35.5733668,129.3084110,151.9553597
,1163880.0000000,1732320.0000000,35.5733652,129.3085213,152.2197363
,1163890.0000000,1732320.0000000,35.5733635,129.3086316,152.2428632
,1163900.0000000,1732320.0000000,35.5733619,129.3087419,151.9821927
,1163910.0000000,1732320.0000000,35.5733602,129.3088522,152.6759339
,1163920.0000000,1732320.0000000,35.5733585,129.3089626,153.4662734
,1163930.0000000,1732320.0000000,35.5733569,129.3090729,151.6817868
,1163940.0000000,1732320.0000000,35.5733552,129.3091832,149.3127878
,1163950.0000000,1732320.0000000,35.5733536,129.3092935,148.0158209
,1163960.0000000,1732320.0000000,35.5733519,129.3094038,147.0953272
,1163970.0000000,1732320.0000000,35.5733503,129.3095141,146.7650806
,1163980.0000000,1732320.0000000,35.5733486,129.3096244,146.1469694
,1163990.0000000,1732320.0000000,35.5733469,129.3097347,146.5120739
,1164000.0000000,1732320.0000000,35.5733453,129.3098450,146.6915478
,1164000.0000000,1732330.0000000,35.5734354,129.3098470,148.4466422
,1163990.0000000,1732330.0000000,35.5734371,129.3097367,147.4425072
,1163980.0000000,1732330.0000000,35.5734387,129.3096264,147.8715200
,1163970.0000000,1732330.0000000,35.5734404,129.3095161,148.9338383
,1163960.0000000,1732330.0000000,35.5734420,129.3094058,148.9870379
,1163950.0000000,1732330.0000000,35.5734437,129.3092955,149.4297425
,1163940.0000000,1732330.0000000,35.5734454,129.3091852,150.9721652
,1163930.0000000,1732330.0000000,35.5734470,129.3090749,153.5162291
,1163920.0000000,1732330.0000000,35.5734487,129.3089646,152.1916704
,1163910.0000000,1732330.0000000,35.5734503,129.3088543,154.0697584
,1163900.0000000,1732330.0000000,35.5734520,129.3087440,153.3932527
,1163890.0000000,1732330.0000000,35.5734536,129.3086337,153.2817923
,1163880.0000000,1732330.0000000,35.5734553,129.3085234,152.7478914
,1163870.0000000,1732330.0000000,35.5734569,129.3084130,152.6817108
,1163860.0000000,1732330.0000000,35.5734586,129.3083027,155.8675953
,1163850.0000000,1732330.0000000,35.5734603,129.3081924,153.3251918
,1163840.0000000,1732330.0000000,35.5734619,129.3080821,153.6234748
,1163830.0000000,1732330.0000000,35.5734636,129.3079718,152.9837160
,1163820.0000000,1732330.0000000,35.5734652,129.3078615,152.3052380
,1163810.0000000,1732330.0000000,35.5734669,129.3077512,151.9077867
,1163800.0000000,1732330.0000000,35.5734685,129.3076409,151.5364543
,1163790.0000000,1732330.0000000,35.5734702,129.3075306,151.6648542
,1163780.0000000,1732330.0000000,35.5734718,129.3074203,151.7463117
,1163770.0000000,1732330.0000000,35.5734735,129.3073100,151.8195953
,1163760.0000000,1732330.0000000,35.5734751,129.3071997,151.5593074
,1163750.0000000,1732330.0000000,35.5734768,129.3070894,151.4958635
,1163740.0000000,1732330.0000000,35.5734785,129.3069790,151.3643178
,1163730.0000000,1732330.0000000,35.5734801,129.3068687,151.2300151
,1163720.0000000,1732330.0000000,35.5734818,129.3067584,151.2831718
,1163710.0000000,1732330.0000000,35.5734834,129.3066481,151.3753197
,1163700.0000000,1732330.0000000,35.5734851,129.3065378,151.1468535
,1163690.0000000,1732330.0000000,35.5734867,129.3064275,150.0609923
,1163680.0000000,1732330.0000000,35.5734884,129.3063172,148.9797629
,1163670.0000000,1732330.0000000,35.5734900,129.3062069,147.6910908
,1163660.0000000,1732330.0000000,35.5734917,129.3060966,147.0918934
,1163650.0000000,1732330.0000000,35.5734933,129.3059863,147.2084195
,1163640.0000000,1732330.0000000,35.5734950,129.3058760,147.5079550
,1163630.0000000,1732330.0000000,35.5734966,129.3057657,147.6282223
,1163620.0000000,1732330.0000000,35.5734983,129.3056554,146.9404701
,1163610.0000000,1732330.0000000,35.5734999,129.3055450,146.2167067
,1163600.0000000,1732330.0000000,35.5735016,129.3054347,146.0604850
,1163590.0000000,1732330.0000000,35.5735033,129.3053244,146.4131116
,1163580.0000000,1732330.0000000,35.5735049,129.3052141,144.6478104
,1163570.0000000,1732330.0000000,35.5735066,129.3051038,141.9983811
,1163560.0000000,1732330.0000000,35.5735082,129.3049935,141.9606953
,1163550.0000000,1732330.0000000,35.5735099,129.3048832,140.0034961
,1163540.0000000,1732330.0000000,35.5735115,129.3047729,137.4195740
,1163530.0000000,1732330.0000000,35.5735132,129.3046626,136.6543051
,1163520.0000000,1732330.0000000,35.5735148,129.3045523,136.9330031
,1163510.0000000,1732330.0000000,35.5735165,129.3044420,140.1034631
,1163500.0000000,1732330.0000000,35.5735181,129.3043317,141.6244865
,1163490.0000000,1732330.0000000,35.5735198,129.3042214,142.5129633
,1163480.0000000,1732330.0000000,35.5735214,129.3041110,145.9184957
,1163470.0000000,1732330.0000000,35.5735231,129.3040007,147.2152781
,1163460.0000000,1732330.0000000,35.5735247,129.3038904,149.7724397
,1163450.0000000,1732330.0000000,35.5735264,129.3037801,151.3807854
,1163440.0000000,1732330.0000000,35.5735280,129.3036698,152.4778835
,1163430.0000000,1732330.0000000,35.5735297,129.3035595,155.7985456
,1163420.0000000,1732330.0000000,35.5735313,129.3034492,156.3677214
,1163410.0000000,1732330.0000000,35.5735330,129.3033389,156.3339213
,1163400.0000000,1732330.0000000,35.5735346,129.3032286,156.5000000
,1163390.0000000,1732330.0000000,35.5735363,129.3031183,156.5000000
,1163380.0000000,1732330.0000000,35.5735379,129.3030080,156.4137186
,1163370.0000000,1732330.0000000,35.5735396,129.3028977,153.9769000
,1163360.0000000,1732330.0000000,35.5735412,129.3027874,151.5511520
,1163350.0000000,1732330.0000000,35.5735429,129.3026770,149.7530323
,1163340.0000000,1732330.0000000,35.5735445,129.3025667,146.5224835
,1163330.0000000,1732330.0000000,35.5735462,129.3024564,145.3733723
,1163320.0000000,1732330.0000000,35.5735478,129.3023461,141.5550669
,1163310.0000000,1732330.0000000,35.5735495,129.3022358,138.1310726
,1163300.0000000,1732330.0000000,35.5735511,129.3021255,136.5811189
,1163290.0000000,1732330.0000000,35.5735528,129.3020152,136.1913836
,1163280.0000000,1732330.0000000,35.5735544,129.3019049,134.0769288
,1163270.0000000,1732330.0000000,35.5735561,129.3017946,132.4707165
,1163260.0000000,1732330.0000000,35.5735577,129.3016843,130.7519118
,1163250.0000000,1732330.0000000,35.5735594,129.3015740,128.6406639
,1163240.0000000,1732330.0000000,35.5735610,129.3014637,126.8403517
,1163230.0000000,1732330.0000000,35.5735627,129.3013534,126.1659626
,1163220.0000000,1732330.0000000,35.5735643,129.3012430,124.9734042
,1163210.0000000,1732330.0000000,35.5735660,129.3011327,122.4030612
,1163200.0000000,1732330.0000000,35.5735676,129.3010224,121.9401003
,1163190.0000000,1732330.0000000,35.5735693,129.3009121,121.7315693
,1163180.0000000,1732330.0000000,35.5735709,129.3008018,121.5000000
,1163170.0000000,1732330.0000000,35.5735726,129.3006915,121.5000000
,1163160.0000000,1732330.0000000,35.5735742,129.3005812,121.5000000
,1163150.0000000,1732330.0000000,35.5735759,129.3004709,122.9850971
,1163140.0000000,1732330.0000000,35.5735775,129.3003606,126.0003123
,1163130.0000000,1732330.0000000,35.5735792,129.3002503,128.3074085
,1163120.0000000,1732330.0000000,35.5735808,129.3001400,133.1215376
,1163110.0000000,1732330.0000000,35.5735825,129.3000297,135.8596210
,1163100.0000000,1732330.0000000,35.5735841,129.2999193,136.5000000
,1163090.0000000,1732330.0000000,35.5735857,129.2998090,136.5000000
,1163080.0000000,1732330.0000000,35.5735874,129.2996987,137.0824615
,1163070.0000000,1732330.0000000,35.5735890,129.2995884,136.8455498
,1163060.0000000,1732330.0000000,35.5735907,129.2994781,136.7161102
,1163050.0000000,1732330.0000000,35.5735923,129.2993678,136.6560101
,1163040.0000000,1732330.0000000,35.5735940,129.2992575,140.3634028
,1163030.0000000,1732330.0000000,35.5735956,129.2991472,141.8170854
,1163020.0000000,1732330.0000000,35.5735973,129.2990369,145.9494130
,1163010.0000000,1732330.0000000,35.5735989,129.2989266,146.4835613
,1163000.0000000,1732330.0000000,35.5736006,129.2988163,146.5000000
,1163000.0000000,1732340.0000000,35.5736907,129.2988183,146.1385061
,1163010.0000000,1732340.0000000,35.5736890,129.2989286,145.5909391
,1163020.0000000,1732340.0000000,35.5736874,129.2990389,142.8703864
,1163030.0000000,1732340.0000000,35.5736858,129.2991492,141.2094605
,1163040.0000000,1732340.0000000,35.5736841,129.2992595,136.7337564
,1163050.0000000,1732340.0000000,35.5736825,129.2993698,137.3302590
,1163060.0000000,1732340.0000000,35.5736808,129.2994801,136.7864592
,1163070.0000000,1732340.0000000,35.5736792,129.2995904,136.6090030
,1163080.0000000,1732340.0000000,35.5736775,129.2997007,136.5092374
,1163090.0000000,1732340.0000000,35.5736759,129.2998111,136.5000000
,1163100.0000000,1732340.0000000,35.5736742,129.2999214,136.5000000
,1163110.0000000,1732340.0000000,35.5736726,129.3000317,135.8113407
,1163120.0000000,1732340.0000000,35.5736709,129.3001420,133.4969944
,1163130.0000000,1732340.0000000,35.5736693,129.3002523,128.5089282
,1163140.0000000,1732340.0000000,35.5736676,129.3003626,124.6728618
,1163150.0000000,1732340.0000000,35.5736660,129.3004729,121.5575782
,1163160.0000000,1732340.0000000,35.5736643,129.3005832,121.3475444
,1163170.0000000,1732340.0000000,35.5736627,129.3006935,120.5173395
,1163180.0000000,1732340.0000000,35.5736610,129.3008038,119.5572559
,1163190.0000000,1732340.0000000,35.5736594,129.3009141,120.9433625
,1163200.0000000,1732340.0000000,35.5736577,129.3010244,121.4827721
,1163210.0000000,1732340.0000000,35.5736561,129.3011348,121.5066339
,1163220.0000000,1732340.0000000,35.5736544,129.3012451,122.1543248
,1163230.0000000,1732340.0000000,35.5736528,129.3013554,123.8101637
,1163240.0000000,1732340.0000000,35.5736511,129.3014657,126.0920937
,1163250.0000000,1732340.0000000,35.5736495,129.3015760,127.0664037
,1163260.0000000,1732340.0000000,35.5736478,129.3016863,130.0828441
,1163270.0000000,1732340.0000000,35.5736462,129.3017966,131.3351654
,1163280.0000000,1732340.0000000,35.5736446,129.3019069,131.8609483
,1163290.0000000,1732340.0000000,35.5736429,129.3020172,133.6284820
,1163300.0000000,1732340.0000000,35.5736413,129.3021275,135.9750379
,1163310.0000000,1732340.0000000,35.5736396,129.3022378,136.7000954
,1163320.0000000,1732340.0000000,35.5736380,129.3023481,140.5017987
,1163330.0000000,1732340.0000000,35.5736363,129.3024584,143.0771627
,1163340.0000000,1732340.0000000,35.5736347,129.3025688,146.0229036
,1163350.0000000,1732340.0000000,35.5736330,129.3026791,149.4820328
,1163360.0000000,1732340.0000000,35.5736314,129.3027894,151.4445311
,1163370.0000000,1732340.0000000,35.5736297,129.3028997,152.4220817
,1163380.0000000,1732340.0000000,35.5736281,129.3030100,155.9358107
,1163390.0000000,1732340.0000000,35.5736264,129.3031203,156.2630805
,1163400.0000000,1732340.0000000,35.5736248,129.3032306,156.5000000
,1163410.0000000,1732340.0000000,35.5736231,129.3033409,156.5000000
,1163420.0000000,1732340.0000000,35.5736214,129.3034512,156.4383154
,1163430.0000000,1732340.0000000,35.5736198,129.3035615,156.0080339
,1163440.0000000,1732340.0000000,35.5736181,129.3036718,153.1416099
,1163450.0000000,1732340.0000000,35.5736165,129.3037821,151.5000000
,1163460.0000000,1732340.0000000,35.5736148,129.3038925,151.3009123
,1163470.0000000,1732340.0000000,35.5736132,129.3040028,148.9174823
,1163480.0000000,1732340.0000000,35.5736115,129.3041131,146.4653629
,1163490.0000000,1732340.0000000,35.5736099,129.3042234,142.9198158
,1163500.0000000,1732340.0000000,35.5736082,129.3043337,141.5660898
,1163510.0000000,1732340.0000000,35.5736066,129.3044440,140.4860367
,1163520.0000000,1732340.0000000,35.5736049,129.3045543,137.3128053
,1163530.0000000,1732340.0000000,35.5736033,129.3046646,136.7465156
,1163540.0000000,1732340.0000000,35.5736016,129.3047749,139.0435139
,1163550.0000000,1732340.0000000,35.5736000,129.3048852,141.5887137
,1163560.0000000,1732340.0000000,35.5735983,129.3049955,143.5019499
,1163570.0000000,1732340.0000000,35.5735967,129.3051058,144.9238897
,1163580.0000000,1732340.0000000,35.5735950,129.3052161,145.9722884
,1163590.0000000,1732340.0000000,35.5735934,129.3053265,146.3847385
,1163600.0000000,1732340.0000000,35.5735917,129.3054368,146.6826848
,1163610.0000000,1732340.0000000,35.5735901,129.3055471,148.1990339
,1163620.0000000,1732340.0000000,35.5735884,129.3056574,149.8416421
,1163630.0000000,1732340.0000000,35.5735868,129.3057677,150.1990519
,1163640.0000000,1732340.0000000,35.5735851,129.3058780,149.7212571
,1163650.0000000,1732340.0000000,35.5735835,129.3059883,148.9746272
,1163660.0000000,1732340.0000000,35.5735818,129.3060986,148.7755217
,1163670.0000000,1732340.0000000,35.5735801,129.3062089,150.0057168
,1163680.0000000,1732340.0000000,35.5735785,129.3063192,150.3419668
,1163690.0000000,1732340.0000000,35.5735768,129.3064295,151.1972793
,1163700.0000000,1732340.0000000,35.5735752,129.3065398,151.5000000
,1163710.0000000,1732340.0000000,35.5735735,129.3066501,151.4880795
,1163720.0000000,1732340.0000000,35.5735719,129.3067605,151.4776841
,1163730.0000000,1732340.0000000,35.5735702,129.3068708,151.5458218
,1163740.0000000,1732340.0000000,35.5735686,129.3069811,151.6009097
,1163750.0000000,1732340.0000000,35.5735669,129.3070914,152.0030555
,1163760.0000000,1732340.0000000,35.5735653,129.3072017,152.9328598
,1163770.0000000,1732340.0000000,35.5735636,129.3073120,153.8672388
,1163780.0000000,1732340.0000000,35.5735620,129.3074223,153.3127153
,1163790.0000000,1732340.0000000,35.5735603,129.3075326,152.4571218
,1163800.0000000,1732340.0000000,35.5735586,129.3076429,151.8337227
,1163810.0000000,1732340.0000000,35.5735570,129.3077532,151.8786776
,1163820.0000000,1732340.0000000,35.5735553,129.3078635,154.0334472
,1163830.0000000,1732340.0000000,35.5735537,129.3079738,155.7751366
,1163840.0000000,1732340.0000000,35.5735520,129.3080841,156.0312121
,1163850.0000000,1732340.0000000,35.5735504,129.3081945,154.9461406
,1163860.0000000,1732340.0000000,35.5735487,129.3083048,155.1176634
,1163870.0000000,1732340.0000000,35.5735471,129.3084151,155.4488605
,1163880.0000000,1732340.0000000,35.5735454,129.3085254,156.1971817
,1163890.0000000,1732340.0000000,35.5735438,129.3086357,155.1636796
,1163900.0000000,1732340.0000000,35.5735421,129.3087460,154.0852055
,1163910.0000000,1732340.0000000,35.5735404,129.3088563,154.2856559
,1163920.0000000,1732340.0000000,35.5735388,129.3089666,155.6961929
,1163930.0000000,1732340.0000000,35.5735371,129.3090769,155.1286379
,1163940.0000000,1732340.0000000,35.5735355,129.3091872,153.1457449
,1163950.0000000,1732340.0000000,35.5735338,129.3092975,151.6309057
,1163960.0000000,1732340.0000000,35.5735322,129.3094078,151.6784343
,1163970.0000000,1732340.0000000,35.5735305,129.3095181,152.0412783
,1163980.0000000,1732340.0000000,35.5735288,129.3096285,153.0525775
,1163990.0000000,1732340.0000000,35.5735272,129.3097388,151.0026077
,1164000.0000000,1732340.0000000,35.5735255,129.3098491,151.6444259
,1164000.0000000,1732350.0000000,35.5736157,129.3098511,154.5289846
,1163990.0000000,1732350.0000000,35.5736173,129.3097408,155.7365116
,1163980.0000000,1732350.0000000,35.5736190,129.3096305,155.2258630
,1163970.0000000,1732350.0000000,35.5736206,129.3095202,154.1355394
,1163960.0000000,1732350.0000000,35.5736223,129.3094099,152.3105595
,1163950.0000000,1732350.0000000,35.5736239,129.3092996,152.6297529
,1163940.0000000,1732350.0000000,35.5736256,129.3091892,156.0549097
,1163930.0000000,1732350.0000000,35.5736272,129.3090789,156.3856612
,1163920.0000000,1732350.0000000,35.5736289,129.3089686,156.0868305
,1163910.0000000,1732350.0000000,35.5736306,129.3088583,156.1397563
,1163900.0000000,1732350.0000000,35.5736322,129.3087480,156.6449962
,1163890.0000000,1732350.0000000,35.5736339,129.3086377,156.5005339
,1163880.0000000,1732350.0000000,35.5736355,129.3085274,156.4337655
,1163870.0000000,1732350.0000000,35.5736372,129.3084171,156.0603998
,1163860.0000000,1732350.0000000,35.5736388,129.3083068,155.5659186
,1163850.0000000,1732350.0000000,35.5736405,129.3081965,155.8273395
,1163840.0000000,1732350.0000000,35.5736421,129.3080862,156.3193418
,1163830.0000000,1732350.0000000,35.5736438,129.3079759,156.3356760
,1163820.0000000,1732350.0000000,35.5736455,129.3078656,155.5862383
,1163810.0000000,1732350.0000000,35.5736471,129.3077552,154.5229082
,1163800.0000000,1732350.0000000,35.5736488,129.3076449,154.5028891
,1163790.0000000,1732350.0000000,35.5736504,129.3075346,155.0339259
,1163780.0000000,1732350.0000000,35.5736521,129.3074243,155.6648374
,1163770.0000000,1732350.0000000,35.5736537,129.3073140,155.6782774
,1163760.0000000,1732350.0000000,35.5736554,129.3072037,154.5995081
,1163750.0000000,1732350.0000000,35.5736570,129.3070934,153.1210247
,1163740.0000000,1732350.0000000,35.5736587,129.3069831,151.8555696
,1163730.0000000,1732350.0000000,35.5736603,129.3068728,151.5099537
,1163720.0000000,1732350.0000000,35.5736620,129.3067625,151.5673973
,1163710.0000000,1732350.0000000,35.5736637,129.3066522,151.5000000
,1163700.0000000,1732350.0000000,35.5736653,129.3065419,151.5000000
,1163690.0000000,1732350.0000000,35.5736670,129.3064316,151.5000000
,1163680.0000000,1732350.0000000,35.5736686,129.3063212,151.1620229
,1163670.0000000,1732350.0000000,35.5736703,129.3062109,150.9235279
,1163660.0000000,1732350.0000000,35.5736719,129.3061006,150.4921031
,1163650.0000000,1732350.0000000,35.5736736,129.3059903,150.6324518
,1163640.0000000,1732350.0000000,35.5736752,129.3058800,151.1142514
,1163630.0000000,1732350.0000000,35.5736769,129.3057697,151.4200539
,1163620.0000000,1732350.0000000,35.5736785,129.3056594,150.8794889
,1163610.0000000,1732350.0000000,35.5736802,129.3055491,149.9555478
,1163600.0000000,1732350.0000000,35.5736818,129.3054388,147.4950773
,1163590.0000000,1732350.0000000,35.5736835,129.3053285,146.5176472
,1163580.0000000,1732350.0000000,35.5736851,129.3052182,146.5000000
,1163570.0000000,1732350.0000000,35.5736868,129.3051079,146.4268929
,1163560.0000000,1732350.0000000,35.5736884,129.3049976,146.3161417
,1163550.0000000,1732350.0000000,35.5736901,129.3048872,143.3931070
,1163540.0000000,1732350.0000000,35.5736918,129.3047769,141.3931552
,1163530.0000000,1732350.0000000,35.5736934,129.3046666,137.3146465
,1163520.0000000,1732350.0000000,35.5736951,129.3045563,138.4334772
,1163510.0000000,1732350.0000000,35.5736967,129.3044460,140.8754987
,1163500.0000000,1732350.0000000,35.5736984,129.3043357,141.5475992
,1163490.0000000,1732350.0000000,35.5737000,129.3042254,143.5683775
,1163480.0000000,1732350.0000000,35.5737017,129.3041151,146.7191494
,1163470.0000000,1732350.0000000,35.5737033,129.3040048,150.3148028
,1163460.0000000,1732350.0000000,35.5737050,129.3038945,151.4550904
,1163450.0000000,1732350.0000000,35.5737066,129.3037842,151.5000000
,1163440.0000000,1732350.0000000,35.5737083,129.3036739,152.0810778
,1163430.0000000,1732350.0000000,35.5737099,129.3035636,154.5376177
,1163420.0000000,1732350.0000000,35.5737116,129.3034532,156.3347941
,1163410.0000000,1732350.0000000,35.5737132,129.3033429,156.5000000
,1163400.0000000,1732350.0000000,35.5737149,129.3032326,156.5000000
,1163390.0000000,1732350.0000000,35.5737165,129.3031223,156.3840672
,1163380.0000000,1732350.0000000,35.5737182,129.3030120,154.9743244
,1163370.0000000,1732350.0000000,35.5737198,129.3029017,151.7784214
,1163360.0000000,1732350.0000000,35.5737215,129.3027914,151.2960565
,1163350.0000000,1732350.0000000,35.5737231,129.3026811,149.2098216
,1163340.0000000,1732350.0000000,35.5737248,129.3025708,146.1580380
,1163330.0000000,1732350.0000000,35.5737264,129.3024605,142.3711369
,1163320.0000000,1732350.0000000,35.5737281,129.3023502,140.0758818
,1163310.0000000,1732350.0000000,35.5737297,129.3022399,136.6276337
,1163300.0000000,1732350.0000000,35.5737314,129.3021295,134.6432686
,1163290.0000000,1732350.0000000,35.5737330,129.3020192,131.7504378
,1163280.0000000,1732350.0000000,35.5737347,129.3019089,131.2903244
,1163270.0000000,1732350.0000000,35.5737363,129.3017986,129.6753367
,1163260.0000000,1732350.0000000,35.5737380,129.3016883,127.4580988
,1163250.0000000,1732350.0000000,35.5737396,129.3015780,126.4066325
,1163240.0000000,1732350.0000000,35.5737413,129.3014677,123.6835390
,1163230.0000000,1732350.0000000,35.5737429,129.3013574,121.6471692
,1163220.0000000,1732350.0000000,35.5737446,129.3012471,121.5712656
,1163210.0000000,1732350.0000000,35.5737462,129.3011368,121.0983172
,1163200.0000000,1732350.0000000,35.5737479,129.3010265,119.8423500
,1163190.0000000,1732350.0000000,35.5737495,129.3009162,117.5735823
,1163180.0000000,1732350.0000000,35.5737512,129.3008058,117.0510707
,1163170.0000000,1732350.0000000,35.5737528,129.3006955,117.6655691
,1163160.0000000,1732350.0000000,35.5737545,129.3005852,120.0592826
,1163150.0000000,1732350.0000000,35.5737561,129.3004749,121.8511831
,1163140.0000000,1732350.0000000,35.5737578,129.3003646,122.7124067
,1163130.0000000,1732350.0000000,35.5737594,129.3002543,127.5915288
,1163120.0000000,1732350.0000000,35.5737610,129.3001440,132.0864062
,1163110.0000000,1732350.0000000,35.5737627,129.3000337,136.2475612
,1163100.0000000,1732350.0000000,35.5737643,129.2999234,136.1263428
,1163090.0000000,1732350.0000000,35.5737660,129.2998131,136.3641120
,1163080.0000000,1732350.0000000,35.5737676,129.2997028,136.2849959
,1163070.0000000,1732350.0000000,35.5737693,129.2995925,135.6777741
,1163060.0000000,1732350.0000000,35.5737709,129.2994821,134.8319330
,1163050.0000000,1732350.0000000,35.5737726,129.2993718,136.3693162
,1163040.0000000,1732350.0000000,35.5737742,129.2992615,137.4945244
,1163030.0000000,1732350.0000000,35.5737759,129.2991512,140.1285418
,1163020.0000000,1732350.0000000,35.5737775,129.2990409,140.6671277
,1163010.0000000,1732350.0000000,35.5737792,129.2989306,142.9974492
,1163000.0000000,1732350.0000000,35.5737808,129.2988203,144.4825776
,1163000.0000000,1732360.0000000,35.5738709,129.2988223,142.1586802
,1163010.0000000,1732360.0000000,35.5738693,129.2989326,140.5780023
,1163020.0000000,1732360.0000000,35.5738676,129.2990429,140.8671470
,1163030.0000000,1732360.0000000,35.5738660,129.2991532,138.1039588
,1163040.0000000,1732360.0000000,35.5738643,129.2992635,136.3703618
,1163050.0000000,1732360.0000000,35.5738627,129.2993739,133.0880986
,1163060.0000000,1732360.0000000,35.5738611,129.2994842,131.9845541
,1163070.0000000,1732360.0000000,35.5738594,129.2995945,132.8816583
,1163080.0000000,1732360.0000000,35.5738578,129.2997048,134.1347593
,1163090.0000000,1732360.0000000,35.5738561,129.2998151,135.4854168
,1163100.0000000,1732360.0000000,35.5738545,129.2999254,135.5314428
,1163110.0000000,1732360.0000000,35.5738528,129.3000357,132.9543007
,1163120.0000000,1732360.0000000,35.5738512,129.3001460,131.0541763
,1163130.0000000,1732360.0000000,35.5738495,129.3002563,126.4926790
,1163140.0000000,1732360.0000000,35.5738479,129.3003666,121.5617552
,1163150.0000000,1732360.0000000,35.5738462,129.3004769,119.6973942
,1163160.0000000,1732360.0000000,35.5738446,129.3005872,117.9231151
,1163170.0000000,1732360.0000000,35.5738429,129.3006976,116.5355093
,1163180.0000000,1732360.0000000,35.5738413,129.3008079,116.5511877
,1163190.0000000,1732360.0000000,35.5738396,129.3009182,116.5044450
,1163200.0000000,1732360.0000000,35.5738380,129.3010285,116.9553529
,1163210.0000000,1732360.0000000,35.5738363,129.3011388,119.0341091
,1163220.0000000,1732360.0000000,35.5738347,129.3012491,121.3625585
,1163230.0000000,1732360.0000000,35.5738330,129.3013594,121.7472351
,1163240.0000000,1732360.0000000,35.5738314,129.3014697,121.7909022
,1163250.0000000,1732360.0000000,35.5738297,129.3015800,124.0702657
,1163260.0000000,1732360.0000000,35.5738281,129.3016903,126.3168398
,1163270.0000000,1732360.0000000,35.5738264,129.3018006,126.9082360
,1163280.0000000,1732360.0000000,35.5738248,129.3019109,129.6992111
,1163290.0000000,1732360.0000000,35.5738231,129.3020213,131.5180686
,1163300.0000000,1732360.0000000,35.5738215,129.3021316,134.2118289
,1163310.0000000,1732360.0000000,35.5738198,129.3022419,136.5799537
,1163320.0000000,1732360.0000000,35.5738182,129.3023522,140.7267282
,1163330.0000000,1732360.0000000,35.5738165,129.3024625,143.1426666
,1163340.0000000,1732360.0000000,35.5738149,129.3025728,146.1533779
,1163350.0000000,1732360.0000000,35.5738132,129.3026831,149.0309027
,1163360.0000000,1732360.0000000,35.5738116,129.3027934,151.5000000
,1163370.0000000,1732360.0000000,35.5738099,129.3029037,151.5076905
,1163380.0000000,1732360.0000000,35.5738083,129.3030140,153.5096257
,1163390.0000000,1732360.0000000,35.5738066,129.3031243,156.2134981
,1163400.0000000,1732360.0000000,35.5738050,129.3032346,156.4357168
,1163410.0000000,1732360.0000000,35.5738033,129.3033450,156.4621843
,1163420.0000000,1732360.0000000,35.5738017,129.3034553,154.9299300
,1163430.0000000,1732360.0000000,35.5738000,129.3035656,152.3029065
,1163440.0000000,1732360.0000000,35.5737984,129.3036759,151.4536999
,1163450.0000000,1732360.0000000,35.5737967,129.3037862,151.1576070
,1163460.0000000,1732360.0000000,35.5737951,129.3038965,151.0088792
,1163470.0000000,1732360.0000000,35.5737934,129.3040068,149.3859526
,1163480.0000000,1732360.0000000,35.5737918,129.3041171,146.4695039
,1163490.0000000,1732360.0000000,35.5737901,129.3042274,143.2740810
,1163500.0000000,1732360.0000000,35.5737885,129.3043377,141.5524998
,1163510.0000000,1732360.0000000,35.5737868,129.3044480,141.5000000
,1163520.0000000,1732360.0000000,35.5737852,129.3045583,140.9159508
,1163530.0000000,1732360.0000000,35.5737835,129.3046687,141.2054606
,1163540.0000000,1732360.0000000,35.5737819,129.3047790,143.1122868
,1163550.0000000,1732360.0000000,35.5737802,129.3048893,146.1445947
,1163560.0000000,1732360.0000000,35.5737786,129.3049996,146.5000000
,1163570.0000000,1732360.0000000,35.5737769,129.3051099,146.5000000
,1163580.0000000,1732360.0000000,35.5737753,129.3052202,146.5186738
,1163590.0000000,1732360.0000000,35.5737736,129.3053305,146.8426948
,1163600.0000000,1732360.0000000,35.5737720,129.3054408,149.5858964
,1163610.0000000,1732360.0000000,35.5737703,129.3055511,150.9515255
,1163620.0000000,1732360.0000000,35.5737687,129.3056614,151.4010790
,1163630.0000000,1732360.0000000,35.5737670,129.3057717,151.5420032
,1163640.0000000,1732360.0000000,35.5737653,129.3058820,151.6591466
,1163650.0000000,1732360.0000000,35.5737637,129.3059923,151.8325362
,1163660.0000000,1732360.0000000,35.5737620,129.3061027,151.4265612
,1163670.0000000,1732360.0000000,35.5737604,129.3062130,151.5000000
,1163680.0000000,1732360.0000000,35.5737587,129.3063233,151.5262659
,1163690.0000000,1732360.0000000,35.5737571,129.3064336,151.5410692
,1163700.0000000,1732360.0000000,35.5737554,129.3065439,151.5000000
,1163710.0000000,1732360.0000000,35.5737538,129.3066542,151.5000000
,1163720.0000000,1732360.0000000,35.5737521,129.3067645,151.7840505
,1163730.0000000,1732360.0000000,35.5737505,129.3068748,152.2552066
,1163740.0000000,1732360.0000000,35.5737488,129.3069851,153.5771699
,1163750.0000000,1732360.0000000,35.5737472,129.3070954,154.5332451
,1163760.0000000,1732360.0000000,35.5737455,129.3072057,156.0371289
,1163770.0000000,1732360.0000000,35.5737439,129.3073160,156.4636782
,1163780.0000000,1732360.0000000,35.5737422,129.3074264,156.4033157
,1163790.0000000,1732360.0000000,35.5737405,129.3075367,156.1779584
,1163800.0000000,1732360.0000000,35.5737389,129.3076470,156.4076374
,1163810.0000000,1732360.0000000,35.5737372,129.3077573,156.2696135
,1163820.0000000,1732360.0000000,35.5737356,129.3078676,156.2368445
,1163830.0000000,1732360.0000000,35.5737339,129.3079779,156.4332508
,1163840.0000000,1732360.0000000,35.5737323,129.3080882,156.5670544
,1163850.0000000,1732360.0000000,35.5737306,129.3081985,157.0144435
,1163860.0000000,1732360.0000000,35.5737290,129.3083088,157.2816938
,1163870.0000000,1732360.0000000,35.5737273,129.3084191,157.4017778
,1163880.0000000,1732360.0000000,35.5737256,129.3085294,157.6840738
,1163890.0000000,1732360.0000000,35.5737240,129.3086397,158.7881941
,1163900.0000000,1732360.0000000,35.5737223,129.3087500,159.7925976
,1163910.0000000,1732360.0000000,35.5737207,129.3088604,159.0074855
,1163920.0000000,1732360.0000000,35.5737190,129.3089707,157.9370674
,1163930.0000000,1732360.0000000,35.5737174,129.3090810,157.2363376
,1163940.0000000,1732360.0000000,35.5737157,129.3091913,156.4271548
,1163950.0000000,1732360.0000000,35.5737141,129.3093016,155.3898916
,1163960.0000000,1732360.0000000,35.5737124,129.3094119,156.3630557
,1163970.0000000,1732360.0000000,35.5737107,129.3095222,155.8424154
,1163980.0000000,1732360.0000000,35.5737091,129.3096325,156.5260067
,1163990.0000000,1732360.0000000,35.5737074,129.3097428,156.4398633
,1164000.0000000,1732360.0000000,35.5737058,129.3098531,156.2457921
,1164000.0000000,1732370.0000000,35.5737959,129.3098551,156.3207913
,1163990.0000000,1732370.0000000,35.5737976,129.3097448,156.7992956
,1163980.0000000,1732370.0000000,35.5737992,129.3096345,156.6427534
,1163970.0000000,1732370.0000000,35.5738009,129.3095242,156.7822469
,1163960.0000000,1732370.0000000,35.5738025,129.3094139,156.9459980
,1163950.0000000,1732370.0000000,35.5738042,129.3093036,157.4305527
,1163940.0000000,1732370.0000000,35.5738058,129.3091933,159.4520593
,1163930.0000000,1732370.0000000,35.5738075,129.3090830,160.7675619
,1163920.0000000,1732370.0000000,35.5738091,129.3089727,160.6766957
,1163910.0000000,1732370.0000000,35.5738108,129.3088624,160.9690640
,1163900.0000000,1732370.0000000,35.5738125,129.3087521,161.1609860
,1163890.0000000,1732370.0000000,35.5738141,129.3086418,161.0052276
,1163880.0000000,1732370.0000000,35.5738158,129.3085315,160.4439422
,1163870.0000000,1732370.0000000,35.5738174,129.3084211,159.8142876
,1163860.0000000,1732370.0000000,35.5738191,129.3083108,159.7299483
,1163850.0000000,1732370.0000000,35.5738207,129.3082005,158.6901862
,1163840.0000000,1732370.0000000,35.5738224,129.3080902,157.7027485
,1163830.0000000,1732370.0000000,35.5738240,129.3079799,156.8755429
,1163820.0000000,1732370.0000000,35.5738257,129.3078696,156.5122973
,1163810.0000000,1732370.0000000,35.5738274,129.3077593,156.5241915
,1163800.0000000,1732370.0000000,35.5738290,129.3076490,156.5000000
,1163790.0000000,1732370.0000000,35.5738307,129.3075387,156.5000000
,1163780.0000000,1732370.0000000,35.5738323,129.3074284,156.5000000
,1163770.0000000,1732370.0000000,35.5738340,129.3073181,156.5000000
,1163760.0000000,1732370.0000000,35.5738356,129.3072078,156.5000000
,1163750.0000000,1732370.0000000,35.5738373,129.3070975,156.6563360
,1163740.0000000,1732370.0000000,35.5738389,129.3069871,156.2464248
,1163730.0000000,1732370.0000000,35.5738406,129.3068768,155.1672157
,1163720.0000000,1732370.0000000,35.5738422,129.3067665,154.7350275
,1163710.0000000,1732370.0000000,35.5738439,129.3066562,152.4542645
,1163700.0000000,1732370.0000000,35.5738456,129.3065459,151.9136853
,1163690.0000000,1732370.0000000,35.5738472,129.3064356,151.6773294
,1163680.0000000,1732370.0000000,35.5738489,129.3063253,151.5184065
,1163670.0000000,1732370.0000000,35.5738505,129.3062150,151.7173939
,1163660.0000000,1732370.0000000,35.5738522,129.3061047,152.3847914
,1163650.0000000,1732370.0000000,35.5738538,129.3059944,152.5918921
,1163640.0000000,1732370.0000000,35.5738555,129.3058841,152.3133926
,1163630.0000000,1732370.0000000,35.5738571,129.3057738,151.6448411
,1163620.0000000,1732370.0000000,35.5738588,129.3056634,151.7240473
,1163610.0000000,1732370.0000000,35.5738604,129.3055531,151.4986231
,1163600.0000000,1732370.0000000,35.5738621,129.3054428,150.8986225
,1163590.0000000,1732370.0000000,35.5738637,129.3053325,148.6756233
,1163580.0000000,1732370.0000000,35.5738654,129.3052222,147.2892262
,1163570.0000000,1732370.0000000,35.5738670,129.3051119,146.6897514
,1163560.0000000,1732370.0000000,35.5738687,129.3050016,146.5000000
,1163550.0000000,1732370.0000000,35.5738703,129.3048913,146.3251229
,1163540.0000000,1732370.0000000,35.5738720,129.3047810,146.2305767
,1163530.0000000,1732370.0000000,35.5738736,129.3046707,144.1076544
,1163520.0000000,1732370.0000000,35.5738753,129.3045604,142.4213203
,1163510.0000000,1732370.0000000,35.5738770,129.3044501,141.6657580
,1163500.0000000,1732370.0000000,35.5738786,129.3043397,141.5331402
,1163490.0000000,1732370.0000000,35.5738803,129.3042294,141.9068864
,1163480.0000000,1732370.0000000,35.5738819,129.3041191,144.6064157
,1163470.0000000,1732370.0000000,35.5738836,129.3040088,147.1672300
,1163460.0000000,1732370.0000000,35.5738852,129.3038985,147.6588051
,1163450.0000000,1732370.0000000,35.5738869,129.3037882,147.7710620
,1163440.0000000,1732370.0000000,35.5738885,129.3036779,150.3009889
,1163430.0000000,1732370.0000000,35.5738902,129.3035676,151.4098328
,1163420.0000000,1732370.0000000,35.5738918,129.3034573,153.0952267
,1163410.0000000,1732370.0000000,35.5738935,129.3033470,155.2345563
,1163400.0000000,1732370.0000000,35.5738951,129.3032367,155.5716027
,1163390.0000000,1732370.0000000,35.5738968,129.3031264,153.8763513
,1163380.0000000,1732370.0000000,35.5738984,129.3030160,151.7787439
,1163370.0000000,1732370.0000000,35.5739001,129.3029057,151.5000000
,1163360.0000000,1732370.0000000,35.5739017,129.3027954,151.5000000
,1163350.0000000,1732370.0000000,35.5739034,129.3026851,150.3395091
,1163340.0000000,1732370.0000000,35.5739050,129.3025748,146.7279066
,1163330.0000000,1732370.0000000,35.5739067,129.3024645,144.6782048
,1163320.0000000,1732370.0000000,35.5739083,129.3023542,141.4959376
,1163310.0000000,1732370.0000000,35.5739100,129.3022439,137.3558134
,1163300.0000000,1732370.0000000,35.5739116,129.3021336,134.8432653
,1163290.0000000,1732370.0000000,35.5739133,129.3020233,131.4467491
,1163280.0000000,1732370.0000000,35.5739149,129.3019130,127.4448783
,1163270.0000000,1732370.0000000,35.5739166,129.3018027,126.4175380
,1163260.0000000,1732370.0000000,35.5739182,129.3016923,124.3969279
,1163250.0000000,1732370.0000000,35.5739199,129.3015820,121.9466381
,1163240.0000000,1732370.0000000,35.5739215,129.3014717,121.6235397
,1163230.0000000,1732370.0000000,35.5739232,129.3013614,121.7012247
,1163220.0000000,1732370.0000000,35.5739248,129.3012511,119.5554809
,1163210.0000000,1732370.0000000,35.5739265,129.3011408,116.7366653
,1163200.0000000,1732370.0000000,35.5739281,129.3010305,116.5000000
,1163190.0000000,1732370.0000000,35.5739298,129.3009202,116.5000000
,1163180.0000000,1732370.0000000,35.5739314,129.3008099,116.5000000
,1163170.0000000,1732370.0000000,35.5739331,129.3006996,116.5000000
,1163160.0000000,1732370.0000000,35.5739347,129.3005893,117.4271352
,1163150.0000000,1732370.0000000,35.5739363,129.3004790,117.0023684
,1163140.0000000,1732370.0000000,35.5739380,129.3003686,118.6754152
,1163130.0000000,1732370.0000000,35.5739396,129.3002583,122.6338566
,1163120.0000000,1732370.0000000,35.5739413,129.3001480,127.0303734
,1163110.0000000,1732370.0000000,35.5739429,129.3000377,130.9784470
,1163100.0000000,1732370.0000000,35.5739446,129.2999274,131.9111643
,1163090.0000000,1732370.0000000,35.5739462,129.2998171,131.8251623
,1163080.0000000,1732370.0000000,35.5739479,129.2997068,131.6057222
,1163070.0000000,1732370.0000000,35.5739495,129.2995965,131.5390473
,1163060.0000000,1732370.0000000,35.5739512,129.2994862,131.5231233
,1163050.0000000,1732370.0000000,35.5739528,129.2993759,131.5315537
,1163040.0000000,1732370.0000000,35.5739545,129.2992656,133.7806740
,1163030.0000000,1732370.0000000,35.5739561,129.2991553,136.5637956
,1163020.0000000,1732370.0000000,35.5739578,129.2990449,140.8523052
,1163010.0000000,1732370.0000000,35.5739594,129.2989346,140.8282248
,1163000.0000000,1732370.0000000,35.5739611,129.2988243,142.6716358
,1163000.0000000,1732380.0000000,35.5740512,129.2988263,144.1011423
,1163010.0000000,1732380.0000000,35.5740495,129.2989367,141.3541448
,1163020.0000000,1732380.0000000,35.5740479,129.2990470,139.4194172
,1163030.0000000,1732380.0000000,35.5740462,129.2991573,136.6190994
,1163040.0000000,1732380.0000000,35.5740446,129.2992676,132.6245733
,1163050.0000000,1732380.0000000,35.5740429,129.2993779,131.5568187
,1163060.0000000,1732380.0000000,35.5740413,129.2994882,131.5000000
,1163070.0000000,1732380.0000000,35.5740396,129.2995985,130.9827699
,1163080.0000000,1732380.0000000,35.5740380,129.2997088,130.3149286
,1163090.0000000,1732380.0000000,35.5740364,129.2998191,130.3477156
,1163100.0000000,1732380.0000000,35.5740347,129.2999294,130.1640737
,1163110.0000000,1732380.0000000,35.5740331,129.3000397,128.0843608
,1163120.0000000,1732380.0000000,35.5740314,129.3001500,126.3372445
,1163130.0000000,1732380.0000000,35.5740298,129.3002604,121.4730786
,1163140.0000000,1732380.0000000,35.5740281,129.3003707,116.7746362
,1163150.0000000,1732380.0000000,35.5740265,129.3004810,117.4390191
,1163160.0000000,1732380.0000000,35.5740248,129.3005913,117.1719207
,1163170.0000000,1732380.0000000,35.5740232,129.3007016,116.2625749
,1163180.0000000,1732380.0000000,35.5740215,129.3008119,116.5000000
,1163190.0000000,1732380.0000000,35.5740199,129.3009222,116.5000000
,1163200.0000000,1732380.0000000,35.5740182,129.3010325,116.5000000
,1163210.0000000,1732380.0000000,35.5740166,129.3011428,116.5000000
,1163220.0000000,1732380.0000000,35.5740149,129.3012531,117.6832209
,1163230.0000000,1732380.0000000,35.5740133,129.3013634,120.5543975
,1163240.0000000,1732380.0000000,35.5740116,129.3014738,121.5376522
,1163250.0000000,1732380.0000000,35.5740100,129.3015841,121.5270065
,1163260.0000000,1732380.0000000,35.5740083,129.3016944,122.3062335
,1163270.0000000,1732380.0000000,35.5740067,129.3018047,124.8230316
,1163280.0000000,1732380.0000000,35.5740050,129.3019150,126.7056383
,1163290.0000000,1732380.0000000,35.5740034,129.3020253,131.2973233
,1163300.0000000,1732380.0000000,35.5740017,129.3021356,135.8887314
,1163310.0000000,1732380.0000000,35.5740001,129.3022459,138.3671733
,1163320.0000000,1732380.0000000,35.5739984,129.3023562,141.5573534
,1163330.0000000,1732380.0000000,35.5739968,129.3024665,144.8743417
,1163340.0000000,1732380.0000000,35.5739951,129.3025768,147.5611639
,1163350.0000000,1732380.0000000,35.5739935,129.3026871,151.4133079
,1163360.0000000,1732380.0000000,35.5739918,129.3027975,151.5000000
,1163370.0000000,1732380.0000000,35.5739902,129.3029078,151.5000000
,1163380.0000000,1732380.0000000,35.5739885,129.3030181,151.5000000
,1163390.0000000,1732380.0000000,35.5739869,129.3031284,151.7615790
,1163400.0000000,1732380.0000000,35.5739852,129.3032387,152.2711718
,1163410.0000000,1732380.0000000,35.5739836,129.3033490,151.8500910
,1163420.0000000,1732380.0000000,35.5739819,129.3034593,151.5000000
,1163430.0000000,1732380.0000000,35.5739803,129.3035696,151.2675384
,1163440.0000000,1732380.0000000,35.5739786,129.3036799,148.1830632
,1163450.0000000,1732380.0000000,35.5739770,129.3037902,146.9056025
,1163460.0000000,1732380.0000000,35.5739753,129.3039005,147.0324478
,1163470.0000000,1732380.0000000,35.5739737,129.3040108,146.1502272
,1163480.0000000,1732380.0000000,35.5739720,129.3041212,143.8352947
,1163490.0000000,1732380.0000000,35.5739704,129.3042315,141.8433600
,1163500.0000000,1732380.0000000,35.5739687,129.3043418,141.6363349
,1163510.0000000,1732380.0000000,35.5739671,129.3044521,143.4872983
,1163520.0000000,1732380.0000000,35.5739654,129.3045624,145.7513671
,1163530.0000000,1732380.0000000,35.5739638,129.3046727,145.8576593
,1163540.0000000,1732380.0000000,35.5739621,129.3047830,146.4558956
,1163550.0000000,1732380.0000000,35.5739605,129.3048933,146.6193174
,1163560.0000000,1732380.0000000,35.5739588,129.3050036,146.8959570
,1163570.0000000,1732380.0000000,35.5739572,129.3051139,148.8184127
,1163580.0000000,1732380.0000000,35.5739555,129.3052242,150.0940642
,1163590.0000000,1732380.0000000,35.5739539,129.3053345,150.7213478
,1163600.0000000,1732380.0000000,35.5739522,129.3054449,151.6298975
,1163610.0000000,1732380.0000000,35.5739506,129.3055552,152.5721878
,1163620.0000000,1732380.0000000,35.5739489,129.3056655,153.2193863
,1163630.0000000,1732380.0000000,35.5739472,129.3057758,153.3428938
,1163640.0000000,1732380.0000000,35.5739456,129.3058861,153.7763237
,1163650.0000000,1732380.0000000,35.5739439,129.3059964,153.9446398
,1163660.0000000,1732380.0000000,35.5739423,129.3061067,153.3796665
,1163670.0000000,1732380.0000000,35.5739406,129.3062170,152.7505053
,1163680.0000000,1732380.0000000,35.5739390,129.3063273,152.1624394
,1163690.0000000,1732380.0000000,35.5739373,129.3064376,152.0082777
,1163700.0000000,1732380.0000000,35.5739357,129.3065479,153.9253724
,1163710.0000000,1732380.0000000,35.5739340,129.3066582,156.3539863
,1163720.0000000,1732380.0000000,35.5739324,129.3067686,157.1855785
,1163730.0000000,1732380.0000000,35.5739307,129.3068789,157.3848198
,1163740.0000000,1732380.0000000,35.5739291,129.3069892,156.9276137
,1163750.0000000,1732380.0000000,35.5739274,129.3070995,156.5654630
,1163760.0000000,1732380.0000000,35.5739257,129.3072098,156.5000000
,1163770.0000000,1732380.0000000,35.5739241,129.3073201,156.5000000
,1163780.0000000,1732380.0000000,35.5739224,129.3074304,156.5431100
,1163790.0000000,1732380.0000000,35.5739208,129.3075407,156.9495617
,1163800.0000000,1732380.0000000,35.5739191,129.3076510,156.8844010
,1163810.0000000,1732380.0000000,35.5739175,129.3077613,156.9393543
,1163820.0000000,1732380.0000000,35.5739158,129.3078716,157.0948369
,1163830.0000000,1732380.0000000,35.5739142,129.3079819,158.2973302
,1163840.0000000,1732380.0000000,35.5739125,129.3080922,159.6060980
,1163850.0000000,1732380.0000000,35.5739109,129.3082026,160.8608271
,1163860.0000000,1732380.0000000,35.5739092,129.3083129,161.1617187
,1163870.0000000,1732380.0000000,35.5739075,129.3084232,161.1057973
,1163880.0000000,1732380.0000000,35.5739059,129.3085335,161.3933871
,1163890.0000000,1732380.0000000,35.5739042,129.3086438,161.5080753
,1163900.0000000,1732380.0000000,35.5739026,129.3087541,161.5305351
,1163910.0000000,1732380.0000000,35.5739009,129.3088644,161.6792187
,1163920.0000000,1732380.0000000,35.5738993,129.3089747,162.0490385
,1163930.0000000,1732380.0000000,35.5738976,129.3090850,161.7263916
,1163940.0000000,1732380.0000000,35.5738960,129.3091953,161.5995759
,1163950.0000000,1732380.0000000,35.5738943,129.3093056,161.0727432
,1163960.0000000,1732380.0000000,35.5738926,129.3094159,158.9246886
,1163970.0000000,1732380.0000000,35.5738910,129.3095263,157.3750843
,1163980.0000000,1732380.0000000,35.5738893,129.3096366,157.0453580
,1163990.0000000,1732380.0000000,35.5738877,129.3097469,157.8506218
,1164000.0000000,1732380.0000000,35.5738860,129.3098572,158.2419834
,1164000.0000000,1732390.0000000,35.5739761,129.3098592,160.4673317
,1163990.0000000,1732390.0000000,35.5739778,129.3097489,160.2945653
,1163980.0000000,1732390.0000000,35.5739795,129.3096386,159.4460125
,1163970.0000000,1732390.0000000,35.5739811,129.3095283,160.2417562
,1163960.0000000,1732390.0000000,35.5739828,129.3094180,161.5449286
,1163950.0000000,1732390.0000000,35.5739844,129.3093077,162.7538928
,1163940.0000000,1732390.0000000,35.5739861,129.3091974,162.9122089
,1163930.0000000,1732390.0000000,35.5739877,129.3090870,164.1057818
,1163920.0000000,1732390.0000000,35.5739894,129.3089767,163.5106485
,1163910.0000000,1732390.0000000,35.5739910,129.3088664,162.9682059
,1163900.0000000,1732390.0000000,35.5739927,129.3087561,162.3961860
,1163890.0000000,1732390.0000000,35.5739944,129.3086458,162.0768517
,1163880.0000000,1732390.0000000,35.5739960,129.3085355,161.9921605
,1163870.0000000,1732390.0000000,35.5739977,129.3084252,161.9286228
,1163860.0000000,1732390.0000000,35.5739993,129.3083149,161.6359763
,1163850.0000000,1732390.0000000,35.5740010,129.3082046,161.4206976
,1163840.0000000,1732390.0000000,35.5740026,129.3080943,161.0242243
,1163830.0000000,1732390.0000000,35.5740043,129.3079840,160.6250161
,1163820.0000000,1732390.0000000,35.5740059,129.3078737,159.9571658
,1163810.0000000,1732390.0000000,35.5740076,129.3077634,159.3666710
,1163800.0000000,1732390.0000000,35.5740093,129.3076530,159.2417764
,1163790.0000000,1732390.0000000,35.5740109,129.3075427,158.7083804
,1163780.0000000,1732390.0000000,35.5740126,129.3074324,157.8296324
,1163770.0000000,1732390.0000000,35.5740142,129.3073221,156.5000000
,1163760.0000000,1732390.0000000,35.5740159,129.3072118,156.6574684
,1163750.0000000,1732390.0000000,35.5740175,129.3071015,156.7141010
,1163740.0000000,1732390.0000000,35.5740192,129.3069912,160.2028796
,1163730.0000000,1732390.0000000,35.5740208,129.3068809,157.2830587
,1163720.0000000,1732390.0000000,35.5740225,129.3067706,157.7824988
,1163710.0000000,1732390.0000000,35.5740241,129.3066603,157.4551267
,1163700.0000000,1732390.0000000,35.5740258,129.3065500,156.2523369
,1163690.0000000,1732390.0000000,35.5740274,129.3064397,154.8613885
,1163680.0000000,1732390.0000000,35.5740291,129.3063293,154.3028495
,1163670.0000000,1732390.0000000,35.5740308,129.3062190,154.3729435
,1163660.0000000,1732390.0000000,35.5740324,129.3061087,155.2135422
,1163650.0000000,1732390.0000000,35.5740341,129.3059984,155.5448279
,1163640.0000000,1732390.0000000,35.5740357,129.3058881,155.7465246
,1163630.0000000,1732390.0000000,35.5740374,129.3057778,155.6331833
,1163620.0000000,1732390.0000000,35.5740390,129.3056675,155.9327203
,1163610.0000000,1732390.0000000,35.5740407,129.3055572,155.1018159
,1163600.0000000,1732390.0000000,35.5740423,129.3054469,152.5219767
,1163590.0000000,1732390.0000000,35.5740440,129.3053366,151.5227813
,1163580.0000000,1732390.0000000,35.5740456,129.3052263,151.1661077
,1163570.0000000,1732390.0000000,35.5740473,129.3051160,150.2527453
,1163560.0000000,1732390.0000000,35.5740489,129.3050056,148.5408728
,1163550.0000000,1732390.0000000,35.5740506,129.3048953,146.7349888
,1163540.0000000,1732390.0000000,35.5740522,129.3047850,146.7953890
,1163530.0000000,1732390.0000000,35.5740539,129.3046747,146.4092174
,1163520.0000000,1732390.0000000,35.5740555,129.3045644,145.6871370
,1163510.0000000,1732390.0000000,35.5740572,129.3044541,144.6666407
,1163500.0000000,1732390.0000000,35.5740588,129.3043438,145.4256042
,1163490.0000000,1732390.0000000,35.5740605,129.3042335,144.9666134
,1163480.0000000,1732390.0000000,35.5740621,129.3041232,145.6115321
,1163470.0000000,1732390.0000000,35.5740638,129.3040129,146.5000000
,1163460.0000000,1732390.0000000,35.5740655,129.3039026,146.5000000
,1163450.0000000,1732390.0000000,35.5740671,129.3037922,146.5722279
,1163440.0000000,1732390.0000000,35.5740688,129.3036819,147.5632657
,1163430.0000000,1732390.0000000,35.5740704,129.3035716,150.3187928
,1163420.0000000,1732390.0000000,35.5740721,129.3034613,151.4421404
,1163410.0000000,1732390.0000000,35.5740737,129.3033510,151.5000000
,1163400.0000000,1732390.0000000,35.5740754,129.3032407,151.5000000
,1163390.0000000,1732390.0000000,35.5740770,129.3031304,151.5000000
,1163380.0000000,1732390.0000000,35.5740787,129.3030201,151.5000000
,1163370.0000000,1732390.0000000,35.5740803,129.3029098,151.5000000
,1163360.0000000,1732390.0000000,35.5740820,129.3027995,151.5000000
,1163350.0000000,1732390.0000000,35.5740836,129.3026892,150.9748917
,1163340.0000000,1732390.0000000,35.5740853,129.3025789,147.2506916
,1163330.0000000,1732390.0000000,35.5740869,129.3024685,144.3668531
,1163320.0000000,1732390.0000000,35.5740886,129.3023582,141.5280383
,1163310.0000000,1732390.0000000,35.5740902,129.3022479,138.6475410
,1163300.0000000,1732390.0000000,35.5740919,129.3021376,135.5879719
,1163290.0000000,1732390.0000000,35.5740935,129.3020273,131.3700705
,1163280.0000000,1732390.0000000,35.5740952,129.3019170,126.6877405
,1163270.0000000,1732390.0000000,35.5740968,129.3018067,123.3418709
,1163260.0000000,1732390.0000000,35.5740985,129.3016964,121.6448627
,1163250.0000000,1732390.0000000,35.5741001,129.3015861,121.5000000
,1163240.0000000,1732390.0000000,35.5741018,129.3014758,121.3606744
,1163230.0000000,1732390.0000000,35.5741034,129.3013655,118.9948772
,1163220.0000000,1732390.0000000,35.5741051,129.3012552,116.7160020
,1163210.0000000,1732390.0000000,35.5741067,129.3011448,116.5000000
,1163200.0000000,1732390.0000000,35.5741083,129.3010345,116.4830253
,1163190.0000000,1732390.0000000,35.5741100,129.3009242,115.7897625
,1163180.0000000,1732390.0000000,35.5741116,129.3008139,113.9127711
,1163170.0000000,1732390.0000000,35.5741133,129.3007036,112.4835902
,1163160.0000000,1732390.0000000,35.5741149,129.3005933,115.1943138
,1163150.0000000,1732390.0000000,35.5741166,129.3004830,117.1987350
,1163140.0000000,1732390.0000000,35.5741182,129.3003727,116.6447872
,1163130.0000000,1732390.0000000,35.5741199,129.3002624,121.4345549
,1163120.0000000,1732390.0000000,35.5741215,129.3001521,124.9606171
,1163110.0000000,1732390.0000000,35.5741232,129.3000418,126.3560652
,1163100.0000000,1732390.0000000,35.5741248,129.2999314,126.7021933
,1163090.0000000,1732390.0000000,35.5741265,129.2998211,126.6533121
,1163080.0000000,1732390.0000000,35.5741281,129.2997108,127.4437692
,1163070.0000000,1732390.0000000,35.5741298,129.2996005,128.5357621
,1163060.0000000,1732390.0000000,35.5741314,129.2994902,131.5000000
,1163050.0000000,1732390.0000000,35.5741331,129.2993799,131.5276385
,1163040.0000000,1732390.0000000,35.5741347,129.2992696,133.1442415
,1163030.0000000,1732390.0000000,35.5741364,129.2991593,137.4028184
,1163020.0000000,1732390.0000000,35.5741380,129.2990490,140.0462148
,1163010.0000000,1732390.0000000,35.5741397,129.2989387,142.3152093
,1163000.0000000,1732390.0000000,35.5741413,129.2988284,146.0743450
,1163000.0000000,1732400.0000000,35.5742314,129.2988304,146.0057561
,1163010.0000000,1732400.0000000,35.5742298,129.2989407,144.9135076
,1163020.0000000,1732400.0000000,35.5742281,129.2990510,141.3408015
,1163030.0000000,1732400.0000000,35.5742265,129.2991613,137.0276673
,1163040.0000000,1732400.0000000,35.5742248,129.2992716,134.8800947
,1163050.0000000,1732400.0000000,35.5742232,129.2993819,131.5880468
,1163060.0000000,1732400.0000000,35.5742215,129.2994922,130.7435326
,1163070.0000000,1732400.0000000,35.5742199,129.2996025,127.7636244
,1163080.0000000,1732400.0000000,35.5742182,129.2997128,126.4617893
,1163090.0000000,1732400.0000000,35.5742166,129.2998232,126.0154941
,1163100.0000000,1732400.0000000,35.5742149,129.2999335,124.4469625
,1163110.0000000,1732400.0000000,35.5742133,129.3000438,123.4238681
,1163120.0000000,1732400.0000000,35.5742117,129.3001541,121.8215206
,1163130.0000000,1732400.0000000,35.5742100,129.3002644,119.1323882
,1163140.0000000,1732400.0000000,35.5742084,129.3003747,116.5995530
,1163150.0000000,1732400.0000000,35.5742067,129.3004850,116.1534854
,1163160.0000000,1732400.0000000,35.5742051,129.3005953,112.3402529
,1163170.0000000,1732400.0000000,35.5742034,129.3007056,111.5000000
,1163180.0000000,1732400.0000000,35.5742018,129.3008159,111.5000000
,1163190.0000000,1732400.0000000,35.5742001,129.3009262,113.9670178
,1163200.0000000,1732400.0000000,35.5741985,129.3010366,116.0417770
,1163210.0000000,1732400.0000000,35.5741968,129.3011469,116.4804919
,1163220.0000000,1732400.0000000,35.5741952,129.3012572,116.3633745
,1163230.0000000,1732400.0000000,35.5741935,129.3013675,117.4054411
,1163240.0000000,1732400.0000000,35.5741919,129.3014778,119.7995912
,1163250.0000000,1732400.0000000,35.5741902,129.3015881,121.1382070
,1163260.0000000,1732400.0000000,35.5741886,129.3016984,121.6439724
,1163270.0000000,1732400.0000000,35.5741869,129.3018087,122.4276281
,1163280.0000000,1732400.0000000,35.5741853,129.3019190,126.4428663
,1163290.0000000,1732400.0000000,35.5741836,129.3020293,130.6368133
,1163300.0000000,1732400.0000000,35.5741820,129.3021396,133.7945832
,1163310.0000000,1732400.0000000,35.5741803,129.3022499,137.1827071
,1163320.0000000,1732400.0000000,35.5741787,129.3023603,141.1712864
,1163330.0000000,1732400.0000000,35.5741770,129.3024706,142.1694774
,1163340.0000000,1732400.0000000,35.5741754,129.3025809,146.3077263
,1163350.0000000,1732400.0000000,35.5741737,129.3026912,147.1460846
,1163360.0000000,1732400.0000000,35.5741721,129.3028015,149.0383051
,1163370.0000000,1732400.0000000,35.5741704,129.3029118,149.6017632
,1163380.0000000,1732400.0000000,35.5741688,129.3030221,150.1283830
,1163390.0000000,1732400.0000000,35.5741671,129.3031324,150.7325940
,1163400.0000000,1732400.0000000,35.5741655,129.3032427,151.5000000
,1163410.0000000,1732400.0000000,35.5741638,129.3033530,151.3268546
,1163420.0000000,1732400.0000000,35.5741622,129.3034633,150.6038639
,1163430.0000000,1732400.0000000,35.5741605,129.3035737,147.6069255
,1163440.0000000,1732400.0000000,35.5741589,129.3036840,146.6046191
,1163450.0000000,1732400.0000000,35.5741572,129.3037943,146.5000000
,1163460.0000000,1732400.0000000,35.5741556,129.3039046,146.5000000
,1163470.0000000,1732400.0000000,35.5741539,129.3040149,146.5000000
,1163480.0000000,1732400.0000000,35.5741523,129.3041252,146.4865820
,1163490.0000000,1732400.0000000,35.5741506,129.3042355,146.1631408
,1163500.0000000,1732400.0000000,35.5741490,129.3043458,144.9833084
,1163510.0000000,1732400.0000000,35.5741473,129.3044561,144.4507763
,1163520.0000000,1732400.0000000,35.5741457,129.3045664,147.2039860
,1163530.0000000,1732400.0000000,35.5741440,129.3046767,148.3716664
,1163540.0000000,1732400.0000000,35.5741424,129.3047870,148.3430823
,1163550.0000000,1732400.0000000,35.5741407,129.3048974,148.3837032
,1163560.0000000,1732400.0000000,35.5741391,129.3050077,151.0736685
,1163570.0000000,1732400.0000000,35.5741374,129.3051180,151.1615352
,1163580.0000000,1732400.0000000,35.5741357,129.3052283,151.4820359
,1163590.0000000,1732400.0000000,35.5741341,129.3053386,152.0324807
,1163600.0000000,1732400.0000000,35.5741324,129.3054489,153.7103286
,1163610.0000000,1732400.0000000,35.5741308,129.3055592,155.8191544
,1163620.0000000,1732400.0000000,35.5741291,129.3056695,156.5000000
,1163630.0000000,1732400.0000000,35.5741275,129.3057798,156.5000000
,1163640.0000000,1732400.0000000,35.5741258,129.3058901,156.4834439
,1163650.0000000,1732400.0000000,35.5741242,129.3060004,156.5000000
,1163660.0000000,1732400.0000000,35.5741225,129.3061108,156.3832903
,1163670.0000000,1732400.0000000,35.5741209,129.3062211,155.6926746
,1163680.0000000,1732400.0000000,35.5741192,129.3063314,156.0680950
,1163690.0000000,1732400.0000000,35.5741176,129.3064417,157.1903496
,1163700.0000000,1732400.0000000,35.5741159,129.3065520,157.4562103
,1163710.0000000,1732400.0000000,35.5741143,129.3066623,156.9807008
,1163720.0000000,1732400.0000000,35.5741126,129.3067726,157.5797802
,1163730.0000000,1732400.0000000,35.5741110,129.3068829,160.2468982
,1163740.0000000,1732400.0000000,35.5741093,129.3069932,157.3711566
,1163750.0000000,1732400.0000000,35.5741076,129.3071035,156.8853484
,1163760.0000000,1732400.0000000,35.5741060,129.3072138,156.7953181
,1163770.0000000,1732400.0000000,35.5741043,129.3073241,157.7107337
,1163780.0000000,1732400.0000000,35.5741027,129.3074345,159.5807883
,1163790.0000000,1732400.0000000,35.5741010,129.3075448,160.6600810
,1163800.0000000,1732400.0000000,35.5740994,129.3076551,161.1629629
,1163810.0000000,1732400.0000000,35.5740977,129.3077654,161.0848641
,1163820.0000000,1732400.0000000,35.5740961,129.3078757,160.9889293
,1163830.0000000,1732400.0000000,35.5740944,129.3079860,161.2910784
,1163840.0000000,1732400.0000000,35.5740928,129.3080963,161.5363828
,1163850.0000000,1732400.0000000,35.5740911,129.3082066,162.0642873
,1163860.0000000,1732400.0000000,35.5740894,129.3083169,162.0565841
,1163870.0000000,1732400.0000000,35.5740878,129.3084272,162.8230032
,1163880.0000000,1732400.0000000,35.5740861,129.3085375,163.9051442
,1163890.0000000,1732400.0000000,35.5740845,129.3086478,164.1334619
,1163900.0000000,1732400.0000000,35.5740828,129.3087582,164.8078855
,1163910.0000000,1732400.0000000,35.5740812,129.3088685,165.7075057
,1163920.0000000,1732400.0000000,35.5740795,129.3089788,165.7515879
,1163930.0000000,1732400.0000000,35.5740779,129.3090891,165.4250576
,1163940.0000000,1732400.0000000,35.5740762,129.3091994,166.3056458
,1163950.0000000,1732400.0000000,35.5740745,129.3093097,165.5631526
,1163960.0000000,1732400.0000000,35.5740729,129.3094200,164.0055606
,1163970.0000000,1732400.0000000,35.5740712,129.3095303,161.6215014
,1163980.0000000,1732400.0000000,35.5740696,129.3096406,161.3210159
,1163990.0000000,1732400.0000000,35.5740679,129.3097509,161.5320842
,1164000.0000000,1732400.0000000,35.5740663,129.3098612,161.6349774
,1164000.0000000,1732410.0000000,35.5741564,129.3098633,161.6239284
,1163990.0000000,1732410.0000000,35.5741580,129.3097530,161.5803768
,1163980.0000000,1732410.0000000,35.5741597,129.3096426,161.9420716
,1163970.0000000,1732410.0000000,35.5741613,129.3095323,163.4040278
,1163960.0000000,1732410.0000000,35.5741630,129.3094220,165.7326115
,1163950.0000000,1732410.0000000,35.5741647,129.3093117,166.4925592
,1163940.0000000,1732410.0000000,35.5741663,129.3092014,166.3568853
,1163930.0000000,1732410.0000000,35.5741680,129.3090911,166.1126076
,1163920.0000000,1732410.0000000,35.5741696,129.3089808,166.3446198
,1163910.0000000,1732410.0000000,35.5741713,129.3088705,166.3506349
,1163900.0000000,1732410.0000000,35.5741729,129.3087602,166.4513027
,1163890.0000000,1732410.0000000,35.5741746,129.3086499,165.9344743
,1163880.0000000,1732410.0000000,35.5741763,129.3085396,165.8600461
,1163870.0000000,1732410.0000000,35.5741779,129.3084293,165.6578330
,1163860.0000000,1732410.0000000,35.5741796,129.3083189,164.6057953
,1163850.0000000,1732410.0000000,35.5741812,129.3082086,163.0751035
,1163840.0000000,1732410.0000000,35.5741829,129.3080983,161.9072664
,1163830.0000000,1732410.0000000,35.5741845,129.3079880,161.6263799
,1163820.0000000,1732410.0000000,35.5741862,129.3078777,161.6724379
,1163810.0000000,1732410.0000000,35.5741878,129.3077674,161.5155893
,1163800.0000000,1732410.0000000,35.5741895,129.3076571,161.5200862
,1163790.0000000,1732410.0000000,35.5741911,129.3075468,161.3444507
,1163780.0000000,1732410.0000000,35.5741928,129.3074365,160.7002113
,1163770.0000000,1732410.0000000,35.5741945,129.3073262,159.5057005
,1163760.0000000,1732410.0000000,35.5741961,129.3072159,157.9543768
,1163750.0000000,1732410.0000000,35.5741978,129.3071056,157.2302500
,1163740.0000000,1732410.0000000,35.5741994,129.3069952,157.5777551
,1163730.0000000,1732410.0000000,35.5742011,129.3068849,158.4339025
,1163720.0000000,1732410.0000000,35.5742027,129.3067746,158.4659951
,1163710.0000000,1732410.0000000,35.5742044,129.3066643,160.9066012
,1163700.0000000,1732410.0000000,35.5742060,129.3065540,157.2024566
,1163690.0000000,1732410.0000000,35.5742077,129.3064437,157.6555681
,1163680.0000000,1732410.0000000,35.5742093,129.3063334,156.7040839
,1163670.0000000,1732410.0000000,35.5742110,129.3062231,156.6175928
,1163660.0000000,1732410.0000000,35.5742126,129.3061128,156.5000000
,1163650.0000000,1732410.0000000,35.5742143,129.3060025,156.5000000
,1163640.0000000,1732410.0000000,35.5742160,129.3058922,156.5000000
,1163630.0000000,1732410.0000000,35.5742176,129.3057818,156.5000000
,1163620.0000000,1732410.0000000,35.5742193,129.3056715,156.5000000
,1163610.0000000,1732410.0000000,35.5742209,129.3055612,156.4439825
,1163600.0000000,1732410.0000000,35.5742226,129.3054509,155.1806449
,1163590.0000000,1732410.0000000,35.5742242,129.3053406,152.9389435
,1163580.0000000,1732410.0000000,35.5742259,129.3052303,151.6640517
,1163570.0000000,1732410.0000000,35.5742275,129.3051200,151.2080490
,1163560.0000000,1732410.0000000,35.5742292,129.3050097,151.0216624
,1163550.0000000,1732410.0000000,35.5742308,129.3048994,150.8971410
,1163540.0000000,1732410.0000000,35.5742325,129.3047891,151.1086310
,1163530.0000000,1732410.0000000,35.5742341,129.3046788,151.1431573
,1163520.0000000,1732410.0000000,35.5742358,129.3045685,150.3100926
,1163510.0000000,1732410.0000000,35.5742374,129.3044581,148.7055596
,1163500.0000000,1732410.0000000,35.5742391,129.3043478,146.3232185
,1163490.0000000,1732410.0000000,35.5742407,129.3042375,146.5000000
,1163480.0000000,1732410.0000000,35.5742424,129.3041272,146.5000000
,1163470.0000000,1732410.0000000,35.5742440,129.3040169,146.5000000
,1163460.0000000,1732410.0000000,35.5742457,129.3039066,146.5000000
,1163450.0000000,1732410.0000000,35.5742473,129.3037963,146.5000000
,1163440.0000000,1732410.0000000,35.5742490,129.3036860,146.5000000
,1163430.0000000,1732410.0000000,35.5742506,129.3035757,146.5373249
,1163420.0000000,1732410.0000000,35.5742523,129.3034654,147.2753543
,1163410.0000000,1732410.0000000,35.5742539,129.3033551,149.1358933
,1163400.0000000,1732410.0000000,35.5742556,129.3032447,149.5327083
,1163390.0000000,1732410.0000000,35.5742572,129.3031344,147.2751630
,1163380.0000000,1732410.0000000,35.5742589,129.3030241,145.3016687
,1163370.0000000,1732410.0000000,35.5742605,129.3029138,145.2343469
,1163360.0000000,1732410.0000000,35.5742622,129.3028035,145.8788420
,1163350.0000000,1732410.0000000,35.5742638,129.3026932,144.8854145
,1163340.0000000,1732410.0000000,35.5742655,129.3025829,142.8999153
,1163330.0000000,1732410.0000000,35.5742671,129.3024726,141.5029366
,1163320.0000000,1732410.0000000,35.5742688,129.3023623,139.3733805
,1163310.0000000,1732410.0000000,35.5742704,129.3022520,136.4824992
,1163300.0000000,1732410.0000000,35.5742721,129.3021417,132.0469483
,1163290.0000000,1732410.0000000,35.5742737,129.3020314,128.9993449
,1163280.0000000,1732410.0000000,35.5742754,129.3019210,126.0840498
,1163270.0000000,1732410.0000000,35.5742770,129.3018107,122.0917675
,1163260.0000000,1732410.0000000,35.5742787,129.3017004,121.7270037
,1163250.0000000,1732410.0000000,35.5742803,129.3015901,120.0222876
,1163240.0000000,1732410.0000000,35.5742820,129.3014798,118.0494723
,1163230.0000000,1732410.0000000,35.5742836,129.3013695,115.9349037
,1163220.0000000,1732410.0000000,35.5742853,129.3012592,116.3090624
,1163210.0000000,1732410.0000000,35.5742869,129.3011489,115.8602455
,1163200.0000000,1732410.0000000,35.5742886,129.3010386,114.5368497
,1163190.0000000,1732410.0000000,35.5742902,129.3009283,111.6790242
,1163180.0000000,1732410.0000000,35.5742919,129.3008180,111.5000000
,1163170.0000000,1732410.0000000,35.5742935,129.3007076,111.5000000
,1163160.0000000,1732410.0000000,35.5742952,129.3005973,111.5000000
,1163150.0000000,1732410.0000000,35.5742968,129.3004870,114.0809907
,1163140.0000000,1732410.0000000,35.5742985,129.3003767,116.4080022
,1163130.0000000,1732410.0000000,35.5743001,129.3002664,116.8120999
,1163120.0000000,1732410.0000000,35.5743018,129.3001561,119.0950167
,1163110.0000000,1732410.0000000,35.5743034,129.3000458,121.2586516
,1163100.0000000,1732410.0000000,35.5743051,129.2999355,121.6142400
,1163090.0000000,1732410.0000000,35.5743067,129.2998252,123.9146611
,1163080.0000000,1732410.0000000,35.5743084,129.2997149,126.2972637
,1163070.0000000,1732410.0000000,35.5743100,129.2996046,127.5096223
,1163060.0000000,1732410.0000000,35.5743117,129.2994942,131.0564577
,1163050.0000000,1732410.0000000,35.5743133,129.2993839,132.2106613
,1163040.0000000,1732410.0000000,35.5743150,129.2992736,136.4906388
,1163030.0000000,1732410.0000000,35.5743166,129.2991633,140.8356424
,1163020.0000000,1732410.0000000,35.5743182,129.2990530,142.7405089
,1163010.0000000,1732410.0000000,35.5743199,129.2989427,146.3523924
,1163000.0000000,1732410.0000000,35.5743215,129.2988324,146.9550043
,1163000.0000000,1732420.0000000,35.5744117,129.2988344,147.5333428
,1163010.0000000,1732420.0000000,35.5744100,129.2989447,146.4686212
,1163020.0000000,1732420.0000000,35.5744084,129.2990550,143.8946751
,1163030.0000000,1732420.0000000,35.5744067,129.2991653,141.1455709
,1163040.0000000,1732420.0000000,35.5744051,129.2992756,137.0328107
,1163050.0000000,1732420.0000000,35.5744034,129.2993859,132.7480212
,1163060.0000000,1732420.0000000,35.5744018,129.2994963,131.4140598
,1163070.0000000,1732420.0000000,35.5744001,129.2996066,128.4013206
,1163080.0000000,1732420.0000000,35.5743985,129.2997169,126.3930992
,1163090.0000000,1732420.0000000,35.5743968,129.2998272,123.6988986
,1163100.0000000,1732420.0000000,35.5743952,129.2999375,121.5810612
,1163110.0000000,1732420.0000000,35.5743935,129.3000478,120.5808819
,1163120.0000000,1732420.0000000,35.5743919,129.3001581,116.5404775
,1163130.0000000,1732420.0000000,35.5743902,129.3002684,115.3158305
,1163140.0000000,1732420.0000000,35.5743886,129.3003787,113.3129681
,1163150.0000000,1732420.0000000,35.5743870,129.3004890,111.5000000
,1163160.0000000,1732420.0000000,35.5743853,129.3005994,111.5000000
,1163170.0000000,1732420.0000000,35.5743837,129.3007097,111.5000000
,1163180.0000000,1732420.0000000,35.5743820,129.3008200,111.5000000
,1163190.0000000,1732420.0000000,35.5743804,129.3009303,111.5000000
,1163200.0000000,1732420.0000000,35.5743787,129.3010406,112.6874748
,1163210.0000000,1732420.0000000,35.5743771,129.3011509,113.5954793
,1163220.0000000,1732420.0000000,35.5743754,129.3012612,115.1293680
,1163230.0000000,1732420.0000000,35.5743738,129.3013715,116.3910842
,1163240.0000000,1732420.0000000,35.5743721,129.3014818,115.9081488
,1163250.0000000,1732420.0000000,35.5743705,129.3015921,118.2031358
,1163260.0000000,1732420.0000000,35.5743688,129.3017024,120.4557681
,1163270.0000000,1732420.0000000,35.5743672,129.3018128,121.7150503
,1163280.0000000,1732420.0000000,35.5743655,129.3019231,125.4205072
,1163290.0000000,1732420.0000000,35.5743639,129.3020334,127.0435380
,1163300.0000000,1732420.0000000,35.5743622,129.3021437,131.4744719
,1163310.0000000,1732420.0000000,35.5743606,129.3022540,134.6995496
,1163320.0000000,1732420.0000000,35.5743589,129.3023643,136.9217391
,1163330.0000000,1732420.0000000,35.5743573,129.3024746,140.1511225
,1163340.0000000,1732420.0000000,35.5743556,129.3025849,141.3595093
,1163350.0000000,1732420.0000000,35.5743540,129.3026952,141.7478606
,1163360.0000000,1732420.0000000,35.5743523,129.3028055,142.3155961
,1163370.0000000,1732420.0000000,35.5743507,129.3029158,144.1543780
,1163380.0000000,1732420.0000000,35.5743490,129.3030262,146.3324549
,1163390.0000000,1732420.0000000,35.5743474,129.3031365,145.9622641
,1163400.0000000,1732420.0000000,35.5743457,129.3032468,146.2314655
,1163410.0000000,1732420.0000000,35.5743441,129.3033571,146.5000000
,1163420.0000000,1732420.0000000,35.5743424,129.3034674,146.5000000
,1163430.0000000,1732420.0000000,35.5743408,129.3035777,146.5000000
,1163440.0000000,1732420.0000000,35.5743391,129.3036880,146.5000000
,1163450.0000000,1732420.0000000,35.5743375,129.3037983,146.5000000
,1163460.0000000,1732420.0000000,35.5743358,129.3039086,146.5000000
,1163470.0000000,1732420.0000000,35.5743342,129.3040189,146.5000000
,1163480.0000000,1732420.0000000,35.5743325,129.3041292,146.5000000
,1163490.0000000,1732420.0000000,35.5743309,129.3042395,146.5000000
,1163500.0000000,1732420.0000000,35.5743292,129.3043499,146.6819977
,1163510.0000000,1732420.0000000,35.5743276,129.3044602,150.9535106
,1163520.0000000,1732420.0000000,35.5743259,129.3045705,151.5000000
,1163530.0000000,1732420.0000000,35.5743243,129.3046808,151.5000000
,1163540.0000000,1732420.0000000,35.5743226,129.3047911,151.4859199
,1163550.0000000,1732420.0000000,35.5743209,129.3049014,151.4857877
,1163560.0000000,1732420.0000000,35.5743193,129.3050117,151.6539494
,1163570.0000000,1732420.0000000,35.5743176,129.3051220,152.8564371
,1163580.0000000,1732420.0000000,35.5743160,129.3052323,153.7870090
,1163590.0000000,1732420.0000000,35.5743143,129.3053426,155.4057053
,1163600.0000000,1732420.0000000,35.5743127,129.3054529,156.4198364
,1163610.0000000,1732420.0000000,35.5743110,129.3055633,156.5000000
,1163620.0000000,1732420.0000000,35.5743094,129.3056736,156.5000000
,1163630.0000000,1732420.0000000,35.5743077,129.3057839,156.5000000
,1163640.0000000,1732420.0000000,35.5743061,129.3058942,156.5000000
,1163650.0000000,1732420.0000000,35.5743044,129.3060045,156.5000000
,1163660.0000000,1732420.0000000,35.5743028,129.3061148,156.5000000
,1163670.0000000,1732420.0000000,35.5743011,129.3062251,156.5842375
,1163680.0000000,1732420.0000000,35.5742995,129.3063354,156.5833645
,1163690.0000000,1732420.0000000,35.5742978,129.3064457,157.3232638
,1163700.0000000,1732420.0000000,35.5742962,129.3065560,157.1842696
,1163710.0000000,1732420.0000000,35.5742945,129.3066663,157.8756225
,1163720.0000000,1732420.0000000,35.5742928,129.3067766,158.1707632
,1163730.0000000,1732420.0000000,35.5742912,129.3068870,158.2243984
,1163740.0000000,1732420.0000000,35.5742895,129.3069973,158.3739479
,1163750.0000000,1732420.0000000,35.5742879,129.3071076,159.1954395
,1163760.0000000,1732420.0000000,35.5742862,129.3072179,160.0498755
,1163770.0000000,1732420.0000000,35.5742846,129.3073282,160.9582608
,1163780.0000000,1732420.0000000,35.5742829,129.3074385,161.4536253
,1163790.0000000,1732420.0000000,35.5742813,129.3075488,161.8909176
,1163800.0000000,1732420.0000000,35.5742796,129.3076591,162.1802549
,1163810.0000000,1732420.0000000,35.5742780,129.3077694,162.6856539
,1163820.0000000,1732420.0000000,35.5742763,129.3078797,163.0690884
,1163830.0000000,1732420.0000000,35.5742746,129.3079900,163.3359629
,1163840.0000000,1732420.0000000,35.5742730,129.3081004,164.3209474
,1163850.0000000,1732420.0000000,35.5742713,129.3082107,165.5926480
,1163860.0000000,1732420.0000000,35.5742697,129.3083210,166.1890121
,1163870.0000000,1732420.0000000,35.5742680,129.3084313,166.4783619
,1163880.0000000,1732420.0000000,35.5742664,129.3085416,166.4230886
,1163890.0000000,1732420.0000000,35.5742647,129.3086519,166.7764183
,1163900.0000000,1732420.0000000,35.5742631,129.3087622,166.6890600
,1163910.0000000,1732420.0000000,35.5742614,129.3088725,167.1469140
,1163920.0000000,1732420.0000000,35.5742598,129.3089828,167.8083142
,1163930.0000000,1732420.0000000,35.5742581,129.3090931,167.7321490
,1163940.0000000,1732420.0000000,35.5742564,129.3092034,167.4667910
,1163950.0000000,1732420.0000000,35.5742548,129.3093137,166.8356196
,1163960.0000000,1732420.0000000,35.5742531,129.3094241,166.5737407
,1163970.0000000,1732420.0000000,35.5742515,129.3095344,165.5846223
,1163980.0000000,1732420.0000000,35.5742498,129.3096447,164.5374862
,1163990.0000000,1732420.0000000,35.5742482,129.3097550,164.1904443
,1164000.0000000,1732420.0000000,35.5742465,129.3098653,164.6811815
,1164000.0000000,1732430.0000000,35.5743366,129.3098673,164.5572296
,1163990.0000000,1732430.0000000,35.5743383,129.3097570,165.3122137
,1163980.0000000,1732430.0000000,35.5743399,129.3096467,166.7168563
,1163970.0000000,1732430.0000000,35.5743416,129.3095364,167.4863454
,1163960.0000000,1732430.0000000,35.5743432,129.3094261,166.7244044
,1163950.0000000,1732430.0000000,35.5743449,129.3093158,168.4883267
,1163940.0000000,1732430.0000000,35.5743466,129.3092055,169.8416302
,1163930.0000000,1732430.0000000,35.5743482,129.3090952,170.5946334
,1163920.0000000,1732430.0000000,35.5743499,129.3089848,169.9252636
,1163910.0000000,1732430.0000000,35.5743515,129.3088745,169.1074086
,1163900.0000000,1732430.0000000,35.5743532,129.3087642,168.1677986
,1163890.0000000,1732430.0000000,35.5743548,129.3086539,167.8741020
,1163880.0000000,1732430.0000000,35.5743565,129.3085436,166.7112972
,1163870.0000000,1732430.0000000,35.5743581,129.3084333,166.7293745
,1163860.0000000,1732430.0000000,35.5743598,129.3083230,166.5543695
,1163850.0000000,1732430.0000000,35.5743615,129.3082127,166.5938728
,1163840.0000000,1732430.0000000,35.5743631,129.3081024,166.0753415
,1163830.0000000,1732430.0000000,35.5743648,129.3079921,165.9520021
,1163820.0000000,1732430.0000000,35.5743664,129.3078818,165.7812754
,1163810.0000000,1732430.0000000,35.5743681,129.3077715,165.1025802
,1163800.0000000,1732430.0000000,35.5743697,129.3076611,163.9738488
,1163790.0000000,1732430.0000000,35.5743714,129.3075508,162.7396194
,1163780.0000000,1732430.0000000,35.5743730,129.3074405,161.6496742
,1163770.0000000,1732430.0000000,35.5743747,129.3073302,161.4686714
,1163760.0000000,1732430.0000000,35.5743764,129.3072199,161.2539724
,1163750.0000000,1732430.0000000,35.5743780,129.3071096,160.7856657
,1163740.0000000,1732430.0000000,35.5743797,129.3069993,160.8085118
,1163730.0000000,1732430.0000000,35.5743813,129.3068890,159.5845611
,1163720.0000000,1732430.0000000,35.5743830,129.3067787,157.7383963
,1163710.0000000,1732430.0000000,35.5743846,129.3066684,157.3552583
,1163700.0000000,1732430.0000000,35.5743863,129.3065581,156.6477925
,1163690.0000000,1732430.0000000,35.5743879,129.3064477,157.0881993
,1163680.0000000,1732430.0000000,35.5743896,129.3063374,157.1844411
,1163670.0000000,1732430.0000000,35.5743912,129.3062271,156.5616732
,1163660.0000000,1732430.0000000,35.5743929,129.3061168,156.6714738
,1163650.0000000,1732430.0000000,35.5743945,129.3060065,156.5000000
,1163640.0000000,1732430.0000000,35.5743962,129.3058962,156.5000000
,1163630.0000000,1732430.0000000,35.5743978,129.3057859,156.5000000
,1163620.0000000,1732430.0000000,35.5743995,129.3056756,156.5000000
,1163610.0000000,1732430.0000000,35.5744012,129.3055653,156.5000000
,1163600.0000000,1732430.0000000,35.5744028,129.3054550,156.5000000
,1163590.0000000,1732430.0000000,35.5744045,129.3053447,156.5000000
,1163580.0000000,1732430.0000000,35.5744061,129.3052344,156.2728193
,1163570.0000000,1732430.0000000,35.5744078,129.3051240,154.9172024
,1163560.0000000,1732430.0000000,35.5744094,129.3050137,152.7123833
,1163550.0000000,1732430.0000000,35.5744111,129.3049034,151.5360989
,1163540.0000000,1732430.0000000,35.5744127,129.3047931,151.5000000
,1163530.0000000,1732430.0000000,35.5744144,129.3046828,151.5000000
,1163520.0000000,1732430.0000000,35.5744160,129.3045725,151.5000000
,1163510.0000000,1732430.0000000,35.5744177,129.3044622,151.5000000
,1163500.0000000,1732430.0000000,35.5744193,129.3043519,149.1040280
,1163490.0000000,1732430.0000000,35.5744210,129.3042416,146.5000000
,1163480.0000000,1732430.0000000,35.5744226,129.3041313,146.5000000
,1163470.0000000,1732430.0000000,35.5744243,129.3040210,146.5000000
,1163460.0000000,1732430.0000000,35.5744259,129.3039106,146.5000000
,1163450.0000000,1732430.0000000,35.5744276,129.3038003,146.5000000
,1163440.0000000,1732430.0000000,35.5744292,129.3036900,146.5000000
,1163430.0000000,1732430.0000000,35.5744309,129.3035797,146.5000000
,1163420.0000000,1732430.0000000,35.5744325,129.3034694,146.5000000
,1163410.0000000,1732430.0000000,35.5744342,129.3033591,146.5000000
,1163400.0000000,1732430.0000000,35.5744358,129.3032488,146.3704648
,1163390.0000000,1732430.0000000,35.5744375,129.3031385,146.1743315
,1163380.0000000,1732430.0000000,35.5744391,129.3030282,143.0001181
,1163370.0000000,1732430.0000000,35.5744408,129.3029179,142.1422660
,1163360.0000000,1732430.0000000,35.5744424,129.3028076,141.7047903
,1163350.0000000,1732430.0000000,35.5744441,129.3026972,140.1249764
,1163340.0000000,1732430.0000000,35.5744457,129.3025869,138.5359085
,1163330.0000000,1732430.0000000,35.5744474,129.3024766,136.6081769
,1163320.0000000,1732430.0000000,35.5744490,129.3023663,135.3427564
,1163310.0000000,1732430.0000000,35.5744507,129.3022560,132.1450406
,1163300.0000000,1732430.0000000,35.5744523,129.3021457,130.5112393
,1163290.0000000,1732430.0000000,35.5744540,129.3020354,126.5102696
,1163280.0000000,1732430.0000000,35.5744556,129.3019251,123.1958582
,1163270.0000000,1732430.0000000,35.5744573,129.3018148,121.0714314
,1163260.0000000,1732430.0000000,35.5744589,129.3017045,118.2805540
,1163250.0000000,1732430.0000000,35.5744606,129.3015942,116.3676502
,1163240.0000000,1732430.0000000,35.5744622,129.3014838,115.6340582
,1163230.0000000,1732430.0000000,35.5744639,129.3013735,113.9802672
,1163220.0000000,1732430.0000000,35.5744655,129.3012632,112.0612855
,1163210.0000000,1732430.0000000,35.5744672,129.3011529,111.5217412
,1163200.0000000,1732430.0000000,35.5744688,129.3010426,111.8978353
,1163190.0000000,1732430.0000000,35.5744705,129.3009323,111.5000000
,1163180.0000000,1732430.0000000,35.5744721,129.3008220,111.5000000
,1163170.0000000,1732430.0000000,35.5744738,129.3007117,111.5000000
,1163160.0000000,1732430.0000000,35.5744754,129.3006014,111.5000000
,1163150.0000000,1732430.0000000,35.5744771,129.3004911,111.5000000
,1163140.0000000,1732430.0000000,35.5744787,129.3003807,111.5000000
,1163130.0000000,1732430.0000000,35.5744804,129.3002704,112.0637955
,1163120.0000000,1732430.0000000,35.5744820,129.3001601,117.8467345
,1163110.0000000,1732430.0000000,35.5744837,129.3000498,121.5353057
,1163100.0000000,1732430.0000000,35.5744853,129.2999395,123.5524554
,1163090.0000000,1732430.0000000,35.5744870,129.2998292,126.3933218
,1163080.0000000,1732430.0000000,35.5744886,129.2997189,126.5459151
,1163070.0000000,1732430.0000000,35.5744903,129.2996086,129.8446325
,1163060.0000000,1732430.0000000,35.5744919,129.2994983,131.5025487
,1163050.0000000,1732430.0000000,35.5744936,129.2993880,134.5911482
,1163040.0000000,1732430.0000000,35.5744952,129.2992777,137.3842181
,1163030.0000000,1732430.0000000,35.5744968,129.2991673,141.1196313
,1163020.0000000,1732430.0000000,35.5744985,129.2990570,142.6034917
,1163010.0000000,1732430.0000000,35.5745001,129.2989467,145.6985804
,1163000.0000000,1732430.0000000,35.5745018,129.2988364,146.9089536
,1163000.0000000,1732440.0000000,35.5745919,129.2988384,146.6539822
,1163010.0000000,1732440.0000000,35.5745903,129.2989487,144.2842028
,1163020.0000000,1732440.0000000,35.5745886,129.2990591,141.6471215
,1163030.0000000,1732440.0000000,35.5745870,129.2991694,141.0493313
,1163040.0000000,1732440.0000000,35.5745853,129.2992797,138.4645203
,1163050.0000000,1732440.0000000,35.5745837,129.2993900,136.5980726
,1163060.0000000,1732440.0000000,35.5745820,129.2995003,134.9431142
,1163070.0000000,1732440.0000000,35.5745804,129.2996106,132.1925467
,1163080.0000000,1732440.0000000,35.5745787,129.2997209,131.3191550
,1163090.0000000,1732440.0000000,35.5745771,129.2998312,129.2711318
,1163100.0000000,1732440.0000000,35.5745754,129.2999415,127.2054433
,1163110.0000000,1732440.0000000,35.5745738,129.3000518,124.9112497
,1163120.0000000,1732440.0000000,35.5745721,129.3001621,121.3173711
,1163130.0000000,1732440.0000000,35.5745705,129.3002725,114.2311308
,1163140.0000000,1732440.0000000,35.5745688,129.3003828,111.6419619
,1163150.0000000,1732440.0000000,35.5745672,129.3004931,111.5000000
,1163160.0000000,1732440.0000000,35.5745655,129.3006034,111.5000000
,1163170.0000000,1732440.0000000,35.5745639,129.3007137,111.5000000
,1163180.0000000,1732440.0000000,35.5745623,129.3008240,111.5000000
,1163190.0000000,1732440.0000000,35.5745606,129.3009343,111.5000000
,1163200.0000000,1732440.0000000,35.5745590,129.3010446,111.6839492
,1163210.0000000,1732440.0000000,35.5745573,129.3011549,111.7582920
,1163220.0000000,1732440.0000000,35.5745557,129.3012652,111.5519935
,1163230.0000000,1732440.0000000,35.5745540,129.3013756,111.8751481
,1163240.0000000,1732440.0000000,35.5745524,129.3014859,113.1105886
,1163250.0000000,1732440.0000000,35.5745507,129.3015962,115.2532422
,1163260.0000000,1732440.0000000,35.5745491,129.3017065,116.5271859
,1163270.0000000,1732440.0000000,35.5745474,129.3018168,118.7966250
,1163280.0000000,1732440.0000000,35.5745458,129.3019271,121.4414868
,1163290.0000000,1732440.0000000,35.5745441,129.3020374,125.1098660
,1163300.0000000,1732440.0000000,35.5745425,129.3021477,126.9907705
,1163310.0000000,1732440.0000000,35.5745408,129.3022580,131.0768050
,1163320.0000000,1732440.0000000,35.5745392,129.3023683,131.6449072
,1163330.0000000,1732440.0000000,35.5745375,129.3024786,133.8488910
,1163340.0000000,1732440.0000000,35.5745359,129.3025890,136.1192040
,1163350.0000000,1732440.0000000,35.5745342,129.3026993,136.5495374
,1163360.0000000,1732440.0000000,35.5745326,129.3028096,138.6639992
,1163370.0000000,1732440.0000000,35.5745309,129.3029199,140.4033425
,1163380.0000000,1732440.0000000,35.5745293,129.3030302,141.7246624
,1163390.0000000,1732440.0000000,35.5745276,129.3031405,143.9006191
,1163400.0000000,1732440.0000000,35.5745260,129.3032508,145.4630685
,1163410.0000000,1732440.0000000,35.5745243,129.3033611,146.3017934
,1163420.0000000,1732440.0000000,35.5745227,129.3034714,146.5000000
,1163430.0000000,1732440.0000000,35.5745210,129.3035817,146.5000000
,1163440.0000000,1732440.0000000,35.5745194,129.3036920,146.5000000
,1163450.0000000,1732440.0000000,35.5745177,129.3038024,146.5000000
,1163460.0000000,1732440.0000000,35.5745161,129.3039127,146.5000000
,1163470.0000000,1732440.0000000,35.5745144,129.3040230,146.5000000
,1163480.0000000,1732440.0000000,35.5745128,129.3041333,146.5000000
,1163490.0000000,1732440.0000000,35.5745111,129.3042436,147.6517242
,1163500.0000000,1732440.0000000,35.5745094,129.3043539,150.3633734
,1163510.0000000,1732440.0000000,35.5745078,129.3044642,151.5000000
,1163520.0000000,1732440.0000000,35.5745061,129.3045745,151.5000000
,1163530.0000000,1732440.0000000,35.5745045,129.3046848,151.5000000
,1163540.0000000,1732440.0000000,35.5745028,129.3047951,151.5000000
,1163550.0000000,1732440.0000000,35.5745012,129.3049054,152.3183168
,1163560.0000000,1732440.0000000,35.5744995,129.3050158,155.1173401
,1163570.0000000,1732440.0000000,35.5744979,129.3051261,156.3290267
,1163580.0000000,1732440.0000000,35.5744962,129.3052364,156.5000000
,1163590.0000000,1732440.0000000,35.5744946,129.3053467,156.5000000
,1163600.0000000,1732440.0000000,35.5744929,129.3054570,156.5000000
,1163610.0000000,1732440.0000000,35.5744913,129.3055673,156.5000000
,1163620.0000000,1732440.0000000,35.5744896,129.3056776,156.7092362
,1163630.0000000,1732440.0000000,35.5744880,129.3057879,157.5208860
,1163640.0000000,1732440.0000000,35.5744863,129.3058982,157.7171593
,1163650.0000000,1732440.0000000,35.5744847,129.3060085,157.9709356
,1163660.0000000,1732440.0000000,35.5744830,129.3061188,158.0772460
,1163670.0000000,1732440.0000000,35.5744814,129.3062292,157.9862912
,1163680.0000000,1732440.0000000,35.5744797,129.3063395,158.9706046
,1163690.0000000,1732440.0000000,35.5744781,129.3064498,159.3923034
,1163700.0000000,1732440.0000000,35.5744764,129.3065601,157.7165468
,1163710.0000000,1732440.0000000,35.5744747,129.3066704,157.8826545
,1163720.0000000,1732440.0000000,35.5744731,129.3067807,159.0426852
,1163730.0000000,1732440.0000000,35.5744714,129.3068910,160.9470561
,1163740.0000000,1732440.0000000,35.5744698,129.3070013,161.4571406
,1163750.0000000,1732440.0000000,35.5744681,129.3071116,161.5000000
,1163760.0000000,1732440.0000000,35.5744665,129.3072219,161.6285000
,1163770.0000000,1732440.0000000,35.5744648,129.3073322,161.8391159
,1163780.0000000,1732440.0000000,35.5744632,129.3074426,162.8628014
,1163790.0000000,1732440.0000000,35.5744615,129.3075529,164.6907320
,1163800.0000000,1732440.0000000,35.5744599,129.3076632,166.0345773
,1163810.0000000,1732440.0000000,35.5744582,129.3077735,166.3933285
,1163820.0000000,1732440.0000000,35.5744565,129.3078838,166.5302720
,1163830.0000000,1732440.0000000,35.5744549,129.3079941,166.5816573
,1163840.0000000,1732440.0000000,35.5744532,129.3081044,166.8440738
,1163850.0000000,1732440.0000000,35.5744516,129.3082147,166.5143831
,1163860.0000000,1732440.0000000,35.5744499,129.3083250,167.0762671
,1163870.0000000,1732440.0000000,35.5744483,129.3084353,167.7021987
,1163880.0000000,1732440.0000000,35.5744466,129.3085456,168.9437008
,1163890.0000000,1732440.0000000,35.5744450,129.3086559,170.3157603
,1163900.0000000,1732440.0000000,35.5744433,129.3087663,170.7505841
,1163910.0000000,1732440.0000000,35.5744416,129.3088766,171.1821263
,1163920.0000000,1732440.0000000,35.5744400,129.3089869,171.3110526
,1163930.0000000,1732440.0000000,35.5744383,129.3090972,171.3768625
,1163940.0000000,1732440.0000000,35.5744367,129.3092075,171.2623664
,1163950.0000000,1732440.0000000,35.5744350,129.3093178,170.4456229
,1163960.0000000,1732440.0000000,35.5744334,129.3094281,168.8284893
,1163970.0000000,1732440.0000000,35.5744317,129.3095384,170.7722489
,1163980.0000000,1732440.0000000,35.5744301,129.3096487,169.9003322
,1163990.0000000,1732440.0000000,35.5744284,129.3097590,168.3331851
,1164000.0000000,1732440.0000000,35.5744267,129.3098693,166.8550420
,1164000.0000000,1732450.0000000,35.5745169,129.3098714,168.5571166
,1163990.0000000,1732450.0000000,35.5745185,129.3097611,170.5432646
,1163980.0000000,1732450.0000000,35.5745202,129.3096508,171.2374048
,1163970.0000000,1732450.0000000,35.5745218,129.3095404,171.0794739
,1163960.0000000,1732450.0000000,35.5745235,129.3094301,170.5448345
,1163950.0000000,1732450.0000000,35.5745251,129.3093198,171.4181321
,1163940.0000000,1732450.0000000,35.5745268,129.3092095,171.2430012
,1163930.0000000,1732450.0000000,35.5745285,129.3090992,171.4831668
,1163920.0000000,1732450.0000000,35.5745301,129.3089889,171.4560564
,1163910.0000000,1732450.0000000,35.5745318,129.3088786,171.4267476
,1163900.0000000,1732450.0000000,35.5745334,129.3087683,171.3759777
,1163890.0000000,1732450.0000000,35.5745351,129.3086580,171.4844905
,1163880.0000000,1732450.0000000,35.5745367,129.3085477,171.0262167
,1163870.0000000,1732450.0000000,35.5745384,129.3084374,170.5137514
,1163860.0000000,1732450.0000000,35.5745400,129.3083270,170.2726408
,1163850.0000000,1732450.0000000,35.5745417,129.3082167,169.6423154
,1163840.0000000,1732450.0000000,35.5745434,129.3081064,168.0700917
,1163830.0000000,1732450.0000000,35.5745450,129.3079961,166.7325136
,1163820.0000000,1732450.0000000,35.5745467,129.3078858,166.7488190
,1163810.0000000,1732450.0000000,35.5745483,129.3077755,166.5050216
,1163800.0000000,1732450.0000000,35.5745500,129.3076652,166.5000000
,1163790.0000000,1732450.0000000,35.5745516,129.3075549,165.7136388
,1163780.0000000,1732450.0000000,35.5745533,129.3074446,164.0169417
,1163770.0000000,1732450.0000000,35.5745549,129.3073343,162.2147106
,1163760.0000000,1732450.0000000,35.5745566,129.3072240,161.5472017
,1163750.0000000,1732450.0000000,35.5745582,129.3071136,161.5000000
,1163740.0000000,1732450.0000000,35.5745599,129.3070033,161.5000000
,1163730.0000000,1732450.0000000,35.5745616,129.3068930,161.5000000
,1163720.0000000,1732450.0000000,35.5745632,129.3067827,160.9764086
,1163710.0000000,1732450.0000000,35.5745649,129.3066724,159.9155614
,1163700.0000000,1732450.0000000,35.5745665,129.3065621,159.4282993
,1163690.0000000,1732450.0000000,35.5745682,129.3064518,160.2501008
,1163680.0000000,1732450.0000000,35.5745698,129.3063415,161.4144448
,1163670.0000000,1732450.0000000,35.5745715,129.3062312,160.0858437
,1163660.0000000,1732450.0000000,35.5745731,129.3061209,159.9214701
,1163650.0000000,1732450.0000000,35.5745748,129.3060106,160.0396316
,1163640.0000000,1732450.0000000,35.5745764,129.3059003,160.0206042
,1163630.0000000,1732450.0000000,35.5745781,129.3057899,159.6330189
,1163620.0000000,1732450.0000000,35.5745797,129.3056796,158.5926397
,1163610.0000000,1732450.0000000,35.5745814,129.3055693,157.7086673
,1163600.0000000,1732450.0000000,35.5745830,129.3054590,156.5962495
,1163590.0000000,1732450.0000000,35.5745847,129.3053487,156.5000000
,1163580.0000000,1732450.0000000,35.5745864,129.3052384,156.5000000
,1163570.0000000,1732450.0000000,35.5745880,129.3051281,156.5000000
,1163560.0000000,1732450.0000000,35.5745897,129.3050178,156.3433240
,1163550.0000000,1732450.0000000,35.5745913,129.3049075,154.9807596
,1163540.0000000,1732450.0000000,35.5745930,129.3047972,152.0707990
,1163530.0000000,1732450.0000000,35.5745946,129.3046868,151.5000000
,1163520.0000000,1732450.0000000,35.5745963,129.3045765,151.5000000
,1163510.0000000,1732450.0000000,35.5745979,129.3044662,151.5000000
,1163500.0000000,1732450.0000000,35.5745996,129.3043559,150.7468132
,1163490.0000000,1732450.0000000,35.5746012,129.3042456,147.7154821
,1163480.0000000,1732450.0000000,35.5746029,129.3041353,146.5000000
,1163470.0000000,1732450.0000000,35.5746045,129.3040250,146.5000000
,1163460.0000000,1732450.0000000,35.5746062,129.3039147,146.5000000
,1163450.0000000,1732450.0000000,35.5746078,129.3038044,146.5000000
,1163440.0000000,1732450.0000000,35.5746095,129.3036941,146.5000000
,1163430.0000000,1732450.0000000,35.5746111,129.3035838,146.2348034
,1163420.0000000,1732450.0000000,35.5746128,129.3034734,145.6923089
,1163410.0000000,1732450.0000000,35.5746144,129.3033631,143.9578855
,1163400.0000000,1732450.0000000,35.5746161,129.3032528,142.5247826
,1163390.0000000,1732450.0000000,35.5746177,129.3031425,141.5076702
,1163380.0000000,1732450.0000000,35.5746194,129.3030322,140.2952412
,1163370.0000000,1732450.0000000,35.5746210,129.3029219,137.1913167
,1163360.0000000,1732450.0000000,35.5746227,129.3028116,136.2999696
,1163350.0000000,1732450.0000000,35.5746243,129.3027013,134.8973787
,1163340.0000000,1732450.0000000,35.5746260,129.3025910,132.3348704
,1163330.0000000,1732450.0000000,35.5746276,129.3024807,131.3915261
,1163320.0000000,1732450.0000000,35.5746293,129.3023704,129.8519147
,1163310.0000000,1732450.0000000,35.5746309,129.3022600,126.1653974
,1163300.0000000,1732450.0000000,35.5746326,129.3021497,124.7997219
,1163290.0000000,1732450.0000000,35.5746342,129.3020394,121.4542082
,1163280.0000000,1732450.0000000,35.5746359,129.3019291,118.8335649
,1163270.0000000,1732450.0000000,35.5746375,129.3018188,116.8720099
,1163260.0000000,1732450.0000000,35.5746392,129.3017085,115.8851273
,1163250.0000000,1732450.0000000,35.5746408,129.3015982,112.8312126
,1163240.0000000,1732450.0000000,35.5746425,129.3014879,111.6288725
,1163230.0000000,1732450.0000000,35.5746441,129.3013776,111.5237774
,1163220.0000000,1732450.0000000,35.5746458,129.3012673,111.5000000
,1163210.0000000,1732450.0000000,35.5746474,129.3011570,111.5000000
,1163200.0000000,1732450.0000000,35.5746491,129.3010466,111.5000000
,1163190.0000000,1732450.0000000,35.5746507,129.3009363,111.5000000
,1163180.0000000,1732450.0000000,35.5746524,129.3008260,111.5000000
,1163170.0000000,1732450.0000000,35.5746540,129.3007157,111.5000000
,1163160.0000000,1732450.0000000,35.5746557,129.3006054,111.5000000
,1163150.0000000,1732450.0000000,35.5746573,129.3004951,111.5000000
,1163140.0000000,1732450.0000000,35.5746590,129.3003848,111.5994672
,1163130.0000000,1732450.0000000,35.5746606,129.3002745,114.8055668
,1163120.0000000,1732450.0000000,35.5746623,129.3001642,121.7566487
,1163110.0000000,1732450.0000000,35.5746639,129.3000539,126.6578674
,1163100.0000000,1732450.0000000,35.5746656,129.2999435,131.2707955
,1163090.0000000,1732450.0000000,35.5746672,129.2998332,132.5146203
,1163080.0000000,1732450.0000000,35.5746689,129.2997229,136.2054956
,1163070.0000000,1732450.0000000,35.5746705,129.2996126,136.9421716
,1163060.0000000,1732450.0000000,35.5746721,129.2995023,139.4136538
,1163050.0000000,1732450.0000000,35.5746738,129.2993920,140.5014673
,1163040.0000000,1732450.0000000,35.5746754,129.2992817,140.9380931
,1163030.0000000,1732450.0000000,35.5746771,129.2991714,141.5752586
,1163020.0000000,1732450.0000000,35.5746787,129.2990611,142.1432155
,1163010.0000000,1732450.0000000,35.5746804,129.2989508,144.7046045
,1163000.0000000,1732450.0000000,35.5746820,129.2988404,146.6677674
,1163000.0000000,1732460.0000000,35.5747721,129.2988425,147.4910172
,1163010.0000000,1732460.0000000,35.5747705,129.2989528,146.7147364
,1163020.0000000,1732460.0000000,35.5747689,129.2990631,145.4708396
,1163030.0000000,1732460.0000000,35.5747672,129.2991734,144.6646536
,1163040.0000000,1732460.0000000,35.5747656,129.2992837,142.6727942
,1163050.0000000,1732460.0000000,35.5747639,129.2993940,141.4255105
,1163060.0000000,1732460.0000000,35.5747623,129.2995043,141.0678919
,1163070.0000000,1732460.0000000,35.5747606,129.2996146,140.7068571
,1163080.0000000,1732460.0000000,35.5747590,129.2997249,139.5624467
,1163090.0000000,1732460.0000000,35.5747573,129.2998353,136.3370724
,1163100.0000000,1732460.0000000,35.5747557,129.2999456,131.6518054
,1163110.0000000,1732460.0000000,35.5747540,129.3000559,127.2245322
,1163120.0000000,1732460.0000000,35.5747524,129.3001662,121.5905833
,1163130.0000000,1732460.0000000,35.5747507,129.3002765,116.4366389
,1163140.0000000,1732460.0000000,35.5747491,129.3003868,112.2836549
,1163150.0000000,1732460.0000000,35.5747474,129.3004971,112.1417186
,1163160.0000000,1732460.0000000,35.5747458,129.3006074,112.1104059
,1163170.0000000,1732460.0000000,35.5747441,129.3007177,111.5000000
,1163180.0000000,1732460.0000000,35.5747425,129.3008280,111.5000000
,1163190.0000000,1732460.0000000,35.5747408,129.3009383,111.5000000
,1163200.0000000,1732460.0000000,35.5747392,129.3010487,111.5000000
,1163210.0000000,1732460.0000000,35.5747375,129.3011590,111.5000000
,1163220.0000000,1732460.0000000,35.5747359,129.3012693,111.5000000
,1163230.0000000,1732460.0000000,35.5747342,129.3013796,111.5000000
,1163240.0000000,1732460.0000000,35.5747326,129.3014899,111.5000000
,1163250.0000000,1732460.0000000,35.5747310,129.3016002,111.7926318
,1163260.0000000,1732460.0000000,35.5747293,129.3017105,113.3121774
,1163270.0000000,1732460.0000000,35.5747277,129.3018208,116.9928014
,1163280.0000000,1732460.0000000,35.5747260,129.3019311,116.8703907
,1163290.0000000,1732460.0000000,35.5747244,129.3020414,117.4692723
,1163300.0000000,1732460.0000000,35.5747227,129.3021518,121.9545144
,1163310.0000000,1732460.0000000,35.5747211,129.3022621,122.2229246
,1163320.0000000,1732460.0000000,35.5747194,129.3023724,125.9577585
,1163330.0000000,1732460.0000000,35.5747178,129.3024827,127.5319091
,1163340.0000000,1732460.0000000,35.5747161,129.3025930,130.7528995
,1163350.0000000,1732460.0000000,35.5747145,129.3027033,131.7139992
,1163360.0000000,1732460.0000000,35.5747128,129.3028136,133.2841729
,1163370.0000000,1732460.0000000,35.5747112,129.3029239,136.1307646
,1163380.0000000,1732460.0000000,35.5747095,129.3030342,137.1324331
,1163390.0000000,1732460.0000000,35.5747079,129.3031445,140.1277155
,1163400.0000000,1732460.0000000,35.5747062,129.3032548,141.4711842
,1163410.0000000,1732460.0000000,35.5747046,129.3033652,141.7282226
,1163420.0000000,1732460.0000000,35.5747029,129.3034755,142.5877256
,1163430.0000000,1732460.0000000,35.5747013,129.3035858,143.9651833
,1163440.0000000,1732460.0000000,35.5746996,129.3036961,145.7384129
,1163450.0000000,1732460.0000000,35.5746979,129.3038064,146.5000000
,1163460.0000000,1732460.0000000,35.5746963,129.3039167,146.5000000
,1163470.0000000,1732460.0000000,35.5746946,129.3040270,146.5000000
,1163480.0000000,1732460.0000000,35.5746930,129.3041373,146.5736696
,1163490.0000000,1732460.0000000,35.5746913,129.3042476,146.7956344
,1163500.0000000,1732460.0000000,35.5746897,129.3043579,150.8530147
,1163510.0000000,1732460.0000000,35.5746880,129.3044683,151.5000000
,1163520.0000000,1732460.0000000,35.5746864,129.3045786,151.5000000
,1163530.0000000,1732460.0000000,35.5746847,129.3046889,151.5000000
,1163540.0000000,1732460.0000000,35.5746831,129.3047992,153.0713452
,1163550.0000000,1732460.0000000,35.5746814,129.3049095,156.2797924
,1163560.0000000,1732460.0000000,35.5746798,129.3050198,156.5000000
,1163570.0000000,1732460.0000000,35.5746781,129.3051301,156.5000000
,1163580.0000000,1732460.0000000,35.5746765,129.3052404,156.5000000
,1163590.0000000,1732460.0000000,35.5746748,129.3053507,156.5000000
,1163600.0000000,1732460.0000000,35.5746732,129.3054610,158.0549570
,1163610.0000000,1732460.0000000,35.5746715,129.3055713,160.4892683
,1163620.0000000,1732460.0000000,35.5746699,129.3056817,161.2622884
,1163630.0000000,1732460.0000000,35.5746682,129.3057920,161.1686450
,1163640.0000000,1732460.0000000,35.5746666,129.3059023,161.4212471
,1163650.0000000,1732460.0000000,35.5746649,129.3060126,161.2543428
,1163660.0000000,1732460.0000000,35.5746633,129.3061229,161.1248631
,1163670.0000000,1732460.0000000,35.5746616,129.3062332,161.4072343
,1163680.0000000,1732460.0000000,35.5746599,129.3063435,161.2567832
,1163690.0000000,1732460.0000000,35.5746583,129.3064538,161.1517355
,1163700.0000000,1732460.0000000,35.5746566,129.3065641,161.2833630
,1163710.0000000,1732460.0000000,35.5746550,129.3066744,161.5000000
,1163720.0000000,1732460.0000000,35.5746533,129.3067847,161.5000000
,1163730.0000000,1732460.0000000,35.5746517,129.3068951,161.5000000
,1163740.0000000,1732460.0000000,35.5746500,129.3070054,161.5000000
,1163750.0000000,1732460.0000000,35.5746484,129.3071157,161.5000000
,1163760.0000000,1732460.0000000,35.5746467,129.3072260,161.9085266
,1163770.0000000,1732460.0000000,35.5746451,129.3073363,163.1101469
,1163780.0000000,1732460.0000000,35.5746434,129.3074466,165.4705820
,1163790.0000000,1732460.0000000,35.5746418,129.3075569,166.4546680
,1163800.0000000,1732460.0000000,35.5746401,129.3076672,166.5834389
,1163810.0000000,1732460.0000000,35.5746384,129.3077775,166.5561169
,1163820.0000000,1732460.0000000,35.5746368,129.3078878,167.4423109
,1163830.0000000,1732460.0000000,35.5746351,129.3079981,169.1759150
,1163840.0000000,1732460.0000000,35.5746335,129.3081085,170.7764560
,1163850.0000000,1732460.0000000,35.5746318,129.3082188,170.7822265
,1163860.0000000,1732460.0000000,35.5746302,129.3083291,171.0899817
,1163870.0000000,1732460.0000000,35.5746285,129.3084394,171.2802609
,1163880.0000000,1732460.0000000,35.5746269,129.3085497,171.3965067
,1163890.0000000,1732460.0000000,35.5746252,129.3086600,171.3920876
,1163900.0000000,1732460.0000000,35.5746235,129.3087703,171.4571312
,1163910.0000000,1732460.0000000,35.5746219,129.3088806,171.5000000
,1163920.0000000,1732460.0000000,35.5746202,129.3089909,171.5000000
,1163930.0000000,1732460.0000000,35.5746186,129.3091012,171.3764210
,1163940.0000000,1732460.0000000,35.5746169,129.3092115,171.2861265
,1163950.0000000,1732460.0000000,35.5746153,129.3093219,171.2352228
,1163960.0000000,1732460.0000000,35.5746136,129.3094322,171.1000540
,1163970.0000000,1732460.0000000,35.5746120,129.3095425,171.2808618
,1163980.0000000,1732460.0000000,35.5746103,129.3096528,171.4177055
,1163990.0000000,1732460.0000000,35.5746086,129.3097631,171.3964416
,1164000.0000000,1732460.0000000,35.5746070,129.3098734,170.7443128
,1164000.0000000,1732470.0000000,35.5746971,129.3098754,171.3279608
,1163990.0000000,1732470.0000000,35.5746988,129.3097651,171.4885440
,1163980.0000000,1732470.0000000,35.5747004,129.3096548,171.5000000
,1163970.0000000,1732470.0000000,35.5747021,129.3095445,171.5000000
,1163960.0000000,1732470.0000000,35.5747037,129.3094342,171.5000000
,1163950.0000000,1732470.0000000,35.5747054,129.3093239,171.5000000
,1163940.0000000,1732470.0000000,35.5747070,129.3092136,171.4280021
,1163930.0000000,1732470.0000000,35.5747087,129.3091033,171.5000000
,1163920.0000000,1732470.0000000,35.5747104,129.3089930,171.5000000
,1163910.0000000,1732470.0000000,35.5747120,129.3088826,171.5000000
,1163900.0000000,1732470.0000000,35.5747137,129.3087723,171.5000000
,1163890.0000000,1732470.0000000,35.5747153,129.3086620,171.4169607
,1163880.0000000,1732470.0000000,35.5747170,129.3085517,171.4669406
,1163870.0000000,1732470.0000000,35.5747186,129.3084414,171.4657384
,1163860.0000000,1732470.0000000,35.5747203,129.3083311,171.2508812
,1163850.0000000,1732470.0000000,35.5747219,129.3082208,171.1261672
,1163840.0000000,1732470.0000000,35.5747236,129.3081105,171.4390024
,1163830.0000000,1732470.0000000,35.5747253,129.3080002,170.8402895
,1163820.0000000,1732470.0000000,35.5747269,129.3078899,169.4505473
,1163810.0000000,1732470.0000000,35.5747286,129.3077796,167.6425818
,1163800.0000000,1732470.0000000,35.5747302,129.3076692,166.7746132
,1163790.0000000,1732470.0000000,35.5747319,129.3075589,166.5219298
,1163780.0000000,1732470.0000000,35.5747335,129.3074486,166.0949900
,1163770.0000000,1732470.0000000,35.5747352,129.3073383,164.7689988
,1163760.0000000,1732470.0000000,35.5747368,129.3072280,163.3361754
,1163750.0000000,1732470.0000000,35.5747385,129.3071177,161.8194792
,1163740.0000000,1732470.0000000,35.5747401,129.3070074,161.5000000
,1163730.0000000,1732470.0000000,35.5747418,129.3068971,161.5000000
,1163720.0000000,1732470.0000000,35.5747435,129.3067868,161.5000000
,1163710.0000000,1732470.0000000,35.5747451,129.3066765,161.5000000
,1163700.0000000,1732470.0000000,35.5747468,129.3065662,161.5000000
,1163690.0000000,1732470.0000000,35.5747484,129.3064558,161.5000000
,1163680.0000000,1732470.0000000,35.5747501,129.3063455,161.5000000
,1163670.0000000,1732470.0000000,35.5747517,129.3062352,161.5000000
,1163660.0000000,1732470.0000000,35.5747534,129.3061249,161.5000000
,1163650.0000000,1732470.0000000,35.5747550,129.3060146,161.5000000
,1163640.0000000,1732470.0000000,35.5747567,129.3059043,161.4452489
,1163630.0000000,1732470.0000000,35.5747583,129.3057940,161.4345787
,1163620.0000000,1732470.0000000,35.5747600,129.3056837,161.2895735
,1163610.0000000,1732470.0000000,35.5747616,129.3055734,161.2835071
,1163600.0000000,1732470.0000000,35.5747633,129.3054631,160.3760749
,1163590.0000000,1732470.0000000,35.5747649,129.3053528,158.4790290
,1163580.0000000,1732470.0000000,35.5747666,129.3052424,156.8275074
,1163570.0000000,1732470.0000000,35.5747682,129.3051321,156.5000000
,1163560.0000000,1732470.0000000,35.5747699,129.3050218,156.5000000
,1163550.0000000,1732470.0000000,35.5747716,129.3049115,156.0578801
,1163540.0000000,1732470.0000000,35.5747732,129.3048012,153.8081123
,1163530.0000000,1732470.0000000,35.5747749,129.3046909,151.7944901
,1163520.0000000,1732470.0000000,35.5747765,129.3045806,151.5000000
,1163510.0000000,1732470.0000000,35.5747782,129.3044703,151.5000000
,1163500.0000000,1732470.0000000,35.5747798,129.3043600,150.9584589
,1163490.0000000,1732470.0000000,35.5747815,129.3042497,147.1342820
,1163480.0000000,1732470.0000000,35.5747831,129.3041393,146.5422778
,1163470.0000000,1732470.0000000,35.5747848,129.3040290,146.5000000
,1163460.0000000,1732470.0000000,35.5747864,129.3039187,146.5000000
,1163450.0000000,1732470.0000000,35.5747881,129.3038084,146.4049866
,1163440.0000000,1732470.0000000,35.5747897,129.3036981,144.9758070
,1163430.0000000,1732470.0000000,35.5747914,129.3035878,142.6918282
,1163420.0000000,1732470.0000000,35.5747930,129.3034775,141.6324725
,1163410.0000000,1732470.0000000,35.5747947,129.3033672,141.5000000
,1163400.0000000,1732470.0000000,35.5747963,129.3032569,141.0852090
,1163390.0000000,1732470.0000000,35.5747980,129.3031466,138.5804272
,1163380.0000000,1732470.0000000,35.5747996,129.3030363,136.7225556
,1163370.0000000,1732470.0000000,35.5748013,129.3029259,135.9342383
,1163360.0000000,1732470.0000000,35.5748029,129.3028156,132.8169231
,1163350.0000000,1732470.0000000,35.5748046,129.3027053,131.4474375
,1163340.0000000,1732470.0000000,35.5748062,129.3025950,129.4165374
,1163330.0000000,1732470.0000000,35.5748079,129.3024847,126.7914243
,1163320.0000000,1732470.0000000,35.5748095,129.3023744,123.7436856
,1163310.0000000,1732470.0000000,35.5748112,129.3022641,121.5525527
,1163300.0000000,1732470.0000000,35.5748128,129.3021538,120.2954605
,1163290.0000000,1732470.0000000,35.5748145,129.3020435,116.5854380
,1163280.0000000,1732470.0000000,35.5748161,129.3019332,116.5000000
,1163270.0000000,1732470.0000000,35.5748178,129.3018228,116.2923330
,1163260.0000000,1732470.0000000,35.5748194,129.3017125,111.8071711
,1163250.0000000,1732470.0000000,35.5748211,129.3016022,111.5000000
,1163240.0000000,1732470.0000000,35.5748227,129.3014919,111.5000000
,1163230.0000000,1732470.0000000,35.5748244,129.3013816,111.5000000
,1163220.0000000,1732470.0000000,35.5748260,129.3012713,111.5000000
,1163210.0000000,1732470.0000000,35.5748277,129.3011610,111.5000000
,1163200.0000000,1732470.0000000,35.5748293,129.3010507,111.5000000
,1163190.0000000,1732470.0000000,35.5748310,129.3009404,111.5000000
,1163180.0000000,1732470.0000000,35.5748326,129.3008301,112.0361639
,1163170.0000000,1732470.0000000,35.5748343,129.3007197,112.4014681
,1163160.0000000,1732470.0000000,35.5748359,129.3006094,112.5860562
,1163150.0000000,1732470.0000000,35.5748376,129.3004991,112.7149181
,1163140.0000000,1732470.0000000,35.5748392,129.3003888,114.8641826
,1163130.0000000,1732470.0000000,35.5748409,129.3002785,118.0128262
,1163120.0000000,1732470.0000000,35.5748425,129.3001682,122.1068268
,1163110.0000000,1732470.0000000,35.5748442,129.3000579,127.0286402
,1163100.0000000,1732470.0000000,35.5748458,129.2999476,132.0370420
,1163090.0000000,1732470.0000000,35.5748474,129.2998373,137.4472236
,1163080.0000000,1732470.0000000,35.5748491,129.2997270,141.2968935
,1163070.0000000,1732470.0000000,35.5748507,129.2996166,144.4116820
,1163060.0000000,1732470.0000000,35.5748524,129.2995063,145.5026450
,1163050.0000000,1732470.0000000,35.5748540,129.2993960,146.3704638
,1163040.0000000,1732470.0000000,35.5748557,129.2992857,146.8323841
,1163030.0000000,1732470.0000000,35.5748573,129.2991754,147.5318595
,1163020.0000000,1732470.0000000,35.5748590,129.2990651,150.4069721
,1163010.0000000,1732470.0000000,35.5748606,129.2989548,151.3585349
,1163000.0000000,1732470.0000000,35.5748623,129.2988445,151.7610501
,1163000.0000000,1732480.0000000,35.5749524,129.2988465,154.9952302
,1163010.0000000,1732480.0000000,35.5749507,129.2989568,152.7305462
,1163020.0000000,1732480.0000000,35.5749491,129.2990671,151.6662608
,1163030.0000000,1732480.0000000,35.5749475,129.2991774,151.4366628
,1163040.0000000,1732480.0000000,35.5749458,129.2992877,150.5213609
,1163050.0000000,1732480.0000000,35.5749442,129.2993980,149.1699892
,1163060.0000000,1732480.0000000,35.5749425,129.2995084,147.0348913
,1163070.0000000,1732480.0000000,35.5749409,129.2996187,146.2610976
,1163080.0000000,1732480.0000000,35.5749392,129.2997290,144.5531344
,1163090.0000000,1732480.0000000,35.5749376,129.2998393,141.2884872
,1163100.0000000,1732480.0000000,35.5749359,129.2999496,135.8361787
,1163110.0000000,1732480.0000000,35.5749343,129.3000599,130.3723062
,1163120.0000000,1732480.0000000,35.5749326,129.3001702,124.9834787
,1163130.0000000,1732480.0000000,35.5749310,129.3002805,119.0769321
,1163140.0000000,1732480.0000000,35.5749293,129.3003908,113.7047564
,1163150.0000000,1732480.0000000,35.5749277,129.3005011,112.7553083
,1163160.0000000,1732480.0000000,35.5749260,129.3006115,112.5394071
,1163170.0000000,1732480.0000000,35.5749244,129.3007218,112.2374856
,1163180.0000000,1732480.0000000,35.5749227,129.3008321,111.8816954
,1163190.0000000,1732480.0000000,35.5749211,129.3009424,111.5000000
,1163200.0000000,1732480.0000000,35.5749194,129.3010527,111.5000000
,1163210.0000000,1732480.0000000,35.5749178,129.3011630,111.5000000
,1163220.0000000,1732480.0000000,35.5749161,129.3012733,111.5000000
,1163230.0000000,1732480.0000000,35.5749145,129.3013836,111.5000000
,1163240.0000000,1732480.0000000,35.5749128,129.3014939,111.5000000
,1163250.0000000,1732480.0000000,35.5749112,129.3016042,111.5000000
,1163260.0000000,1732480.0000000,35.5749095,129.3017146,111.6059575
,1163270.0000000,1732480.0000000,35.5749079,129.3018249,114.6324799
,1163280.0000000,1732480.0000000,35.5749062,129.3019352,116.5000000
,1163290.0000000,1732480.0000000,35.5749046,129.3020455,116.5000000
,1163300.0000000,1732480.0000000,35.5749029,129.3021558,118.4834096
,1163310.0000000,1732480.0000000,35.5749013,129.3022661,121.5832182
,1163320.0000000,1732480.0000000,35.5748996,129.3023764,122.2605962
,1163330.0000000,1732480.0000000,35.5748980,129.3024867,127.0241802
,1163340.0000000,1732480.0000000,35.5748963,129.3025970,130.6326344
,1163350.0000000,1732480.0000000,35.5748947,129.3027073,131.3188773
,1163360.0000000,1732480.0000000,35.5748930,129.3028177,135.1290733
,1163370.0000000,1732480.0000000,35.5748914,129.3029280,136.4942498
,1163380.0000000,1732480.0000000,35.5748897,129.3030383,136.5011311
,1163390.0000000,1732480.0000000,35.5748881,129.3031486,138.1876428
,1163400.0000000,1732480.0000000,35.5748864,129.3032589,141.2220406
,1163410.0000000,1732480.0000000,35.5748848,129.3033692,141.4935414
,1163420.0000000,1732480.0000000,35.5748831,129.3034795,141.5628248
,1163430.0000000,1732480.0000000,35.5748815,129.3035898,142.9822877
,1163440.0000000,1732480.0000000,35.5748798,129.3037001,145.4304230
,1163450.0000000,1732480.0000000,35.5748782,129.3038104,146.4427707
,1163460.0000000,1732480.0000000,35.5748765,129.3039207,146.5000000
,1163470.0000000,1732480.0000000,35.5748749,129.3040311,146.5000000
,1163480.0000000,1732480.0000000,35.5748732,129.3041414,146.5012425
,1163490.0000000,1732480.0000000,35.5748716,129.3042517,147.4700068
,1163500.0000000,1732480.0000000,35.5748699,129.3043620,150.9778346
,1163510.0000000,1732480.0000000,35.5748683,129.3044723,151.5000000
,1163520.0000000,1732480.0000000,35.5748666,129.3045826,151.5000000
,1163530.0000000,1732480.0000000,35.5748650,129.3046929,152.2847281
,1163540.0000000,1732480.0000000,35.5748633,129.3048032,155.2984538
,1163550.0000000,1732480.0000000,35.5748617,129.3049135,156.3767772
,1163560.0000000,1732480.0000000,35.5748600,129.3050238,156.5000000
,1163570.0000000,1732480.0000000,35.5748584,129.3051342,157.1325729
,1163580.0000000,1732480.0000000,35.5748567,129.3052445,158.3932275
,1163590.0000000,1732480.0000000,35.5748551,129.3053548,160.3698085
,1163600.0000000,1732480.0000000,35.5748534,129.3054651,161.4453878
,1163610.0000000,1732480.0000000,35.5748518,129.3055754,161.4806487
,1163620.0000000,1732480.0000000,35.5748501,129.3056857,161.5000000
,1163630.0000000,1732480.0000000,35.5748485,129.3057960,161.5000000
,1163640.0000000,1732480.0000000,35.5748468,129.3059063,161.5000000
,1163650.0000000,1732480.0000000,35.5748451,129.3060166,161.5000000
,1163660.0000000,1732480.0000000,35.5748435,129.3061269,161.5000000
,1163670.0000000,1732480.0000000,35.5748418,129.3062372,161.5000000
,1163680.0000000,1732480.0000000,35.5748402,129.3063476,161.5000000
,1163690.0000000,1732480.0000000,35.5748385,129.3064579,161.5000000
,1163700.0000000,1732480.0000000,35.5748369,129.3065682,161.5000000
,1163710.0000000,1732480.0000000,35.5748352,129.3066785,161.5000000
,1163720.0000000,1732480.0000000,35.5748336,129.3067888,161.5000000
,1163730.0000000,1732480.0000000,35.5748319,129.3068991,161.6567171
,1163740.0000000,1732480.0000000,35.5748303,129.3070094,162.1753084
,1163750.0000000,1732480.0000000,35.5748286,129.3071197,163.6875145
,1163760.0000000,1732480.0000000,35.5748270,129.3072300,165.1552302
,1163770.0000000,1732480.0000000,35.5748253,129.3073403,166.2394384
,1163780.0000000,1732480.0000000,35.5748236,129.3074507,166.7783127
,1163790.0000000,1732480.0000000,35.5748220,129.3075610,166.8683305
,1163800.0000000,1732480.0000000,35.5748203,129.3076713,166.8956431
,1163810.0000000,1732480.0000000,35.5748187,129.3077816,170.0221819
,1163820.0000000,1732480.0000000,35.5748170,129.3078919,171.0512112
,1163830.0000000,1732480.0000000,35.5748154,129.3080022,171.2761509
,1163840.0000000,1732480.0000000,35.5748137,129.3081125,171.5000000
,1163850.0000000,1732480.0000000,35.5748121,129.3082228,171.5000000
,1163860.0000000,1732480.0000000,35.5748104,129.3083331,171.3542977
,1163870.0000000,1732480.0000000,35.5748088,129.3084434,171.4255599
,1163880.0000000,1732480.0000000,35.5748071,129.3085537,171.5000000
,1163890.0000000,1732480.0000000,35.5748054,129.3086641,171.5000000
,1163900.0000000,1732480.0000000,35.5748038,129.3087744,171.5000000
,1163910.0000000,1732480.0000000,35.5748021,129.3088847,171.5000000
,1163920.0000000,1732480.0000000,35.5748005,129.3089950,171.5000000
,1163930.0000000,1732480.0000000,35.5747988,129.3091053,171.5000000
,1163940.0000000,1732480.0000000,35.5747972,129.3092156,171.5000000
,1163950.0000000,1732480.0000000,35.5747955,129.3093259,171.5000000
,1163960.0000000,1732480.0000000,35.5747939,129.3094362,171.5000000
,1163970.0000000,1732480.0000000,35.5747922,129.3095465,171.5000000
,1163980.0000000,1732480.0000000,35.5747905,129.3096568,171.5000000
,1163990.0000000,1732480.0000000,35.5747889,129.3097671,171.5000000
,1164000.0000000,1732480.0000000,35.5747872,129.3098775,171.5000000
,1164000.0000000,1732490.0000000,35.5748773,129.3098795,171.5000000
,1163990.0000000,1732490.0000000,35.5748790,129.3097692,171.5000000
,1163980.0000000,1732490.0000000,35.5748807,129.3096589,171.5000000
,1163970.0000000,1732490.0000000,35.5748823,129.3095486,171.6843377
,1163960.0000000,1732490.0000000,35.5748840,129.3094382,172.0120419
,1163950.0000000,1732490.0000000,35.5748856,129.3093279,171.9356316
,1163940.0000000,1732490.0000000,35.5748873,129.3092176,172.4784512
,1163930.0000000,1732490.0000000,35.5748889,129.3091073,172.3519752
,1163920.0000000,1732490.0000000,35.5748906,129.3089970,171.5000000
,1163910.0000000,1732490.0000000,35.5748923,129.3088867,171.5000000
,1163900.0000000,1732490.0000000,35.5748939,129.3087764,171.5000000
,1163890.0000000,1732490.0000000,35.5748956,129.3086661,171.5000000
,1163880.0000000,1732490.0000000,35.5748972,129.3085558,171.5000000
,1163870.0000000,1732490.0000000,35.5748989,129.3084455,171.5000000
,1163860.0000000,1732490.0000000,35.5749005,129.3083352,171.5000000
,1163850.0000000,1732490.0000000,35.5749022,129.3082248,171.5000000
,1163840.0000000,1732490.0000000,35.5749038,129.3081145,171.5000000
,1163830.0000000,1732490.0000000,35.5749055,129.3080042,171.2283120
,1163820.0000000,1732490.0000000,35.5749071,129.3078939,171.2585768
,1163810.0000000,1732490.0000000,35.5749088,129.3077836,171.1183804
,1163800.0000000,1732490.0000000,35.5749105,129.3076733,168.6395611
,1163790.0000000,1732490.0000000,35.5749121,129.3075630,166.9819683
,1163780.0000000,1732490.0000000,35.5749138,129.3074527,166.6850971
,1163770.0000000,1732490.0000000,35.5749154,129.3073424,166.6549112
,1163760.0000000,1732490.0000000,35.5749171,129.3072321,166.7584436
,1163750.0000000,1732490.0000000,35.5749187,129.3071217,166.1766509
,1163740.0000000,1732490.0000000,35.5749204,129.3070114,164.9634018
,1163730.0000000,1732490.0000000,35.5749220,129.3069011,163.2998938
,1163720.0000000,1732490.0000000,35.5749237,129.3067908,161.7698626
,1163710.0000000,1732490.0000000,35.5749253,129.3066805,161.5000000
,1163700.0000000,1732490.0000000,35.5749270,129.3065702,161.5000000
,1163690.0000000,1732490.0000000,35.5749287,129.3064599,161.5000000
,1163680.0000000,1732490.0000000,35.5749303,129.3063496,161.5000000
,1163670.0000000,1732490.0000000,35.5749320,129.3062393,161.5000000
,1163660.0000000,1732490.0000000,35.5749336,129.3061290,161.5000000
,1163650.0000000,1732490.0000000,35.5749353,129.3060187,161.5000000
,1163640.0000000,1732490.0000000,35.5749369,129.3059083,161.5000000
,1163630.0000000,1732490.0000000,35.5749386,129.3057980,161.5000000
,1163620.0000000,1732490.0000000,35.5749402,129.3056877,161.5000000
,1163610.0000000,1732490.0000000,35.5749419,129.3055774,161.5000000
,1163600.0000000,1732490.0000000,35.5749435,129.3054671,161.5000000
,1163590.0000000,1732490.0000000,35.5749452,129.3053568,161.2522470
,1163580.0000000,1732490.0000000,35.5749468,129.3052465,159.4632913
,1163570.0000000,1732490.0000000,35.5749485,129.3051362,157.2867350
,1163560.0000000,1732490.0000000,35.5749501,129.3050259,156.5000000
,1163550.0000000,1732490.0000000,35.5749518,129.3049156,156.5000000
,1163540.0000000,1732490.0000000,35.5749534,129.3048052,155.7704113
,1163530.0000000,1732490.0000000,35.5749551,129.3046949,153.1149371
,1163520.0000000,1732490.0000000,35.5749568,129.3045846,151.5000000
,1163510.0000000,1732490.0000000,35.5749584,129.3044743,151.5000000
,1163500.0000000,1732490.0000000,35.5749601,129.3043640,151.1658879
,1163490.0000000,1732490.0000000,35.5749617,129.3042537,148.8190185
,1163480.0000000,1732490.0000000,35.5749634,129.3041434,147.0135695
,1163470.0000000,1732490.0000000,35.5749650,129.3040331,146.5000000
,1163460.0000000,1732490.0000000,35.5749667,129.3039228,146.5000000
,1163450.0000000,1732490.0000000,35.5749683,129.3038125,146.5000000
,1163440.0000000,1732490.0000000,35.5749700,129.3037022,146.2018768
,1163430.0000000,1732490.0000000,35.5749716,129.3035918,144.2792180
,1163420.0000000,1732490.0000000,35.5749733,129.3034815,142.0827845
,1163410.0000000,1732490.0000000,35.5749749,129.3033712,141.4744972
,1163400.0000000,1732490.0000000,35.5749766,129.3032609,141.2845365
,1163390.0000000,1732490.0000000,35.5749782,129.3031506,139.2080398
,1163380.0000000,1732490.0000000,35.5749799,129.3030403,136.8085311
,1163370.0000000,1732490.0000000,35.5749815,129.3029300,136.5000000
,1163360.0000000,1732490.0000000,35.5749832,129.3028197,136.4182460
,1163350.0000000,1732490.0000000,35.5749848,129.3027094,133.1883002
,1163340.0000000,1732490.0000000,35.5749865,129.3025991,128.5364439
,1163330.0000000,1732490.0000000,35.5749881,129.3024887,126.5144645
,1163320.0000000,1732490.0000000,35.5749898,129.3023784,121.5112942
,1163310.0000000,1732490.0000000,35.5749914,129.3022681,121.5557820
,1163300.0000000,1732490.0000000,35.5749931,129.3021578,118.4679111
,1163290.0000000,1732490.0000000,35.5749947,129.3020475,116.6670630
,1163280.0000000,1732490.0000000,35.5749964,129.3019372,116.5533264
,1163270.0000000,1732490.0000000,35.5749980,129.3018269,114.4762330
,1163260.0000000,1732490.0000000,35.5749997,129.3017166,111.6993245
,1163250.0000000,1732490.0000000,35.5750013,129.3016063,111.6627638
,1163240.0000000,1732490.0000000,35.5750030,129.3014960,111.5000000
,1163230.0000000,1732490.0000000,35.5750046,129.3013856,111.5000000
,1163220.0000000,1732490.0000000,35.5750063,129.3012753,111.5000000
,1163210.0000000,1732490.0000000,35.5750079,129.3011650,111.9071121
,1163200.0000000,1732490.0000000,35.5750096,129.3010547,110.7556481
,1163190.0000000,1732490.0000000,35.5750112,129.3009444,110.6594318
,1163180.0000000,1732490.0000000,35.5750129,129.3008341,112.1121116
,1163170.0000000,1732490.0000000,35.5750145,129.3007238,112.1918356
,1163160.0000000,1732490.0000000,35.5750162,129.3006135,112.4245861
,1163150.0000000,1732490.0000000,35.5750178,129.3005032,112.4074562
,1163140.0000000,1732490.0000000,35.5750194,129.3003929,113.5605876
,1163130.0000000,1732490.0000000,35.5750211,129.3002825,120.0167891
,1163120.0000000,1732490.0000000,35.5750227,129.3001722,126.4099959
,1163110.0000000,1732490.0000000,35.5750244,129.3000619,131.4777518
,1163100.0000000,1732490.0000000,35.5750260,129.2999516,136.6126689
,1163090.0000000,1732490.0000000,35.5750277,129.2998413,141.3344665
,1163080.0000000,1732490.0000000,35.5750293,129.2997310,145.7337185
,1163070.0000000,1732490.0000000,35.5750310,129.2996207,146.0784197
,1163060.0000000,1732490.0000000,35.5750326,129.2995104,147.8304521
,1163050.0000000,1732490.0000000,35.5750343,129.2994001,150.8720694
,1163040.0000000,1732490.0000000,35.5750359,129.2992898,151.5389416
,1163030.0000000,1732490.0000000,35.5750376,129.2991794,152.4821978
,1163020.0000000,1732490.0000000,35.5750392,129.2990691,154.7960434
,1163010.0000000,1732490.0000000,35.5750409,129.2989588,156.1762146
,1163000.0000000,1732490.0000000,35.5750425,129.2988485,156.9543557
,1163000.0000000,1732500.0000000,35.5751326,129.2988505,160.9944116
,1163010.0000000,1732500.0000000,35.5751310,129.2989608,159.7635255
,1163020.0000000,1732500.0000000,35.5751293,129.2990711,157.2300798
,1163030.0000000,1732500.0000000,35.5751277,129.2991815,155.2234320
,1163040.0000000,1732500.0000000,35.5751260,129.2992918,151.6082830
,1163050.0000000,1732500.0000000,35.5751244,129.2994021,149.7699986
,1163060.0000000,1732500.0000000,35.5751228,129.2995124,145.6296896
,1163070.0000000,1732500.0000000,35.5751211,129.2996227,144.9662804
,1163080.0000000,1732500.0000000,35.5751195,129.2997330,142.7819222
,1163090.0000000,1732500.0000000,35.5751178,129.2998433,140.9478109
,1163100.0000000,1732500.0000000,35.5751162,129.2999536,136.9804766
,1163110.0000000,1732500.0000000,35.5751145,129.3000639,131.5880348
,1163120.0000000,1732500.0000000,35.5751129,129.3001742,126.0970676
,1163130.0000000,1732500.0000000,35.5751112,129.3002846,121.0301624
,1163140.0000000,1732500.0000000,35.5751096,129.3003949,115.7190096
,1163150.0000000,1732500.0000000,35.5751079,129.3005052,111.8382613
,1163160.0000000,1732500.0000000,35.5751063,129.3006155,112.3339407
,1163170.0000000,1732500.0000000,35.5751046,129.3007258,112.1855976
,1163180.0000000,1732500.0000000,35.5751030,129.3008361,109.8046686
,1163190.0000000,1732500.0000000,35.5751013,129.3009464,108.6323316
,1163200.0000000,1732500.0000000,35.5750997,129.3010567,109.6309741
,1163210.0000000,1732500.0000000,35.5750980,129.3011670,112.9884632
,1163220.0000000,1732500.0000000,35.5750964,129.3012774,113.3382325
,1163230.0000000,1732500.0000000,35.5750947,129.3013877,113.1932432
,1163240.0000000,1732500.0000000,35.5750931,129.3014980,112.6395569
,1163250.0000000,1732500.0000000,35.5750914,129.3016083,112.2646539
,1163260.0000000,1732500.0000000,35.5750898,129.3017186,112.9354207
,1163270.0000000,1732500.0000000,35.5750881,129.3018289,116.4208153
,1163280.0000000,1732500.0000000,35.5750865,129.3019392,117.4552906
,1163290.0000000,1732500.0000000,35.5750848,129.3020495,118.9199607
,1163300.0000000,1732500.0000000,35.5750832,129.3021598,120.2639386
,1163310.0000000,1732500.0000000,35.5750815,129.3022701,122.2090905
,1163320.0000000,1732500.0000000,35.5750799,129.3023805,122.1944242
,1163330.0000000,1732500.0000000,35.5750782,129.3024908,126.6222830
,1163340.0000000,1732500.0000000,35.5750766,129.3026011,131.0078106
,1163350.0000000,1732500.0000000,35.5750749,129.3027114,135.7772399
,1163360.0000000,1732500.0000000,35.5750733,129.3028217,136.4723566
,1163370.0000000,1732500.0000000,35.5750716,129.3029320,136.5000000
,1163380.0000000,1732500.0000000,35.5750700,129.3030423,137.2195753
,1163390.0000000,1732500.0000000,35.5750683,129.3031526,139.9513505
,1163400.0000000,1732500.0000000,35.5750667,129.3032629,141.3116336
,1163410.0000000,1732500.0000000,35.5750650,129.3033732,141.6773462
,1163420.0000000,1732500.0000000,35.5750634,129.3034836,142.6057171
,1163430.0000000,1732500.0000000,35.5750617,129.3035939,145.4379494
,1163440.0000000,1732500.0000000,35.5750601,129.3037042,146.4392380
,1163450.0000000,1732500.0000000,35.5750584,129.3038145,146.5000000
,1163460.0000000,1732500.0000000,35.5750568,129.3039248,146.5000000
,1163470.0000000,1732500.0000000,35.5750551,129.3040351,146.5736001
,1163480.0000000,1732500.0000000,35.5750535,129.3041454,148.3849433
,1163490.0000000,1732500.0000000,35.5750518,129.3042557,150.3738420
,1163500.0000000,1732500.0000000,35.5750502,129.3043660,151.4437418
,1163510.0000000,1732500.0000000,35.5750485,129.3044763,151.5000000
,1163520.0000000,1732500.0000000,35.5750469,129.3045867,151.7133059
,1163530.0000000,1732500.0000000,35.5750452,129.3046970,154.4115184
,1163540.0000000,1732500.0000000,35.5750436,129.3048073,156.1153663
,1163550.0000000,1732500.0000000,35.5750419,129.3049176,156.5000000
,1163560.0000000,1732500.0000000,35.5750403,129.3050279,156.6277320
,1163570.0000000,1732500.0000000,35.5750386,129.3051382,157.4445713
,1163580.0000000,1732500.0000000,35.5750370,129.3052485,160.1809298
,1163590.0000000,1732500.0000000,35.5750353,129.3053588,161.4484425
,1163600.0000000,1732500.0000000,35.5750337,129.3054691,161.5000000
,1163610.0000000,1732500.0000000,35.5750320,129.3055794,161.5000000
,1163620.0000000,1732500.0000000,35.5750303,129.3056897,161.5000000
,1163630.0000000,1732500.0000000,35.5750287,129.3058001,161.5000000
,1163640.0000000,1732500.0000000,35.5750270,129.3059104,161.5000000
,1163650.0000000,1732500.0000000,35.5750254,129.3060207,161.5000000
,1163660.0000000,1732500.0000000,35.5750237,129.3061310,161.5000000
,1163670.0000000,1732500.0000000,35.5750221,129.3062413,161.5000000
,1163680.0000000,1732500.0000000,35.5750204,129.3063516,161.5000000
,1163690.0000000,1732500.0000000,35.5750188,129.3064619,161.5000000
,1163700.0000000,1732500.0000000,35.5750171,129.3065722,161.6214068
,1163710.0000000,1732500.0000000,35.5750155,129.3066825,161.8886958
,1163720.0000000,1732500.0000000,35.5750138,129.3067928,163.4244759
,1163730.0000000,1732500.0000000,35.5750122,129.3069032,165.2979502
,1163740.0000000,1732500.0000000,35.5750105,129.3070135,166.2484624
,1163750.0000000,1732500.0000000,35.5750089,129.3071238,166.5000000
,1163760.0000000,1732500.0000000,35.5750072,129.3072341,166.6605919
,1163770.0000000,1732500.0000000,35.5750055,129.3073444,166.7366671
,1163780.0000000,1732500.0000000,35.5750039,129.3074547,168.2418559
,1163790.0000000,1732500.0000000,35.5750022,129.3075650,169.3303646
,1163800.0000000,1732500.0000000,35.5750006,129.3076753,171.4879959
,1163810.0000000,1732500.0000000,35.5749989,129.3077856,171.2698377
,1163820.0000000,1732500.0000000,35.5749973,129.3078959,171.4739388
,1163830.0000000,1732500.0000000,35.5749956,129.3080063,171.3836086
,1163840.0000000,1732500.0000000,35.5749940,129.3081166,171.5000000
,1163850.0000000,1732500.0000000,35.5749923,129.3082269,171.5000000
,1163860.0000000,1732500.0000000,35.5749907,129.3083372,171.5000000
,1163870.0000000,1732500.0000000,35.5749890,129.3084475,171.5000000
,1163880.0000000,1732500.0000000,35.5749873,129.3085578,171.5000000
,1163890.0000000,1732500.0000000,35.5749857,129.3086681,171.5000000
,1163900.0000000,1732500.0000000,35.5749840,129.3087784,171.7224725
,1163910.0000000,1732500.0000000,35.5749824,129.3088887,171.9230947
,1163920.0000000,1732500.0000000,35.5749807,129.3089990,172.9629867
,1163930.0000000,1732500.0000000,35.5749791,129.3091093,173.6692330
,1163940.0000000,1732500.0000000,35.5749774,129.3092197,173.7376020
,1163950.0000000,1732500.0000000,35.5749757,129.3093300,173.8574844
,1163960.0000000,1732500.0000000,35.5749741,129.3094403,173.2636478
,1163970.0000000,1732500.0000000,35.5749724,129.3095506,172.5126729
,1163980.0000000,1732500.0000000,35.5749708,129.3096609,171.7358568
,1163990.0000000,1732500.0000000,35.5749691,129.3097712,171.5547848
,1164000.0000000,1732500.0000000,35.5749675,129.3098815,171.5000000
,1164000.0000000,1732510.0000000,35.5750576,129.3098835,171.7621633
,1163990.0000000,1732510.0000000,35.5750592,129.3097732,172.3625005
,1163980.0000000,1732510.0000000,35.5750609,129.3096629,173.0927380
,1163970.0000000,1732510.0000000,35.5750626,129.3095526,174.3939834
,1163960.0000000,1732510.0000000,35.5750642,129.3094423,175.0380207
,1163950.0000000,1732510.0000000,35.5750659,129.3093320,175.1552892
,1163940.0000000,1732510.0000000,35.5750675,129.3092217,175.3420633
,1163930.0000000,1732510.0000000,35.5750692,129.3091114,175.2566549
,1163920.0000000,1732510.0000000,35.5750708,129.3090011,174.8898588
,1163910.0000000,1732510.0000000,35.5750725,129.3088908,173.6777132
,1163900.0000000,1732510.0000000,35.5750741,129.3087804,172.9374667
,1163890.0000000,1732510.0000000,35.5750758,129.3086701,172.3678769
,1163880.0000000,1732510.0000000,35.5750775,129.3085598,171.8650604
,1163870.0000000,1732510.0000000,35.5750791,129.3084495,171.5000000
,1163860.0000000,1732510.0000000,35.5750808,129.3083392,171.5000000
,1163850.0000000,1732510.0000000,35.5750824,129.3082289,171.5000000
,1163840.0000000,1732510.0000000,35.5750841,129.3081186,171.5000000
,1163830.0000000,1732510.0000000,35.5750857,129.3080083,171.5000000
,1163820.0000000,1732510.0000000,35.5750874,129.3078980,171.4711763
,1163810.0000000,1732510.0000000,35.5750890,129.3077877,171.5000000
,1163800.0000000,1732510.0000000,35.5750907,129.3076773,171.3666795
,1163790.0000000,1732510.0000000,35.5750924,129.3075670,171.0708636
,1163780.0000000,1732510.0000000,35.5750940,129.3074567,170.7567882
,1163770.0000000,1732510.0000000,35.5750957,129.3073464,167.6938557
,1163760.0000000,1732510.0000000,35.5750973,129.3072361,166.7091163
,1163750.0000000,1732510.0000000,35.5750990,129.3071258,166.5000000
,1163740.0000000,1732510.0000000,35.5751006,129.3070155,166.5000000
,1163730.0000000,1732510.0000000,35.5751023,129.3069052,166.5000000
,1163720.0000000,1732510.0000000,35.5751039,129.3067949,165.9906300
,1163710.0000000,1732510.0000000,35.5751056,129.3066846,163.9364347
,1163700.0000000,1732510.0000000,35.5751072,129.3065742,162.5049036
,1163690.0000000,1732510.0000000,35.5751089,129.3064639,162.3632008
,1163680.0000000,1732510.0000000,35.5751106,129.3063536,162.5865283
,1163670.0000000,1732510.0000000,35.5751122,129.3062433,162.2889745
,1163660.0000000,1732510.0000000,35.5751139,129.3061330,161.5000000
,1163650.0000000,1732510.0000000,35.5751155,129.3060227,161.5000000
,1163640.0000000,1732510.0000000,35.5751172,129.3059124,161.5000000
,1163630.0000000,1732510.0000000,35.5751188,129.3058021,161.5000000
,1163620.0000000,1732510.0000000,35.5751205,129.3056918,161.5000000
,1163610.0000000,1732510.0000000,35.5751221,129.3055815,161.5000000
,1163600.0000000,1732510.0000000,35.5751238,129.3054712,161.5000000
,1163590.0000000,1732510.0000000,35.5751254,129.3053608,161.4490302
,1163580.0000000,1732510.0000000,35.5751271,129.3052505,159.6036044
,1163570.0000000,1732510.0000000,35.5751287,129.3051402,157.4340801
,1163560.0000000,1732510.0000000,35.5751304,129.3050299,156.6785631
,1163550.0000000,1732510.0000000,35.5751320,129.3049196,156.5000000
,1163540.0000000,1732510.0000000,35.5751337,129.3048093,156.3137820
,1163530.0000000,1732510.0000000,35.5751353,129.3046990,155.2732380
,1163520.0000000,1732510.0000000,35.5751370,129.3045887,152.2190125
,1163510.0000000,1732510.0000000,35.5751386,129.3044784,151.5000000
,1163500.0000000,1732510.0000000,35.5751403,129.3043681,151.4616863
,1163490.0000000,1732510.0000000,35.5751419,129.3042577,151.1147083
,1163480.0000000,1732510.0000000,35.5751436,129.3041474,149.8083477
,1163470.0000000,1732510.0000000,35.5751453,129.3040371,147.4103164
,1163460.0000000,1732510.0000000,35.5751469,129.3039268,146.5000000
,1163450.0000000,1732510.0000000,35.5751486,129.3038165,146.5000000
,1163440.0000000,1732510.0000000,35.5751502,129.3037062,146.5000000
,1163430.0000000,1732510.0000000,35.5751519,129.3035959,146.2139650
,1163420.0000000,1732510.0000000,35.5751535,129.3034856,144.2125350
,1163410.0000000,1732510.0000000,35.5751552,129.3033753,142.3585088
,1163400.0000000,1732510.0000000,35.5751568,129.3032650,141.7186683
,1163390.0000000,1732510.0000000,35.5751585,129.3031546,140.7621077
,1163380.0000000,1732510.0000000,35.5751601,129.3030443,138.5482936
,1163370.0000000,1732510.0000000,35.5751618,129.3029340,136.8521212
,1163360.0000000,1732510.0000000,35.5751634,129.3028237,136.2859995
,1163350.0000000,1732510.0000000,35.5751651,129.3027134,136.4525972
,1163340.0000000,1732510.0000000,35.5751667,129.3026031,131.9974377
,1163330.0000000,1732510.0000000,35.5751684,129.3024928,126.9949072
,1163320.0000000,1732510.0000000,35.5751700,129.3023825,122.8901808
,1163310.0000000,1732510.0000000,35.5751717,129.3022722,122.5948004
,1163300.0000000,1732510.0000000,35.5751733,129.3021619,121.7196595
,1163290.0000000,1732510.0000000,35.5751750,129.3020515,121.6658119
,1163280.0000000,1732510.0000000,35.5751766,129.3019412,121.3987582
,1163270.0000000,1732510.0000000,35.5751783,129.3018309,119.0367119
,1163260.0000000,1732510.0000000,35.5751799,129.3017206,116.4667131
,1163250.0000000,1732510.0000000,35.5751816,129.3016103,115.3426949
,1163240.0000000,1732510.0000000,35.5751832,129.3015000,113.1303266
,1163230.0000000,1732510.0000000,35.5751849,129.3013897,113.3853820
,1163220.0000000,1732510.0000000,35.5751865,129.3012794,113.3612073
,1163210.0000000,1732510.0000000,35.5751882,129.3011691,111.3683497
,1163200.0000000,1732510.0000000,35.5751898,129.3010587,108.2862269
,1163190.0000000,1732510.0000000,35.5751915,129.3009484,107.3245050
,1163180.0000000,1732510.0000000,35.5751931,129.3008381,108.3238743
,1163170.0000000,1732510.0000000,35.5751947,129.3007278,109.1378019
,1163160.0000000,1732510.0000000,35.5751964,129.3006175,110.8494932
,1163150.0000000,1732510.0000000,35.5751980,129.3005072,111.9526047
,1163140.0000000,1732510.0000000,35.5751997,129.3003969,115.7583587
,1163130.0000000,1732510.0000000,35.5752013,129.3002866,121.0863779
,1163120.0000000,1732510.0000000,35.5752030,129.3001763,126.3283710
,1163110.0000000,1732510.0000000,35.5752046,129.3000660,131.3712496
,1163100.0000000,1732510.0000000,35.5752063,129.2999556,135.9889549
,1163090.0000000,1732510.0000000,35.5752079,129.2998453,137.6564560
,1163080.0000000,1732510.0000000,35.5752096,129.2997350,139.0468222
,1163070.0000000,1732510.0000000,35.5752112,129.2996247,140.7391045
,1163060.0000000,1732510.0000000,35.5752129,129.2995144,141.4880086
,1163050.0000000,1732510.0000000,35.5752145,129.2994041,146.3606870
,1163040.0000000,1732510.0000000,35.5752162,129.2992938,151.2544355
,1163030.0000000,1732510.0000000,35.5752178,129.2991835,155.2692570
,1163020.0000000,1732510.0000000,35.5752195,129.2990732,159.5908043
,1163010.0000000,1732510.0000000,35.5752211,129.2989629,161.2543633
,1163000.0000000,1732510.0000000,35.5752228,129.2988525,161.5000000
,1163000.0000000,1732520.0000000,35.5753129,129.2988546,161.4452405
,1163010.0000000,1732520.0000000,35.5753112,129.2989649,160.6554924
,1163020.0000000,1732520.0000000,35.5753096,129.2990752,157.8724521
,1163030.0000000,1732520.0000000,35.5753079,129.2991855,155.3068564
,1163040.0000000,1732520.0000000,35.5753063,129.2992958,150.6779444
,1163050.0000000,1732520.0000000,35.5753046,129.2994061,144.8896549
,1163060.0000000,1732520.0000000,35.5753030,129.2995164,139.5801272
,1163070.0000000,1732520.0000000,35.5753013,129.2996267,136.2740553
,1163080.0000000,1732520.0000000,35.5752997,129.2997370,132.2708923
,1163090.0000000,1732520.0000000,35.5752981,129.2998474,131.8673775
,1163100.0000000,1732520.0000000,35.5752964,129.2999577,131.3102331
,1163110.0000000,1732520.0000000,35.5752948,129.3000680,128.4535226
,1163120.0000000,1732520.0000000,35.5752931,129.3001783,124.7097229
,1163130.0000000,1732520.0000000,35.5752915,129.3002886,119.9039753
,1163140.0000000,1732520.0000000,35.5752898,129.3003989,114.6815203
,1163150.0000000,1732520.0000000,35.5752882,129.3005092,110.7670930
,1163160.0000000,1732520.0000000,35.5752865,129.3006195,108.3611040
,1163170.0000000,1732520.0000000,35.5752849,129.3007298,107.7442934
,1163180.0000000,1732520.0000000,35.5752832,129.3008401,107.2126601
,1163190.0000000,1732520.0000000,35.5752816,129.3009505,106.5000000
,1163200.0000000,1732520.0000000,35.5752799,129.3010608,107.7583609
,1163210.0000000,1732520.0000000,35.5752783,129.3011711,109.9749969
,1163220.0000000,1732520.0000000,35.5752766,129.3012814,112.8617319
,1163230.0000000,1732520.0000000,35.5752750,129.3013917,113.0102976
,1163240.0000000,1732520.0000000,35.5752733,129.3015020,112.4930426
,1163250.0000000,1732520.0000000,35.5752717,129.3016123,116.3722710
,1163260.0000000,1732520.0000000,35.5752700,129.3017226,121.0823897
,1163270.0000000,1732520.0000000,35.5752684,129.3018329,122.4005709
,1163280.0000000,1732520.0000000,35.5752667,129.3019432,125.4125029
,1163290.0000000,1732520.0000000,35.5752651,129.3020536,124.9578433
,1163300.0000000,1732520.0000000,35.5752634,129.3021639,122.8440901
,1163310.0000000,1732520.0000000,35.5752618,129.3022742,121.6143999
,1163320.0000000,1732520.0000000,35.5752601,129.3023845,121.7643709
,1163330.0000000,1732520.0000000,35.5752585,129.3024948,129.5665171
,1163340.0000000,1732520.0000000,35.5752568,129.3026051,135.1008064
,1163350.0000000,1732520.0000000,35.5752552,129.3027154,135.3717058
,1163360.0000000,1732520.0000000,35.5752535,129.3028257,136.3042766
,1163370.0000000,1732520.0000000,35.5752519,129.3029360,137.5129391
,1163380.0000000,1732520.0000000,35.5752502,129.3030464,139.7274229
,1163390.0000000,1732520.0000000,35.5752486,129.3031567,141.8357256
,1163400.0000000,1732520.0000000,35.5752469,129.3032670,142.2951642
,1163410.0000000,1732520.0000000,35.5752453,129.3033773,144.1437524
,1163420.0000000,1732520.0000000,35.5752436,129.3034876,145.9688841
,1163430.0000000,1732520.0000000,35.5752420,129.3035979,146.5000000
,1163440.0000000,1732520.0000000,35.5752403,129.3037082,146.5000000
,1163450.0000000,1732520.0000000,35.5752387,129.3038185,146.5000000
,1163460.0000000,1732520.0000000,35.5752370,129.3039288,146.7055288
,1163470.0000000,1732520.0000000,35.5752354,129.3040391,147.9315419
,1163480.0000000,1732520.0000000,35.5752337,129.3041495,150.5504134
,1163490.0000000,1732520.0000000,35.5752321,129.3042598,151.4320880
,1163500.0000000,1732520.0000000,35.5752304,129.3043701,151.5000000
,1163510.0000000,1732520.0000000,35.5752288,129.3044804,151.6473211
,1163520.0000000,1732520.0000000,35.5752271,129.3045907,152.7735597
,1163530.0000000,1732520.0000000,35.5752255,129.3047010,155.1948569
,1163540.0000000,1732520.0000000,35.5752238,129.3048113,156.4208871
,1163550.0000000,1732520.0000000,35.5752222,129.3049216,156.5000000
,1163560.0000000,1732520.0000000,35.5752205,129.3050319,156.5000000
,1163570.0000000,1732520.0000000,35.5752189,129.3051422,157.1801303
,1163580.0000000,1732520.0000000,35.5752172,129.3052526,159.5807768
,1163590.0000000,1732520.0000000,35.5752155,129.3053629,161.1390790
,1163600.0000000,1732520.0000000,35.5752139,129.3054732,161.5000000
,1163610.0000000,1732520.0000000,35.5752122,129.3055835,161.5000000
,1163620.0000000,1732520.0000000,35.5752106,129.3056938,161.5000000
,1163630.0000000,1732520.0000000,35.5752089,129.3058041,161.5000000
,1163640.0000000,1732520.0000000,35.5752073,129.3059144,161.5000000
,1163650.0000000,1732520.0000000,35.5752056,129.3060247,161.5000000
,1163660.0000000,1732520.0000000,35.5752040,129.3061350,162.8785171
,1163670.0000000,1732520.0000000,35.5752023,129.3062453,164.3066225
,1163680.0000000,1732520.0000000,35.5752007,129.3063557,164.6244590
,1163690.0000000,1732520.0000000,35.5751990,129.3064660,165.0684788
,1163700.0000000,1732520.0000000,35.5751974,129.3065763,165.5893833
,1163710.0000000,1732520.0000000,35.5751957,129.3066866,166.4049924
,1163720.0000000,1732520.0000000,35.5751941,129.3067969,166.5000000
,1163730.0000000,1732520.0000000,35.5751924,129.3069072,166.5000000
,1163740.0000000,1732520.0000000,35.5751907,129.3070175,166.5000000
,1163750.0000000,1732520.0000000,35.5751891,129.3071278,166.5000000
,1163760.0000000,1732520.0000000,35.5751874,129.3072381,166.5700785
,1163770.0000000,1732520.0000000,35.5751858,129.3073484,168.0490658
,1163780.0000000,1732520.0000000,35.5751841,129.3074588,170.5198385
,1163790.0000000,1732520.0000000,35.5751825,129.3075691,171.3267992
,1163800.0000000,1732520.0000000,35.5751808,129.3076794,171.4972769
,1163810.0000000,1732520.0000000,35.5751792,129.3077897,171.5000000
,1163820.0000000,1732520.0000000,35.5751775,129.3079000,171.5000000
,1163830.0000000,1732520.0000000,35.5751759,129.3080103,171.5000000
,1163840.0000000,1732520.0000000,35.5751742,129.3081206,171.5000000
,1163850.0000000,1732520.0000000,35.5751725,129.3082309,171.5000000
,1163860.0000000,1732520.0000000,35.5751709,129.3083412,171.5000000
,1163870.0000000,1732520.0000000,35.5751692,129.3084515,172.0612526
,1163880.0000000,1732520.0000000,35.5751676,129.3085619,172.4221245
,1163890.0000000,1732520.0000000,35.5751659,129.3086722,174.1952294
,1163900.0000000,1732520.0000000,35.5751643,129.3087825,174.9014280
,1163910.0000000,1732520.0000000,35.5751626,129.3088928,175.9426630
,1163920.0000000,1732520.0000000,35.5751610,129.3090031,176.3267046
,1163930.0000000,1732520.0000000,35.5751593,129.3091134,176.5000000
,1163940.0000000,1732520.0000000,35.5751576,129.3092237,176.1942121
,1163950.0000000,1732520.0000000,35.5751560,129.3093340,176.0562731
,1163960.0000000,1732520.0000000,35.5751543,129.3094443,176.0064248
,1163970.0000000,1732520.0000000,35.5751527,129.3095546,175.8723036
,1163980.0000000,1732520.0000000,35.5751510,129.3096649,175.3127810
,1163990.0000000,1732520.0000000,35.5751494,129.3097753,174.1845059
,1164000.0000000,1732520.0000000,35.5751477,129.3098856,173.4237457
,1164000.0000000,1732530.0000000,35.5752378,129.3098876,175.3895442
,1163990.0000000,1732530.0000000,35.5752395,129.3097773,175.8713113
,1163980.0000000,1732530.0000000,35.5752411,129.3096670,176.1867260
,1163970.0000000,1732530.0000000,35.5752428,129.3095567,176.4811386
,1163960.0000000,1732530.0000000,35.5752445,129.3094464,176.4760875
,1163950.0000000,1732530.0000000,35.5752461,129.3093360,176.5000000
,1163940.0000000,1732530.0000000,35.5752478,129.3092257,176.5000000
,1163930.0000000,1732530.0000000,35.5752494,129.3091154,176.5000000
,1163920.0000000,1732530.0000000,35.5752511,129.3090051,176.5000000
,1163910.0000000,1732530.0000000,35.5752527,129.3088948,176.5000000
,1163900.0000000,1732530.0000000,35.5752544,129.3087845,176.1207818
,1163890.0000000,1732530.0000000,35.5752560,129.3086742,175.7283955
,1163880.0000000,1732530.0000000,35.5752577,129.3085639,173.8645905
,1163870.0000000,1732530.0000000,35.5752594,129.3084536,172.2855531
,1163860.0000000,1732530.0000000,35.5752610,129.3083433,171.7484400
,1163850.0000000,1732530.0000000,35.5752627,129.3082329,171.5000000
,1163840.0000000,1732530.0000000,35.5752643,129.3081226,171.5000000
,1163830.0000000,1732530.0000000,35.5752660,129.3080123,171.5000000
,1163820.0000000,1732530.0000000,35.5752676,129.3079020,171.5000000
,1163810.0000000,1732530.0000000,35.5752693,129.3077917,171.5000000
,1163800.0000000,1732530.0000000,35.5752709,129.3076814,171.5000000
,1163790.0000000,1732530.0000000,35.5752726,129.3075711,171.4227138
,1163780.0000000,1732530.0000000,35.5752743,129.3074608,170.2771687
,1163770.0000000,1732530.0000000,35.5752759,129.3073505,168.1462211
,1163760.0000000,1732530.0000000,35.5752776,129.3072402,166.5000000
,1163750.0000000,1732530.0000000,35.5752792,129.3071298,166.5000000
,1163740.0000000,1732530.0000000,35.5752809,129.3070195,166.5000000
,1163730.0000000,1732530.0000000,35.5752825,129.3069092,166.5000000
,1163720.0000000,1732530.0000000,35.5752842,129.3067989,166.5000000
,1163710.0000000,1732530.0000000,35.5752858,129.3066886,166.5000000
,1163700.0000000,1732530.0000000,35.5752875,129.3065783,166.5000000
,1163690.0000000,1732530.0000000,35.5752891,129.3064680,166.2531890
,1163680.0000000,1732530.0000000,35.5752908,129.3063577,166.0753953
,1163670.0000000,1732530.0000000,35.5752924,129.3062474,165.3367500
,1163660.0000000,1732530.0000000,35.5752941,129.3061371,163.7857437
,1163650.0000000,1732530.0000000,35.5752958,129.3060267,161.5000000
,1163640.0000000,1732530.0000000,35.5752974,129.3059164,161.5000000
,1163630.0000000,1732530.0000000,35.5752991,129.3058061,161.5000000
,1163620.0000000,1732530.0000000,35.5753007,129.3056958,161.5000000
,1163610.0000000,1732530.0000000,35.5753024,129.3055855,161.5000000
,1163600.0000000,1732530.0000000,35.5753040,129.3054752,161.4312213
,1163590.0000000,1732530.0000000,35.5753057,129.3053649,161.2479719
,1163580.0000000,1732530.0000000,35.5753073,129.3052546,159.0321197
,1163570.0000000,1732530.0000000,35.5753090,129.3051443,156.7745241
,1163560.0000000,1732530.0000000,35.5753106,129.3050340,156.5000000
,1163550.0000000,1732530.0000000,35.5753123,129.3049236,156.5000000
,1163540.0000000,1732530.0000000,35.5753139,129.3048133,156.3674390
,1163530.0000000,1732530.0000000,35.5753156,129.3047030,155.7356256
,1163520.0000000,1732530.0000000,35.5753172,129.3045927,152.5388749
,1163510.0000000,1732530.0000000,35.5753189,129.3044824,151.5725476
,1163500.0000000,1732530.0000000,35.5753205,129.3043721,151.5000000
,1163490.0000000,1732530.0000000,35.5753222,129.3042618,151.5000000
,1163480.0000000,1732530.0000000,35.5753238,129.3041515,151.2152279
,1163470.0000000,1732530.0000000,35.5753255,129.3040412,148.7675122
,1163460.0000000,1732530.0000000,35.5753271,129.3039309,146.8207506
,1163450.0000000,1732530.0000000,35.5753288,129.3038205,146.5000000
,1163440.0000000,1732530.0000000,35.5753304,129.3037102,146.5000000
,1163430.0000000,1732530.0000000,35.5753321,129.3035999,146.5000000
,1163420.0000000,1732530.0000000,35.5753337,129.3034896,146.3755816
,1163410.0000000,1732530.0000000,35.5753354,129.3033793,145.7045781
,1163400.0000000,1732530.0000000,35.5753371,129.3032690,143.8667701
,1163390.0000000,1732530.0000000,35.5753387,129.3031587,142.1139205
,1163380.0000000,1732530.0000000,35.5753404,129.3030484,141.4009485
,1163370.0000000,1732530.0000000,35.5753420,129.3029381,139.0499092
,1163360.0000000,1732530.0000000,35.5753437,129.3028278,136.0485690
,1163350.0000000,1732530.0000000,35.5753453,129.3027174,134.9690867
,1163340.0000000,1732530.0000000,35.5753470,129.3026071,136.2748581
,1163330.0000000,1732530.0000000,35.5753486,129.3024968,129.1066653
,1163320.0000000,1732530.0000000,35.5753503,129.3023865,121.7787103
,1163310.0000000,1732530.0000000,35.5753519,129.3022762,125.2163726
,1163300.0000000,1732530.0000000,35.5753536,129.3021659,125.9406913
,1163290.0000000,1732530.0000000,35.5753552,129.3020556,127.0631058
,1163280.0000000,1732530.0000000,35.5753569,129.3019453,126.5503275
,1163270.0000000,1732530.0000000,35.5753585,129.3018350,126.0628159
,1163260.0000000,1732530.0000000,35.5753602,129.3017246,122.0227798
,1163250.0000000,1732530.0000000,35.5753618,129.3016143,118.2293394
,1163240.0000000,1732530.0000000,35.5753634,129.3015040,115.8681835
,1163230.0000000,1732530.0000000,35.5753651,129.3013937,112.6122155
,1163220.0000000,1732530.0000000,35.5753667,129.3012834,111.7919386
,1163210.0000000,1732530.0000000,35.5753684,129.3011731,108.7376158
,1163200.0000000,1732530.0000000,35.5753700,129.3010628,107.0493242
,1163190.0000000,1732530.0000000,35.5753717,129.3009525,106.5000000
,1163180.0000000,1732530.0000000,35.5753733,129.3008422,106.5000000
,1163170.0000000,1732530.0000000,35.5753750,129.3007319,106.7141845
,1163160.0000000,1732530.0000000,35.5753766,129.3006215,106.6989353
,1163150.0000000,1732530.0000000,35.5753783,129.3005112,106.6248011
,1163140.0000000,1732530.0000000,35.5753799,129.3004009,111.6430076
,1163130.0000000,1732530.0000000,35.5753816,129.3002906,116.5110117
,1163120.0000000,1732530.0000000,35.5753832,129.3001803,121.4187200
,1163110.0000000,1732530.0000000,35.5753849,129.3000700,122.5239839
,1163100.0000000,1732530.0000000,35.5753865,129.2999597,124.7754120
,1163090.0000000,1732530.0000000,35.5753882,129.2998494,126.5234485
,1163080.0000000,1732530.0000000,35.5753898,129.2997391,132.1217712
,1163070.0000000,1732530.0000000,35.5753915,129.2996287,136.3395555
,1163060.0000000,1732530.0000000,35.5753931,129.2995184,141.4225596
,1163050.0000000,1732530.0000000,35.5753948,129.2994081,144.8962107
,1163040.0000000,1732530.0000000,35.5753964,129.2992978,150.8467773
,1163030.0000000,1732530.0000000,35.5753981,129.2991875,151.7909012
,1163020.0000000,1732530.0000000,35.5753997,129.2990772,154.1972556
,1163010.0000000,1732530.0000000,35.5754014,129.2989669,156.2210957
,1163000.0000000,1732530.0000000,35.5754030,129.2988566,157.6224658
,1163000.0000000,1732540.0000000,35.5754931,129.2988586,156.0044000
,1163010.0000000,1732540.0000000,35.5754915,129.2989689,152.0904342
,1163020.0000000,1732540.0000000,35.5754898,129.2990792,150.3336375
,1163030.0000000,1732540.0000000,35.5754882,129.2991895,148.4078060
,1163040.0000000,1732540.0000000,35.5754865,129.2992998,147.0966729
,1163050.0000000,1732540.0000000,35.5754849,129.2994101,145.5246232
,1163060.0000000,1732540.0000000,35.5754832,129.2995205,143.1170839
,1163070.0000000,1732540.0000000,35.5754816,129.2996308,138.8719546
,1163080.0000000,1732540.0000000,35.5754799,129.2997411,134.3311883
,1163090.0000000,1732540.0000000,35.5754783,129.2998514,128.1363029
,1163100.0000000,1732540.0000000,35.5754766,129.2999617,121.3938630
,1163110.0000000,1732540.0000000,35.5754750,129.3000720,116.6689641
,1163120.0000000,1732540.0000000,35.5754734,129.3001823,116.0178408
,1163130.0000000,1732540.0000000,35.5754717,129.3002926,113.9649769
,1163140.0000000,1732540.0000000,35.5754701,129.3004029,110.6398253
,1163150.0000000,1732540.0000000,35.5754684,129.3005132,106.9660523
,1163160.0000000,1732540.0000000,35.5754668,129.3006236,106.2400518
,1163170.0000000,1732540.0000000,35.5754651,129.3007339,106.3991041
,1163180.0000000,1732540.0000000,35.5754635,129.3008442,106.5000000
,1163190.0000000,1732540.0000000,35.5754618,129.3009545,106.5000000
,1163200.0000000,1732540.0000000,35.5754602,129.3010648,106.5870080
,1163210.0000000,1732540.0000000,35.5754585,129.3011751,107.1180625
,1163220.0000000,1732540.0000000,35.5754569,129.3012854,110.7521436
,1163230.0000000,1732540.0000000,35.5754552,129.3013957,112.4431754
,1163240.0000000,1732540.0000000,35.5754536,129.3015060,116.1323455
,1163250.0000000,1732540.0000000,35.5754519,129.3016164,119.2158608
,1163260.0000000,1732540.0000000,35.5754503,129.3017267,122.8464289
,1163270.0000000,1732540.0000000,35.5754486,129.3018370,126.4162215
,1163280.0000000,1732540.0000000,35.5754470,129.3019473,129.0426021
,1163290.0000000,1732540.0000000,35.5754453,129.3020576,130.8969393
,1163300.0000000,1732540.0000000,35.5754437,129.3021679,131.0403504
,1163310.0000000,1732540.0000000,35.5754420,129.3022782,128.5566639
,1163320.0000000,1732540.0000000,35.5754404,129.3023885,126.7341578
,1163330.0000000,1732540.0000000,35.5754387,129.3024988,130.1100853
,1163340.0000000,1732540.0000000,35.5754371,129.3026092,135.5570542
,1163350.0000000,1732540.0000000,35.5754354,129.3027195,135.5536322
,1163360.0000000,1732540.0000000,35.5754338,129.3028298,137.3656049
,1163370.0000000,1732540.0000000,35.5754321,129.3029401,140.0137913
,1163380.0000000,1732540.0000000,35.5754305,129.3030504,141.7132221
,1163390.0000000,1732540.0000000,35.5754288,129.3031607,142.1212231
,1163400.0000000,1732540.0000000,35.5754272,129.3032710,144.7374199
,1163410.0000000,1732540.0000000,35.5754255,129.3033813,146.3634995
,1163420.0000000,1732540.0000000,35.5754239,129.3034916,146.5000000
,1163430.0000000,1732540.0000000,35.5754222,129.3036019,146.5000000
,1163440.0000000,1732540.0000000,35.5754206,129.3037123,146.5000000
,1163450.0000000,1732540.0000000,35.5754189,129.3038226,146.5057484
,1163460.0000000,1732540.0000000,35.5754173,129.3039329,147.5533865
,1163470.0000000,1732540.0000000,35.5754156,129.3040432,149.7269364
,1163480.0000000,1732540.0000000,35.5754140,129.3041535,151.3145297
,1163490.0000000,1732540.0000000,35.5754123,129.3042638,151.5000000
,1163500.0000000,1732540.0000000,35.5754107,129.3043741,151.5000000
,1163510.0000000,1732540.0000000,35.5754090,129.3044844,151.6071039
,1163520.0000000,1732540.0000000,35.5754074,129.3045947,153.0085771
,1163530.0000000,1732540.0000000,35.5754057,129.3047050,155.6004355
,1163540.0000000,1732540.0000000,35.5754041,129.3048154,156.3292980
,1163550.0000000,1732540.0000000,35.5754024,129.3049257,156.4998139
,1163560.0000000,1732540.0000000,35.5754007,129.3050360,156.5000000
,1163570.0000000,1732540.0000000,35.5753991,129.3051463,156.7483078
,1163580.0000000,1732540.0000000,35.5753974,129.3052566,158.0846044
,1163590.0000000,1732540.0000000,35.5753958,129.3053669,161.0144354
,1163600.0000000,1732540.0000000,35.5753941,129.3054772,161.4323791
,1163610.0000000,1732540.0000000,35.5753925,129.3055875,161.5000000
,1163620.0000000,1732540.0000000,35.5753908,129.3056978,161.5000000
,1163630.0000000,1732540.0000000,35.5753892,129.3058082,161.5000000
,1163640.0000000,1732540.0000000,35.5753875,129.3059185,161.5000000
,1163650.0000000,1732540.0000000,35.5753859,129.3060288,162.2539232
,1163660.0000000,1732540.0000000,35.5753842,129.3061391,164.1070073
,1163670.0000000,1732540.0000000,35.5753826,129.3062494,165.1418364
,1163680.0000000,1732540.0000000,35.5753809,129.3063597,166.3673294
,1163690.0000000,1732540.0000000,35.5753793,129.3064700,166.5000000
,1163700.0000000,1732540.0000000,35.5753776,129.3065803,166.5000000
,1163710.0000000,1732540.0000000,35.5753760,129.3066906,166.5000000
,1163720.0000000,1732540.0000000,35.5753743,129.3068009,166.5000000
,1163730.0000000,1732540.0000000,35.5753726,129.3069113,166.5000000
,1163740.0000000,1732540.0000000,35.5753710,129.3070216,166.5000000
,1163750.0000000,1732540.0000000,35.5753693,129.3071319,166.5000000
,1163760.0000000,1732540.0000000,35.5753677,129.3072422,166.5000000
,1163770.0000000,1732540.0000000,35.5753660,129.3073525,168.0009621
,1163780.0000000,1732540.0000000,35.5753644,129.3074628,170.2441845
,1163790.0000000,1732540.0000000,35.5753627,129.3075731,171.4485338
,1163800.0000000,1732540.0000000,35.5753611,129.3076834,171.5000000
,1163810.0000000,1732540.0000000,35.5753594,129.3077937,171.5000000
,1163820.0000000,1732540.0000000,35.5753578,129.3079040,171.5000000
,1163830.0000000,1732540.0000000,35.5753561,129.3080144,171.5000000
,1163840.0000000,1732540.0000000,35.5753544,129.3081247,171.5000000
,1163850.0000000,1732540.0000000,35.5753528,129.3082350,171.5000000
,1163860.0000000,1732540.0000000,35.5753511,129.3083453,171.9264413
,1163870.0000000,1732540.0000000,35.5753495,129.3084556,172.6964780
,1163880.0000000,1732540.0000000,35.5753478,129.3085659,174.5917367
,1163890.0000000,1732540.0000000,35.5753462,129.3086762,176.2542502
,1163900.0000000,1732540.0000000,35.5753445,129.3087865,176.5000000
,1163910.0000000,1732540.0000000,35.5753429,129.3088968,176.5000000
,1163920.0000000,1732540.0000000,35.5753412,129.3090071,176.5000000
,1163930.0000000,1732540.0000000,35.5753395,129.3091175,176.5000000
,1163940.0000000,1732540.0000000,35.5753379,129.3092278,176.5000000
,1163950.0000000,1732540.0000000,35.5753362,129.3093381,176.5000000
,1163960.0000000,1732540.0000000,35.5753346,129.3094484,176.5000000
,1163970.0000000,1732540.0000000,35.5753329,129.3095587,176.4742590
,1163980.0000000,1732540.0000000,35.5753313,129.3096690,176.4405911
,1163990.0000000,1732540.0000000,35.5753296,129.3097793,176.3962638
,1164000.0000000,1732540.0000000,35.5753279,129.3098896,176.3725494
,1164000.0000000,1732550.0000000,35.5754181,129.3098917,176.4684152
,1163990.0000000,1732550.0000000,35.5754197,129.3097813,176.4049159
,1163980.0000000,1732550.0000000,35.5754214,129.3096710,176.5000000
,1163970.0000000,1732550.0000000,35.5754230,129.3095607,176.5000000
,1163960.0000000,1732550.0000000,35.5754247,129.3094504,176.5000000
,1163950.0000000,1732550.0000000,35.5754264,129.3093401,176.5000000
,1163940.0000000,1732550.0000000,35.5754280,129.3092298,176.5000000
,1163930.0000000,1732550.0000000,35.5754297,129.3091195,176.5000000
,1163920.0000000,1732550.0000000,35.5754313,129.3090092,176.5000000
,1163910.0000000,1732550.0000000,35.5754330,129.3088989,176.5000000
,1163900.0000000,1732550.0000000,35.5754346,129.3087885,176.5000000
,1163890.0000000,1732550.0000000,35.5754363,129.3086782,176.0905773
,1163880.0000000,1732550.0000000,35.5754379,129.3085679,174.9056780
,1163870.0000000,1732550.0000000,35.5754396,129.3084576,173.1297846
,1163860.0000000,1732550.0000000,35.5754413,129.3083473,171.9352482
,1163850.0000000,1732550.0000000,35.5754429,129.3082370,171.5000000
,1163840.0000000,1732550.0000000,35.5754446,129.3081267,171.5000000
,1163830.0000000,1732550.0000000,35.5754462,129.3080164,171.5000000
,1163820.0000000,1732550.0000000,35.5754479,129.3079061,171.5000000
,1163810.0000000,1732550.0000000,35.5754495,129.3077958,171.5000000
,1163800.0000000,1732550.0000000,35.5754512,129.3076854,171.5000000
,1163790.0000000,1732550.0000000,35.5754528,129.3075751,171.3766495
,1163780.0000000,1732550.0000000,35.5754545,129.3074648,170.3844596
,1163770.0000000,1732550.0000000,35.5754561,129.3073545,168.0145250
,1163760.0000000,1732550.0000000,35.5754578,129.3072442,166.6810230
,1163750.0000000,1732550.0000000,35.5754595,129.3071339,166.5000000
,1163740.0000000,1732550.0000000,35.5754611,129.3070236,166.5000000
,1163730.0000000,1732550.0000000,35.5754628,129.3069133,166.5000000
,1163720.0000000,1732550.0000000,35.5754644,129.3068030,166.5000000
,1163710.0000000,1732550.0000000,35.5754661,129.3066927,166.5000000
,1163700.0000000,1732550.0000000,35.5754677,129.3065823,166.5000000
,1163690.0000000,1732550.0000000,35.5754694,129.3064720,166.5000000
,1163680.0000000,1732550.0000000,35.5754710,129.3063617,166.5000000
,1163670.0000000,1732550.0000000,35.5754727,129.3062514,165.0160030
,1163660.0000000,1732550.0000000,35.5754743,129.3061411,163.5814912
,1163650.0000000,1732550.0000000,35.5754760,129.3060308,162.3454108
,1163640.0000000,1732550.0000000,35.5754776,129.3059205,161.7535909
,1163630.0000000,1732550.0000000,35.5754793,129.3058102,161.5000000
,1163620.0000000,1732550.0000000,35.5754810,129.3056999,161.5000000
,1163610.0000000,1732550.0000000,35.5754826,129.3055896,161.5000000
,1163600.0000000,1732550.0000000,35.5754843,129.3054792,161.3309922
,1163590.0000000,1732550.0000000,35.5754859,129.3053689,160.0588763
,1163580.0000000,1732550.0000000,35.5754876,129.3052586,158.1781022
,1163570.0000000,1732550.0000000,35.5754892,129.3051483,156.5552083
,1163560.0000000,1732550.0000000,35.5754909,129.3050380,156.5000000
,1163550.0000000,1732550.0000000,35.5754925,129.3049277,156.5000000
,1163540.0000000,1732550.0000000,35.5754942,129.3048174,156.4098233
,1163530.0000000,1732550.0000000,35.5754958,129.3047071,155.6440613
,1163520.0000000,1732550.0000000,35.5754975,129.3045968,153.3719973
,1163510.0000000,1732550.0000000,35.5754991,129.3044864,151.8738861
,1163500.0000000,1732550.0000000,35.5755008,129.3043761,151.5000000
,1163490.0000000,1732550.0000000,35.5755024,129.3042658,151.5000000
,1163480.0000000,1732550.0000000,35.5755041,129.3041555,151.5000000
,1163470.0000000,1732550.0000000,35.5755057,129.3040452,150.9527235
,1163460.0000000,1732550.0000000,35.5755074,129.3039349,149.0976624
,1163450.0000000,1732550.0000000,35.5755090,129.3038246,146.6502297
,1163440.0000000,1732550.0000000,35.5755107,129.3037143,146.5000000
,1163430.0000000,1732550.0000000,35.5755123,129.3036040,146.5000000
,1163420.0000000,1732550.0000000,35.5755140,129.3034937,146.5000000
,1163410.0000000,1732550.0000000,35.5755156,129.3033833,146.4277861
,1163400.0000000,1732550.0000000,35.5755173,129.3032730,145.2315044
,1163390.0000000,1732550.0000000,35.5755189,129.3031627,142.4858422
,1163380.0000000,1732550.0000000,35.5755206,129.3030524,141.5155399
,1163370.0000000,1732550.0000000,35.5755222,129.3029421,140.5381197
,1163360.0000000,1732550.0000000,35.5755239,129.3028318,138.1179488
,1163350.0000000,1732550.0000000,35.5755255,129.3027215,136.3209211
,1163340.0000000,1732550.0000000,35.5755272,129.3026112,135.7675619
,1163330.0000000,1732550.0000000,35.5755288,129.3025009,130.6535617
,1163320.0000000,1732550.0000000,35.5755305,129.3023905,129.8490530
,1163310.0000000,1732550.0000000,35.5755321,129.3022802,131.3677595
,1163300.0000000,1732550.0000000,35.5755338,129.3021699,131.6853484
,1163290.0000000,1732550.0000000,35.5755354,129.3020596,131.2767401
,1163280.0000000,1732550.0000000,35.5755371,129.3019493,130.5166629
,1163270.0000000,1732550.0000000,35.5755387,129.3018390,126.5728179
,1163260.0000000,1732550.0000000,35.5755404,129.3017287,122.4475403
,1163250.0000000,1732550.0000000,35.5755420,129.3016184,119.4581461
,1163240.0000000,1732550.0000000,35.5755437,129.3015081,116.2953840
,1163230.0000000,1732550.0000000,35.5755453,129.3013978,112.2324720
,1163220.0000000,1732550.0000000,35.5755470,129.3012874,109.3838332
,1163210.0000000,1732550.0000000,35.5755486,129.3011771,106.5675591
,1163200.0000000,1732550.0000000,35.5755503,129.3010668,106.5552102
,1163190.0000000,1732550.0000000,35.5755519,129.3009565,106.5000000
,1163180.0000000,1732550.0000000,35.5755536,129.3008462,105.9232767
,1163170.0000000,1732550.0000000,35.5755552,129.3007359,104.5507661
,1163160.0000000,1732550.0000000,35.5755569,129.3006256,103.6835450
,1163150.0000000,1732550.0000000,35.5755585,129.3005153,103.6756908
,1163140.0000000,1732550.0000000,35.5755602,129.3004050,106.5554173
,1163130.0000000,1732550.0000000,35.5755618,129.3002946,111.1811097
,1163120.0000000,1732550.0000000,35.5755635,129.3001843,111.6889205
,1163110.0000000,1732550.0000000,35.5755651,129.3000740,117.1807076
,1163100.0000000,1732550.0000000,35.5755668,129.2999637,122.6109589
,1163090.0000000,1732550.0000000,35.5755684,129.2998534,129.6951124
,1163080.0000000,1732550.0000000,35.5755701,129.2997431,135.1038089
,1163070.0000000,1732550.0000000,35.5755717,129.2996328,139.0056696
,1163060.0000000,1732550.0000000,35.5755734,129.2995225,141.8658364
,1163050.0000000,1732550.0000000,35.5755750,129.2994122,144.7474822
,1163040.0000000,1732550.0000000,35.5755767,129.2993018,144.0612580
,1163030.0000000,1732550.0000000,35.5755783,129.2991915,144.1204334
,1163020.0000000,1732550.0000000,35.5755799,129.2990812,146.4907799
,1163010.0000000,1732550.0000000,35.5755816,129.2989709,148.9663991
,1163000.0000000,1732550.0000000,35.5755832,129.2988606,151.5124657
,1163000.0000000,1732560.0000000,35.5756734,129.2988626,148.6724151
,1163010.0000000,1732560.0000000,35.5756717,129.2989729,146.4981523
,1163020.0000000,1732560.0000000,35.5756701,129.2990832,142.0303571
,1163030.0000000,1732560.0000000,35.5756684,129.2991936,140.7968591
,1163040.0000000,1732560.0000000,35.5756668,129.2993039,140.0846629
,1163050.0000000,1732560.0000000,35.5756651,129.2994142,140.7083849
,1163060.0000000,1732560.0000000,35.5756635,129.2995245,140.5809416
,1163070.0000000,1732560.0000000,35.5756618,129.2996348,136.9020236
,1163080.0000000,1732560.0000000,35.5756602,129.2997451,133.1550067
,1163090.0000000,1732560.0000000,35.5756585,129.2998554,128.3027650
,1163100.0000000,1732560.0000000,35.5756569,129.2999657,123.7684492
,1163110.0000000,1732560.0000000,35.5756552,129.3000760,118.7954348
,1163120.0000000,1732560.0000000,35.5756536,129.3001864,113.5356253
,1163130.0000000,1732560.0000000,35.5756519,129.3002967,109.7982731
,1163140.0000000,1732560.0000000,35.5756503,129.3004070,105.9119803
,1163150.0000000,1732560.0000000,35.5756486,129.3005173,102.1981777
,1163160.0000000,1732560.0000000,35.5756470,129.3006276,101.8597745
,1163170.0000000,1732560.0000000,35.5756454,129.3007379,101.7212560
,1163180.0000000,1732560.0000000,35.5756437,129.3008482,104.5032020
,1163190.0000000,1732560.0000000,35.5756421,129.3009585,106.4294898
,1163200.0000000,1732560.0000000,35.5756404,129.3010688,106.5238096
,1163210.0000000,1732560.0000000,35.5756388,129.3011791,106.5918718
,1163220.0000000,1732560.0000000,35.5756371,129.3012895,108.7799685
,1163230.0000000,1732560.0000000,35.5756355,129.3013998,112.2253537
,1163240.0000000,1732560.0000000,35.5756338,129.3015101,115.2847062
,1163250.0000000,1732560.0000000,35.5756322,129.3016204,118.4264467
,1163260.0000000,1732560.0000000,35.5756305,129.3017307,122.0691030
,1163270.0000000,1732560.0000000,35.5756289,129.3018410,126.4885183
,1163280.0000000,1732560.0000000,35.5756272,129.3019513,129.9550095
,1163290.0000000,1732560.0000000,35.5756256,129.3020616,131.9339137
,1163300.0000000,1732560.0000000,35.5756239,129.3021719,133.9350700
,1163310.0000000,1732560.0000000,35.5756223,129.3022823,134.2394153
,1163320.0000000,1732560.0000000,35.5756206,129.3023926,135.1052640
,1163330.0000000,1732560.0000000,35.5756190,129.3025029,136.3048357
,1163340.0000000,1732560.0000000,35.5756173,129.3026132,136.2686476
,1163350.0000000,1732560.0000000,35.5756157,129.3027235,136.5729030
,1163360.0000000,1732560.0000000,35.5756140,129.3028338,138.6582918
,1163370.0000000,1732560.0000000,35.5756124,129.3029441,140.9410878
,1163380.0000000,1732560.0000000,35.5756107,129.3030544,141.7120043
,1163390.0000000,1732560.0000000,35.5756091,129.3031647,143.5869431
,1163400.0000000,1732560.0000000,35.5756074,129.3032751,145.8170282
,1163410.0000000,1732560.0000000,35.5756058,129.3033854,146.5000000
,1163420.0000000,1732560.0000000,35.5756041,129.3034957,146.5000000
,1163430.0000000,1732560.0000000,35.5756025,129.3036060,146.5000000
,1163440.0000000,1732560.0000000,35.5756008,129.3037163,147.4542117
,1163450.0000000,1732560.0000000,35.5755992,129.3038266,149.1285679
,1163460.0000000,1732560.0000000,35.5755975,129.3039369,151.0013648
,1163470.0000000,1732560.0000000,35.5755959,129.3040472,151.4885124
,1163480.0000000,1732560.0000000,35.5755942,129.3041575,151.5000000
,1163490.0000000,1732560.0000000,35.5755926,129.3042679,151.5000000
,1163500.0000000,1732560.0000000,35.5755909,129.3043782,151.5000000
,1163510.0000000,1732560.0000000,35.5755893,129.3044885,151.7203494
,1163520.0000000,1732560.0000000,35.5755876,129.3045988,153.6134642
,1163530.0000000,1732560.0000000,35.5755859,129.3047091,155.4339109
,1163540.0000000,1732560.0000000,35.5755843,129.3048194,156.2883319
,1163550.0000000,1732560.0000000,35.5755826,129.3049297,156.5000000
,1163560.0000000,1732560.0000000,35.5755810,129.3050400,156.5000000
,1163570.0000000,1732560.0000000,35.5755793,129.3051503,156.5000000
,1163580.0000000,1732560.0000000,35.5755777,129.3052606,157.7399009
,1163590.0000000,1732560.0000000,35.5755760,129.3053710,159.3640645
,1163600.0000000,1732560.0000000,35.5755744,129.3054813,160.9761944
,1163610.0000000,1732560.0000000,35.5755727,129.3055916,161.5000000
,1163620.0000000,1732560.0000000,35.5755711,129.3057019,161.5000000
,1163630.0000000,1732560.0000000,35.5755694,129.3058122,161.6362855
,1163640.0000000,1732560.0000000,35.5755678,129.3059225,161.5093048
,1163650.0000000,1732560.0000000,35.5755661,129.3060328,161.9691174
,1163660.0000000,1732560.0000000,35.5755645,129.3061431,162.6769021
,1163670.0000000,1732560.0000000,35.5755628,129.3062534,164.6395231
,1163680.0000000,1732560.0000000,35.5755612,129.3063637,166.1945823
,1163690.0000000,1732560.0000000,35.5755595,129.3064741,166.5000000
,1163700.0000000,1732560.0000000,35.5755578,129.3065844,166.5000000
,1163710.0000000,1732560.0000000,35.5755562,129.3066947,166.5000000
,1163720.0000000,1732560.0000000,35.5755545,129.3068050,166.5000000
,1163730.0000000,1732560.0000000,35.5755529,129.3069153,166.5000000
,1163740.0000000,1732560.0000000,35.5755512,129.3070256,166.5000000
,1163750.0000000,1732560.0000000,35.5755496,129.3071359,166.5000000
,1163760.0000000,1732560.0000000,35.5755479,129.3072462,166.9461169
,1163770.0000000,1732560.0000000,35.5755463,129.3073565,168.5554940
,1163780.0000000,1732560.0000000,35.5755446,129.3074669,170.5477617
,1163790.0000000,1732560.0000000,35.5755430,129.3075772,171.5000000
,1163800.0000000,1732560.0000000,35.5755413,129.3076875,171.5000000
,1163810.0000000,1732560.0000000,35.5755397,129.3077978,171.5000000
,1163820.0000000,1732560.0000000,35.5755380,129.3079081,171.5000000
,1163830.0000000,1732560.0000000,35.5755363,129.3080184,171.5000000
,1163840.0000000,1732560.0000000,35.5755347,129.3081287,171.5000000
,1163850.0000000,1732560.0000000,35.5755330,129.3082390,171.5000000
,1163860.0000000,1732560.0000000,35.5755314,129.3083493,171.8983137
,1163870.0000000,1732560.0000000,35.5755297,129.3084596,173.0996653
,1163880.0000000,1732560.0000000,35.5755281,129.3085700,175.0204017
,1163890.0000000,1732560.0000000,35.5755264,129.3086803,176.0122186
,1163900.0000000,1732560.0000000,35.5755248,129.3087906,176.4765152
,1163910.0000000,1732560.0000000,35.5755231,129.3089009,176.5000000
,1163920.0000000,1732560.0000000,35.5755214,129.3090112,176.5000000
,1163930.0000000,1732560.0000000,35.5755198,129.3091215,176.5000000
,1163940.0000000,1732560.0000000,35.5755181,129.3092318,176.5000000
,1163950.0000000,1732560.0000000,35.5755165,129.3093421,176.5000000
,1163960.0000000,1732560.0000000,35.5755148,129.3094524,176.5000000
,1163970.0000000,1732560.0000000,35.5755132,129.3095627,176.5000000
,1163980.0000000,1732560.0000000,35.5755115,129.3096731,176.5000000
,1163990.0000000,1732560.0000000,35.5755098,129.3097834,176.5000000
,1164000.0000000,1732560.0000000,35.5755082,129.3098937,176.5000000
,1164000.0000000,1732570.0000000,35.5755983,129.3098957,176.5000000
,1163990.0000000,1732570.0000000,35.5756000,129.3097854,176.5000000
,1163980.0000000,1732570.0000000,35.5756016,129.3096751,176.5000000
,1163970.0000000,1732570.0000000,35.5756033,129.3095648,176.5000000
,1163960.0000000,1732570.0000000,35.5756049,129.3094545,176.5000000
,1163950.0000000,1732570.0000000,35.5756066,129.3093442,176.5000000
,1163940.0000000,1732570.0000000,35.5756082,129.3092338,176.5000000
,1163930.0000000,1732570.0000000,35.5756099,129.3091235,176.5000000
,1163920.0000000,1732570.0000000,35.5756116,129.3090132,176.5000000
,1163910.0000000,1732570.0000000,35.5756132,129.3089029,176.4904328
,1163900.0000000,1732570.0000000,35.5756149,129.3087926,176.3034088
,1163890.0000000,1732570.0000000,35.5756165,129.3086823,175.8806039
,1163880.0000000,1732570.0000000,35.5756182,129.3085720,174.3889563
,1163870.0000000,1732570.0000000,35.5756198,129.3084617,172.8549053
,1163860.0000000,1732570.0000000,35.5756215,129.3083514,171.8336610
,1163850.0000000,1732570.0000000,35.5756232,129.3082411,171.5000000
,1163840.0000000,1732570.0000000,35.5756248,129.3081307,171.5000000
,1163830.0000000,1732570.0000000,35.5756265,129.3080204,171.5000000
,1163820.0000000,1732570.0000000,35.5756281,129.3079101,171.5000000
,1163810.0000000,1732570.0000000,35.5756298,129.3077998,171.5000000
,1163800.0000000,1732570.0000000,35.5756314,129.3076895,171.5000000
,1163790.0000000,1732570.0000000,35.5756331,129.3075792,171.5000000
,1163780.0000000,1732570.0000000,35.5756347,129.3074689,170.9063120
,1163770.0000000,1732570.0000000,35.5756364,129.3073586,168.9448092
,1163760.0000000,1732570.0000000,35.5756380,129.3072483,166.9450636
,1163750.0000000,1732570.0000000,35.5756397,129.3071379,166.5000000
,1163740.0000000,1732570.0000000,35.5756414,129.3070276,166.5000000
,1163730.0000000,1732570.0000000,35.5756430,129.3069173,166.5000000
,1163720.0000000,1732570.0000000,35.5756447,129.3068070,166.5000000
,1163710.0000000,1732570.0000000,35.5756463,129.3066967,166.5000000
,1163700.0000000,1732570.0000000,35.5756480,129.3065864,166.5000000
,1163690.0000000,1732570.0000000,35.5756496,129.3064761,166.5000000
,1163680.0000000,1732570.0000000,35.5756513,129.3063658,166.2713983
,1163670.0000000,1732570.0000000,35.5756529,129.3062555,165.3289186
,1163660.0000000,1732570.0000000,35.5756546,129.3061452,161.6942352
,1163650.0000000,1732570.0000000,35.5756562,129.3060348,161.9562176
,1163640.0000000,1732570.0000000,35.5756579,129.3059245,162.0177721
,1163630.0000000,1732570.0000000,35.5756595,129.3058142,161.8417587
,1163620.0000000,1732570.0000000,35.5756612,129.3057039,161.5000000
,1163610.0000000,1732570.0000000,35.5756628,129.3055936,161.5000000
,1163600.0000000,1732570.0000000,35.5756645,129.3054833,160.4594047
,1163590.0000000,1732570.0000000,35.5756662,129.3053730,158.6357583
,1163580.0000000,1732570.0000000,35.5756678,129.3052627,157.2822380
,1163570.0000000,1732570.0000000,35.5756695,129.3051524,156.5593802
,1163560.0000000,1732570.0000000,35.5756711,129.3050420,156.5000000
,1163550.0000000,1732570.0000000,35.5756728,129.3049317,156.5000000
,1163540.0000000,1732570.0000000,35.5756744,129.3048214,156.2169797
,1163530.0000000,1732570.0000000,35.5756761,129.3047111,155.6632219
,1163520.0000000,1732570.0000000,35.5756777,129.3046008,154.0294843
,1163510.0000000,1732570.0000000,35.5756794,129.3044905,151.8188054
,1163500.0000000,1732570.0000000,35.5756810,129.3043802,151.5000000
,1163490.0000000,1732570.0000000,35.5756827,129.3042699,151.5000000
,1163480.0000000,1732570.0000000,35.5756843,129.3041596,151.5000000
,1163470.0000000,1732570.0000000,35.5756860,129.3040493,151.5000000
,1163460.0000000,1732570.0000000,35.5756876,129.3039389,151.5000000
,1163450.0000000,1732570.0000000,35.5756893,129.3038286,151.2408958
,1163440.0000000,1732570.0000000,35.5756909,129.3037183,150.1927870
,1163430.0000000,1732570.0000000,35.5756926,129.3036080,146.5000000
,1163420.0000000,1732570.0000000,35.5756942,129.3034977,146.5000000
,1163410.0000000,1732570.0000000,35.5756959,129.3033874,146.5000000
,1163400.0000000,1732570.0000000,35.5756975,129.3032771,146.4433106
,1163390.0000000,1732570.0000000,35.5756992,129.3031668,144.5988660
,1163380.0000000,1732570.0000000,35.5757008,129.3030565,142.0335080
,1163370.0000000,1732570.0000000,35.5757025,129.3029461,141.4355153
,1163360.0000000,1732570.0000000,35.5757041,129.3028358,140.3934045
,1163350.0000000,1732570.0000000,35.5757058,129.3027255,137.6230783
,1163340.0000000,1732570.0000000,35.5757074,129.3026152,136.2603782
,1163330.0000000,1732570.0000000,35.5757091,129.3025049,135.7249686
,1163320.0000000,1732570.0000000,35.5757107,129.3023946,135.5356182
,1163310.0000000,1732570.0000000,35.5757124,129.3022843,136.0562901
,1163300.0000000,1732570.0000000,35.5757140,129.3021740,136.3870640
,1163290.0000000,1732570.0000000,35.5757157,129.3020637,132.9341847
,1163280.0000000,1732570.0000000,35.5757173,129.3019533,129.6568442
,1163270.0000000,1732570.0000000,35.5757190,129.3018430,126.2092047
,1163260.0000000,1732570.0000000,35.5757206,129.3017327,121.5176570
,1163250.0000000,1732570.0000000,35.5757223,129.3016224,116.8662473
,1163240.0000000,1732570.0000000,35.5757239,129.3015121,113.2843270
,1163230.0000000,1732570.0000000,35.5757256,129.3014018,111.8439647
,1163220.0000000,1732570.0000000,35.5757272,129.3012915,108.4169856
,1163210.0000000,1732570.0000000,35.5757289,129.3011812,106.6444220
,1163200.0000000,1732570.0000000,35.5757305,129.3010709,106.4525487
,1163190.0000000,1732570.0000000,35.5757322,129.3009605,105.5641896
,1163180.0000000,1732570.0000000,35.5757338,129.3008502,103.2396033
,1163170.0000000,1732570.0000000,35.5757355,129.3007399,101.5000000
,1163160.0000000,1732570.0000000,35.5757371,129.3006296,101.5000000
,1163150.0000000,1732570.0000000,35.5757388,129.3005193,101.5313396
,1163140.0000000,1732570.0000000,35.5757404,129.3004090,105.4451503
,1163130.0000000,1732570.0000000,35.5757421,129.3002987,109.0138487
,1163120.0000000,1732570.0000000,35.5757437,129.3001884,112.3488899
,1163110.0000000,1732570.0000000,35.5757454,129.3000781,116.7602381
,1163100.0000000,1732570.0000000,35.5757470,129.2999677,121.5121965
,1163090.0000000,1732570.0000000,35.5757487,129.2998574,126.5627848
,1163080.0000000,1732570.0000000,35.5757503,129.2997471,131.4313763
,1163070.0000000,1732570.0000000,35.5757520,129.2996368,133.1818918
,1163060.0000000,1732570.0000000,35.5757536,129.2995265,135.6374273
,1163050.0000000,1732570.0000000,35.5757552,129.2994162,136.1828147
,1163040.0000000,1732570.0000000,35.5757569,129.2993059,136.4547225
,1163030.0000000,1732570.0000000,35.5757585,129.2991956,137.0392932
,1163020.0000000,1732570.0000000,35.5757602,129.2990853,141.2691662
,1163010.0000000,1732570.0000000,35.5757618,129.2989749,143.9556969
,1163000.0000000,1732570.0000000,35.5757635,129.2988646,146.2965227
,1163000.0000000,1732580.0000000,35.5758536,129.2988667,143.1709328
,1163010.0000000,1732580.0000000,35.5758520,129.2989770,141.4599739
,1163020.0000000,1732580.0000000,35.5758503,129.2990873,138.1664822
,1163030.0000000,1732580.0000000,35.5758487,129.2991976,136.0800539
,1163040.0000000,1732580.0000000,35.5758470,129.2993079,132.5296732
,1163050.0000000,1732580.0000000,35.5758454,129.2994182,131.4412473
,1163060.0000000,1732580.0000000,35.5758437,129.2995285,130.5782866
,1163070.0000000,1732580.0000000,35.5758421,129.2996388,128.7967751
,1163080.0000000,1732580.0000000,35.5758404,129.2997491,126.7016491
,1163090.0000000,1732580.0000000,35.5758388,129.2998595,125.3690553
,1163100.0000000,1732580.0000000,35.5758371,129.2999698,120.8613681
,1163110.0000000,1732580.0000000,35.5758355,129.3000801,115.0153037
,1163120.0000000,1732580.0000000,35.5758338,129.3001904,110.2503159
,1163130.0000000,1732580.0000000,35.5758322,129.3003007,106.3771429
,1163140.0000000,1732580.0000000,35.5758305,129.3004110,103.5928009
,1163150.0000000,1732580.0000000,35.5758289,129.3005213,101.7111055
,1163160.0000000,1732580.0000000,35.5758272,129.3006316,101.5000000
,1163170.0000000,1732580.0000000,35.5758256,129.3007419,101.5000000
,1163180.0000000,1732580.0000000,35.5758239,129.3008523,102.1908891
,1163190.0000000,1732580.0000000,35.5758223,129.3009626,104.4830710
,1163200.0000000,1732580.0000000,35.5758206,129.3010729,106.3762687
,1163210.0000000,1732580.0000000,35.5758190,129.3011832,106.0249419
,1163220.0000000,1732580.0000000,35.5758174,129.3012935,109.0471002
,1163230.0000000,1732580.0000000,35.5758157,129.3014038,112.3710882
,1163240.0000000,1732580.0000000,35.5758141,129.3015141,112.3471468
,1163250.0000000,1732580.0000000,35.5758124,129.3016244,116.5546886
,1163260.0000000,1732580.0000000,35.5758108,129.3017347,121.3116297
,1163270.0000000,1732580.0000000,35.5758091,129.3018451,125.2724564
,1163280.0000000,1732580.0000000,35.5758075,129.3019554,128.2890877
,1163290.0000000,1732580.0000000,35.5758058,129.3020657,132.2459127
,1163300.0000000,1732580.0000000,35.5758042,129.3021760,136.4653772
,1163310.0000000,1732580.0000000,35.5758025,129.3022863,136.1757427
,1163320.0000000,1732580.0000000,35.5758009,129.3023966,136.5000000
,1163330.0000000,1732580.0000000,35.5757992,129.3025069,135.8056106
,1163340.0000000,1732580.0000000,35.5757976,129.3026172,137.4259605
,1163350.0000000,1732580.0000000,35.5757959,129.3027275,139.4296638
,1163360.0000000,1732580.0000000,35.5757943,129.3028379,141.0982250
,1163370.0000000,1732580.0000000,35.5757926,129.3029482,141.4014910
,1163380.0000000,1732580.0000000,35.5757910,129.3030585,142.4269395
,1163390.0000000,1732580.0000000,35.5757893,129.3031688,145.0012562
,1163400.0000000,1732580.0000000,35.5757877,129.3032791,146.3400352
,1163410.0000000,1732580.0000000,35.5757860,129.3033894,146.4503793
,1163420.0000000,1732580.0000000,35.5757844,129.3034997,146.5000000
,1163430.0000000,1732580.0000000,35.5757827,129.3036100,148.0487265
,1163440.0000000,1732580.0000000,35.5757811,129.3037203,151.3158387
,1163450.0000000,1732580.0000000,35.5757794,129.3038306,151.5000000
,1163460.0000000,1732580.0000000,35.5757777,129.3039410,151.5000000
,1163470.0000000,1732580.0000000,35.5757761,129.3040513,151.5000000
,1163480.0000000,1732580.0000000,35.5757744,129.3041616,151.5000000
,1163490.0000000,1732580.0000000,35.5757728,129.3042719,151.5000000
,1163500.0000000,1732580.0000000,35.5757711,129.3043822,151.5000000
,1163510.0000000,1732580.0000000,35.5757695,129.3044925,152.4359108
,1163520.0000000,1732580.0000000,35.5757678,129.3046028,154.5090288
,1163530.0000000,1732580.0000000,35.5757662,129.3047131,155.8893798
,1163540.0000000,1732580.0000000,35.5757645,129.3048234,156.4390697
,1163550.0000000,1732580.0000000,35.5757629,129.3049338,156.4874789
,1163560.0000000,1732580.0000000,35.5757612,129.3050441,156.5000000
,1163570.0000000,1732580.0000000,35.5757596,129.3051544,156.5000000
,1163580.0000000,1732580.0000000,35.5757579,129.3052647,156.8157029
,1163590.0000000,1732580.0000000,35.5757563,129.3053750,157.7297281
,1163600.0000000,1732580.0000000,35.5757546,129.3054853,160.1535481
,1163610.0000000,1732580.0000000,35.5757530,129.3055956,161.5000000
,1163620.0000000,1732580.0000000,35.5757513,129.3057059,161.5000000
,1163630.0000000,1732580.0000000,35.5757497,129.3058162,161.7567955
,1163640.0000000,1732580.0000000,35.5757480,129.3059266,162.2982035
,1163650.0000000,1732580.0000000,35.5757464,129.3060369,162.1910697
,1163660.0000000,1732580.0000000,35.5757447,129.3061472,162.6261458
,1163670.0000000,1732580.0000000,35.5757431,129.3062575,166.1385104
,1163680.0000000,1732580.0000000,35.5757414,129.3063678,166.2770070
,1163690.0000000,1732580.0000000,35.5757397,129.3064781,166.5000000
,1163700.0000000,1732580.0000000,35.5757381,129.3065884,166.5000000
,1163710.0000000,1732580.0000000,35.5757364,129.3066987,166.5000000
,1163720.0000000,1732580.0000000,35.5757348,129.3068090,166.5000000
,1163730.0000000,1732580.0000000,35.5757331,129.3069194,166.5000000
,1163740.0000000,1732580.0000000,35.5757315,129.3070297,166.5000000
,1163750.0000000,1732580.0000000,35.5757298,129.3071400,166.5000000
,1163760.0000000,1732580.0000000,35.5757282,129.3072503,166.9966360
,1163770.0000000,1732580.0000000,35.5757265,129.3073606,168.9034008
,1163780.0000000,1732580.0000000,35.5757249,129.3074709,171.1441511
,1163790.0000000,1732580.0000000,35.5757232,129.3075812,171.5000000
,1163800.0000000,1732580.0000000,35.5757215,129.3076915,171.5000000
,1163810.0000000,1732580.0000000,35.5757199,129.3078018,171.5000000
,1163820.0000000,1732580.0000000,35.5757182,129.3079121,171.5000000
,1163830.0000000,1732580.0000000,35.5757166,129.3080225,171.5000000
,1163840.0000000,1732580.0000000,35.5757149,129.3081328,171.5000000
,1163850.0000000,1732580.0000000,35.5757133,129.3082431,171.5000000
,1163860.0000000,1732580.0000000,35.5757116,129.3083534,171.5000000
,1163870.0000000,1732580.0000000,35.5757100,129.3084637,172.2425306
,1163880.0000000,1732580.0000000,35.5757083,129.3085740,173.4716068
,1163890.0000000,1732580.0000000,35.5757067,129.3086843,175.5730796
,1163900.0000000,1732580.0000000,35.5757050,129.3087946,176.1098456
,1163910.0000000,1732580.0000000,35.5757033,129.3089049,176.4163095
,1163920.0000000,1732580.0000000,35.5757017,129.3090153,176.4999744
,1163930.0000000,1732580.0000000,35.5757000,129.3091256,176.5000000
,1163940.0000000,1732580.0000000,35.5756984,129.3092359,176.5000000
,1163950.0000000,1732580.0000000,35.5756967,129.3093462,176.5000000
,1163960.0000000,1732580.0000000,35.5756951,129.3094565,176.5000000
,1163970.0000000,1732580.0000000,35.5756934,129.3095668,176.5000000
,1163980.0000000,1732580.0000000,35.5756917,129.3096771,176.5000000
,1163990.0000000,1732580.0000000,35.5756901,129.3097874,176.5000000
,1164000.0000000,1732580.0000000,35.5756884,129.3098977,176.5000000
,1164000.0000000,1732590.0000000,35.5757786,129.3098998,176.5000000
,1163990.0000000,1732590.0000000,35.5757802,129.3097895,176.5000000
,1163980.0000000,1732590.0000000,35.5757819,129.3096791,176.5000000
,1163970.0000000,1732590.0000000,35.5757835,129.3095688,176.5000000
,1163960.0000000,1732590.0000000,35.5757852,129.3094585,176.5000000
,1163950.0000000,1732590.0000000,35.5757868,129.3093482,176.5000000
,1163940.0000000,1732590.0000000,35.5757885,129.3092379,176.5000000
,1163930.0000000,1732590.0000000,35.5757901,129.3091276,176.4922206
,1163920.0000000,1732590.0000000,35.5757918,129.3090173,176.4138943
,1163910.0000000,1732590.0000000,35.5757935,129.3089070,176.1962657
,1163900.0000000,1732590.0000000,35.5757951,129.3087967,175.7644723
,1163890.0000000,1732590.0000000,35.5757968,129.3086863,174.3948185
,1163880.0000000,1732590.0000000,35.5757984,129.3085760,172.8271760
,1163870.0000000,1732590.0000000,35.5758001,129.3084657,171.6083772
,1163860.0000000,1732590.0000000,35.5758017,129.3083554,171.5000000
,1163850.0000000,1732590.0000000,35.5758034,129.3082451,171.5000000
,1163840.0000000,1732590.0000000,35.5758050,129.3081348,171.5000000
,1163830.0000000,1732590.0000000,35.5758067,129.3080245,171.5000000
,1163820.0000000,1732590.0000000,35.5758084,129.3079142,171.5000000
,1163810.0000000,1732590.0000000,35.5758100,129.3078039,171.5000000
,1163800.0000000,1732590.0000000,35.5758117,129.3076936,171.5000000
,1163790.0000000,1732590.0000000,35.5758133,129.3075832,171.2581773
,1163780.0000000,1732590.0000000,35.5758150,129.3074729,170.0213461
,1163770.0000000,1732590.0000000,35.5758166,129.3073626,168.0669006
,1163760.0000000,1732590.0000000,35.5758183,129.3072523,166.6208106
,1163750.0000000,1732590.0000000,35.5758199,129.3071420,166.5000000
,1163740.0000000,1732590.0000000,35.5758216,129.3070317,166.5000000
,1163730.0000000,1732590.0000000,35.5758232,129.3069214,166.5000000
,1163720.0000000,1732590.0000000,35.5758249,129.3068111,166.5000000
,1163710.0000000,1732590.0000000,35.5758266,129.3067008,166.5000000
,1163700.0000000,1732590.0000000,35.5758282,129.3065904,166.5000000
,1163690.0000000,1732590.0000000,35.5758299,129.3064801,166.5000000
,1163680.0000000,1732590.0000000,35.5758315,129.3063698,165.9360914
,1163670.0000000,1732590.0000000,35.5758332,129.3062595,165.1675279
,1163660.0000000,1732590.0000000,35.5758348,129.3061492,163.1026810
,1163650.0000000,1732590.0000000,35.5758365,129.3060389,161.9037060
,1163640.0000000,1732590.0000000,35.5758381,129.3059286,161.9212172
,1163630.0000000,1732590.0000000,35.5758398,129.3058183,161.5000000
,1163620.0000000,1732590.0000000,35.5758414,129.3057080,161.5000000
,1163610.0000000,1732590.0000000,35.5758431,129.3055976,161.2838358
,1163600.0000000,1732590.0000000,35.5758447,129.3054873,159.6942254
,1163590.0000000,1732590.0000000,35.5758464,129.3053770,157.3658354
,1163580.0000000,1732590.0000000,35.5758480,129.3052667,156.5000000
,1163570.0000000,1732590.0000000,35.5758497,129.3051564,156.5000000
,1163560.0000000,1732590.0000000,35.5758514,129.3050461,156.5000000
,1163550.0000000,1732590.0000000,35.5758530,129.3049358,156.5000000
,1163540.0000000,1732590.0000000,35.5758547,129.3048255,156.4461389
,1163530.0000000,1732590.0000000,35.5758563,129.3047152,155.9155381
,1163520.0000000,1732590.0000000,35.5758580,129.3046048,154.7182844
,1163510.0000000,1732590.0000000,35.5758596,129.3044945,153.1244550
,1163500.0000000,1732590.0000000,35.5758613,129.3043842,151.5000000
,1163490.0000000,1732590.0000000,35.5758629,129.3042739,151.5000000
,1163480.0000000,1732590.0000000,35.5758646,129.3041636,151.5000000
,1163470.0000000,1732590.0000000,35.5758662,129.3040533,151.5000000
,1163460.0000000,1732590.0000000,35.5758679,129.3039430,151.5000000
,1163450.0000000,1732590.0000000,35.5758695,129.3038327,151.5000000
,1163440.0000000,1732590.0000000,35.5758712,129.3037224,151.2620471
,1163430.0000000,1732590.0000000,35.5758728,129.3036120,148.1095343
,1163420.0000000,1732590.0000000,35.5758745,129.3035017,146.8564723
,1163410.0000000,1732590.0000000,35.5758761,129.3033914,146.4058628
,1163400.0000000,1732590.0000000,35.5758778,129.3032811,146.3556985
,1163390.0000000,1732590.0000000,35.5758794,129.3031708,145.3379012
,1163380.0000000,1732590.0000000,35.5758811,129.3030605,141.8585241
,1163370.0000000,1732590.0000000,35.5758827,129.3029502,141.5000000
,1163360.0000000,1732590.0000000,35.5758844,129.3028399,141.5000000
,1163350.0000000,1732590.0000000,35.5758860,129.3027296,141.2453368
,1163340.0000000,1732590.0000000,35.5758877,129.3026192,139.7324433
,1163330.0000000,1732590.0000000,35.5758893,129.3025089,136.6328087
,1163320.0000000,1732590.0000000,35.5758910,129.3023986,136.5000000
,1163310.0000000,1732590.0000000,35.5758926,129.3022883,136.1602510
,1163300.0000000,1732590.0000000,35.5758943,129.3021780,136.1042957
,1163290.0000000,1732590.0000000,35.5758959,129.3020677,131.5896506
,1163280.0000000,1732590.0000000,35.5758976,129.3019574,126.9460555
,1163270.0000000,1732590.0000000,35.5758992,129.3018471,124.5592152
,1163260.0000000,1732590.0000000,35.5759009,129.3017368,120.9327437
,1163250.0000000,1732590.0000000,35.5759025,129.3016264,116.5070179
,1163240.0000000,1732590.0000000,35.5759042,129.3015161,113.1926519
,1163230.0000000,1732590.0000000,35.5759058,129.3014058,112.3581571
,1163220.0000000,1732590.0000000,35.5759075,129.3012955,109.3872493
,1163210.0000000,1732590.0000000,35.5759091,129.3011852,105.4982885
,1163200.0000000,1732590.0000000,35.5759108,129.3010749,105.8489282
,1163190.0000000,1732590.0000000,35.5759124,129.3009646,102.6365400
,1163180.0000000,1732590.0000000,35.5759141,129.3008543,101.6420315
,1163170.0000000,1732590.0000000,35.5759157,129.3007440,101.5000000
,1163160.0000000,1732590.0000000,35.5759174,129.3006336,101.5000000
,1163150.0000000,1732590.0000000,35.5759190,129.3005233,101.5000000
,1163140.0000000,1732590.0000000,35.5759207,129.3004130,101.5405360
,1163130.0000000,1732590.0000000,35.5759223,129.3003027,102.3778041
,1163120.0000000,1732590.0000000,35.5759240,129.3001924,106.6082264
,1163110.0000000,1732590.0000000,35.5759256,129.3000821,111.4832903
,1163100.0000000,1732590.0000000,35.5759273,129.2999718,116.5671832
,1163090.0000000,1732590.0000000,35.5759289,129.2998615,121.4376880
,1163080.0000000,1732590.0000000,35.5759305,129.2997512,122.0552365
,1163070.0000000,1732590.0000000,35.5759322,129.2996408,124.6923070
,1163060.0000000,1732590.0000000,35.5759338,129.2995305,126.5594098
,1163050.0000000,1732590.0000000,35.5759355,129.2994202,127.9024033
,1163040.0000000,1732590.0000000,35.5759371,129.2993099,131.0415327
,1163030.0000000,1732590.0000000,35.5759388,129.2991996,133.0414194
,1163020.0000000,1732590.0000000,35.5759404,129.2990893,136.5103633
,1163010.0000000,1732590.0000000,35.5759421,129.2989790,139.9461532
,1163000.0000000,1732590.0000000,35.5759437,129.2988687,141.5151235
,1163000.0000000,1732600.0000000,35.5760338,129.2988707,139.6166530
,1163010.0000000,1732600.0000000,35.5760322,129.2989810,137.1227050
,1163020.0000000,1732600.0000000,35.5760306,129.2990913,135.7941746
,1163030.0000000,1732600.0000000,35.5760289,129.2992016,131.5316649
,1163040.0000000,1732600.0000000,35.5760273,129.2993119,128.3122374
,1163050.0000000,1732600.0000000,35.5760256,129.2994222,126.6105359
,1163060.0000000,1732600.0000000,35.5760240,129.2995326,123.8456134
,1163070.0000000,1732600.0000000,35.5760223,129.2996429,121.5849654
,1163080.0000000,1732600.0000000,35.5760207,129.2997532,120.3923626
,1163090.0000000,1732600.0000000,35.5760190,129.2998635,117.0649425
,1163100.0000000,1732600.0000000,35.5760174,129.2999738,114.5799726
,1163110.0000000,1732600.0000000,35.5760157,129.3000841,111.2612075
,1163120.0000000,1732600.0000000,35.5760141,129.3001944,107.3592601
,1163130.0000000,1732600.0000000,35.5760124,129.3003047,103.2848701
,1163140.0000000,1732600.0000000,35.5760108,129.3004150,101.7489782
,1163150.0000000,1732600.0000000,35.5760091,129.3005254,101.4103265
,1163160.0000000,1732600.0000000,35.5760075,129.3006357,101.5000000
,1163170.0000000,1732600.0000000,35.5760058,129.3007460,101.5000000
,1163180.0000000,1732600.0000000,35.5760042,129.3008563,101.5073062
,1163190.0000000,1732600.0000000,35.5760025,129.3009666,101.5827390
,1163200.0000000,1732600.0000000,35.5760009,129.3010769,103.8142475
,1163210.0000000,1732600.0000000,35.5759992,129.3011872,105.5971646
,1163220.0000000,1732600.0000000,35.5759976,129.3012975,108.9348091
,1163230.0000000,1732600.0000000,35.5759959,129.3014078,112.0626352
,1163240.0000000,1732600.0000000,35.5759943,129.3015182,115.4576159
,1163250.0000000,1732600.0000000,35.5759926,129.3016285,117.5057266
,1163260.0000000,1732600.0000000,35.5759910,129.3017388,121.4299641
,1163270.0000000,1732600.0000000,35.5759893,129.3018491,124.8699629
,1163280.0000000,1732600.0000000,35.5759877,129.3019594,126.5564523
,1163290.0000000,1732600.0000000,35.5759860,129.3020697,131.0424024
,1163300.0000000,1732600.0000000,35.5759844,129.3021800,135.7860011
,1163310.0000000,1732600.0000000,35.5759828,129.3022903,136.3144465
,1163320.0000000,1732600.0000000,35.5759811,129.3024006,136.4971153
,1163330.0000000,1732600.0000000,35.5759795,129.3025110,138.2296561
,1163340.0000000,1732600.0000000,35.5759778,129.3026213,141.2528097
,1163350.0000000,1732600.0000000,35.5759762,129.3027316,141.5000000
,1163360.0000000,1732600.0000000,35.5759745,129.3028419,141.5000000
,1163370.0000000,1732600.0000000,35.5759728,129.3029522,141.5000000
,1163380.0000000,1732600.0000000,35.5759712,129.3030625,142.1332007
,1163390.0000000,1732600.0000000,35.5759695,129.3031728,144.8268864
,1163400.0000000,1732600.0000000,35.5759679,129.3032831,146.4378913
,1163410.0000000,1732600.0000000,35.5759662,129.3033934,146.4853095
,1163420.0000000,1732600.0000000,35.5759646,129.3035038,146.7869863
,1163430.0000000,1732600.0000000,35.5759629,129.3036141,148.5255771
,1163440.0000000,1732600.0000000,35.5759613,129.3037244,151.1161016
,1163450.0000000,1732600.0000000,35.5759596,129.3038347,151.5000000
,1163460.0000000,1732600.0000000,35.5759580,129.3039450,151.5000000
,1163470.0000000,1732600.0000000,35.5759563,129.3040553,151.5000000
,1163480.0000000,1732600.0000000,35.5759547,129.3041656,151.5000000
,1163490.0000000,1732600.0000000,35.5759530,129.3042759,151.5000000
,1163500.0000000,1732600.0000000,35.5759514,129.3043862,151.5000000
,1163510.0000000,1732600.0000000,35.5759497,129.3044966,153.4055965
,1163520.0000000,1732600.0000000,35.5759481,129.3046069,154.7026623
,1163530.0000000,1732600.0000000,35.5759464,129.3047172,155.8553919
,1163540.0000000,1732600.0000000,35.5759448,129.3048275,156.4166703
,1163550.0000000,1732600.0000000,35.5759431,129.3049378,156.5000000
,1163560.0000000,1732600.0000000,35.5759415,129.3050481,156.5000000
,1163570.0000000,1732600.0000000,35.5759398,129.3051584,156.5000000
,1163580.0000000,1732600.0000000,35.5759382,129.3052687,156.9418457
,1163590.0000000,1732600.0000000,35.5759365,129.3053790,157.6717856
,1163600.0000000,1732600.0000000,35.5759349,129.3054894,159.3618321
,1163610.0000000,1732600.0000000,35.5759332,129.3055997,161.0306432
,1163620.0000000,1732600.0000000,35.5759316,129.3057100,161.5000000
,1163630.0000000,1732600.0000000,35.5759299,129.3058203,161.5000000
,1163640.0000000,1732600.0000000,35.5759283,129.3059306,161.5000000
,1163650.0000000,1732600.0000000,35.5759266,129.3060409,161.6334774
,1163660.0000000,1732600.0000000,35.5759249,129.3061512,162.9774008
,1163670.0000000,1732600.0000000,35.5759233,129.3062615,164.9082519
,1163680.0000000,1732600.0000000,35.5759216,129.3063718,165.9062441
,1163690.0000000,1732600.0000000,35.5759200,129.3064822,166.5000000
,1163700.0000000,1732600.0000000,35.5759183,129.3065925,166.5000000
,1163710.0000000,1732600.0000000,35.5759167,129.3067028,166.5000000
,1163720.0000000,1732600.0000000,35.5759150,129.3068131,166.5000000
,1163730.0000000,1732600.0000000,35.5759134,129.3069234,166.5000000
,1163740.0000000,1732600.0000000,35.5759117,129.3070337,166.5000000
,1163750.0000000,1732600.0000000,35.5759101,129.3071440,166.5000000
,1163760.0000000,1732600.0000000,35.5759084,129.3072543,166.5000000
,1163770.0000000,1732600.0000000,35.5759068,129.3073646,167.1994810
,1163780.0000000,1732600.0000000,35.5759051,129.3074750,168.7065771
,1163790.0000000,1732600.0000000,35.5759034,129.3075853,170.0780132
,1163800.0000000,1732600.0000000,35.5759018,129.3076956,171.3588589
,1163810.0000000,1732600.0000000,35.5759001,129.3078059,171.5000000
,1163820.0000000,1732600.0000000,35.5758985,129.3079162,171.5000000
,1163830.0000000,1732600.0000000,35.5758968,129.3080265,171.5000000
,1163840.0000000,1732600.0000000,35.5758952,129.3081368,171.5000000
,1163850.0000000,1732600.0000000,35.5758935,129.3082471,171.5000000
,1163860.0000000,1732600.0000000,35.5758919,129.3083574,171.5000000
,1163870.0000000,1732600.0000000,35.5758902,129.3084678,171.5000000
,1163880.0000000,1732600.0000000,35.5758885,129.3085781,172.2540833
,1163890.0000000,1732600.0000000,35.5758869,129.3086884,173.5158129
,1163900.0000000,1732600.0000000,35.5758852,129.3087987,174.9384289
,1163910.0000000,1732600.0000000,35.5758836,129.3089090,175.7964699
,1163920.0000000,1732600.0000000,35.5758819,129.3090193,176.1472126
,1163930.0000000,1732600.0000000,35.5758803,129.3091296,176.3223650
,1163940.0000000,1732600.0000000,35.5758786,129.3092399,176.4711102
,1163950.0000000,1732600.0000000,35.5758770,129.3093502,176.5000000
,1163960.0000000,1732600.0000000,35.5758753,129.3094605,176.5000000
,1163970.0000000,1732600.0000000,35.5758736,129.3095709,176.5000000
,1163980.0000000,1732600.0000000,35.5758720,129.3096812,177.1852065
,1163990.0000000,1732600.0000000,35.5758703,129.3097915,177.8209130
,1164000.0000000,1732600.0000000,35.5758687,129.3099018,178.0586989
,1164000.0000000,1732610.0000000,35.5759588,129.3099038,179.8706960
,1163990.0000000,1732610.0000000,35.5759605,129.3097935,179.3050161
,1163980.0000000,1732610.0000000,35.5759621,129.3096832,178.1107115
,1163970.0000000,1732610.0000000,35.5759638,129.3095729,177.2219465
,1163960.0000000,1732610.0000000,35.5759654,129.3094626,176.8668030
,1163950.0000000,1732610.0000000,35.5759671,129.3093523,176.4793633
,1163940.0000000,1732610.0000000,35.5759687,129.3092420,176.3045456
,1163930.0000000,1732610.0000000,35.5759704,129.3091316,175.9811092
,1163920.0000000,1732610.0000000,35.5759720,129.3090213,175.6830752
,1163910.0000000,1732610.0000000,35.5759737,129.3089110,174.8336097
,1163900.0000000,1732610.0000000,35.5759754,129.3088007,173.6450539
,1163890.0000000,1732610.0000000,35.5759770,129.3086904,172.2773057
,1163880.0000000,1732610.0000000,35.5759787,129.3085801,171.7367722
,1163870.0000000,1732610.0000000,35.5759803,129.3084698,171.5000000
,1163860.0000000,1732610.0000000,35.5759820,129.3083595,171.5000000
,1163850.0000000,1732610.0000000,35.5759836,129.3082492,171.5000000
,1163840.0000000,1732610.0000000,35.5759853,129.3081388,171.5000000
,1163830.0000000,1732610.0000000,35.5759869,129.3080285,171.5000000
,1163820.0000000,1732610.0000000,35.5759886,129.3079182,171.5000000
,1163810.0000000,1732610.0000000,35.5759903,129.3078079,171.2770911
,1163800.0000000,1732610.0000000,35.5759919,129.3076976,170.2584126
,1163790.0000000,1732610.0000000,35.5759936,129.3075873,168.4054217
,1163780.0000000,1732610.0000000,35.5759952,129.3074770,167.2045709
,1163770.0000000,1732610.0000000,35.5759969,129.3073667,166.5000000
,1163760.0000000,1732610.0000000,35.5759985,129.3072564,166.5000000
,1163750.0000000,1732610.0000000,35.5760002,129.3071460,166.5000000
,1163740.0000000,1732610.0000000,35.5760018,129.3070357,166.5000000
,1163730.0000000,1732610.0000000,35.5760035,129.3069254,166.5000000
,1163720.0000000,1732610.0000000,35.5760051,129.3068151,166.5000000
,1163710.0000000,1732610.0000000,35.5760068,129.3067048,166.5000000
,1163700.0000000,1732610.0000000,35.5760085,129.3065945,166.5000000
,1163690.0000000,1732610.0000000,35.5760101,129.3064842,166.5000000
,1163680.0000000,1732610.0000000,35.5760118,129.3063739,165.9179212
,1163670.0000000,1732610.0000000,35.5760134,129.3062636,164.4717227
,1163660.0000000,1732610.0000000,35.5760151,129.3061532,162.0469869
,1163650.0000000,1732610.0000000,35.5760167,129.3060429,161.6096330
,1163640.0000000,1732610.0000000,35.5760184,129.3059326,161.5000000
,1163630.0000000,1732610.0000000,35.5760200,129.3058223,161.5000000
,1163620.0000000,1732610.0000000,35.5760217,129.3057120,161.3295777
,1163610.0000000,1732610.0000000,35.5760233,129.3056017,160.9649929
,1163600.0000000,1732610.0000000,35.5760250,129.3054914,159.5655992
,1163590.0000000,1732610.0000000,35.5760266,129.3053811,157.8317921
,1163580.0000000,1732610.0000000,35.5760283,129.3052708,156.7845973
,1163570.0000000,1732610.0000000,35.5760299,129.3051604,156.5000000
,1163560.0000000,1732610.0000000,35.5760316,129.3050501,156.4474435
,1163550.0000000,1732610.0000000,35.5760332,129.3049398,156.4469345
,1163540.0000000,1732610.0000000,35.5760349,129.3048295,156.1954733
,1163530.0000000,1732610.0000000,35.5760366,129.3047192,155.6908873
,1163520.0000000,1732610.0000000,35.5760382,129.3046089,154.4774288
,1163510.0000000,1732610.0000000,35.5760399,129.3044986,152.9879994
,1163500.0000000,1732610.0000000,35.5760415,129.3043883,151.5000000
,1163490.0000000,1732610.0000000,35.5760432,129.3042780,151.5000000
,1163480.0000000,1732610.0000000,35.5760448,129.3041676,151.5000000
,1163470.0000000,1732610.0000000,35.5760465,129.3040573,151.5000000
,1163460.0000000,1732610.0000000,35.5760481,129.3039470,151.5000000
,1163450.0000000,1732610.0000000,35.5760498,129.3038367,151.4407112
,1163440.0000000,1732610.0000000,35.5760514,129.3037264,150.7154934
,1163430.0000000,1732610.0000000,35.5760531,129.3036161,148.5160608
,1163420.0000000,1732610.0000000,35.5760547,129.3035058,146.9081052
,1163410.0000000,1732610.0000000,35.5760564,129.3033955,146.4017158
,1163400.0000000,1732610.0000000,35.5760580,129.3032852,146.0753690
,1163390.0000000,1732610.0000000,35.5760597,129.3031748,144.2833816
,1163380.0000000,1732610.0000000,35.5760613,129.3030645,142.1844998
,1163370.0000000,1732610.0000000,35.5760630,129.3029542,141.5000000
,1163360.0000000,1732610.0000000,35.5760646,129.3028439,141.5000000
,1163350.0000000,1732610.0000000,35.5760663,129.3027336,141.5000000
,1163340.0000000,1732610.0000000,35.5760679,129.3026233,141.5000000
,1163330.0000000,1732610.0000000,35.5760696,129.3025130,138.7301044
,1163320.0000000,1732610.0000000,35.5760712,129.3024027,136.0503086
,1163310.0000000,1732610.0000000,35.5760729,129.3022924,136.2790428
,1163300.0000000,1732610.0000000,35.5760745,129.3021820,135.2908865
,1163290.0000000,1732610.0000000,35.5760762,129.3020717,131.0087138
,1163280.0000000,1732610.0000000,35.5760778,129.3019614,126.8750401
,1163270.0000000,1732610.0000000,35.5760795,129.3018511,125.6986522
,1163260.0000000,1732610.0000000,35.5760811,129.3017408,121.9430129
,1163250.0000000,1732610.0000000,35.5760828,129.3016305,119.4462389
,1163240.0000000,1732610.0000000,35.5760844,129.3015202,116.4799144
,1163230.0000000,1732610.0000000,35.5760861,129.3014099,113.1117070
,1163220.0000000,1732610.0000000,35.5760877,129.3012996,107.4124166
,1163210.0000000,1732610.0000000,35.5760894,129.3011892,106.3756398
,1163200.0000000,1732610.0000000,35.5760910,129.3010789,103.0603915
,1163190.0000000,1732610.0000000,35.5760927,129.3009686,102.0016182
,1163180.0000000,1732610.0000000,35.5760943,129.3008583,101.5698733
,1163170.0000000,1732610.0000000,35.5760960,129.3007480,101.1833297
,1163160.0000000,1732610.0000000,35.5760976,129.3006377,99.0816741
,1163150.0000000,1732610.0000000,35.5760993,129.3005274,98.6606969
,1163140.0000000,1732610.0000000,35.5761009,129.3004171,100.7189236
,1163130.0000000,1732610.0000000,35.5761026,129.3003067,103.8946245
,1163120.0000000,1732610.0000000,35.5761042,129.3001964,107.5460024
,1163110.0000000,1732610.0000000,35.5761058,129.3000861,111.0529834
,1163100.0000000,1732610.0000000,35.5761075,129.2999758,112.6383631
,1163090.0000000,1732610.0000000,35.5761091,129.2998655,116.0828525
,1163080.0000000,1732610.0000000,35.5761108,129.2997552,118.1602777
,1163070.0000000,1732610.0000000,35.5761124,129.2996449,121.1925482
,1163060.0000000,1732610.0000000,35.5761141,129.2995346,123.3106878
,1163050.0000000,1732610.0000000,35.5761157,129.2994243,126.4549391
,1163040.0000000,1732610.0000000,35.5761174,129.2993139,127.1762656
,1163030.0000000,1732610.0000000,35.5761190,129.2992036,131.5193979
,1163020.0000000,1732610.0000000,35.5761207,129.2990933,135.8103472
,1163010.0000000,1732610.0000000,35.5761223,129.2989830,136.8638301
,1163000.0000000,1732610.0000000,35.5761240,129.2988727,138.6758196
,1163000.0000000,1732620.0000000,35.5762141,129.2988747,139.5933940
,1163010.0000000,1732620.0000000,35.5762124,129.2989850,139.7501617
,1163020.0000000,1732620.0000000,35.5762108,129.2990953,136.6272831
,1163030.0000000,1732620.0000000,35.5762091,129.2992056,133.3340697
,1163040.0000000,1732620.0000000,35.5762075,129.2993160,130.7262328
,1163050.0000000,1732620.0000000,35.5762059,129.2994263,126.9500249
,1163060.0000000,1732620.0000000,35.5762042,129.2995366,125.2731466
,1163070.0000000,1732620.0000000,35.5762026,129.2996469,121.7025804
,1163080.0000000,1732620.0000000,35.5762009,129.2997572,117.1073199
,1163090.0000000,1732620.0000000,35.5761993,129.2998675,114.8644933
,1163100.0000000,1732620.0000000,35.5761976,129.2999778,111.6482096
,1163110.0000000,1732620.0000000,35.5761960,129.3000881,110.4873549
,1163120.0000000,1732620.0000000,35.5761943,129.3001985,106.3105148
,1163130.0000000,1732620.0000000,35.5761927,129.3003088,102.6950592
,1163140.0000000,1732620.0000000,35.5761910,129.3004191,97.4947934
,1163150.0000000,1732620.0000000,35.5761894,129.3005294,97.0292175
,1163160.0000000,1732620.0000000,35.5761877,129.3006397,97.2898483
,1163170.0000000,1732620.0000000,35.5761861,129.3007500,99.3072518
,1163180.0000000,1732620.0000000,35.5761844,129.3008603,101.5000000
,1163190.0000000,1732620.0000000,35.5761828,129.3009706,102.1378474
,1163200.0000000,1732620.0000000,35.5761811,129.3010809,101.7256827
,1163210.0000000,1732620.0000000,35.5761795,129.3011913,106.2245803
,1163220.0000000,1732620.0000000,35.5761778,129.3013016,106.8187593
,1163230.0000000,1732620.0000000,35.5761762,129.3014119,111.6110397
,1163240.0000000,1732620.0000000,35.5761745,129.3015222,116.4213606
,1163250.0000000,1732620.0000000,35.5761729,129.3016325,119.8570545
,1163260.0000000,1732620.0000000,35.5761712,129.3017428,122.5857727
,1163270.0000000,1732620.0000000,35.5761696,129.3018531,126.1501881
,1163280.0000000,1732620.0000000,35.5761679,129.3019634,127.4886409
,1163290.0000000,1732620.0000000,35.5761663,129.3020738,131.3601818
,1163300.0000000,1732620.0000000,35.5761646,129.3021841,133.4483235
,1163310.0000000,1732620.0000000,35.5761630,129.3022944,136.1806243
,1163320.0000000,1732620.0000000,35.5761613,129.3024047,135.6946223
,1163330.0000000,1732620.0000000,35.5761597,129.3025150,139.1714908
,1163340.0000000,1732620.0000000,35.5761580,129.3026253,141.4165740
,1163350.0000000,1732620.0000000,35.5761564,129.3027356,141.5000000
,1163360.0000000,1732620.0000000,35.5761547,129.3028459,141.5000000
,1163370.0000000,1732620.0000000,35.5761531,129.3029562,141.5000000
,1163380.0000000,1732620.0000000,35.5761514,129.3030666,142.9645586
,1163390.0000000,1732620.0000000,35.5761498,129.3031769,145.1246877
,1163400.0000000,1732620.0000000,35.5761481,129.3032872,146.1468288
,1163410.0000000,1732620.0000000,35.5761465,129.3033975,146.5000000
,1163420.0000000,1732620.0000000,35.5761448,129.3035078,146.9292269
,1163430.0000000,1732620.0000000,35.5761432,129.3036181,148.2904228
,1163440.0000000,1732620.0000000,35.5761415,129.3037284,150.2248734
,1163450.0000000,1732620.0000000,35.5761399,129.3038387,151.4404250
,1163460.0000000,1732620.0000000,35.5761382,129.3039490,151.5000000
,1163470.0000000,1732620.0000000,35.5761366,129.3040594,151.5000000
,1163480.0000000,1732620.0000000,35.5761349,129.3041697,151.5000000
,1163490.0000000,1732620.0000000,35.5761333,129.3042800,151.5000000
,1163500.0000000,1732620.0000000,35.5761316,129.3043903,151.6557805
,1163510.0000000,1732620.0000000,35.5761300,129.3045006,152.6282120
,1163520.0000000,1732620.0000000,35.5761283,129.3046109,153.9222661
,1163530.0000000,1732620.0000000,35.5761267,129.3047212,155.1620949
,1163540.0000000,1732620.0000000,35.5761250,129.3048315,156.2106078
,1163550.0000000,1732620.0000000,35.5761234,129.3049418,156.4775761
,1163560.0000000,1732620.0000000,35.5761217,129.3050522,156.4030033
,1163570.0000000,1732620.0000000,35.5761201,129.3051625,156.5627687
,1163580.0000000,1732620.0000000,35.5761184,129.3052728,156.7279464
,1163590.0000000,1732620.0000000,35.5761168,129.3053831,157.8999791
,1163600.0000000,1732620.0000000,35.5761151,129.3054934,159.8797707
,1163610.0000000,1732620.0000000,35.5761135,129.3056037,161.0515589
,1163620.0000000,1732620.0000000,35.5761118,129.3057140,161.4110172
,1163630.0000000,1732620.0000000,35.5761101,129.3058243,161.5000000
,1163640.0000000,1732620.0000000,35.5761085,129.3059346,161.5000000
,1163650.0000000,1732620.0000000,35.5761068,129.3060450,161.5000000
,1163660.0000000,1732620.0000000,35.5761052,129.3061553,161.5000000
,1163670.0000000,1732620.0000000,35.5761035,129.3062656,161.9460891
,1163680.0000000,1732620.0000000,35.5761019,129.3063759,163.5768856
,1163690.0000000,1732620.0000000,35.5761002,129.3064862,165.2701750
,1163700.0000000,1732620.0000000,35.5760986,129.3065965,166.3217337
,1163710.0000000,1732620.0000000,35.5760969,129.3067068,166.5000000
,1163720.0000000,1732620.0000000,35.5760953,129.3068171,166.5000000
,1163730.0000000,1732620.0000000,35.5760936,129.3069274,166.5000000
,1163740.0000000,1732620.0000000,35.5760920,129.3070378,166.5000000
,1163750.0000000,1732620.0000000,35.5760903,129.3071481,166.5000000
,1163760.0000000,1732620.0000000,35.5760886,129.3072584,166.5000000
,1163770.0000000,1732620.0000000,35.5760870,129.3073687,166.5000000
,1163780.0000000,1732620.0000000,35.5760853,129.3074790,166.6679499
,1163790.0000000,1732620.0000000,35.5760837,129.3075893,167.1862477
,1163800.0000000,1732620.0000000,35.5760820,129.3076996,168.4616596
,1163810.0000000,1732620.0000000,35.5760804,129.3078099,170.5350772
,1163820.0000000,1732620.0000000,35.5760787,129.3079202,171.1438778
,1163830.0000000,1732620.0000000,35.5760771,129.3080306,171.3800223
,1163840.0000000,1732620.0000000,35.5760754,129.3081409,171.4698309
,1163850.0000000,1732620.0000000,35.5760738,129.3082512,171.4736968
,1163860.0000000,1732620.0000000,35.5760721,129.3083615,171.4648206
,1163870.0000000,1732620.0000000,35.5760704,129.3084718,171.5000000
,1163880.0000000,1732620.0000000,35.5760688,129.3085821,171.5186702
,1163890.0000000,1732620.0000000,35.5760671,129.3086924,171.8922592
,1163900.0000000,1732620.0000000,35.5760655,129.3088027,172.7323710
,1163910.0000000,1732620.0000000,35.5760638,129.3089130,173.4565130
,1163920.0000000,1732620.0000000,35.5760622,129.3090234,174.6780187
,1163930.0000000,1732620.0000000,35.5760605,129.3091337,175.4224247
,1163940.0000000,1732620.0000000,35.5760589,129.3092440,175.9431946
,1163950.0000000,1732620.0000000,35.5760572,129.3093543,176.2983744
,1163960.0000000,1732620.0000000,35.5760555,129.3094646,177.1268467
,1163970.0000000,1732620.0000000,35.5760539,129.3095749,178.3306704
,1163980.0000000,1732620.0000000,35.5760522,129.3096852,179.4461922
,1163990.0000000,1732620.0000000,35.5760506,129.3097955,180.2906179
,1164000.0000000,1732620.0000000,35.5760489,129.3099058,180.9032862
,1164000.0000000,1732630.0000000,35.5761390,129.3099079,181.0469874
,1163990.0000000,1732630.0000000,35.5761407,129.3097976,180.4782855
,1163980.0000000,1732630.0000000,35.5761423,129.3096873,179.8146629
,1163970.0000000,1732630.0000000,35.5761440,129.3095769,179.2168118
,1163960.0000000,1732630.0000000,35.5761457,129.3094666,177.9792532
,1163950.0000000,1732630.0000000,35.5761473,129.3093563,176.2244578
,1163940.0000000,1732630.0000000,35.5761490,129.3092460,175.2150954
,1163930.0000000,1732630.0000000,35.5761506,129.3091357,174.4617040
,1163920.0000000,1732630.0000000,35.5761523,129.3090254,173.3516664
,1163910.0000000,1732630.0000000,35.5761539,129.3089151,172.7088509
,1163900.0000000,1732630.0000000,35.5761556,129.3088048,172.1201428
,1163890.0000000,1732630.0000000,35.5761573,129.3086945,171.6935548
,1163880.0000000,1732630.0000000,35.5761589,129.3085841,171.4789940
,1163870.0000000,1732630.0000000,35.5761606,129.3084738,171.4879244
,1163860.0000000,1732630.0000000,35.5761622,129.3083635,171.4705245
,1163850.0000000,1732630.0000000,35.5761639,129.3082532,171.3963530
,1163840.0000000,1732630.0000000,35.5761655,129.3081429,171.1140471
,1163830.0000000,1732630.0000000,35.5761672,129.3080326,170.5522156
,1163820.0000000,1732630.0000000,35.5761688,129.3079223,169.8464705
,1163810.0000000,1732630.0000000,35.5761705,129.3078120,168.1131108
,1163800.0000000,1732630.0000000,35.5761722,129.3077017,166.7914634
,1163790.0000000,1732630.0000000,35.5761738,129.3075913,166.6048823
,1163780.0000000,1732630.0000000,35.5761755,129.3074810,166.5000000
,1163770.0000000,1732630.0000000,35.5761771,129.3073707,166.5000000
,1163760.0000000,1732630.0000000,35.5761788,129.3072604,166.5000000
,1163750.0000000,1732630.0000000,35.5761804,129.3071501,166.5000000
,1163740.0000000,1732630.0000000,35.5761821,129.3070398,166.5000000
,1163730.0000000,1732630.0000000,35.5761837,129.3069295,166.4559606
,1163720.0000000,1732630.0000000,35.5761854,129.3068192,166.1478976
,1163710.0000000,1732630.0000000,35.5761870,129.3067089,165.5229477
,1163700.0000000,1732630.0000000,35.5761887,129.3065985,164.7112148
,1163690.0000000,1732630.0000000,35.5761903,129.3064882,163.3358439
,1163680.0000000,1732630.0000000,35.5761920,129.3063779,161.8323423
,1163670.0000000,1732630.0000000,35.5761937,129.3062676,161.5000000
,1163660.0000000,1732630.0000000,35.5761953,129.3061573,161.5000000
,1163650.0000000,1732630.0000000,35.5761970,129.3060470,161.5000000
,1163640.0000000,1732630.0000000,35.5761986,129.3059367,161.5000000
,1163630.0000000,1732630.0000000,35.5762003,129.3058264,161.5000000
,1163620.0000000,1732630.0000000,35.5762019,129.3057160,161.5691735
,1163610.0000000,1732630.0000000,35.5762036,129.3056057,161.0513020
,1163600.0000000,1732630.0000000,35.5762052,129.3054954,160.1487940
,1163590.0000000,1732630.0000000,35.5762069,129.3053851,158.2133768
,1163580.0000000,1732630.0000000,35.5762085,129.3052748,156.6277070
,1163570.0000000,1732630.0000000,35.5762102,129.3051645,156.5835598
,1163560.0000000,1732630.0000000,35.5762118,129.3050542,156.1483846
,1163550.0000000,1732630.0000000,35.5762135,129.3049439,156.0028641
,1163540.0000000,1732630.0000000,35.5762151,129.3048336,155.5824264
,1163530.0000000,1732630.0000000,35.5762168,129.3047232,154.7216396
,1163520.0000000,1732630.0000000,35.5762184,129.3046129,153.3357348
,1163510.0000000,1732630.0000000,35.5762201,129.3045026,152.5382510
,1163500.0000000,1732630.0000000,35.5762217,129.3043923,151.7144217
,1163490.0000000,1732630.0000000,35.5762234,129.3042820,151.5000000
,1163480.0000000,1732630.0000000,35.5762251,129.3041717,151.5000000
,1163470.0000000,1732630.0000000,35.5762267,129.3040614,151.5000000
,1163460.0000000,1732630.0000000,35.5762284,129.3039511,151.5000000
,1163450.0000000,1732630.0000000,35.5762300,129.3038408,151.1845481
,1163440.0000000,1732630.0000000,35.5762317,129.3037304,149.0293721
,1163430.0000000,1732630.0000000,35.5762333,129.3036201,147.6231922
,1163420.0000000,1732630.0000000,35.5762350,129.3035098,146.5000000
,1163410.0000000,1732630.0000000,35.5762366,129.3033995,146.5000000
,1163400.0000000,1732630.0000000,35.5762383,129.3032892,146.5000000
,1163390.0000000,1732630.0000000,35.5762399,129.3031789,146.0569814
,1163380.0000000,1732630.0000000,35.5762416,129.3030686,144.9189700
,1163370.0000000,1732630.0000000,35.5762432,129.3029583,142.5854507
,1163360.0000000,1732630.0000000,35.5762449,129.3028480,141.5000000
,1163350.0000000,1732630.0000000,35.5762465,129.3027376,141.5000000
,1163340.0000000,1732630.0000000,35.5762482,129.3026273,141.3056036
,1163330.0000000,1732630.0000000,35.5762498,129.3025170,138.8245082
,1163320.0000000,1732630.0000000,35.5762515,129.3024067,135.9474059
,1163310.0000000,1732630.0000000,35.5762531,129.3022964,133.0347694
,1163300.0000000,1732630.0000000,35.5762548,129.3021861,131.5747302
,1163290.0000000,1732630.0000000,35.5762564,129.3020758,129.1958115
,1163280.0000000,1732630.0000000,35.5762581,129.3019655,126.7635907
,1163270.0000000,1732630.0000000,35.5762597,129.3018551,125.8226955
,1163260.0000000,1732630.0000000,35.5762614,129.3017448,121.6473359
,1163250.0000000,1732630.0000000,35.5762630,129.3016345,118.2931767
,1163240.0000000,1732630.0000000,35.5762647,129.3015242,115.7969126
,1163230.0000000,1732630.0000000,35.5762663,129.3014139,110.8121376
,1163220.0000000,1732630.0000000,35.5762680,129.3013036,106.6521791
,1163210.0000000,1732630.0000000,35.5762696,129.3011933,105.2459298
,1163200.0000000,1732630.0000000,35.5762713,129.3010830,102.0970965
,1163190.0000000,1732630.0000000,35.5762729,129.3009727,102.0154916
,1163180.0000000,1732630.0000000,35.5762746,129.3008623,101.5000000
,1163170.0000000,1732630.0000000,35.5762762,129.3007520,97.3891577
,1163160.0000000,1732630.0000000,35.5762778,129.3006417,96.5000000
,1163150.0000000,1732630.0000000,35.5762795,129.3005314,96.5623235
,1163140.0000000,1732630.0000000,35.5762811,129.3004211,97.0244993
,1163130.0000000,1732630.0000000,35.5762828,129.3003108,101.7885626
,1163120.0000000,1732630.0000000,35.5762844,129.3002005,105.9733230
,1163110.0000000,1732630.0000000,35.5762861,129.3000902,109.9844100
,1163100.0000000,1732630.0000000,35.5762877,129.2999798,111.6235552
,1163090.0000000,1732630.0000000,35.5762894,129.2998695,114.6847501
,1163080.0000000,1732630.0000000,35.5762910,129.2997592,118.4398075
,1163070.0000000,1732630.0000000,35.5762927,129.2996489,121.7253342
,1163060.0000000,1732630.0000000,35.5762943,129.2995386,126.5603866
,1163050.0000000,1732630.0000000,35.5762960,129.2994283,130.9229896
,1163040.0000000,1732630.0000000,35.5762976,129.2993180,132.1149582
,1163030.0000000,1732630.0000000,35.5762993,129.2992077,136.4930716
,1163020.0000000,1732630.0000000,35.5763009,129.2990974,139.1957966
,1163010.0000000,1732630.0000000,35.5763026,129.2989870,141.4699911
,1163000.0000000,1732630.0000000,35.5763042,129.2988767,140.8352451
,1163000.0000000,1732640.0000000,35.5763943,129.2988787,140.5189068
,1163010.0000000,1732640.0000000,35.5763927,129.2989891,141.4357059
,1163020.0000000,1732640.0000000,35.5763910,129.2990994,140.0925400
,1163030.0000000,1732640.0000000,35.5763894,129.2992097,136.6134047
,1163040.0000000,1732640.0000000,35.5763877,129.2993200,134.3676903
,1163050.0000000,1732640.0000000,35.5763861,129.2994303,130.7454952
,1163060.0000000,1732640.0000000,35.5763844,129.2995406,127.9793791
,1163070.0000000,1732640.0000000,35.5763828,129.2996509,124.5801945
,1163080.0000000,1732640.0000000,35.5763812,129.2997612,120.4893869
,1163090.0000000,1732640.0000000,35.5763795,129.2998716,115.6310690
,1163100.0000000,1732640.0000000,35.5763779,129.2999819,111.5028008
,1163110.0000000,1732640.0000000,35.5763762,129.3000922,109.6866824
,1163120.0000000,1732640.0000000,35.5763746,129.3002025,106.0962716
,1163130.0000000,1732640.0000000,35.5763729,129.3003128,101.1831054
,1163140.0000000,1732640.0000000,35.5763713,129.3004231,96.5822936
,1163150.0000000,1732640.0000000,35.5763696,129.3005334,96.5000000
,1163160.0000000,1732640.0000000,35.5763680,129.3006437,96.5000000
,1163170.0000000,1732640.0000000,35.5763663,129.3007540,97.6498288
,1163180.0000000,1732640.0000000,35.5763647,129.3008644,100.9176738
,1163190.0000000,1732640.0000000,35.5763630,129.3009747,101.6347117
,1163200.0000000,1732640.0000000,35.5763614,129.3010850,101.5354217
,1163210.0000000,1732640.0000000,35.5763597,129.3011953,103.6056670
,1163220.0000000,1732640.0000000,35.5763581,129.3013056,106.7325045
,1163230.0000000,1732640.0000000,35.5763564,129.3014159,109.3782221
,1163240.0000000,1732640.0000000,35.5763548,129.3015262,112.5825272
,1163250.0000000,1732640.0000000,35.5763531,129.3016365,116.5053324
,1163260.0000000,1732640.0000000,35.5763515,129.3017469,121.0241095
,1163270.0000000,1732640.0000000,35.5763498,129.3018572,122.9371261
,1163280.0000000,1732640.0000000,35.5763482,129.3019675,125.6532653
,1163290.0000000,1732640.0000000,35.5763465,129.3020778,126.6879244
,1163300.0000000,1732640.0000000,35.5763449,129.3021881,128.9194013
,1163310.0000000,1732640.0000000,35.5763432,129.3022984,131.7745189
,1163320.0000000,1732640.0000000,35.5763416,129.3024087,134.9651290
,1163330.0000000,1732640.0000000,35.5763399,129.3025190,138.2338951
,1163340.0000000,1732640.0000000,35.5763383,129.3026293,141.2799038
,1163350.0000000,1732640.0000000,35.5763366,129.3027397,141.5000000
,1163360.0000000,1732640.0000000,35.5763350,129.3028500,141.5000000
,1163370.0000000,1732640.0000000,35.5763333,129.3029603,144.3001261
,1163380.0000000,1732640.0000000,35.5763317,129.3030706,146.1173641
,1163390.0000000,1732640.0000000,35.5763300,129.3031809,146.4948223
,1163400.0000000,1732640.0000000,35.5763284,129.3032912,146.5000000
,1163410.0000000,1732640.0000000,35.5763267,129.3034015,146.5000000
,1163420.0000000,1732640.0000000,35.5763251,129.3035118,146.5000000
,1163430.0000000,1732640.0000000,35.5763234,129.3036222,146.9459229
,1163440.0000000,1732640.0000000,35.5763218,129.3037325,147.9007478
,1163450.0000000,1732640.0000000,35.5763201,129.3038428,149.3934620
,1163460.0000000,1732640.0000000,35.5763185,129.3039531,150.6727275
,1163470.0000000,1732640.0000000,35.5763168,129.3040634,151.5000000
,1163480.0000000,1732640.0000000,35.5763152,129.3041737,151.5000000
,1163490.0000000,1732640.0000000,35.5763135,129.3042840,151.5108948
,1163500.0000000,1732640.0000000,35.5763119,129.3043943,151.7441450
,1163510.0000000,1732640.0000000,35.5763102,129.3045046,152.2212642
,1163520.0000000,1732640.0000000,35.5763086,129.3046150,153.0370199
,1163530.0000000,1732640.0000000,35.5763069,129.3047253,153.6874850
,1163540.0000000,1732640.0000000,35.5763053,129.3048356,154.3249437
,1163550.0000000,1732640.0000000,35.5763036,129.3049459,155.2111060
,1163560.0000000,1732640.0000000,35.5763020,129.3050562,156.0419547
,1163570.0000000,1732640.0000000,35.5763003,129.3051665,156.8612897
,1163580.0000000,1732640.0000000,35.5762987,129.3052768,157.9083424
,1163590.0000000,1732640.0000000,35.5762970,129.3053871,159.9176575
,1163600.0000000,1732640.0000000,35.5762953,129.3054974,161.1976256
,1163610.0000000,1732640.0000000,35.5762937,129.3056078,162.7461034
,1163620.0000000,1732640.0000000,35.5762920,129.3057181,162.0009164
,1163630.0000000,1732640.0000000,35.5762904,129.3058284,161.7765969
,1163640.0000000,1732640.0000000,35.5762887,129.3059387,161.6389499
,1163650.0000000,1732640.0000000,35.5762871,129.3060490,161.5234154
,1163660.0000000,1732640.0000000,35.5762854,129.3061593,161.6846185
,1163670.0000000,1732640.0000000,35.5762838,129.3062696,161.5000000
,1163680.0000000,1732640.0000000,35.5762821,129.3063799,161.5000000
,1163690.0000000,1732640.0000000,35.5762805,129.3064903,161.5000000
,1163700.0000000,1732640.0000000,35.5762788,129.3066006,162.5292980
,1163710.0000000,1732640.0000000,35.5762772,129.3067109,163.6698491
,1163720.0000000,1732640.0000000,35.5762755,129.3068212,164.5717047
,1163730.0000000,1732640.0000000,35.5762739,129.3069315,165.6780819
,1163740.0000000,1732640.0000000,35.5762722,129.3070418,166.1540086
,1163750.0000000,1732640.0000000,35.5762705,129.3071521,166.5000000
,1163760.0000000,1732640.0000000,35.5762689,129.3072624,166.4767254
,1163770.0000000,1732640.0000000,35.5762672,129.3073727,166.4328808
,1163780.0000000,1732640.0000000,35.5762656,129.3074831,166.4615739
,1163790.0000000,1732640.0000000,35.5762639,129.3075934,166.4651516
,1163800.0000000,1732640.0000000,35.5762623,129.3077037,166.5000000
,1163810.0000000,1732640.0000000,35.5762606,129.3078140,167.0064567
,1163820.0000000,1732640.0000000,35.5762590,129.3079243,167.8788436
,1163830.0000000,1732640.0000000,35.5762573,129.3080346,168.9262176
,1163840.0000000,1732640.0000000,35.5762557,129.3081449,169.8317524
,1163850.0000000,1732640.0000000,35.5762540,129.3082552,170.6632435
,1163860.0000000,1732640.0000000,35.5762523,129.3083655,171.1874095
,1163870.0000000,1732640.0000000,35.5762507,129.3084759,171.3429074
,1163880.0000000,1732640.0000000,35.5762490,129.3085862,171.3414329
,1163890.0000000,1732640.0000000,35.5762474,129.3086965,171.4521037
,1163900.0000000,1732640.0000000,35.5762457,129.3088068,171.5788647
,1163910.0000000,1732640.0000000,35.5762441,129.3089171,171.8122312
,1163920.0000000,1732640.0000000,35.5762424,129.3090274,172.4252321
,1163930.0000000,1732640.0000000,35.5762408,129.3091377,173.1805388
,1163940.0000000,1732640.0000000,35.5762391,129.3092480,173.8386029
,1163950.0000000,1732640.0000000,35.5762374,129.3093583,175.6240515
,1163960.0000000,1732640.0000000,35.5762358,129.3094687,178.4428890
,1163970.0000000,1732640.0000000,35.5762341,129.3095790,178.6261988
,1163980.0000000,1732640.0000000,35.5762325,129.3096893,179.3817376
,1163990.0000000,1732640.0000000,35.5762308,129.3097996,180.3044509
,1164000.0000000,1732640.0000000,35.5762292,129.3099099,181.1967165
,1164000.0000000,1732650.0000000,35.5763193,129.3099119,181.2104629
,1163990.0000000,1732650.0000000,35.5763209,129.3098016,179.7635572
,1163980.0000000,1732650.0000000,35.5763226,129.3096913,177.9514201
,1163970.0000000,1732650.0000000,35.5763242,129.3095810,178.0015420
,1163960.0000000,1732650.0000000,35.5763259,129.3094707,177.2488079
,1163950.0000000,1732650.0000000,35.5763276,129.3093604,174.5591999
,1163940.0000000,1732650.0000000,35.5763292,129.3092501,172.9033534
,1163930.0000000,1732650.0000000,35.5763309,129.3091398,172.3874691
,1163920.0000000,1732650.0000000,35.5763325,129.3090294,171.8815887
,1163910.0000000,1732650.0000000,35.5763342,129.3089191,171.5306380
,1163900.0000000,1732650.0000000,35.5763358,129.3088088,171.4546231
,1163890.0000000,1732650.0000000,35.5763375,129.3086985,171.3956585
,1163880.0000000,1732650.0000000,35.5763392,129.3085882,171.0911989
,1163870.0000000,1732650.0000000,35.5763408,129.3084779,170.9245530
,1163860.0000000,1732650.0000000,35.5763425,129.3083676,170.2473383
,1163850.0000000,1732650.0000000,35.5763441,129.3082573,169.5204457
,1163840.0000000,1732650.0000000,35.5763458,129.3081469,168.2746029
,1163830.0000000,1732650.0000000,35.5763474,129.3080366,167.3695672
,1163820.0000000,1732650.0000000,35.5763491,129.3079263,166.9087861
,1163810.0000000,1732650.0000000,35.5763507,129.3078160,166.2574237
,1163800.0000000,1732650.0000000,35.5763524,129.3077057,166.3812114
,1163790.0000000,1732650.0000000,35.5763540,129.3075954,166.3444153
,1163780.0000000,1732650.0000000,35.5763557,129.3074851,166.4151870
,1163770.0000000,1732650.0000000,35.5763574,129.3073748,166.4251072
,1163760.0000000,1732650.0000000,35.5763590,129.3072645,166.0139448
,1163750.0000000,1732650.0000000,35.5763607,129.3071541,165.6366915
,1163740.0000000,1732650.0000000,35.5763623,129.3070438,164.6215190
,1163730.0000000,1732650.0000000,35.5763640,129.3069335,163.4048044
,1163720.0000000,1732650.0000000,35.5763656,129.3068232,162.7279751
,1163710.0000000,1732650.0000000,35.5763673,129.3067129,161.9446696
,1163700.0000000,1732650.0000000,35.5763689,129.3066026,161.5000000
,1163690.0000000,1732650.0000000,35.5763706,129.3064923,161.5000000
,1163680.0000000,1732650.0000000,35.5763722,129.3063820,161.5000000
,1163670.0000000,1732650.0000000,35.5763739,129.3062717,161.5085943
,1163660.0000000,1732650.0000000,35.5763755,129.3061613,161.5578531
,1163650.0000000,1732650.0000000,35.5763772,129.3060510,161.8247360
,1163640.0000000,1732650.0000000,35.5763789,129.3059407,162.5565538
,1163630.0000000,1732650.0000000,35.5763805,129.3058304,163.2233574
,1163620.0000000,1732650.0000000,35.5763822,129.3057201,163.7659255
,1163610.0000000,1732650.0000000,35.5763838,129.3056098,164.2138987
,1163600.0000000,1732650.0000000,35.5763855,129.3054995,162.7249654
,1163590.0000000,1732650.0000000,35.5763871,129.3053892,161.3581100
,1163580.0000000,1732650.0000000,35.5763888,129.3052788,159.4000189
,1163570.0000000,1732650.0000000,35.5763904,129.3051685,157.2695284
,1163560.0000000,1732650.0000000,35.5763921,129.3050582,156.1878850
,1163550.0000000,1732650.0000000,35.5763937,129.3049479,154.9051493
,1163540.0000000,1732650.0000000,35.5763954,129.3048376,152.9674660
,1163530.0000000,1732650.0000000,35.5763970,129.3047273,153.1857366
,1163520.0000000,1732650.0000000,35.5763987,129.3046170,152.8237895
,1163510.0000000,1732650.0000000,35.5764003,129.3045067,151.8121862
,1163500.0000000,1732650.0000000,35.5764020,129.3043964,151.5698271
,1163490.0000000,1732650.0000000,35.5764036,129.3042860,151.5246593
,1163480.0000000,1732650.0000000,35.5764053,129.3041757,151.3343518
,1163470.0000000,1732650.0000000,35.5764069,129.3040654,150.5616335
,1163460.0000000,1732650.0000000,35.5764086,129.3039551,149.5075973
,1163450.0000000,1732650.0000000,35.5764102,129.3038448,148.0757053
,1163440.0000000,1732650.0000000,35.5764119,129.3037345,146.9217138
,1163430.0000000,1732650.0000000,35.5764136,129.3036242,146.5000000
,1163420.0000000,1732650.0000000,35.5764152,129.3035139,146.5000000
,1163410.0000000,1732650.0000000,35.5764169,129.3034036,146.5000000
,1163400.0000000,1732650.0000000,35.5764185,129.3032932,146.5000000
,1163390.0000000,1732650.0000000,35.5764202,129.3031829,146.5000000
,1163380.0000000,1732650.0000000,35.5764218,129.3030726,146.4071753
,1163370.0000000,1732650.0000000,35.5764235,129.3029623,144.6614844
,1163360.0000000,1732650.0000000,35.5764251,129.3028520,141.7539746
,1163350.0000000,1732650.0000000,35.5764268,129.3027417,141.4542258
,1163340.0000000,1732650.0000000,35.5764284,129.3026314,141.2565801
,1163330.0000000,1732650.0000000,35.5764301,129.3025211,136.6135501
,1163320.0000000,1732650.0000000,35.5764317,129.3024107,131.8710034
,1163310.0000000,1732650.0000000,35.5764334,129.3023004,129.2700211
,1163300.0000000,1732650.0000000,35.5764350,129.3021901,126.4124213
,1163290.0000000,1732650.0000000,35.5764367,129.3020798,125.0198315
,1163280.0000000,1732650.0000000,35.5764383,129.3019695,122.6310048
,1163270.0000000,1732650.0000000,35.5764400,129.3018592,121.3299547
,1163260.0000000,1732650.0000000,35.5764416,129.3017489,117.6873495
,1163250.0000000,1732650.0000000,35.5764433,129.3016386,114.7851540
,1163240.0000000,1732650.0000000,35.5764449,129.3015282,111.8892791
,1163230.0000000,1732650.0000000,35.5764466,129.3014179,108.9775647
,1163220.0000000,1732650.0000000,35.5764482,129.3013076,106.5065428
,1163210.0000000,1732650.0000000,35.5764498,129.3011973,103.8186512
,1163200.0000000,1732650.0000000,35.5764515,129.3010870,101.5728600
,1163190.0000000,1732650.0000000,35.5764531,129.3009767,101.7177976
,1163180.0000000,1732650.0000000,35.5764548,129.3008664,100.5928731
,1163170.0000000,1732650.0000000,35.5764564,129.3007561,97.3035086
,1163160.0000000,1732650.0000000,35.5764581,129.3006458,96.5000000
,1163150.0000000,1732650.0000000,35.5764597,129.3005354,96.5000000
,1163140.0000000,1732650.0000000,35.5764614,129.3004251,96.6309792
,1163130.0000000,1732650.0000000,35.5764630,129.3003148,100.2864541
,1163120.0000000,1732650.0000000,35.5764647,129.3002045,104.8439146
,1163110.0000000,1732650.0000000,35.5764663,129.3000942,109.5541352
,1163100.0000000,1732650.0000000,35.5764680,129.2999839,111.5751773
,1163090.0000000,1732650.0000000,35.5764696,129.2998736,116.2742232
,1163080.0000000,1732650.0000000,35.5764713,129.2997633,121.3863002
,1163070.0000000,1732650.0000000,35.5764729,129.2996529,125.9923662
,1163060.0000000,1732650.0000000,35.5764746,129.2995426,128.9240525
,1163050.0000000,1732650.0000000,35.5764762,129.2994323,131.0792582
,1163040.0000000,1732650.0000000,35.5764779,129.2993220,132.9156466
,1163030.0000000,1732650.0000000,35.5764795,129.2992117,135.9222604
,1163020.0000000,1732650.0000000,35.5764812,129.2991014,137.0998428
,1163010.0000000,1732650.0000000,35.5764828,129.2989911,139.2511491
,1163000.0000000,1732650.0000000,35.5764845,129.2988808,137.3985954
,1163000.0000000,1732660.0000000,35.5765746,129.2988828,136.5611525
,1163010.0000000,1732660.0000000,35.5765729,129.2989931,136.4852648
,1163020.0000000,1732660.0000000,35.5765713,129.2991034,135.0150429
,1163030.0000000,1732660.0000000,35.5765696,129.2992137,131.6268123
,1163040.0000000,1732660.0000000,35.5765680,129.2993240,131.0588898
,1163050.0000000,1732660.0000000,35.5765663,129.2994343,129.8508117
,1163060.0000000,1732660.0000000,35.5765647,129.2995446,127.0476463
,1163070.0000000,1732660.0000000,35.5765630,129.2996550,124.8452882
,1163080.0000000,1732660.0000000,35.5765614,129.2997653,121.0683096
,1163090.0000000,1732660.0000000,35.5765597,129.2998756,116.3990739
,1163100.0000000,1732660.0000000,35.5765581,129.2999859,111.8130244
,1163110.0000000,1732660.0000000,35.5765565,129.3000962,108.9118836
,1163120.0000000,1732660.0000000,35.5765548,129.3002065,106.4623002
,1163130.0000000,1732660.0000000,35.5765532,129.3003168,100.9357722
,1163140.0000000,1732660.0000000,35.5765515,129.3004271,97.3367708
,1163150.0000000,1732660.0000000,35.5765499,129.3005375,96.5000000
,1163160.0000000,1732660.0000000,35.5765482,129.3006478,96.5000000
,1163170.0000000,1732660.0000000,35.5765466,129.3007581,97.2643138
,1163180.0000000,1732660.0000000,35.5765449,129.3008684,100.2889584
,1163190.0000000,1732660.0000000,35.5765433,129.3009787,101.5961392
,1163200.0000000,1732660.0000000,35.5765416,129.3010890,101.6013797
,1163210.0000000,1732660.0000000,35.5765400,129.3011993,104.7429740
,1163220.0000000,1732660.0000000,35.5765383,129.3013096,106.5408203
,1163230.0000000,1732660.0000000,35.5765367,129.3014200,109.8163486
,1163240.0000000,1732660.0000000,35.5765350,129.3015303,111.6180402
,1163250.0000000,1732660.0000000,35.5765334,129.3016406,113.6773938
,1163260.0000000,1732660.0000000,35.5765317,129.3017509,116.5538362
,1163270.0000000,1732660.0000000,35.5765301,129.3018612,119.7082749
,1163280.0000000,1732660.0000000,35.5765284,129.3019715,121.6604638
,1163290.0000000,1732660.0000000,35.5765268,129.3020818,121.6021480
,1163300.0000000,1732660.0000000,35.5765251,129.3021921,125.9157791
,1163310.0000000,1732660.0000000,35.5765235,129.3023025,127.8800476
,1163320.0000000,1732660.0000000,35.5765218,129.3024128,131.7393512
,1163330.0000000,1732660.0000000,35.5765202,129.3025231,136.0946492
,1163340.0000000,1732660.0000000,35.5765185,129.3026334,139.2733613
,1163350.0000000,1732660.0000000,35.5765169,129.3027437,141.3756249
,1163360.0000000,1732660.0000000,35.5765152,129.3028540,141.3734833
,1163370.0000000,1732660.0000000,35.5765136,129.3029643,144.4166562
,1163380.0000000,1732660.0000000,35.5765119,129.3030746,146.2423876
,1163390.0000000,1732660.0000000,35.5765103,129.3031849,146.5000000
,1163400.0000000,1732660.0000000,35.5765086,129.3032953,146.5000000
,1163410.0000000,1732660.0000000,35.5765070,129.3034056,146.5000000
,1163420.0000000,1732660.0000000,35.5765053,129.3035159,146.5000000
,1163430.0000000,1732660.0000000,35.5765037,129.3036262,146.5000000
,1163440.0000000,1732660.0000000,35.5765020,129.3037365,146.5000000
,1163450.0000000,1732660.0000000,35.5765004,129.3038468,147.1369638
,1163460.0000000,1732660.0000000,35.5764987,129.3039571,148.4076354
,1163470.0000000,1732660.0000000,35.5764971,129.3040674,150.1184645
,1163480.0000000,1732660.0000000,35.5764954,129.3041778,151.2682606
,1163490.0000000,1732660.0000000,35.5764938,129.3042881,151.5380137
,1163500.0000000,1732660.0000000,35.5764921,129.3043984,152.0677656
,1163510.0000000,1732660.0000000,35.5764905,129.3045087,152.4193403
,1163520.0000000,1732660.0000000,35.5764888,129.3046190,153.1113314
,1163530.0000000,1732660.0000000,35.5764872,129.3047293,153.0607060
,1163540.0000000,1732660.0000000,35.5764855,129.3048396,152.1603577
,1163550.0000000,1732660.0000000,35.5764839,129.3049499,156.4138426
,1163560.0000000,1732660.0000000,35.5764822,129.3050602,156.5600110
,1163570.0000000,1732660.0000000,35.5764805,129.3051706,157.0146992
,1163580.0000000,1732660.0000000,35.5764789,129.3052809,160.9489558
,1163590.0000000,1732660.0000000,35.5764772,129.3053912,162.8226041
,1163600.0000000,1732660.0000000,35.5764756,129.3055015,164.8610843
,1163610.0000000,1732660.0000000,35.5764739,129.3056118,163.2929119
,1163620.0000000,1732660.0000000,35.5764723,129.3057221,164.2345761
,1163630.0000000,1732660.0000000,35.5764706,129.3058324,164.6275632
,1163640.0000000,1732660.0000000,35.5764690,129.3059427,165.0224324
,1163650.0000000,1732660.0000000,35.5764673,129.3060531,165.0345354
,1163660.0000000,1732660.0000000,35.5764657,129.3061634,162.1328876
,1163670.0000000,1732660.0000000,35.5764640,129.3062737,161.6060436
,1163680.0000000,1732660.0000000,35.5764624,129.3063840,161.5000000
,1163690.0000000,1732660.0000000,35.5764607,129.3064943,161.5000000
,1163700.0000000,1732660.0000000,35.5764591,129.3066046,161.5000000
,1163710.0000000,1732660.0000000,35.5764574,129.3067149,161.5000000
,1163720.0000000,1732660.0000000,35.5764557,129.3068252,161.5000000
,1163730.0000000,1732660.0000000,35.5764541,129.3069355,161.5000000
,1163740.0000000,1732660.0000000,35.5764524,129.3070459,161.7552517
,1163750.0000000,1732660.0000000,35.5764508,129.3071562,163.0072863
,1163760.0000000,1732660.0000000,35.5764491,129.3072665,164.9850529
,1163770.0000000,1732660.0000000,35.5764475,129.3073768,165.7092721
,1163780.0000000,1732660.0000000,35.5764458,129.3074871,166.3551294
,1163790.0000000,1732660.0000000,35.5764442,129.3075974,165.9182064
,1163800.0000000,1732660.0000000,35.5764425,129.3077077,166.0898458
,1163810.0000000,1732660.0000000,35.5764409,129.3078180,166.1449825
,1163820.0000000,1732660.0000000,35.5764392,129.3079284,166.2083474
,1163830.0000000,1732660.0000000,35.5764375,129.3080387,166.4032649
,1163840.0000000,1732660.0000000,35.5764359,129.3081490,166.6110588
,1163850.0000000,1732660.0000000,35.5764342,129.3082593,167.9803723
,1163860.0000000,1732660.0000000,35.5764326,129.3083696,169.0331338
,1163870.0000000,1732660.0000000,35.5764309,129.3084799,169.8603288
,1163880.0000000,1732660.0000000,35.5764293,129.3085902,170.6432829
,1163890.0000000,1732660.0000000,35.5764276,129.3087005,171.3187656
,1163900.0000000,1732660.0000000,35.5764260,129.3088108,171.4862530
,1163910.0000000,1732660.0000000,35.5764243,129.3089212,171.4433055
,1163920.0000000,1732660.0000000,35.5764226,129.3090315,171.6535669
,1163930.0000000,1732660.0000000,35.5764210,129.3091418,172.0213327
,1163940.0000000,1732660.0000000,35.5764193,129.3092521,172.4434600
,1163950.0000000,1732660.0000000,35.5764177,129.3093624,173.7533171
,1163960.0000000,1732660.0000000,35.5764160,129.3094727,176.0675586
,1163970.0000000,1732660.0000000,35.5764144,129.3095830,177.2307718
,1163980.0000000,1732660.0000000,35.5764127,129.3096933,176.6198715
,1163990.0000000,1732660.0000000,35.5764111,129.3098036,178.8600860
,1164000.0000000,1732660.0000000,35.5764094,129.3099140,181.1844562
,1164000.0000000,1732670.0000000,35.5764995,129.3099160,181.3416842
,1163990.0000000,1732670.0000000,35.5765012,129.3098057,179.1559689
,1163980.0000000,1732670.0000000,35.5765028,129.3096954,177.4412123
,1163970.0000000,1732670.0000000,35.5765045,129.3095851,176.7153450
,1163960.0000000,1732670.0000000,35.5765061,129.3094747,174.5473331
,1163950.0000000,1732670.0000000,35.5765078,129.3093644,172.9623625
,1163940.0000000,1732670.0000000,35.5765095,129.3092541,172.0423147
,1163930.0000000,1732670.0000000,35.5765111,129.3091438,171.6750649
,1163920.0000000,1732670.0000000,35.5765128,129.3090335,171.5000000
,1163910.0000000,1732670.0000000,35.5765144,129.3089232,171.4219993
,1163900.0000000,1732670.0000000,35.5765161,129.3088129,171.2803495
,1163890.0000000,1732670.0000000,35.5765177,129.3087026,170.9491780
,1163880.0000000,1732670.0000000,35.5765194,129.3085922,170.2509495
,1163870.0000000,1732670.0000000,35.5765210,129.3084819,167.8218281
,1163860.0000000,1732670.0000000,35.5765227,129.3083716,166.6214165
,1163850.0000000,1732670.0000000,35.5765244,129.3082613,165.2650134
,1163840.0000000,1732670.0000000,35.5765260,129.3081510,165.6555796
,1163830.0000000,1732670.0000000,35.5765277,129.3080407,166.3519201
,1163820.0000000,1732670.0000000,35.5765293,129.3079304,166.0130344
,1163810.0000000,1732670.0000000,35.5765310,129.3078201,165.8566925
,1163800.0000000,1732670.0000000,35.5765326,129.3077098,165.0307755
,1163790.0000000,1732670.0000000,35.5765343,129.3075994,165.4270494
,1163780.0000000,1732670.0000000,35.5765359,129.3074891,163.7834398
,1163770.0000000,1732670.0000000,35.5765376,129.3073788,163.2540853
,1163760.0000000,1732670.0000000,35.5765393,129.3072685,162.4456910
,1163750.0000000,1732670.0000000,35.5765409,129.3071582,161.5000000
,1163740.0000000,1732670.0000000,35.5765426,129.3070479,161.5000000
,1163730.0000000,1732670.0000000,35.5765442,129.3069376,161.5000000
,1163720.0000000,1732670.0000000,35.5765459,129.3068273,161.5000000
,1163710.0000000,1732670.0000000,35.5765475,129.3067169,161.5000000
,1163700.0000000,1732670.0000000,35.5765492,129.3066066,161.5000000
,1163690.0000000,1732670.0000000,35.5765508,129.3064963,161.5000000
,1163680.0000000,1732670.0000000,35.5765525,129.3063860,161.5000000
,1163670.0000000,1732670.0000000,35.5765541,129.3062757,161.5488573
,1163660.0000000,1732670.0000000,35.5765558,129.3061654,164.3666571
,1163650.0000000,1732670.0000000,35.5765574,129.3060551,167.2904704
,1163640.0000000,1732670.0000000,35.5765591,129.3059448,170.0712359
,1163630.0000000,1732670.0000000,35.5765608,129.3058345,166.7352058
,1163620.0000000,1732670.0000000,35.5765624,129.3057241,166.9204139
,1163610.0000000,1732670.0000000,35.5765641,129.3056138,166.5053914
,1163600.0000000,1732670.0000000,35.5765657,129.3055035,166.4234173
,1163590.0000000,1732670.0000000,35.5765674,129.3053932,164.3516284
,1163580.0000000,1732670.0000000,35.5765690,129.3052829,161.6931892
,1163570.0000000,1732670.0000000,35.5765707,129.3051726,160.6810770
,1163560.0000000,1732670.0000000,35.5765723,129.3050623,157.4604748
,1163550.0000000,1732670.0000000,35.5765740,129.3049520,155.3329071
,1163540.0000000,1732670.0000000,35.5765756,129.3048416,153.3532582
,1163530.0000000,1732670.0000000,35.5765773,129.3047313,153.5912864
,1163520.0000000,1732670.0000000,35.5765789,129.3046210,153.4380459
,1163510.0000000,1732670.0000000,35.5765806,129.3045107,153.1908677
,1163500.0000000,1732670.0000000,35.5765822,129.3044004,152.6355409
,1163490.0000000,1732670.0000000,35.5765839,129.3042901,151.5000000
,1163480.0000000,1732670.0000000,35.5765855,129.3041798,151.4061352
,1163470.0000000,1732670.0000000,35.5765872,129.3040695,150.3015757
,1163460.0000000,1732670.0000000,35.5765888,129.3039592,148.6253172
,1163450.0000000,1732670.0000000,35.5765905,129.3038488,147.3068941
,1163440.0000000,1732670.0000000,35.5765921,129.3037385,146.5000000
,1163430.0000000,1732670.0000000,35.5765938,129.3036282,146.5000000
,1163420.0000000,1732670.0000000,35.5765954,129.3035179,146.5000000
,1163410.0000000,1732670.0000000,35.5765971,129.3034076,146.5000000
,1163400.0000000,1732670.0000000,35.5765987,129.3032973,146.5000000
,1163390.0000000,1732670.0000000,35.5766004,129.3031870,146.5000000
,1163380.0000000,1732670.0000000,35.5766020,129.3030767,145.9490556
,1163370.0000000,1732670.0000000,35.5766037,129.3029663,143.7752107
,1163360.0000000,1732670.0000000,35.5766053,129.3028560,140.6170592
,1163350.0000000,1732670.0000000,35.5766070,129.3027457,140.7432266
,1163340.0000000,1732670.0000000,35.5766086,129.3026354,137.6949383
,1163330.0000000,1732670.0000000,35.5766103,129.3025251,136.2427850
,1163320.0000000,1732670.0000000,35.5766119,129.3024148,131.9599536
,1163310.0000000,1732670.0000000,35.5766136,129.3023045,128.6723281
,1163300.0000000,1732670.0000000,35.5766152,129.3021942,126.0705558
,1163290.0000000,1732670.0000000,35.5766169,129.3020838,121.6146615
,1163280.0000000,1732670.0000000,35.5766185,129.3019735,121.3015384
,1163270.0000000,1732670.0000000,35.5766202,129.3018632,118.7909810
,1163260.0000000,1732670.0000000,35.5766218,129.3017529,116.4941444
,1163250.0000000,1732670.0000000,35.5766235,129.3016426,114.0204645
,1163240.0000000,1732670.0000000,35.5766251,129.3015323,111.5015771
,1163230.0000000,1732670.0000000,35.5766268,129.3014220,110.3735004
,1163220.0000000,1732670.0000000,35.5766284,129.3013117,107.0205239
,1163210.0000000,1732670.0000000,35.5766301,129.3012014,105.7361864
,1163200.0000000,1732670.0000000,35.5766317,129.3010910,102.0458962
,1163190.0000000,1732670.0000000,35.5766334,129.3009807,101.1891056
,1163180.0000000,1732670.0000000,35.5766350,129.3008704,98.8902126
,1163170.0000000,1732670.0000000,35.5766367,129.3007601,97.1520540
,1163160.0000000,1732670.0000000,35.5766383,129.3006498,96.5000000
,1163150.0000000,1732670.0000000,35.5766400,129.3005395,96.7300630
,1163140.0000000,1732670.0000000,35.5766416,129.3004292,97.4114323
,1163130.0000000,1732670.0000000,35.5766433,129.3003189,100.2012563
,1163120.0000000,1732670.0000000,35.5766449,129.3002085,104.6036574
,1163110.0000000,1732670.0000000,35.5766466,129.3000982,107.6637510
,1163100.0000000,1732670.0000000,35.5766482,129.2999879,111.3913104
,1163090.0000000,1732670.0000000,35.5766499,129.2998776,115.7166769
,1163080.0000000,1732670.0000000,35.5766515,129.2997673,118.6024704
,1163070.0000000,1732670.0000000,35.5766532,129.2996570,121.5584553
,1163060.0000000,1732670.0000000,35.5766548,129.2995467,125.1858672
,1163050.0000000,1732670.0000000,35.5766565,129.2994364,126.4140716
,1163040.0000000,1732670.0000000,35.5766581,129.2993260,127.0927443
,1163030.0000000,1732670.0000000,35.5766598,129.2992157,129.1990153
,1163020.0000000,1732670.0000000,35.5766614,129.2991054,131.5306813
,1163010.0000000,1732670.0000000,35.5766630,129.2989951,133.3390287
,1163000.0000000,1732670.0000000,35.5766647,129.2988848,134.1636112
,1163000.0000000,1732680.0000000,35.5767548,129.2988868,132.4537109
,1163010.0000000,1732680.0000000,35.5767532,129.2989971,131.4004086
,1163020.0000000,1732680.0000000,35.5767515,129.2991074,129.9629680
,1163030.0000000,1732680.0000000,35.5767499,129.2992177,126.6376023
,1163040.0000000,1732680.0000000,35.5767482,129.2993281,124.7419801
,1163050.0000000,1732680.0000000,35.5767466,129.2994384,122.2480141
,1163060.0000000,1732680.0000000,35.5767449,129.2995487,121.4865816
,1163070.0000000,1732680.0000000,35.5767433,129.2996590,118.8957423
,1163080.0000000,1732680.0000000,35.5767416,129.2997693,116.5515397
,1163090.0000000,1732680.0000000,35.5767400,129.2998796,113.1140280
,1163100.0000000,1732680.0000000,35.5767383,129.2999899,111.4229065
,1163110.0000000,1732680.0000000,35.5767367,129.3001002,107.1910480
,1163120.0000000,1732680.0000000,35.5767350,129.3002106,103.1887220
,1163130.0000000,1732680.0000000,35.5767334,129.3003209,98.5550271
,1163140.0000000,1732680.0000000,35.5767318,129.3004312,97.5140599
,1163150.0000000,1732680.0000000,35.5767301,129.3005415,97.0651542
,1163160.0000000,1732680.0000000,35.5767285,129.3006518,96.5000000
,1163170.0000000,1732680.0000000,35.5767268,129.3007621,97.0028197
,1163180.0000000,1732680.0000000,35.5767252,129.3008724,97.0049461
,1163190.0000000,1732680.0000000,35.5767235,129.3009827,99.4656936
,1163200.0000000,1732680.0000000,35.5767219,129.3010931,101.6468797
,1163210.0000000,1732680.0000000,35.5767202,129.3012034,105.7612771
,1163220.0000000,1732680.0000000,35.5767186,129.3013137,106.8690189
,1163230.0000000,1732680.0000000,35.5767169,129.3014240,110.0232857
,1163240.0000000,1732680.0000000,35.5767153,129.3015343,111.7215916
,1163250.0000000,1732680.0000000,35.5767136,129.3016446,115.5037781
,1163260.0000000,1732680.0000000,35.5767120,129.3017549,116.3763908
,1163270.0000000,1732680.0000000,35.5767103,129.3018652,119.0650964
,1163280.0000000,1732680.0000000,35.5767087,129.3019756,121.6693336
,1163290.0000000,1732680.0000000,35.5767070,129.3020859,122.6601983
,1163300.0000000,1732680.0000000,35.5767054,129.3021962,126.4353057
,1163310.0000000,1732680.0000000,35.5767037,129.3023065,129.6818081
,1163320.0000000,1732680.0000000,35.5767021,129.3024168,132.1193938
,1163330.0000000,1732680.0000000,35.5767004,129.3025271,135.6313757
,1163340.0000000,1732680.0000000,35.5766988,129.3026374,136.8121294
,1163350.0000000,1732680.0000000,35.5766971,129.3027477,141.1062458
,1163360.0000000,1732680.0000000,35.5766955,129.3028581,140.3606599
,1163370.0000000,1732680.0000000,35.5766938,129.3029684,142.2114948
,1163380.0000000,1732680.0000000,35.5766922,129.3030787,145.5573828
,1163390.0000000,1732680.0000000,35.5766905,129.3031890,146.5000000
,1163400.0000000,1732680.0000000,35.5766889,129.3032993,146.5000000
,1163410.0000000,1732680.0000000,35.5766872,129.3034096,146.5000000
,1163420.0000000,1732680.0000000,35.5766856,129.3035199,146.5000000
,1163430.0000000,1732680.0000000,35.5766839,129.3036302,146.5000000
,1163440.0000000,1732680.0000000,35.5766823,129.3037405,146.7152940
,1163450.0000000,1732680.0000000,35.5766806,129.3038509,147.9047475
,1163460.0000000,1732680.0000000,35.5766790,129.3039612,149.3556784
,1163470.0000000,1732680.0000000,35.5766773,129.3040715,151.1033935
,1163480.0000000,1732680.0000000,35.5766757,129.3041818,151.5000000
,1163490.0000000,1732680.0000000,35.5766740,129.3042921,151.5000000
,1163500.0000000,1732680.0000000,35.5766724,129.3044024,152.2557122
,1163510.0000000,1732680.0000000,35.5766707,129.3045127,153.7171640
,1163520.0000000,1732680.0000000,35.5766690,129.3046230,154.2393320
,1163530.0000000,1732680.0000000,35.5766674,129.3047334,154.2417082
,1163540.0000000,1732680.0000000,35.5766657,129.3048437,154.7165263
,1163550.0000000,1732680.0000000,35.5766641,129.3049540,156.4343720
,1163560.0000000,1732680.0000000,35.5766624,129.3050643,159.2817376
,1163570.0000000,1732680.0000000,35.5766608,129.3051746,161.4450829
,1163580.0000000,1732680.0000000,35.5766591,129.3052849,162.5714450
,1163590.0000000,1732680.0000000,35.5766575,129.3053952,165.8156180
,1163600.0000000,1732680.0000000,35.5766558,129.3055055,166.9617966
,1163610.0000000,1732680.0000000,35.5766542,129.3056159,170.0155164
,1163620.0000000,1732680.0000000,35.5766525,129.3057262,171.0162355
,1163630.0000000,1732680.0000000,35.5766509,129.3058365,170.5574723
,1163640.0000000,1732680.0000000,35.5766492,129.3059468,171.0616796
,1163650.0000000,1732680.0000000,35.5766476,129.3060571,167.5739083
,1163660.0000000,1732680.0000000,35.5766459,129.3061674,164.8743139
,1163670.0000000,1732680.0000000,35.5766443,129.3062777,161.8095874
,1163680.0000000,1732680.0000000,35.5766426,129.3063880,162.0112956
,1163690.0000000,1732680.0000000,35.5766410,129.3064983,160.5035604
,1163700.0000000,1732680.0000000,35.5766393,129.3066087,160.2772376
,1163710.0000000,1732680.0000000,35.5766376,129.3067190,161.1140578
,1163720.0000000,1732680.0000000,35.5766360,129.3068293,161.4076874
,1163730.0000000,1732680.0000000,35.5766343,129.3069396,161.5000000
,1163740.0000000,1732680.0000000,35.5766327,129.3070499,161.5000000
,1163750.0000000,1732680.0000000,35.5766310,129.3071602,161.5000000
,1163760.0000000,1732680.0000000,35.5766294,129.3072705,161.5000000
,1163770.0000000,1732680.0000000,35.5766277,129.3073808,161.3703713
,1163780.0000000,1732680.0000000,35.5766261,129.3074912,160.6715799
,1163790.0000000,1732680.0000000,35.5766244,129.3076015,160.1761889
,1163800.0000000,1732680.0000000,35.5766228,129.3077118,161.1106202
,1163810.0000000,1732680.0000000,35.5766211,129.3078221,163.9423319
,1163820.0000000,1732680.0000000,35.5766194,129.3079324,164.7243646
,1163830.0000000,1732680.0000000,35.5766178,129.3080427,165.0348426
,1163840.0000000,1732680.0000000,35.5766161,129.3081530,166.4180488
,1163850.0000000,1732680.0000000,35.5766145,129.3082633,165.6351698
,1163860.0000000,1732680.0000000,35.5766128,129.3083737,165.1250192
,1163870.0000000,1732680.0000000,35.5766112,129.3084840,165.7039320
,1163880.0000000,1732680.0000000,35.5766095,129.3085943,167.5368997
,1163890.0000000,1732680.0000000,35.5766079,129.3087046,169.5875782
,1163900.0000000,1732680.0000000,35.5766062,129.3088149,170.5821310
,1163910.0000000,1732680.0000000,35.5766045,129.3089252,171.3815364
,1163920.0000000,1732680.0000000,35.5766029,129.3090355,171.5000000
,1163930.0000000,1732680.0000000,35.5766012,129.3091458,171.5000000
,1163940.0000000,1732680.0000000,35.5765996,129.3092561,171.6878786
,1163950.0000000,1732680.0000000,35.5765979,129.3093665,171.9166774
,1163960.0000000,1732680.0000000,35.5765963,129.3094768,173.5419427
,1163970.0000000,1732680.0000000,35.5765946,129.3095871,175.5130121
,1163980.0000000,1732680.0000000,35.5765930,129.3096974,177.1440174
,1163990.0000000,1732680.0000000,35.5765913,129.3098077,177.0411744
,1164000.0000000,1732680.0000000,35.5765896,129.3099180,180.0638560
,1164000.0000000,1732690.0000000,35.5766798,129.3099200,180.5943403
,1163990.0000000,1732690.0000000,35.5766814,129.3098097,177.4743079
,1163980.0000000,1732690.0000000,35.5766831,129.3096994,176.3694576
,1163970.0000000,1732690.0000000,35.5766847,129.3095891,173.3439157
,1163960.0000000,1732690.0000000,35.5766864,129.3094788,172.0036631
,1163950.0000000,1732690.0000000,35.5766880,129.3093685,171.5000000
,1163940.0000000,1732690.0000000,35.5766897,129.3092582,171.5000000
,1163930.0000000,1732690.0000000,35.5766914,129.3091479,171.5000000
,1163920.0000000,1732690.0000000,35.5766930,129.3090375,171.5000000
,1163910.0000000,1732690.0000000,35.5766947,129.3089272,171.3983024
,1163900.0000000,1732690.0000000,35.5766963,129.3088169,169.9301175
,1163890.0000000,1732690.0000000,35.5766980,129.3087066,168.2191823
,1163880.0000000,1732690.0000000,35.5766996,129.3085963,164.8372790
,1163870.0000000,1732690.0000000,35.5767013,129.3084860,163.8689440
,1163860.0000000,1732690.0000000,35.5767029,129.3083757,166.3564961
,1163850.0000000,1732690.0000000,35.5767046,129.3082654,163.8180905
,1163840.0000000,1732690.0000000,35.5767063,129.3081551,162.2718612
,1163830.0000000,1732690.0000000,35.5767079,129.3080447,160.6073379
,1163820.0000000,1732690.0000000,35.5767096,129.3079344,159.7882433
,1163810.0000000,1732690.0000000,35.5767112,129.3078241,158.7996279
,1163800.0000000,1732690.0000000,35.5767129,129.3077138,157.3143658
,1163790.0000000,1732690.0000000,35.5767145,129.3076035,156.8585667
,1163780.0000000,1732690.0000000,35.5767162,129.3074932,159.1115426
,1163770.0000000,1732690.0000000,35.5767178,129.3073829,160.6149709
,1163760.0000000,1732690.0000000,35.5767195,129.3072726,161.5000000
,1163750.0000000,1732690.0000000,35.5767211,129.3071622,161.5000000
,1163740.0000000,1732690.0000000,35.5767228,129.3070519,161.5000000
,1163730.0000000,1732690.0000000,35.5767245,129.3069416,161.3763278
,1163720.0000000,1732690.0000000,35.5767261,129.3068313,160.8919826
,1163710.0000000,1732690.0000000,35.5767278,129.3067210,159.2692028
,1163700.0000000,1732690.0000000,35.5767294,129.3066107,157.8981238
,1163690.0000000,1732690.0000000,35.5767311,129.3065004,158.2591817
,1163680.0000000,1732690.0000000,35.5767327,129.3063901,160.1111205
,1163670.0000000,1732690.0000000,35.5767344,129.3062797,161.6583544
,1163660.0000000,1732690.0000000,35.5767360,129.3061694,165.1736823
,1163650.0000000,1732690.0000000,35.5767377,129.3060591,167.2197880
,1163640.0000000,1732690.0000000,35.5767393,129.3059488,170.3478639
,1163630.0000000,1732690.0000000,35.5767410,129.3058385,171.5000000
,1163620.0000000,1732690.0000000,35.5767426,129.3057282,171.5000000
,1163610.0000000,1732690.0000000,35.5767443,129.3056179,171.1274065
,1163600.0000000,1732690.0000000,35.5767460,129.3055076,167.1410073
,1163590.0000000,1732690.0000000,35.5767476,129.3053973,166.2656319
,1163580.0000000,1732690.0000000,35.5767493,129.3052869,163.0784004
,1163570.0000000,1732690.0000000,35.5767509,129.3051766,161.5078503
,1163560.0000000,1732690.0000000,35.5767526,129.3050663,159.9218156
,1163550.0000000,1732690.0000000,35.5767542,129.3049560,156.9906553
,1163540.0000000,1732690.0000000,35.5767559,129.3048457,154.2355168
,1163530.0000000,1732690.0000000,35.5767575,129.3047354,154.6687204
,1163520.0000000,1732690.0000000,35.5767592,129.3046251,154.5410273
,1163510.0000000,1732690.0000000,35.5767608,129.3045148,154.2758969
,1163500.0000000,1732690.0000000,35.5767625,129.3044044,151.7815192
,1163490.0000000,1732690.0000000,35.5767641,129.3042941,151.5000000
,1163480.0000000,1732690.0000000,35.5767658,129.3041838,151.5000000
,1163470.0000000,1732690.0000000,35.5767674,129.3040735,151.5000000
,1163460.0000000,1732690.0000000,35.5767691,129.3039632,150.5856057
,1163450.0000000,1732690.0000000,35.5767707,129.3038529,148.6966582
,1163440.0000000,1732690.0000000,35.5767724,129.3037426,146.9025626
,1163430.0000000,1732690.0000000,35.5767740,129.3036323,146.5000000
,1163420.0000000,1732690.0000000,35.5767757,129.3035219,146.5000000
,1163410.0000000,1732690.0000000,35.5767773,129.3034116,146.5000000
,1163400.0000000,1732690.0000000,35.5767790,129.3033013,146.5000000
,1163390.0000000,1732690.0000000,35.5767806,129.3031910,146.5000000
,1163380.0000000,1732690.0000000,35.5767823,129.3030807,144.7390001
,1163370.0000000,1732690.0000000,35.5767839,129.3029704,141.3952388
,1163360.0000000,1732690.0000000,35.5767856,129.3028601,140.2102814
,1163350.0000000,1732690.0000000,35.5767872,129.3027498,139.7195715
,1163340.0000000,1732690.0000000,35.5767889,129.3026394,136.4752904
,1163330.0000000,1732690.0000000,35.5767905,129.3025291,133.7123715
,1163320.0000000,1732690.0000000,35.5767922,129.3024188,131.3952918
,1163310.0000000,1732690.0000000,35.5767938,129.3023085,128.3732465
,1163300.0000000,1732690.0000000,35.5767955,129.3021982,126.4621193
,1163290.0000000,1732690.0000000,35.5767971,129.3020879,123.0804316
,1163280.0000000,1732690.0000000,35.5767988,129.3019776,121.4671316
,1163270.0000000,1732690.0000000,35.5768004,129.3018673,119.3058587
,1163260.0000000,1732690.0000000,35.5768021,129.3017569,116.5000000
,1163250.0000000,1732690.0000000,35.5768037,129.3016466,116.2975343
,1163240.0000000,1732690.0000000,35.5768054,129.3015363,112.2389258
,1163230.0000000,1732690.0000000,35.5768070,129.3014260,109.4069437
,1163220.0000000,1732690.0000000,35.5768087,129.3013157,106.5508202
,1163210.0000000,1732690.0000000,35.5768103,129.3012054,104.8740523
,1163200.0000000,1732690.0000000,35.5768120,129.3010951,101.3505896
,1163190.0000000,1732690.0000000,35.5768136,129.3009848,97.1398440
,1163180.0000000,1732690.0000000,35.5768153,129.3008744,97.3582882
,1163170.0000000,1732690.0000000,35.5768169,129.3007641,96.7496822
,1163160.0000000,1732690.0000000,35.5768186,129.3006538,96.5000000
,1163150.0000000,1732690.0000000,35.5768202,129.3005435,97.3351323
,1163140.0000000,1732690.0000000,35.5768219,129.3004332,97.4128038
,1163130.0000000,1732690.0000000,35.5768235,129.3003229,97.1191962
,1163120.0000000,1732690.0000000,35.5768252,129.3002126,101.6407676
,1163110.0000000,1732690.0000000,35.5768268,129.3001023,106.2823508
,1163100.0000000,1732690.0000000,35.5768285,129.2999919,109.7943535
,1163090.0000000,1732690.0000000,35.5768301,129.2998816,111.5043590
,1163080.0000000,1732690.0000000,35.5768318,129.2997713,112.9639169
,1163070.0000000,1732690.0000000,35.5768334,129.2996610,116.0346111
,1163060.0000000,1732690.0000000,35.5768351,129.2995507,116.9987183
,1163050.0000000,1732690.0000000,35.5768367,129.2994404,119.9300170
,1163040.0000000,1732690.0000000,35.5768383,129.2993301,121.2124511
,1163030.0000000,1732690.0000000,35.5768400,129.2992198,125.7947516
,1163020.0000000,1732690.0000000,35.5768416,129.2991094,127.6383247
,1163010.0000000,1732690.0000000,35.5768433,129.2989991,130.3160090
,1163000.0000000,1732690.0000000,35.5768449,129.2988888,131.0898018
,1163000.0000000,1732700.0000000,35.5769351,129.2988908,131.2130224
,1163010.0000000,1732700.0000000,35.5769334,129.2990012,130.6062783
,1163020.0000000,1732700.0000000,35.5769318,129.2991115,127.8834073
,1163030.0000000,1732700.0000000,35.5769301,129.2992218,125.1499660
,1163040.0000000,1732700.0000000,35.5769285,129.2993321,120.3621371
,1163050.0000000,1732700.0000000,35.5769268,129.2994424,116.7690668
,1163060.0000000,1732700.0000000,35.5769252,129.2995527,112.9200160
,1163070.0000000,1732700.0000000,35.5769235,129.2996630,111.4953230
,1163080.0000000,1732700.0000000,35.5769219,129.2997733,111.2804275
,1163090.0000000,1732700.0000000,35.5769202,129.2998837,110.0068931
,1163100.0000000,1732700.0000000,35.5769186,129.2999940,106.7182320
,1163110.0000000,1732700.0000000,35.5769169,129.3001043,103.4270859
,1163120.0000000,1732700.0000000,35.5769153,129.3002146,100.3558572
,1163130.0000000,1732700.0000000,35.5769136,129.3003249,97.0719532
,1163140.0000000,1732700.0000000,35.5769120,129.3004352,97.5581705
,1163150.0000000,1732700.0000000,35.5769103,129.3005455,97.0651562
,1163160.0000000,1732700.0000000,35.5769087,129.3006558,96.5000000
,1163170.0000000,1732700.0000000,35.5769070,129.3007662,96.5563015
,1163180.0000000,1732700.0000000,35.5769054,129.3008765,96.9145899
,1163190.0000000,1732700.0000000,35.5769038,129.3009868,96.9069283
,1163200.0000000,1732700.0000000,35.5769021,129.3010971,100.9579211
,1163210.0000000,1732700.0000000,35.5769005,129.3012074,103.0620630
,1163220.0000000,1732700.0000000,35.5768988,129.3013177,106.3483939
,1163230.0000000,1732700.0000000,35.5768972,129.3014280,107.7635286
,1163240.0000000,1732700.0000000,35.5768955,129.3015383,111.5090799
,1163250.0000000,1732700.0000000,35.5768939,129.3016487,115.9372690
,1163260.0000000,1732700.0000000,35.5768922,129.3017590,116.4256283
,1163270.0000000,1732700.0000000,35.5768906,129.3018693,117.3378579
,1163280.0000000,1732700.0000000,35.5768889,129.3019796,121.0034539
,1163290.0000000,1732700.0000000,35.5768873,129.3020899,122.3460802
,1163300.0000000,1732700.0000000,35.5768856,129.3022002,125.6641816
,1163310.0000000,1732700.0000000,35.5768840,129.3023105,126.7041503
,1163320.0000000,1732700.0000000,35.5768823,129.3024208,129.3174283
,1163330.0000000,1732700.0000000,35.5768807,129.3025312,131.7423391
,1163340.0000000,1732700.0000000,35.5768790,129.3026415,135.8653287
,1163350.0000000,1732700.0000000,35.5768774,129.3027518,137.5682854
,1163360.0000000,1732700.0000000,35.5768757,129.3028621,140.3926184
,1163370.0000000,1732700.0000000,35.5768741,129.3029724,141.1515893
,1163380.0000000,1732700.0000000,35.5768724,129.3030827,144.4175599
,1163390.0000000,1732700.0000000,35.5768708,129.3031930,146.3108195
,1163400.0000000,1732700.0000000,35.5768691,129.3033033,146.5000000
,1163410.0000000,1732700.0000000,35.5768675,129.3034137,146.5000000
,1163420.0000000,1732700.0000000,35.5768658,129.3035240,146.5000000
,1163430.0000000,1732700.0000000,35.5768642,129.3036343,146.5000000
,1163440.0000000,1732700.0000000,35.5768625,129.3037446,147.2617259
,1163450.0000000,1732700.0000000,35.5768609,129.3038549,150.0531141
,1163460.0000000,1732700.0000000,35.5768592,129.3039652,151.5000000
,1163470.0000000,1732700.0000000,35.5768576,129.3040755,151.5000000
,1163480.0000000,1732700.0000000,35.5768559,129.3041858,151.5000000
,1163490.0000000,1732700.0000000,35.5768542,129.3042962,151.5000000
,1163500.0000000,1732700.0000000,35.5768526,129.3044065,152.0471209
,1163510.0000000,1732700.0000000,35.5768509,129.3045168,154.4031196
,1163520.0000000,1732700.0000000,35.5768493,129.3046271,155.0370366
,1163530.0000000,1732700.0000000,35.5768476,129.3047374,155.4298849
,1163540.0000000,1732700.0000000,35.5768460,129.3048477,156.3336449
,1163550.0000000,1732700.0000000,35.5768443,129.3049580,157.8766266
,1163560.0000000,1732700.0000000,35.5768427,129.3050683,160.8103478
,1163570.0000000,1732700.0000000,35.5768410,129.3051787,161.4602792
,1163580.0000000,1732700.0000000,35.5768394,129.3052890,162.9838768
,1163590.0000000,1732700.0000000,35.5768377,129.3053993,166.3691239
,1163600.0000000,1732700.0000000,35.5768361,129.3055096,166.8055271
,1163610.0000000,1732700.0000000,35.5768344,129.3056199,170.3168287
,1163620.0000000,1732700.0000000,35.5768328,129.3057302,171.4755151
,1163630.0000000,1732700.0000000,35.5768311,129.3058405,171.3117944
,1163640.0000000,1732700.0000000,35.5768295,129.3059508,168.7972015
,1163650.0000000,1732700.0000000,35.5768278,129.3060611,166.2019587
,1163660.0000000,1732700.0000000,35.5768262,129.3061715,164.3774344
,1163670.0000000,1732700.0000000,35.5768245,129.3062818,161.4673097
,1163680.0000000,1732700.0000000,35.5768228,129.3063921,158.0966255
,1163690.0000000,1732700.0000000,35.5768212,129.3065024,156.7506644
,1163700.0000000,1732700.0000000,35.5768195,129.3066127,156.6818937
,1163710.0000000,1732700.0000000,35.5768179,129.3067230,156.9801766
,1163720.0000000,1732700.0000000,35.5768162,129.3068333,159.4245263
,1163730.0000000,1732700.0000000,35.5768146,129.3069436,160.3370714
,1163740.0000000,1732700.0000000,35.5768129,129.3070540,161.2332635
,1163750.0000000,1732700.0000000,35.5768113,129.3071643,161.5000000
,1163760.0000000,1732700.0000000,35.5768096,129.3072746,161.3843616
,1163770.0000000,1732700.0000000,35.5768080,129.3073849,159.7037208
,1163780.0000000,1732700.0000000,35.5768063,129.3074952,156.9758123
,1163790.0000000,1732700.0000000,35.5768047,129.3076055,156.7686497
,1163800.0000000,1732700.0000000,35.5768030,129.3077158,156.2447378
,1163810.0000000,1732700.0000000,35.5768013,129.3078261,155.9198324
,1163820.0000000,1732700.0000000,35.5767997,129.3079365,156.6186515
,1163830.0000000,1732700.0000000,35.5767980,129.3080468,156.6850283
,1163840.0000000,1732700.0000000,35.5767964,129.3081571,160.1629958
,1163850.0000000,1732700.0000000,35.5767947,129.3082674,161.3140625
,1163860.0000000,1732700.0000000,35.5767931,129.3083777,162.3235625
,1163870.0000000,1732700.0000000,35.5767914,129.3084880,164.3060303
,1163880.0000000,1732700.0000000,35.5767898,129.3085983,163.1753201
,1163890.0000000,1732700.0000000,35.5767881,129.3087086,165.7874580
,1163900.0000000,1732700.0000000,35.5767864,129.3088190,168.9796113
,1163910.0000000,1732700.0000000,35.5767848,129.3089293,170.8638920
,1163920.0000000,1732700.0000000,35.5767831,129.3090396,171.4008288
,1163930.0000000,1732700.0000000,35.5767815,129.3091499,171.5000000
,1163940.0000000,1732700.0000000,35.5767798,129.3092602,171.5000000
,1163950.0000000,1732700.0000000,35.5767782,129.3093705,171.5000000
,1163960.0000000,1732700.0000000,35.5767765,129.3094808,171.5000000
,1163970.0000000,1732700.0000000,35.5767749,129.3095911,171.9069443
,1163980.0000000,1732700.0000000,35.5767732,129.3097014,174.1217370
,1163990.0000000,1732700.0000000,35.5767715,129.3098118,177.6067531
,1164000.0000000,1732700.0000000,35.5767699,129.3099221,178.2905735
,1164000.0000000,1732710.0000000,35.5768600,129.3099241,178.1028563
,1163990.0000000,1732710.0000000,35.5768617,129.3098138,176.1806534
,1163980.0000000,1732710.0000000,35.5768633,129.3097035,171.7673255
,1163970.0000000,1732710.0000000,35.5768650,129.3095932,171.5000000
,1163960.0000000,1732710.0000000,35.5768666,129.3094828,171.5000000
,1163950.0000000,1732710.0000000,35.5768683,129.3093725,171.5000000
,1163940.0000000,1732710.0000000,35.5768699,129.3092622,171.5000000
,1163930.0000000,1732710.0000000,35.5768716,129.3091519,171.3652025
,1163920.0000000,1732710.0000000,35.5768733,129.3090416,171.0286720
,1163910.0000000,1732710.0000000,35.5768749,129.3089313,169.6409964
,1163900.0000000,1732710.0000000,35.5768766,129.3088210,167.2049278
,1163890.0000000,1732710.0000000,35.5768782,129.3087107,161.6599088
,1163880.0000000,1732710.0000000,35.5768799,129.3086004,161.9576387
,1163870.0000000,1732710.0000000,35.5768815,129.3084900,162.9252879
,1163860.0000000,1732710.0000000,35.5768832,129.3083797,161.1282453
,1163850.0000000,1732710.0000000,35.5768848,129.3082694,161.4673660
,1163840.0000000,1732710.0000000,35.5768865,129.3081591,159.0068859
,1163830.0000000,1732710.0000000,35.5768882,129.3080488,156.1219799
,1163820.0000000,1732710.0000000,35.5768898,129.3079385,154.2135882
,1163810.0000000,1732710.0000000,35.5768915,129.3078282,153.3083080
,1163800.0000000,1732710.0000000,35.5768931,129.3077179,154.3002624
,1163790.0000000,1732710.0000000,35.5768948,129.3076075,155.7627608
,1163780.0000000,1732710.0000000,35.5768964,129.3074972,156.9650630
,1163770.0000000,1732710.0000000,35.5768981,129.3073869,157.6118155
,1163760.0000000,1732710.0000000,35.5768997,129.3072766,160.9948234
,1163750.0000000,1732710.0000000,35.5769014,129.3071663,161.1057466
,1163740.0000000,1732710.0000000,35.5769030,129.3070560,159.6702134
,1163730.0000000,1732710.0000000,35.5769047,129.3069457,157.8637758
,1163720.0000000,1732710.0000000,35.5769064,129.3068354,156.9747106
,1163710.0000000,1732710.0000000,35.5769080,129.3067250,156.5478427
,1163700.0000000,1732710.0000000,35.5769097,129.3066147,156.5000000
,1163690.0000000,1732710.0000000,35.5769113,129.3065044,156.5431803
,1163680.0000000,1732710.0000000,35.5769130,129.3063941,157.1193339
,1163670.0000000,1732710.0000000,35.5769146,129.3062838,160.6037514
,1163660.0000000,1732710.0000000,35.5769163,129.3061735,162.4778931
,1163650.0000000,1732710.0000000,35.5769179,129.3060632,166.3930320
,1163640.0000000,1732710.0000000,35.5769196,129.3059529,166.9892970
,1163630.0000000,1732710.0000000,35.5769212,129.3058425,168.7325074
,1163620.0000000,1732710.0000000,35.5769229,129.3057322,169.2321158
,1163610.0000000,1732710.0000000,35.5769245,129.3056219,167.8157099
,1163600.0000000,1732710.0000000,35.5769262,129.3055116,166.6765608
,1163590.0000000,1732710.0000000,35.5769278,129.3054013,164.6772799
,1163580.0000000,1732710.0000000,35.5769295,129.3052910,162.5506757
,1163570.0000000,1732710.0000000,35.5769312,129.3051807,161.4199109
,1163560.0000000,1732710.0000000,35.5769328,129.3050704,161.3972239
,1163550.0000000,1732710.0000000,35.5769345,129.3049600,159.6107190
,1163540.0000000,1732710.0000000,35.5769361,129.3048497,156.5710673
,1163530.0000000,1732710.0000000,35.5769378,129.3047394,156.0728974
,1163520.0000000,1732710.0000000,35.5769394,129.3046291,154.8231567
,1163510.0000000,1732710.0000000,35.5769411,129.3045188,154.0665167
,1163500.0000000,1732710.0000000,35.5769427,129.3044085,152.7048707
,1163490.0000000,1732710.0000000,35.5769444,129.3042982,151.5000000
,1163480.0000000,1732710.0000000,35.5769460,129.3041879,151.5000000
,1163470.0000000,1732710.0000000,35.5769477,129.3040776,151.5000000
,1163460.0000000,1732710.0000000,35.5769493,129.3039672,151.5000000
,1163450.0000000,1732710.0000000,35.5769510,129.3038569,151.5000000
,1163440.0000000,1732710.0000000,35.5769526,129.3037466,148.1776487
,1163430.0000000,1732710.0000000,35.5769543,129.3036363,146.5000000
,1163420.0000000,1732710.0000000,35.5769559,129.3035260,146.5000000
,1163410.0000000,1732710.0000000,35.5769576,129.3034157,146.5000000
,1163400.0000000,1732710.0000000,35.5769592,129.3033054,146.5000000
,1163390.0000000,1732710.0000000,35.5769609,129.3031951,146.1918642
,1163380.0000000,1732710.0000000,35.5769625,129.3030847,143.3496166
,1163370.0000000,1732710.0000000,35.5769642,129.3029744,141.0701871
,1163360.0000000,1732710.0000000,35.5769658,129.3028641,140.1454642
,1163350.0000000,1732710.0000000,35.5769675,129.3027538,136.5418772
,1163340.0000000,1732710.0000000,35.5769691,129.3026435,132.7559768
,1163330.0000000,1732710.0000000,35.5769708,129.3025332,131.1720455
,1163320.0000000,1732710.0000000,35.5769724,129.3024229,127.2022519
,1163310.0000000,1732710.0000000,35.5769741,129.3023125,126.1472273
,1163300.0000000,1732710.0000000,35.5769757,129.3022022,123.4498070
,1163290.0000000,1732710.0000000,35.5769774,129.3020919,121.3393708
,1163280.0000000,1732710.0000000,35.5769790,129.3019816,118.2345830
,1163270.0000000,1732710.0000000,35.5769807,129.3018713,116.7169629
,1163260.0000000,1732710.0000000,35.5769823,129.3017610,115.3484513
,1163250.0000000,1732710.0000000,35.5769840,129.3016507,111.9668989
,1163240.0000000,1732710.0000000,35.5769856,129.3015404,109.3204314
,1163230.0000000,1732710.0000000,35.5769873,129.3014300,106.8885115
,1163220.0000000,1732710.0000000,35.5769889,129.3013197,104.3553799
,1163210.0000000,1732710.0000000,35.5769906,129.3012094,101.6963147
,1163200.0000000,1732710.0000000,35.5769922,129.3010991,100.7753966
,1163190.0000000,1732710.0000000,35.5769939,129.3009888,97.5517526
,1163180.0000000,1732710.0000000,35.5769955,129.3008785,96.5063492
,1163170.0000000,1732710.0000000,35.5769972,129.3007682,96.5000000
,1163160.0000000,1732710.0000000,35.5769988,129.3006579,96.5000000
,1163150.0000000,1732710.0000000,35.5770005,129.3005475,96.5000000
,1163140.0000000,1732710.0000000,35.5770021,129.3004372,97.5293757
,1163130.0000000,1732710.0000000,35.5770038,129.3003269,97.4607040
,1163120.0000000,1732710.0000000,35.5770054,129.3002166,97.0387875
,1163110.0000000,1732710.0000000,35.5770071,129.3001063,101.3814418
,1163100.0000000,1732710.0000000,35.5770087,129.2999960,105.8162847
,1163090.0000000,1732710.0000000,35.5770104,129.2998857,105.6617315
,1163080.0000000,1732710.0000000,35.5770120,129.2997754,106.7826508
,1163070.0000000,1732710.0000000,35.5770136,129.2996650,111.4535381
,1163060.0000000,1732710.0000000,35.5770153,129.2995547,115.9527221
,1163050.0000000,1732710.0000000,35.5770169,129.2994444,118.8146620
,1163040.0000000,1732710.0000000,35.5770186,129.2993341,121.0680497
,1163030.0000000,1732710.0000000,35.5770202,129.2992238,126.2861622
,1163020.0000000,1732710.0000000,35.5770219,129.2991135,128.8194858
,1163010.0000000,1732710.0000000,35.5770235,129.2990032,131.3164393
,1163000.0000000,1732710.0000000,35.5770252,129.2988929,131.1477519
,1163000.0000000,1732720.0000000,35.5771153,129.2988949,130.1616267
,1163010.0000000,1732720.0000000,35.5771137,129.2990052,130.7640664
,1163020.0000000,1732720.0000000,35.5771120,129.2991155,128.2087250
,1163030.0000000,1732720.0000000,35.5771104,129.2992258,126.4805005
,1163040.0000000,1732720.0000000,35.5771087,129.2993361,123.1813655
,1163050.0000000,1732720.0000000,35.5771071,129.2994464,121.2567125
,1163060.0000000,1732720.0000000,35.5771054,129.2995567,116.3116929
,1163070.0000000,1732720.0000000,35.5771038,129.2996671,111.2951911
,1163080.0000000,1732720.0000000,35.5771021,129.2997774,106.3400928
,1163090.0000000,1732720.0000000,35.5771005,129.2998877,102.0727182
,1163100.0000000,1732720.0000000,35.5770988,129.2999980,101.3684049
,1163110.0000000,1732720.0000000,35.5770972,129.3001083,96.8248139
,1163120.0000000,1732720.0000000,35.5770955,129.3002186,97.1248374
,1163130.0000000,1732720.0000000,35.5770939,129.3003289,97.2884438
,1163140.0000000,1732720.0000000,35.5770922,129.3004393,96.8365779
,1163150.0000000,1732720.0000000,35.5770906,129.3005496,96.5000000
,1163160.0000000,1732720.0000000,35.5770889,129.3006599,96.5000000
,1163170.0000000,1732720.0000000,35.5770873,129.3007702,96.5000000
,1163180.0000000,1732720.0000000,35.5770856,129.3008805,96.5967338
,1163190.0000000,1732720.0000000,35.5770840,129.3009908,97.8659718
,1163200.0000000,1732720.0000000,35.5770823,129.3011011,101.2062608
,1163210.0000000,1732720.0000000,35.5770807,129.3012114,101.5000000
,1163220.0000000,1732720.0000000,35.5770790,129.3013218,102.2017576
,1163230.0000000,1732720.0000000,35.5770774,129.3014321,105.8777163
,1163240.0000000,1732720.0000000,35.5770757,129.3015424,106.6749572
,1163250.0000000,1732720.0000000,35.5770741,129.3016527,111.4259877
,1163260.0000000,1732720.0000000,35.5770725,129.3017630,112.9349571
,1163270.0000000,1732720.0000000,35.5770708,129.3018733,116.1227576
,1163280.0000000,1732720.0000000,35.5770692,129.3019836,116.7936841
,1163290.0000000,1732720.0000000,35.5770675,129.3020939,120.3010608
,1163300.0000000,1732720.0000000,35.5770659,129.3022043,121.7442179
,1163310.0000000,1732720.0000000,35.5770642,129.3023146,124.7134437
,1163320.0000000,1732720.0000000,35.5770626,129.3024249,126.8960379
,1163330.0000000,1732720.0000000,35.5770609,129.3025352,129.6697753
,1163340.0000000,1732720.0000000,35.5770593,129.3026455,131.8538410
,1163350.0000000,1732720.0000000,35.5770576,129.3027558,135.5608504
,1163360.0000000,1732720.0000000,35.5770560,129.3028661,136.7224443
,1163370.0000000,1732720.0000000,35.5770543,129.3029764,140.1801930
,1163380.0000000,1732720.0000000,35.5770527,129.3030868,141.6802019
,1163390.0000000,1732720.0000000,35.5770510,129.3031971,144.2948996
,1163400.0000000,1732720.0000000,35.5770494,129.3033074,146.3063906
,1163410.0000000,1732720.0000000,35.5770477,129.3034177,146.4905850
,1163420.0000000,1732720.0000000,35.5770460,129.3035280,146.5000000
,1163430.0000000,1732720.0000000,35.5770444,129.3036383,146.5000000
,1163440.0000000,1732720.0000000,35.5770427,129.3037486,147.9807382
,1163450.0000000,1732720.0000000,35.5770411,129.3038589,151.5000000
,1163460.0000000,1732720.0000000,35.5770394,129.3039693,151.5000000
,1163470.0000000,1732720.0000000,35.5770378,129.3040796,151.5000000
,1163480.0000000,1732720.0000000,35.5770361,129.3041899,151.5000000
,1163490.0000000,1732720.0000000,35.5770345,129.3043002,151.5572625
,1163500.0000000,1732720.0000000,35.5770328,129.3044105,152.8982330
,1163510.0000000,1732720.0000000,35.5770312,129.3045208,153.6704145
,1163520.0000000,1732720.0000000,35.5770295,129.3046311,154.4218401
,1163530.0000000,1732720.0000000,35.5770279,129.3047414,155.5057782
,1163540.0000000,1732720.0000000,35.5770262,129.3048518,157.0473946
,1163550.0000000,1732720.0000000,35.5770246,129.3049621,160.9385651
,1163560.0000000,1732720.0000000,35.5770229,129.3050724,161.3998534
,1163570.0000000,1732720.0000000,35.5770213,129.3051827,161.4579386
,1163580.0000000,1732720.0000000,35.5770196,129.3052930,161.7107950
,1163590.0000000,1732720.0000000,35.5770180,129.3054033,162.6801279
,1163600.0000000,1732720.0000000,35.5770163,129.3055136,163.9166900
,1163610.0000000,1732720.0000000,35.5770147,129.3056239,165.9746225
,1163620.0000000,1732720.0000000,35.5770130,129.3057343,166.4941276
,1163630.0000000,1732720.0000000,35.5770114,129.3058446,166.5130283
,1163640.0000000,1732720.0000000,35.5770097,129.3059549,166.4311322
,1163650.0000000,1732720.0000000,35.5770080,129.3060652,164.8633337
,1163660.0000000,1732720.0000000,35.5770064,129.3061755,161.4816407
,1163670.0000000,1732720.0000000,35.5770047,129.3062858,159.1496699
,1163680.0000000,1732720.0000000,35.5770031,129.3063961,156.5518306
,1163690.0000000,1732720.0000000,35.5770014,129.3065064,156.5000000
,1163700.0000000,1732720.0000000,35.5769998,129.3066168,156.5000000
,1163710.0000000,1732720.0000000,35.5769981,129.3067271,156.5000000
,1163720.0000000,1732720.0000000,35.5769965,129.3068374,156.5547122
,1163730.0000000,1732720.0000000,35.5769948,129.3069477,156.5479322
,1163740.0000000,1732720.0000000,35.5769932,129.3070580,157.7225407
,1163750.0000000,1732720.0000000,35.5769915,129.3071683,159.2163899
,1163760.0000000,1732720.0000000,35.5769899,129.3072786,158.9589656
,1163770.0000000,1732720.0000000,35.5769882,129.3073889,156.8659920
,1163780.0000000,1732720.0000000,35.5769865,129.3074993,155.9155830
,1163790.0000000,1732720.0000000,35.5769849,129.3076096,153.7261705
,1163800.0000000,1732720.0000000,35.5769832,129.3077199,151.9881515
,1163810.0000000,1732720.0000000,35.5769816,129.3078302,151.7695763
,1163820.0000000,1732720.0000000,35.5769799,129.3079405,152.4907605
,1163830.0000000,1732720.0000000,35.5769783,129.3080508,153.6182151
,1163840.0000000,1732720.0000000,35.5769766,129.3081611,156.5832813
,1163850.0000000,1732720.0000000,35.5769750,129.3082714,159.7401366
,1163860.0000000,1732720.0000000,35.5769733,129.3083818,160.6762956
,1163870.0000000,1732720.0000000,35.5769717,129.3084921,160.6401952
,1163880.0000000,1732720.0000000,35.5769700,129.3086024,161.5272375
,1163890.0000000,1732720.0000000,35.5769683,129.3087127,162.8052400
,1163900.0000000,1732720.0000000,35.5769667,129.3088230,163.7653156
,1163910.0000000,1732720.0000000,35.5769650,129.3089333,167.3571085
,1163920.0000000,1732720.0000000,35.5769634,129.3090436,168.4899713
,1163930.0000000,1732720.0000000,35.5769617,129.3091539,170.1623624
,1163940.0000000,1732720.0000000,35.5769601,129.3092643,171.3829405
,1163950.0000000,1732720.0000000,35.5769584,129.3093746,171.5000000
,1163960.0000000,1732720.0000000,35.5769567,129.3094849,171.5000000
,1163970.0000000,1732720.0000000,35.5769551,129.3095952,171.5000000
,1163980.0000000,1732720.0000000,35.5769534,129.3097055,171.5440462
,1163990.0000000,1732720.0000000,35.5769518,129.3098158,173.5856508
,1164000.0000000,1732720.0000000,35.5769501,129.3099261,177.5213753
,1164000.0000000,1732730.0000000,35.5770402,129.3099282,175.9112891
,1163990.0000000,1732730.0000000,35.5770419,129.3098178,172.9389084
,1163980.0000000,1732730.0000000,35.5770436,129.3097075,171.5000000
,1163970.0000000,1732730.0000000,35.5770452,129.3095972,171.5000000
,1163960.0000000,1732730.0000000,35.5770469,129.3094869,171.5000000
,1163950.0000000,1732730.0000000,35.5770485,129.3093766,171.5000000
,1163940.0000000,1732730.0000000,35.5770502,129.3092663,170.5563024
,1163930.0000000,1732730.0000000,35.5770518,129.3091560,167.9227738
,1163920.0000000,1732730.0000000,35.5770535,129.3090457,166.7472105
,1163910.0000000,1732730.0000000,35.5770551,129.3089353,165.9938301
,1163900.0000000,1732730.0000000,35.5770568,129.3088250,163.8628926
,1163890.0000000,1732730.0000000,35.5770585,129.3087147,161.3817775
,1163880.0000000,1732730.0000000,35.5770601,129.3086044,160.9148904
,1163870.0000000,1732730.0000000,35.5770618,129.3084941,160.7024718
,1163860.0000000,1732730.0000000,35.5770634,129.3083838,157.9216059
,1163850.0000000,1732730.0000000,35.5770651,129.3082735,156.7320953
,1163840.0000000,1732730.0000000,35.5770667,129.3081632,155.4951844
,1163830.0000000,1732730.0000000,35.5770684,129.3080528,153.6366467
,1163820.0000000,1732730.0000000,35.5770700,129.3079425,153.1262466
,1163810.0000000,1732730.0000000,35.5770717,129.3078322,152.2992417
,1163800.0000000,1732730.0000000,35.5770734,129.3077219,151.7866774
,1163790.0000000,1732730.0000000,35.5770750,129.3076116,152.2286216
,1163780.0000000,1732730.0000000,35.5770767,129.3075013,153.9807611
,1163770.0000000,1732730.0000000,35.5770783,129.3073910,156.1082089
,1163760.0000000,1732730.0000000,35.5770800,129.3072807,156.7646512
,1163750.0000000,1732730.0000000,35.5770816,129.3071703,157.7483842
,1163740.0000000,1732730.0000000,35.5770833,129.3070600,156.9963956
,1163730.0000000,1732730.0000000,35.5770849,129.3069497,156.6982759
,1163720.0000000,1732730.0000000,35.5770866,129.3068394,156.5000000
,1163710.0000000,1732730.0000000,35.5770882,129.3067291,156.5000000
,1163700.0000000,1732730.0000000,35.5770899,129.3066188,156.5000000
,1163690.0000000,1732730.0000000,35.5770916,129.3065085,156.5000000
,1163680.0000000,1732730.0000000,35.5770932,129.3063982,156.7857804
,1163670.0000000,1732730.0000000,35.5770949,129.3062878,157.9017510
,1163660.0000000,1732730.0000000,35.5770965,129.3061775,161.4999110
,1163650.0000000,1732730.0000000,35.5770982,129.3060672,162.4037575
,1163640.0000000,1732730.0000000,35.5770998,129.3059569,164.4291538
,1163630.0000000,1732730.0000000,35.5771015,129.3058466,164.4393662
,1163620.0000000,1732730.0000000,35.5771031,129.3057363,162.6348096
,1163610.0000000,1732730.0000000,35.5771048,129.3056260,161.5739101
,1163600.0000000,1732730.0000000,35.5771064,129.3055157,161.4816693
,1163590.0000000,1732730.0000000,35.5771081,129.3054053,161.3876429
,1163580.0000000,1732730.0000000,35.5771097,129.3052950,161.2873283
,1163570.0000000,1732730.0000000,35.5771114,129.3051847,161.0895174
,1163560.0000000,1732730.0000000,35.5771130,129.3050744,160.9365750
,1163550.0000000,1732730.0000000,35.5771147,129.3049641,159.7094837
,1163540.0000000,1732730.0000000,35.5771164,129.3048538,156.5310369
,1163530.0000000,1732730.0000000,35.5771180,129.3047435,153.9357740
,1163520.0000000,1732730.0000000,35.5771197,129.3046332,153.9780754
,1163510.0000000,1732730.0000000,35.5771213,129.3045228,152.4399595
,1163500.0000000,1732730.0000000,35.5771230,129.3044125,152.6107573
,1163490.0000000,1732730.0000000,35.5771246,129.3043022,151.8654788
,1163480.0000000,1732730.0000000,35.5771263,129.3041919,151.5000000
,1163470.0000000,1732730.0000000,35.5771279,129.3040816,151.5000000
,1163460.0000000,1732730.0000000,35.5771296,129.3039713,151.5000000
,1163450.0000000,1732730.0000000,35.5771312,129.3038610,150.7613996
,1163440.0000000,1732730.0000000,35.5771329,129.3037507,147.2662415
,1163430.0000000,1732730.0000000,35.5771345,129.3036403,146.5000000
,1163420.0000000,1732730.0000000,35.5771362,129.3035300,146.5000000
,1163410.0000000,1732730.0000000,35.5771378,129.3034197,145.8084195
,1163400.0000000,1732730.0000000,35.5771395,129.3033094,143.7232311
,1163390.0000000,1732730.0000000,35.5771411,129.3031991,141.5505550
,1163380.0000000,1732730.0000000,35.5771428,129.3030888,140.8382524
,1163370.0000000,1732730.0000000,35.5771444,129.3029785,137.4586707
,1163360.0000000,1732730.0000000,35.5771461,129.3028682,136.8145381
,1163350.0000000,1732730.0000000,35.5771477,129.3027578,133.8560578
,1163340.0000000,1732730.0000000,35.5771494,129.3026475,131.4856478
,1163330.0000000,1732730.0000000,35.5771510,129.3025372,129.0927784
,1163320.0000000,1732730.0000000,35.5771527,129.3024269,126.4932225
,1163310.0000000,1732730.0000000,35.5771543,129.3023166,124.0484764
,1163300.0000000,1732730.0000000,35.5771560,129.3022063,121.6133973
,1163290.0000000,1732730.0000000,35.5771576,129.3020960,120.0685628
,1163280.0000000,1732730.0000000,35.5771593,129.3019857,116.6653166
,1163270.0000000,1732730.0000000,35.5771609,129.3018753,116.1028343
,1163260.0000000,1732730.0000000,35.5771626,129.3017650,113.4585157
,1163250.0000000,1732730.0000000,35.5771642,129.3016547,111.2725380
,1163240.0000000,1732730.0000000,35.5771659,129.3015444,107.2074445
,1163230.0000000,1732730.0000000,35.5771675,129.3014341,106.4517017
,1163220.0000000,1732730.0000000,35.5771692,129.3013238,102.5023078
,1163210.0000000,1732730.0000000,35.5771708,129.3012135,101.7149496
,1163200.0000000,1732730.0000000,35.5771725,129.3011031,101.5000000
,1163190.0000000,1732730.0000000,35.5771741,129.3009928,98.5762834
,1163180.0000000,1732730.0000000,35.5771758,129.3008825,96.6409511
,1163170.0000000,1732730.0000000,35.5771774,129.3007722,96.5000000
,1163160.0000000,1732730.0000000,35.5771791,129.3006619,96.5000000
,1163150.0000000,1732730.0000000,35.5771807,129.3005516,96.5000000
,1163140.0000000,1732730.0000000,35.5771824,129.3004413,96.5000000
,1163130.0000000,1732730.0000000,35.5771840,129.3003310,97.0524987
,1163120.0000000,1732730.0000000,35.5771857,129.3002206,96.8761108
,1163110.0000000,1732730.0000000,35.5771873,129.3001103,96.5000000
,1163100.0000000,1732730.0000000,35.5771889,129.3000000,96.8298814
,1163090.0000000,1732730.0000000,35.5771906,129.2998897,102.3899604
,1163080.0000000,1732730.0000000,35.5771922,129.2997794,107.4215293
,1163070.0000000,1732730.0000000,35.5771939,129.2996691,111.7615168
,1163060.0000000,1732730.0000000,35.5771955,129.2995588,116.4099353
,1163050.0000000,1732730.0000000,35.5771972,129.2994485,121.0509715
,1163040.0000000,1732730.0000000,35.5771988,129.2993381,123.0376947
,1163030.0000000,1732730.0000000,35.5772005,129.2992278,126.3490849
,1163020.0000000,1732730.0000000,35.5772021,129.2991175,126.9799430
,1163010.0000000,1732730.0000000,35.5772038,129.2990072,128.2507228
,1163000.0000000,1732730.0000000,35.5772054,129.2988969,128.0619209
,1163000.0000000,1732740.0000000,35.5772955,129.2988989,126.0789456
,1163010.0000000,1732740.0000000,35.5772939,129.2990092,126.6584664
,1163020.0000000,1732740.0000000,35.5772922,129.2991195,126.3293737
,1163030.0000000,1732740.0000000,35.5772906,129.2992298,125.3822152
,1163040.0000000,1732740.0000000,35.5772890,129.2993402,122.3610991
,1163050.0000000,1732740.0000000,35.5772873,129.2994505,119.2122970
,1163060.0000000,1732740.0000000,35.5772857,129.2995608,116.2104069
,1163070.0000000,1732740.0000000,35.5772840,129.2996711,111.7195533
,1163080.0000000,1732740.0000000,35.5772824,129.2997814,107.4409009
,1163090.0000000,1732740.0000000,35.5772807,129.2998917,103.1625098
,1163100.0000000,1732740.0000000,35.5772791,129.3000020,99.2671717
,1163110.0000000,1732740.0000000,35.5772774,129.3001123,96.9045526
,1163120.0000000,1732740.0000000,35.5772758,129.3002227,96.5000000
,1163130.0000000,1732740.0000000,35.5772741,129.3003330,96.5000000
,1163140.0000000,1732740.0000000,35.5772725,129.3004433,96.5000000
,1163150.0000000,1732740.0000000,35.5772708,129.3005536,96.5000000
,1163160.0000000,1732740.0000000,35.5772692,129.3006639,96.5000000
,1163170.0000000,1732740.0000000,35.5772675,129.3007742,96.5000000
,1163180.0000000,1732740.0000000,35.5772659,129.3008845,97.2952668
,1163190.0000000,1732740.0000000,35.5772642,129.3009949,100.2351049
,1163200.0000000,1732740.0000000,35.5772626,129.3011052,102.1185439
,1163210.0000000,1732740.0000000,35.5772609,129.3012155,101.6971498
,1163220.0000000,1732740.0000000,35.5772593,129.3013258,105.8761488
,1163230.0000000,1732740.0000000,35.5772576,129.3014361,108.1400907
,1163240.0000000,1732740.0000000,35.5772560,129.3015464,111.3498124
,1163250.0000000,1732740.0000000,35.5772543,129.3016567,114.3055781
,1163260.0000000,1732740.0000000,35.5772527,129.3017670,116.4469962
,1163270.0000000,1732740.0000000,35.5772510,129.3018774,116.6737614
,1163280.0000000,1732740.0000000,35.5772494,129.3019877,118.7565026
,1163290.0000000,1732740.0000000,35.5772477,129.3020980,121.2080761
,1163300.0000000,1732740.0000000,35.5772461,129.3022083,122.2883635
,1163310.0000000,1732740.0000000,35.5772444,129.3023186,125.5493368
,1163320.0000000,1732740.0000000,35.5772428,129.3024289,126.5621467
,1163330.0000000,1732740.0000000,35.5772411,129.3025392,129.5837988
,1163340.0000000,1732740.0000000,35.5772395,129.3026495,131.5648928
,1163350.0000000,1732740.0000000,35.5772378,129.3027599,133.9289863
,1163360.0000000,1732740.0000000,35.5772362,129.3028702,136.2673363
,1163370.0000000,1732740.0000000,35.5772345,129.3029805,136.7241314
,1163380.0000000,1732740.0000000,35.5772329,129.3030908,139.6813030
,1163390.0000000,1732740.0000000,35.5772312,129.3032011,141.4755679
,1163400.0000000,1732740.0000000,35.5772296,129.3033114,142.1769107
,1163410.0000000,1732740.0000000,35.5772279,129.3034217,144.5548246
,1163420.0000000,1732740.0000000,35.5772263,129.3035321,146.5000000
,1163430.0000000,1732740.0000000,35.5772246,129.3036424,146.5000000
,1163440.0000000,1732740.0000000,35.5772230,129.3037527,146.7319827
,1163450.0000000,1732740.0000000,35.5772213,129.3038630,149.3438077
,1163460.0000000,1732740.0000000,35.5772197,129.3039733,151.5000000
,1163470.0000000,1732740.0000000,35.5772180,129.3040836,151.5000000
,1163480.0000000,1732740.0000000,35.5772164,129.3041939,151.5000000
,1163490.0000000,1732740.0000000,35.5772147,129.3043042,153.1381187
,1163500.0000000,1732740.0000000,35.5772131,129.3044146,155.3296169
,1163510.0000000,1732740.0000000,35.5772114,129.3045249,155.7741038
,1163520.0000000,1732740.0000000,35.5772098,129.3046352,154.4531649
,1163530.0000000,1732740.0000000,35.5772081,129.3047455,154.3812374
,1163540.0000000,1732740.0000000,35.5772065,129.3048558,155.9545619
,1163550.0000000,1732740.0000000,35.5772048,129.3049661,157.3751478
,1163560.0000000,1732740.0000000,35.5772032,129.3050764,158.7935402
,1163570.0000000,1732740.0000000,35.5772015,129.3051867,158.9414849
,1163580.0000000,1732740.0000000,35.5771999,129.3052971,158.8476503
,1163590.0000000,1732740.0000000,35.5771982,129.3054074,158.6252010
,1163600.0000000,1732740.0000000,35.5771966,129.3055177,158.4388146
,1163610.0000000,1732740.0000000,35.5771949,129.3056280,158.8592563
,1163620.0000000,1732740.0000000,35.5771933,129.3057383,160.5515481
,1163630.0000000,1732740.0000000,35.5771916,129.3058486,161.4601907
,1163640.0000000,1732740.0000000,35.5771899,129.3059589,161.7750314
,1163650.0000000,1732740.0000000,35.5771883,129.3060692,161.4524599
,1163660.0000000,1732740.0000000,35.5771866,129.3061796,159.3321731
,1163670.0000000,1732740.0000000,35.5771850,129.3062899,157.0670023
,1163680.0000000,1732740.0000000,35.5771833,129.3064002,157.3451633
,1163690.0000000,1732740.0000000,35.5771817,129.3065105,156.8376145
,1163700.0000000,1732740.0000000,35.5771800,129.3066208,156.5000000
,1163710.0000000,1732740.0000000,35.5771784,129.3067311,156.5000000
,1163720.0000000,1732740.0000000,35.5771767,129.3068414,156.5000000
,1163730.0000000,1732740.0000000,35.5771751,129.3069517,156.5000000
,1163740.0000000,1732740.0000000,35.5771734,129.3070621,156.5000000
,1163750.0000000,1732740.0000000,35.5771718,129.3071724,156.3353875
,1163760.0000000,1732740.0000000,35.5771701,129.3072827,155.4789763
,1163770.0000000,1732740.0000000,35.5771684,129.3073930,156.1207957
,1163780.0000000,1732740.0000000,35.5771668,129.3075033,152.4026784
,1163790.0000000,1732740.0000000,35.5771651,129.3076136,151.5126884
,1163800.0000000,1732740.0000000,35.5771635,129.3077239,151.9021432
,1163810.0000000,1732740.0000000,35.5771618,129.3078342,152.1604886
,1163820.0000000,1732740.0000000,35.5771602,129.3079446,153.2453110
,1163830.0000000,1732740.0000000,35.5771585,129.3080549,154.7000519
,1163840.0000000,1732740.0000000,35.5771569,129.3081652,155.6166675
,1163850.0000000,1732740.0000000,35.5771552,129.3082755,156.5588557
,1163860.0000000,1732740.0000000,35.5771535,129.3083858,156.3202709
,1163870.0000000,1732740.0000000,35.5771519,129.3084961,154.2014134
,1163880.0000000,1732740.0000000,35.5771502,129.3086064,156.9888467
,1163890.0000000,1732740.0000000,35.5771486,129.3087167,159.7812353
,1163900.0000000,1732740.0000000,35.5771469,129.3088271,164.0458812
,1163910.0000000,1732740.0000000,35.5771453,129.3089374,166.4078833
,1163920.0000000,1732740.0000000,35.5771436,129.3090477,166.4870604
,1163930.0000000,1732740.0000000,35.5771420,129.3091580,166.8148847
,1163940.0000000,1732740.0000000,35.5771403,129.3092683,169.5111464
,1163950.0000000,1732740.0000000,35.5771386,129.3093786,171.3408532
,1163960.0000000,1732740.0000000,35.5771370,129.3094889,171.5000000
,1163970.0000000,1732740.0000000,35.5771353,129.3095992,171.5000000
,1163980.0000000,1732740.0000000,35.5771337,129.3097096,171.5000000
,1163990.0000000,1732740.0000000,35.5771320,129.3098199,172.5265526
,1164000.0000000,1732740.0000000,35.5771304,129.3099302,174.9902683
,1164000.0000000,1732750.0000000,35.5772205,129.3099322,174.0504693
,1163990.0000000,1732750.0000000,35.5772221,129.3098219,172.0529411
,1163980.0000000,1732750.0000000,35.5772238,129.3097116,171.5000000
,1163970.0000000,1732750.0000000,35.5772255,129.3096013,171.5000000
,1163960.0000000,1732750.0000000,35.5772271,129.3094910,171.3131212
,1163950.0000000,1732750.0000000,35.5772288,129.3093806,171.3156887
,1163940.0000000,1732750.0000000,35.5772304,129.3092703,169.3069379
,1163930.0000000,1732750.0000000,35.5772321,129.3091600,166.5599177
,1163920.0000000,1732750.0000000,35.5772337,129.3090497,166.4819553
,1163910.0000000,1732750.0000000,35.5772354,129.3089394,166.1364332
,1163900.0000000,1732750.0000000,35.5772370,129.3088291,163.5104966
,1163890.0000000,1732750.0000000,35.5772387,129.3087188,159.5137135
,1163880.0000000,1732750.0000000,35.5772404,129.3086085,155.9460339
,1163870.0000000,1732750.0000000,35.5772420,129.3084981,156.8232114
,1163860.0000000,1732750.0000000,35.5772437,129.3083878,157.2520586
,1163850.0000000,1732750.0000000,35.5772453,129.3082775,156.8130256
,1163840.0000000,1732750.0000000,35.5772470,129.3081672,156.1281848
,1163830.0000000,1732750.0000000,35.5772486,129.3080569,154.5489230
,1163820.0000000,1732750.0000000,35.5772503,129.3079466,152.7835292
,1163810.0000000,1732750.0000000,35.5772519,129.3078363,151.9621783
,1163800.0000000,1732750.0000000,35.5772536,129.3077260,152.2543931
,1163790.0000000,1732750.0000000,35.5772553,129.3076156,152.3404517
,1163780.0000000,1732750.0000000,35.5772569,129.3075053,151.9451176
,1163770.0000000,1732750.0000000,35.5772586,129.3073950,154.6621441
,1163760.0000000,1732750.0000000,35.5772602,129.3072847,155.7755224
,1163750.0000000,1732750.0000000,35.5772619,129.3071744,156.1211150
,1163740.0000000,1732750.0000000,35.5772635,129.3070641,156.4779358
,1163730.0000000,1732750.0000000,35.5772652,129.3069538,156.0412123
,1163720.0000000,1732750.0000000,35.5772668,129.3068435,155.8880666
,1163710.0000000,1732750.0000000,35.5772685,129.3067331,155.7655452
,1163700.0000000,1732750.0000000,35.5772701,129.3066228,156.5000000
,1163690.0000000,1732750.0000000,35.5772718,129.3065125,157.1178544
,1163680.0000000,1732750.0000000,35.5772735,129.3064022,157.6209742
,1163670.0000000,1732750.0000000,35.5772751,129.3062919,157.6489417
,1163660.0000000,1732750.0000000,35.5772768,129.3061816,158.0670898
,1163650.0000000,1732750.0000000,35.5772784,129.3060713,160.5293681
,1163640.0000000,1732750.0000000,35.5772801,129.3059610,160.1636107
,1163630.0000000,1732750.0000000,35.5772817,129.3058506,158.5934213
,1163620.0000000,1732750.0000000,35.5772834,129.3057403,156.9443566
,1163610.0000000,1732750.0000000,35.5772850,129.3056300,156.5843117
,1163600.0000000,1732750.0000000,35.5772867,129.3055197,156.6157834
,1163590.0000000,1732750.0000000,35.5772883,129.3054094,156.5132337
,1163580.0000000,1732750.0000000,35.5772900,129.3052991,156.5169186
,1163570.0000000,1732750.0000000,35.5772916,129.3051888,156.5316373
,1163560.0000000,1732750.0000000,35.5772933,129.3050785,156.9697573
,1163550.0000000,1732750.0000000,35.5772949,129.3049681,156.4511043
,1163540.0000000,1732750.0000000,35.5772966,129.3048578,156.3840651
,1163530.0000000,1732750.0000000,35.5772982,129.3047475,155.9376205
,1163520.0000000,1732750.0000000,35.5772999,129.3046372,155.9774568
,1163510.0000000,1732750.0000000,35.5773015,129.3045269,156.5000000
,1163500.0000000,1732750.0000000,35.5773032,129.3044166,156.4327051
,1163490.0000000,1732750.0000000,35.5773049,129.3043063,154.2260126
,1163480.0000000,1732750.0000000,35.5773065,129.3041959,151.6846889
,1163470.0000000,1732750.0000000,35.5773082,129.3040856,151.5000000
,1163460.0000000,1732750.0000000,35.5773098,129.3039753,151.5000000
,1163450.0000000,1732750.0000000,35.5773115,129.3038650,148.6099323
,1163440.0000000,1732750.0000000,35.5773131,129.3037547,146.7417443
,1163430.0000000,1732750.0000000,35.5773148,129.3036444,146.5000000
,1163420.0000000,1732750.0000000,35.5773164,129.3035341,146.5000000
,1163410.0000000,1732750.0000000,35.5773181,129.3034238,144.3100216
,1163400.0000000,1732750.0000000,35.5773197,129.3033134,142.0547234
,1163390.0000000,1732750.0000000,35.5773214,129.3032031,141.5000000
,1163380.0000000,1732750.0000000,35.5773230,129.3030928,140.6764209
,1163370.0000000,1732750.0000000,35.5773247,129.3029825,138.4862124
,1163360.0000000,1732750.0000000,35.5773263,129.3028722,136.5263484
,1163350.0000000,1732750.0000000,35.5773280,129.3027619,135.6414966
,1163340.0000000,1732750.0000000,35.5773296,129.3026516,132.7265325
,1163330.0000000,1732750.0000000,35.5773313,129.3025413,131.4876313
,1163320.0000000,1732750.0000000,35.5773329,129.3024309,129.6768491
,1163310.0000000,1732750.0000000,35.5773346,129.3023206,126.6729418
,1163300.0000000,1732750.0000000,35.5773362,129.3022103,124.5365561
,1163290.0000000,1732750.0000000,35.5773379,129.3021000,121.7576676
,1163280.0000000,1732750.0000000,35.5773395,129.3019897,121.0641168
,1163270.0000000,1732750.0000000,35.5773412,129.3018794,117.9494891
,1163260.0000000,1732750.0000000,35.5773428,129.3017691,116.2330410
,1163250.0000000,1732750.0000000,35.5773445,129.3016587,116.4598068
,1163240.0000000,1732750.0000000,35.5773461,129.3015484,113.2355090
,1163230.0000000,1732750.0000000,35.5773478,129.3014381,111.1417583
,1163220.0000000,1732750.0000000,35.5773494,129.3013278,108.0728894
,1163210.0000000,1732750.0000000,35.5773511,129.3012175,104.8097454
,1163200.0000000,1732750.0000000,35.5773527,129.3011072,101.7652056
,1163190.0000000,1732750.0000000,35.5773544,129.3009969,100.7214364
,1163180.0000000,1732750.0000000,35.5773560,129.3008866,97.2978680
,1163170.0000000,1732750.0000000,35.5773577,129.3007762,96.5858568
,1163160.0000000,1732750.0000000,35.5773593,129.3006659,96.5000000
,1163150.0000000,1732750.0000000,35.5773610,129.3005556,96.3538139
,1163140.0000000,1732750.0000000,35.5773626,129.3004453,96.0709349
,1163130.0000000,1732750.0000000,35.5773642,129.3003350,96.6218885
,1163120.0000000,1732750.0000000,35.5773659,129.3002247,97.3375209
,1163110.0000000,1732750.0000000,35.5773675,129.3001144,97.2823391
,1163100.0000000,1732750.0000000,35.5773692,129.3000041,96.8648859
,1163090.0000000,1732750.0000000,35.5773708,129.2998937,101.4744305
,1163080.0000000,1732750.0000000,35.5773725,129.2997834,106.4007603
,1163070.0000000,1732750.0000000,35.5773741,129.2996731,111.2726026
,1163060.0000000,1732750.0000000,35.5773758,129.2995628,116.0208520
,1163050.0000000,1732750.0000000,35.5773774,129.2994525,117.2660599
,1163040.0000000,1732750.0000000,35.5773791,129.2993422,120.5399659
,1163030.0000000,1732750.0000000,35.5773807,129.2992319,122.8841702
,1163020.0000000,1732750.0000000,35.5773824,129.2991215,126.4834675
,1163010.0000000,1732750.0000000,35.5773840,129.2990112,126.3092750
,1163000.0000000,1732750.0000000,35.5773857,129.2989009,125.9536998
,1163000.0000000,1732760.0000000,35.5774758,129.2989029,126.1379481
,1163010.0000000,1732760.0000000,35.5774741,129.2990132,126.0052482
,1163020.0000000,1732760.0000000,35.5774725,129.2991236,125.3970107
,1163030.0000000,1732760.0000000,35.5774708,129.2992339,121.3078915
,1163040.0000000,1732760.0000000,35.5774692,129.2993442,117.1377409
,1163050.0000000,1732760.0000000,35.5774676,129.2994545,116.3861361
,1163060.0000000,1732760.0000000,35.5774659,129.2995648,113.8733257
,1163070.0000000,1732760.0000000,35.5774643,129.2996751,109.7417705
,1163080.0000000,1732760.0000000,35.5774626,129.2997854,104.7076784
,1163090.0000000,1732760.0000000,35.5774610,129.2998958,99.5292615
,1163100.0000000,1732760.0000000,35.5774593,129.3000061,97.3165258
,1163110.0000000,1732760.0000000,35.5774577,129.3001164,97.6471912
,1163120.0000000,1732760.0000000,35.5774560,129.3002267,95.7187979
,1163130.0000000,1732760.0000000,35.5774544,129.3003370,94.5184289
,1163140.0000000,1732760.0000000,35.5774527,129.3004473,94.7231576
,1163150.0000000,1732760.0000000,35.5774511,129.3005576,96.2068467
,1163160.0000000,1732760.0000000,35.5774494,129.3006679,96.5000000
,1163170.0000000,1732760.0000000,35.5774478,129.3007783,96.5286630
,1163180.0000000,1732760.0000000,35.5774461,129.3008886,97.2897802
,1163190.0000000,1732760.0000000,35.5774445,129.3009989,100.7051416
,1163200.0000000,1732760.0000000,35.5774428,129.3011092,101.9067002
,1163210.0000000,1732760.0000000,35.5774412,129.3012195,106.2396292
,1163220.0000000,1732760.0000000,35.5774395,129.3013298,108.2483191
,1163230.0000000,1732760.0000000,35.5774379,129.3014401,111.4707448
,1163240.0000000,1732760.0000000,35.5774362,129.3015505,112.2782314
,1163250.0000000,1732760.0000000,35.5774346,129.3016608,115.0752256
,1163260.0000000,1732760.0000000,35.5774329,129.3017711,116.4089698
,1163270.0000000,1732760.0000000,35.5774313,129.3018814,117.4530560
,1163280.0000000,1732760.0000000,35.5774296,129.3019917,120.2789860
,1163290.0000000,1732760.0000000,35.5774280,129.3021020,121.7427352
,1163300.0000000,1732760.0000000,35.5774263,129.3022123,125.0915032
,1163310.0000000,1732760.0000000,35.5774247,129.3023226,127.2383417
,1163320.0000000,1732760.0000000,35.5774230,129.3024330,131.2870087
,1163330.0000000,1732760.0000000,35.5774214,129.3025433,132.9161506
,1163340.0000000,1732760.0000000,35.5774197,129.3026536,136.4072076
,1163350.0000000,1732760.0000000,35.5774181,129.3027639,136.4080626
,1163360.0000000,1732760.0000000,35.5774164,129.3028742,138.9049105
,1163370.0000000,1732760.0000000,35.5774148,129.3029845,141.4549568
,1163380.0000000,1732760.0000000,35.5774131,129.3030948,141.5000000
,1163390.0000000,1732760.0000000,35.5774115,129.3032052,141.5094776
,1163400.0000000,1732760.0000000,35.5774098,129.3033155,142.8126429
,1163410.0000000,1732760.0000000,35.5774082,129.3034258,145.5746406
,1163420.0000000,1732760.0000000,35.5774065,129.3035361,146.5680285
,1163430.0000000,1732760.0000000,35.5774049,129.3036464,146.6614048
,1163440.0000000,1732760.0000000,35.5774032,129.3037567,148.1228180
,1163450.0000000,1732760.0000000,35.5774016,129.3038670,150.2748564
,1163460.0000000,1732760.0000000,35.5773999,129.3039773,151.5000000
,1163470.0000000,1732760.0000000,35.5773983,129.3040877,151.5000000
,1163480.0000000,1732760.0000000,35.5773966,129.3041980,151.8579183
,1163490.0000000,1732760.0000000,35.5773950,129.3043083,154.5102234
,1163500.0000000,1732760.0000000,35.5773933,129.3044186,156.4685718
,1163510.0000000,1732760.0000000,35.5773917,129.3045289,156.4792519
,1163520.0000000,1732760.0000000,35.5773900,129.3046392,156.4957993
,1163530.0000000,1732760.0000000,35.5773884,129.3047495,156.3123096
,1163540.0000000,1732760.0000000,35.5773867,129.3048598,155.1461071
,1163550.0000000,1732760.0000000,35.5773851,129.3049702,154.9235883
,1163560.0000000,1732760.0000000,35.5773834,129.3050805,154.8217962
,1163570.0000000,1732760.0000000,35.5773818,129.3051908,155.1395751
,1163580.0000000,1732760.0000000,35.5773801,129.3053011,155.1087485
,1163590.0000000,1732760.0000000,35.5773785,129.3054114,154.7522894
,1163600.0000000,1732760.0000000,35.5773768,129.3055217,154.7703371
,1163610.0000000,1732760.0000000,35.5773751,129.3056320,155.5513843
,1163620.0000000,1732760.0000000,35.5773735,129.3057424,156.3848987
,1163630.0000000,1732760.0000000,35.5773718,129.3058527,156.7243473
,1163640.0000000,1732760.0000000,35.5773702,129.3059630,158.0857164
,1163650.0000000,1732760.0000000,35.5773685,129.3060733,158.0689299
,1163660.0000000,1732760.0000000,35.5773669,129.3061836,156.8713624
,1163670.0000000,1732760.0000000,35.5773652,129.3062939,157.4731754
,1163680.0000000,1732760.0000000,35.5773636,129.3064042,157.4567758
,1163690.0000000,1732760.0000000,35.5773619,129.3065145,156.9546897
,1163700.0000000,1732760.0000000,35.5773603,129.3066249,155.3693803
,1163710.0000000,1732760.0000000,35.5773586,129.3067352,154.4406224
,1163720.0000000,1732760.0000000,35.5773570,129.3068455,154.5192937
,1163730.0000000,1732760.0000000,35.5773553,129.3069558,155.1432053
,1163740.0000000,1732760.0000000,35.5773536,129.3070661,156.2683402
,1163750.0000000,1732760.0000000,35.5773520,129.3071764,156.1773867
,1163760.0000000,1732760.0000000,35.5773503,129.3072867,156.3881814
,1163770.0000000,1732760.0000000,35.5773487,129.3073970,153.6015540
,1163780.0000000,1732760.0000000,35.5773470,129.3075074,152.3747661
,1163790.0000000,1732760.0000000,35.5773454,129.3076177,152.6383543
,1163800.0000000,1732760.0000000,35.5773437,129.3077280,152.5056188
,1163810.0000000,1732760.0000000,35.5773421,129.3078383,151.9228484
,1163820.0000000,1732760.0000000,35.5773404,129.3079486,152.5062054
,1163830.0000000,1732760.0000000,35.5773388,129.3080589,154.5054498
,1163840.0000000,1732760.0000000,35.5773371,129.3081692,156.3351114
,1163850.0000000,1732760.0000000,35.5773354,129.3082795,156.7947601
,1163860.0000000,1732760.0000000,35.5773338,129.3083899,157.3198281
,1163870.0000000,1732760.0000000,35.5773321,129.3085002,157.1435515
,1163880.0000000,1732760.0000000,35.5773305,129.3086105,157.0272187
,1163890.0000000,1732760.0000000,35.5773288,129.3087208,156.7795783
,1163900.0000000,1732760.0000000,35.5773272,129.3088311,160.3399966
,1163910.0000000,1732760.0000000,35.5773255,129.3089414,163.5162369
,1163920.0000000,1732760.0000000,35.5773239,129.3090517,166.3752051
,1163930.0000000,1732760.0000000,35.5773222,129.3091620,165.2949458
,1163940.0000000,1732760.0000000,35.5773205,129.3092724,165.8794205
,1163950.0000000,1732760.0000000,35.5773189,129.3093827,167.0661524
,1163960.0000000,1732760.0000000,35.5773172,129.3094930,170.8183020
,1163970.0000000,1732760.0000000,35.5773156,129.3096033,171.0303836
,1163980.0000000,1732760.0000000,35.5773139,129.3097136,171.2974032
,1163990.0000000,1732760.0000000,35.5773123,129.3098239,171.5957683
,1164000.0000000,1732760.0000000,35.5773106,129.3099342,172.6121152
,1164000.0000000,1732770.0000000,35.5774007,129.3099363,171.5186061
,1163990.0000000,1732770.0000000,35.5774024,129.3098260,170.9068483
,1163980.0000000,1732770.0000000,35.5774040,129.3097156,170.7896795
,1163970.0000000,1732770.0000000,35.5774057,129.3096053,169.6248315
,1163960.0000000,1732770.0000000,35.5774074,129.3094950,166.9383998
,1163950.0000000,1732770.0000000,35.5774090,129.3093847,163.6663388
,1163940.0000000,1732770.0000000,35.5774107,129.3092744,162.7310175
,1163930.0000000,1732770.0000000,35.5774123,129.3091641,159.8093569
,1163920.0000000,1732770.0000000,35.5774140,129.3090538,158.7583575
,1163910.0000000,1732770.0000000,35.5774156,129.3089435,156.6213097
,1163900.0000000,1732770.0000000,35.5774173,129.3088331,152.2138895
,1163890.0000000,1732770.0000000,35.5774189,129.3087228,155.3706059
,1163880.0000000,1732770.0000000,35.5774206,129.3086125,156.2804754
,1163870.0000000,1732770.0000000,35.5774223,129.3085022,157.0071354
,1163860.0000000,1732770.0000000,35.5774239,129.3083919,157.1674456
,1163850.0000000,1732770.0000000,35.5774256,129.3082816,157.0959599
,1163840.0000000,1732770.0000000,35.5774272,129.3081713,156.4120547
,1163830.0000000,1732770.0000000,35.5774289,129.3080609,154.7632653
,1163820.0000000,1732770.0000000,35.5774305,129.3079506,152.3228808
,1163810.0000000,1732770.0000000,35.5774322,129.3078403,152.2155423
,1163800.0000000,1732770.0000000,35.5774338,129.3077300,152.7482924
,1163790.0000000,1732770.0000000,35.5774355,129.3076197,152.7990396
,1163780.0000000,1732770.0000000,35.5774372,129.3075094,152.6556756
,1163770.0000000,1732770.0000000,35.5774388,129.3073991,151.8637706
,1163760.0000000,1732770.0000000,35.5774405,129.3072888,154.7646374
,1163750.0000000,1732770.0000000,35.5774421,129.3071784,155.9456554
,1163740.0000000,1732770.0000000,35.5774438,129.3070681,155.3144085
,1163730.0000000,1732770.0000000,35.5774454,129.3069578,153.3559014
,1163720.0000000,1732770.0000000,35.5774471,129.3068475,153.1260974
,1163710.0000000,1732770.0000000,35.5774487,129.3067372,153.1982410
,1163700.0000000,1732770.0000000,35.5774504,129.3066269,153.6739625
,1163690.0000000,1732770.0000000,35.5774520,129.3065166,155.4021263
,1163680.0000000,1732770.0000000,35.5774537,129.3064063,156.7928079
,1163670.0000000,1732770.0000000,35.5774553,129.3062959,156.8496440
,1163660.0000000,1732770.0000000,35.5774570,129.3061856,156.5630879
,1163650.0000000,1732770.0000000,35.5774587,129.3060753,156.6690891
,1163640.0000000,1732770.0000000,35.5774603,129.3059650,156.2654973
,1163630.0000000,1732770.0000000,35.5774620,129.3058547,156.3059680
,1163620.0000000,1732770.0000000,35.5774636,129.3057444,155.2605547
,1163610.0000000,1732770.0000000,35.5774653,129.3056341,152.8984406
,1163600.0000000,1732770.0000000,35.5774669,129.3055238,151.9271292
,1163590.0000000,1732770.0000000,35.5774686,129.3054134,152.1045283
,1163580.0000000,1732770.0000000,35.5774702,129.3053031,152.7298685
,1163570.0000000,1732770.0000000,35.5774719,129.3051928,152.7553867
,1163560.0000000,1732770.0000000,35.5774735,129.3050825,152.9193475
,1163550.0000000,1732770.0000000,35.5774752,129.3049722,152.8123814
,1163540.0000000,1732770.0000000,35.5774768,129.3048619,152.4004271
,1163530.0000000,1732770.0000000,35.5774785,129.3047516,152.5707587
,1163520.0000000,1732770.0000000,35.5774801,129.3046412,154.3182506
,1163510.0000000,1732770.0000000,35.5774818,129.3045309,155.8533749
,1163500.0000000,1732770.0000000,35.5774834,129.3044206,155.6990732
,1163490.0000000,1732770.0000000,35.5774851,129.3043103,154.2723863
,1163480.0000000,1732770.0000000,35.5774867,129.3042000,151.9703295
,1163470.0000000,1732770.0000000,35.5774884,129.3040897,151.5000000
,1163460.0000000,1732770.0000000,35.5774900,129.3039794,151.5000000
,1163450.0000000,1732770.0000000,35.5774917,129.3038691,151.4511817
,1163440.0000000,1732770.0000000,35.5774934,129.3037587,150.8168611
,1163430.0000000,1732770.0000000,35.5774950,129.3036484,148.5763659
,1163420.0000000,1732770.0000000,35.5774967,129.3035381,146.7798285
,1163410.0000000,1732770.0000000,35.5774983,129.3034278,146.4580337
,1163400.0000000,1732770.0000000,35.5775000,129.3033175,144.6299016
,1163390.0000000,1732770.0000000,35.5775016,129.3032072,142.0158684
,1163380.0000000,1732770.0000000,35.5775033,129.3030969,141.5000000
,1163370.0000000,1732770.0000000,35.5775049,129.3029865,141.3199063
,1163360.0000000,1732770.0000000,35.5775066,129.3028762,139.8114569
,1163350.0000000,1732770.0000000,35.5775082,129.3027659,136.5125686
,1163340.0000000,1732770.0000000,35.5775099,129.3026556,136.2362463
,1163330.0000000,1732770.0000000,35.5775115,129.3025453,131.7817281
,1163320.0000000,1732770.0000000,35.5775132,129.3024350,128.2960419
,1163310.0000000,1732770.0000000,35.5775148,129.3023247,126.1656581
,1163300.0000000,1732770.0000000,35.5775165,129.3022144,122.5830791
,1163290.0000000,1732770.0000000,35.5775181,129.3021040,121.3163042
,1163280.0000000,1732770.0000000,35.5775198,129.3019937,117.9578270
,1163270.0000000,1732770.0000000,35.5775214,129.3018834,116.4607191
,1163260.0000000,1732770.0000000,35.5775231,129.3017731,115.1198484
,1163250.0000000,1732770.0000000,35.5775247,129.3016628,112.2030458
,1163240.0000000,1732770.0000000,35.5775264,129.3015525,111.3072610
,1163230.0000000,1732770.0000000,35.5775280,129.3014422,108.2878446
,1163220.0000000,1732770.0000000,35.5775297,129.3013318,106.6224810
,1163210.0000000,1732770.0000000,35.5775313,129.3012215,105.0852550
,1163200.0000000,1732770.0000000,35.5775330,129.3011112,101.7636074
,1163190.0000000,1732770.0000000,35.5775346,129.3010009,100.7151405
,1163180.0000000,1732770.0000000,35.5775362,129.3008906,97.7079555
,1163170.0000000,1732770.0000000,35.5775379,129.3007803,96.5000000
,1163160.0000000,1732770.0000000,35.5775395,129.3006700,96.5000000
,1163150.0000000,1732770.0000000,35.5775412,129.3005597,95.7128539
,1163140.0000000,1732770.0000000,35.5775428,129.3004493,93.8166125
,1163130.0000000,1732770.0000000,35.5775445,129.3003390,92.9448184
,1163120.0000000,1732770.0000000,35.5775461,129.3002287,93.7366830
,1163110.0000000,1732770.0000000,35.5775478,129.3001184,95.7269433
,1163100.0000000,1732770.0000000,35.5775494,129.3000081,97.6650756
,1163090.0000000,1732770.0000000,35.5775511,129.2998978,97.3240245
,1163080.0000000,1732770.0000000,35.5775527,129.2997875,101.5591283
,1163070.0000000,1732770.0000000,35.5775544,129.2996771,106.5016883
,1163060.0000000,1732770.0000000,35.5775560,129.2995668,111.1754455
,1163050.0000000,1732770.0000000,35.5775577,129.2994565,113.0429393
,1163040.0000000,1732770.0000000,35.5775593,129.2993462,116.1300623
,1163030.0000000,1732770.0000000,35.5775610,129.2992359,119.2798904
,1163020.0000000,1732770.0000000,35.5775626,129.2991256,122.7517446
,1163010.0000000,1732770.0000000,35.5775643,129.2990153,126.1106310
,1163000.0000000,1732770.0000000,35.5775659,129.2989049,124.6697443
,1163000.0000000,1732780.0000000,35.5776560,129.2989070,122.0058311
,1163010.0000000,1732780.0000000,35.5776544,129.2990173,122.8891101
,1163020.0000000,1732780.0000000,35.5776527,129.2991276,121.1204802
,1163030.0000000,1732780.0000000,35.5776511,129.2992379,116.7317452
,1163040.0000000,1732780.0000000,35.5776494,129.2993482,112.9218802
,1163050.0000000,1732780.0000000,35.5776478,129.2994585,110.6491780
,1163060.0000000,1732780.0000000,35.5776461,129.2995688,107.3572837
,1163070.0000000,1732780.0000000,35.5776445,129.2996792,104.3917860
,1163080.0000000,1732780.0000000,35.5776429,129.2997895,99.9620232
,1163090.0000000,1732780.0000000,35.5776412,129.2998998,97.8917207
,1163100.0000000,1732780.0000000,35.5776396,129.3000101,97.6094373
,1163110.0000000,1732780.0000000,35.5776379,129.3001204,93.9834034
,1163120.0000000,1732780.0000000,35.5776363,129.3002307,92.0762951
,1163130.0000000,1732780.0000000,35.5776346,129.3003410,91.7437526
,1163140.0000000,1732780.0000000,35.5776330,129.3004514,93.0708337
,1163150.0000000,1732780.0000000,35.5776313,129.3005617,95.2165476
,1163160.0000000,1732780.0000000,35.5776297,129.3006720,96.5000000
,1163170.0000000,1732780.0000000,35.5776280,129.3007823,96.5460453
,1163180.0000000,1732780.0000000,35.5776264,129.3008926,97.8276731
,1163190.0000000,1732780.0000000,35.5776247,129.3010029,100.9835884
,1163200.0000000,1732780.0000000,35.5776231,129.3011132,101.8556689
,1163210.0000000,1732780.0000000,35.5776214,129.3012236,104.2393979
,1163220.0000000,1732780.0000000,35.5776198,129.3013339,106.7595746
,1163230.0000000,1732780.0000000,35.5776181,129.3014442,106.6927513
,1163240.0000000,1732780.0000000,35.5776165,129.3015545,109.9715446
,1163250.0000000,1732780.0000000,35.5776148,129.3016648,111.7244555
,1163260.0000000,1732780.0000000,35.5776132,129.3017751,112.5513405
,1163270.0000000,1732780.0000000,35.5776115,129.3018854,115.9228977
,1163280.0000000,1732780.0000000,35.5776099,129.3019957,116.8421658
,1163290.0000000,1732780.0000000,35.5776082,129.3021061,119.6493432
,1163300.0000000,1732780.0000000,35.5776066,129.3022164,121.7526921
,1163310.0000000,1732780.0000000,35.5776049,129.3023267,122.1524839
,1163320.0000000,1732780.0000000,35.5776033,129.3024370,126.4016001
,1163330.0000000,1732780.0000000,35.5776016,129.3025473,129.6467396
,1163340.0000000,1732780.0000000,35.5776000,129.3026576,132.7130119
,1163350.0000000,1732780.0000000,35.5775983,129.3027679,136.3418329
,1163360.0000000,1732780.0000000,35.5775967,129.3028783,138.1723816
,1163370.0000000,1732780.0000000,35.5775950,129.3029886,141.2484089
,1163380.0000000,1732780.0000000,35.5775934,129.3030989,141.2697266
,1163390.0000000,1732780.0000000,35.5775917,129.3032092,142.0579025
,1163400.0000000,1732780.0000000,35.5775901,129.3033195,144.8579216
,1163410.0000000,1732780.0000000,35.5775884,129.3034298,146.2933305
,1163420.0000000,1732780.0000000,35.5775868,129.3035401,147.7331148
,1163430.0000000,1732780.0000000,35.5775851,129.3036504,151.0310267
,1163440.0000000,1732780.0000000,35.5775835,129.3037608,151.5000000
,1163450.0000000,1732780.0000000,35.5775818,129.3038711,151.5000000
,1163460.0000000,1732780.0000000,35.5775802,129.3039814,151.5000000
,1163470.0000000,1732780.0000000,35.5775785,129.3040917,151.5000000
,1163480.0000000,1732780.0000000,35.5775769,129.3042020,151.5000000
,1163490.0000000,1732780.0000000,35.5775752,129.3043123,152.8771650
,1163500.0000000,1732780.0000000,35.5775736,129.3044226,152.8746703
,1163510.0000000,1732780.0000000,35.5775719,129.3045330,152.1759964
,1163520.0000000,1732780.0000000,35.5775703,129.3046433,151.6096161
,1163530.0000000,1732780.0000000,35.5775686,129.3047536,151.5915482
,1163540.0000000,1732780.0000000,35.5775670,129.3048639,151.6144120
,1163550.0000000,1732780.0000000,35.5775653,129.3049742,151.8134762
,1163560.0000000,1732780.0000000,35.5775637,129.3050845,151.7078190
,1163570.0000000,1732780.0000000,35.5775620,129.3051948,151.5816026
,1163580.0000000,1732780.0000000,35.5775603,129.3053051,151.5355517
,1163590.0000000,1732780.0000000,35.5775587,129.3054155,151.8004854
,1163600.0000000,1732780.0000000,35.5775570,129.3055258,152.1826249
,1163610.0000000,1732780.0000000,35.5775554,129.3056361,152.5192858
,1163620.0000000,1732780.0000000,35.5775537,129.3057464,151.5633855
,1163630.0000000,1732780.0000000,35.5775521,129.3058567,154.3589198
,1163640.0000000,1732780.0000000,35.5775504,129.3059670,156.2807423
,1163650.0000000,1732780.0000000,35.5775488,129.3060773,156.1897950
,1163660.0000000,1732780.0000000,35.5775471,129.3061877,156.3690115
,1163670.0000000,1732780.0000000,35.5775455,129.3062980,155.6572827
,1163680.0000000,1732780.0000000,35.5775438,129.3064083,155.2775434
,1163690.0000000,1732780.0000000,35.5775422,129.3065186,154.2171734
,1163700.0000000,1732780.0000000,35.5775405,129.3066289,152.4561780
,1163710.0000000,1732780.0000000,35.5775389,129.3067392,152.4201780
,1163720.0000000,1732780.0000000,35.5775372,129.3068495,152.2736625
,1163730.0000000,1732780.0000000,35.5775355,129.3069598,151.6434482
,1163740.0000000,1732780.0000000,35.5775339,129.3070702,152.2832500
,1163750.0000000,1732780.0000000,35.5775322,129.3071805,153.5970032
,1163760.0000000,1732780.0000000,35.5775306,129.3072908,152.5359703
,1163770.0000000,1732780.0000000,35.5775289,129.3074011,152.3028506
,1163780.0000000,1732780.0000000,35.5775273,129.3075114,152.8443248
,1163790.0000000,1732780.0000000,35.5775256,129.3076217,152.6781598
,1163800.0000000,1732780.0000000,35.5775240,129.3077320,152.7195793
,1163810.0000000,1732780.0000000,35.5775223,129.3078423,152.6199481
,1163820.0000000,1732780.0000000,35.5775207,129.3079527,152.1415677
,1163830.0000000,1732780.0000000,35.5775190,129.3080630,153.1977605
,1163840.0000000,1732780.0000000,35.5775173,129.3081733,156.1756354
,1163850.0000000,1732780.0000000,35.5775157,129.3082836,156.6029000
,1163860.0000000,1732780.0000000,35.5775140,129.3083939,155.8380547
,1163870.0000000,1732780.0000000,35.5775124,129.3085042,154.8887679
,1163880.0000000,1732780.0000000,35.5775107,129.3086145,154.4498102
,1163890.0000000,1732780.0000000,35.5775091,129.3087249,153.8478191
,1163900.0000000,1732780.0000000,35.5775074,129.3088352,153.5018409
,1163910.0000000,1732780.0000000,35.5775058,129.3089455,151.9703549
,1163920.0000000,1732780.0000000,35.5775041,129.3090558,154.4969367
,1163930.0000000,1732780.0000000,35.5775024,129.3091661,157.2160680
,1163940.0000000,1732780.0000000,35.5775008,129.3092764,160.0111728
,1163950.0000000,1732780.0000000,35.5774991,129.3093867,165.2074382
,1163960.0000000,1732780.0000000,35.5774975,129.3094970,166.2643079
,1163970.0000000,1732780.0000000,35.5774958,129.3096074,169.8051300
,1163980.0000000,1732780.0000000,35.5774942,129.3097177,171.1953870
,1163990.0000000,1732780.0000000,35.5774925,129.3098280,171.1598581
,1164000.0000000,1732780.0000000,35.5774908,129.3099383,171.0001326
,1164000.0000000,1732790.0000000,35.5775810,129.3099403,171.0018643
,1163990.0000000,1732790.0000000,35.5775826,129.3098300,170.8516996
,1163980.0000000,1732790.0000000,35.5775843,129.3097197,170.5091397
,1163970.0000000,1732790.0000000,35.5775859,129.3096094,169.3949198
,1163960.0000000,1732790.0000000,35.5775876,129.3094991,166.4632410
,1163950.0000000,1732790.0000000,35.5775892,129.3093888,162.8613308
,1163940.0000000,1732790.0000000,35.5775909,129.3092784,161.1129337
,1163930.0000000,1732790.0000000,35.5775926,129.3091681,157.5040658
,1163920.0000000,1732790.0000000,35.5775942,129.3090578,154.5709170
,1163910.0000000,1732790.0000000,35.5775959,129.3089475,152.3250873
,1163900.0000000,1732790.0000000,35.5775975,129.3088372,152.7140525
,1163890.0000000,1732790.0000000,35.5775992,129.3087269,153.1561694
,1163880.0000000,1732790.0000000,35.5776008,129.3086166,153.1563159
,1163870.0000000,1732790.0000000,35.5776025,129.3085063,153.2451895
,1163860.0000000,1732790.0000000,35.5776042,129.3083959,154.0586562
,1163850.0000000,1732790.0000000,35.5776058,129.3082856,154.2716141
,1163840.0000000,1732790.0000000,35.5776075,129.3081753,154.1798726
,1163830.0000000,1732790.0000000,35.5776091,129.3080650,152.5509943
,1163820.0000000,1732790.0000000,35.5776108,129.3079547,152.0234672
,1163810.0000000,1732790.0000000,35.5776124,129.3078444,152.5271472
,1163800.0000000,1732790.0000000,35.5776141,129.3077341,152.6155538
,1163790.0000000,1732790.0000000,35.5776157,129.3076237,152.7252289
,1163780.0000000,1732790.0000000,35.5776174,129.3075134,152.7060737
,1163770.0000000,1732790.0000000,35.5776190,129.3074031,152.3404084
,1163760.0000000,1732790.0000000,35.5776207,129.3072928,151.5680036
,1163750.0000000,1732790.0000000,35.5776224,129.3071825,152.0372894
,1163740.0000000,1732790.0000000,35.5776240,129.3070722,151.8019538
,1163730.0000000,1732790.0000000,35.5776257,129.3069619,151.6566562
,1163720.0000000,1732790.0000000,35.5776273,129.3068516,151.8118572
,1163710.0000000,1732790.0000000,35.5776290,129.3067412,151.5677791
,1163700.0000000,1732790.0000000,35.5776306,129.3066309,151.5992446
,1163690.0000000,1732790.0000000,35.5776323,129.3065206,153.4602408
,1163680.0000000,1732790.0000000,35.5776339,129.3064103,154.1300593
,1163670.0000000,1732790.0000000,35.5776356,129.3063000,154.3625476
,1163660.0000000,1732790.0000000,35.5776372,129.3061897,155.0673976
,1163650.0000000,1732790.0000000,35.5776389,129.3060794,154.7950811
,1163640.0000000,1732790.0000000,35.5776405,129.3059690,153.4732140
,1163630.0000000,1732790.0000000,35.5776422,129.3058587,152.5671422
,1163620.0000000,1732790.0000000,35.5776439,129.3057484,152.7226313
,1163610.0000000,1732790.0000000,35.5776455,129.3056381,151.5079044
,1163600.0000000,1732790.0000000,35.5776472,129.3055278,150.3616634
,1163590.0000000,1732790.0000000,35.5776488,129.3054175,149.8759518
,1163580.0000000,1732790.0000000,35.5776505,129.3053072,150.2315403
,1163570.0000000,1732790.0000000,35.5776521,129.3051969,150.6587597
,1163560.0000000,1732790.0000000,35.5776538,129.3050865,150.8442242
,1163550.0000000,1732790.0000000,35.5776554,129.3049762,151.2161950
,1163540.0000000,1732790.0000000,35.5776571,129.3048659,151.6031191
,1163530.0000000,1732790.0000000,35.5776587,129.3047556,151.5000000
,1163520.0000000,1732790.0000000,35.5776604,129.3046453,151.5000000
,1163510.0000000,1732790.0000000,35.5776620,129.3045350,151.5000000
,1163500.0000000,1732790.0000000,35.5776637,129.3044247,151.5165623
,1163490.0000000,1732790.0000000,35.5776653,129.3043143,151.6154085
,1163480.0000000,1732790.0000000,35.5776670,129.3042040,151.5000000
,1163470.0000000,1732790.0000000,35.5776686,129.3040937,151.5000000
,1163460.0000000,1732790.0000000,35.5776703,129.3039834,151.5000000
,1163450.0000000,1732790.0000000,35.5776719,129.3038731,151.5000000
,1163440.0000000,1732790.0000000,35.5776736,129.3037628,151.5000000
,1163430.0000000,1732790.0000000,35.5776752,129.3036525,151.2469617
,1163420.0000000,1732790.0000000,35.5776769,129.3035422,148.5913593
,1163410.0000000,1732790.0000000,35.5776785,129.3034318,146.4977202
,1163400.0000000,1732790.0000000,35.5776802,129.3033215,142.7309460
,1163390.0000000,1732790.0000000,35.5776818,129.3032112,141.3524576
,1163380.0000000,1732790.0000000,35.5776835,129.3031009,139.5066621
,1163370.0000000,1732790.0000000,35.5776851,129.3029906,137.2499346
,1163360.0000000,1732790.0000000,35.5776868,129.3028803,136.5321253
,1163350.0000000,1732790.0000000,35.5776884,129.3027700,134.9097047
,1163340.0000000,1732790.0000000,35.5776901,129.3026596,131.4415164
,1163330.0000000,1732790.0000000,35.5776918,129.3025493,126.8087505
,1163320.0000000,1732790.0000000,35.5776934,129.3024390,123.5948425
,1163310.0000000,1732790.0000000,35.5776951,129.3023287,122.3520221
,1163300.0000000,1732790.0000000,35.5776967,129.3022184,121.2338448
,1163290.0000000,1732790.0000000,35.5776984,129.3021081,118.2914973
,1163280.0000000,1732790.0000000,35.5777000,129.3019978,116.4732921
,1163270.0000000,1732790.0000000,35.5777016,129.3018875,115.2661190
,1163260.0000000,1732790.0000000,35.5777033,129.3017771,111.5863090
,1163250.0000000,1732790.0000000,35.5777049,129.3016668,110.9544439
,1163240.0000000,1732790.0000000,35.5777066,129.3015565,108.9608073
,1163230.0000000,1732790.0000000,35.5777082,129.3014462,107.0300151
,1163220.0000000,1732790.0000000,35.5777099,129.3013359,106.0972886
,1163210.0000000,1732790.0000000,35.5777115,129.3012256,104.1467601
,1163200.0000000,1732790.0000000,35.5777132,129.3011153,101.1821658
,1163190.0000000,1732790.0000000,35.5777148,129.3010049,101.3439167
,1163180.0000000,1732790.0000000,35.5777165,129.3008946,97.2778297
,1163170.0000000,1732790.0000000,35.5777181,129.3007843,96.5078009
,1163160.0000000,1732790.0000000,35.5777198,129.3006740,96.4220492
,1163150.0000000,1732790.0000000,35.5777214,129.3005637,94.8918821
,1163140.0000000,1732790.0000000,35.5777231,129.3004534,92.4931061
,1163130.0000000,1732790.0000000,35.5777247,129.3003431,91.6111900
,1163120.0000000,1732790.0000000,35.5777264,129.3002327,91.7806196
,1163110.0000000,1732790.0000000,35.5777280,129.3001224,93.6078151
,1163100.0000000,1732790.0000000,35.5777297,129.3000121,96.9055287
,1163090.0000000,1732790.0000000,35.5777313,129.2999018,98.4855045
,1163080.0000000,1732790.0000000,35.5777330,129.2997915,99.5313890
,1163070.0000000,1732790.0000000,35.5777346,129.2996812,102.6744374
,1163060.0000000,1732790.0000000,35.5777363,129.2995709,106.3305549
,1163050.0000000,1732790.0000000,35.5777379,129.2994605,108.1812684
,1163040.0000000,1732790.0000000,35.5777396,129.2993502,111.6421325
,1163030.0000000,1732790.0000000,35.5777412,129.2992399,116.4309872
,1163020.0000000,1732790.0000000,35.5777429,129.2991296,121.0399234
,1163010.0000000,1732790.0000000,35.5777445,129.2990193,120.9306104
,1163000.0000000,1732790.0000000,35.5777461,129.2989090,121.2568208
,1163000.0000000,1732800.0000000,35.5778363,129.2989110,118.0376041
,1163010.0000000,1732800.0000000,35.5778346,129.2990213,120.3904042
,1163020.0000000,1732800.0000000,35.5778330,129.2991316,118.7488288
,1163030.0000000,1732800.0000000,35.5778313,129.2992419,115.2491704
,1163040.0000000,1732800.0000000,35.5778297,129.2993523,108.3338247
,1163050.0000000,1732800.0000000,35.5778280,129.2994626,106.3791087
,1163060.0000000,1732800.0000000,35.5778264,129.2995729,104.3776581
,1163070.0000000,1732800.0000000,35.5778247,129.2996832,101.4815998
,1163080.0000000,1732800.0000000,35.5778231,129.2997935,97.6692827
,1163090.0000000,1732800.0000000,35.5778214,129.2999038,98.9484902
,1163100.0000000,1732800.0000000,35.5778198,129.3000141,97.1311745
,1163110.0000000,1732800.0000000,35.5778181,129.3001244,93.7776803
,1163120.0000000,1732800.0000000,35.5778165,129.3002348,91.7966604
,1163130.0000000,1732800.0000000,35.5778149,129.3003451,91.5765304
,1163140.0000000,1732800.0000000,35.5778132,129.3004554,91.9735504
,1163150.0000000,1732800.0000000,35.5778116,129.3005657,94.5893661
,1163160.0000000,1732800.0000000,35.5778099,129.3006760,96.3459481
,1163170.0000000,1732800.0000000,35.5778083,129.3007863,96.5160721
,1163180.0000000,1732800.0000000,35.5778066,129.3008966,96.8692777
,1163190.0000000,1732800.0000000,35.5778050,129.3010070,98.9619403
,1163200.0000000,1732800.0000000,35.5778033,129.3011173,100.0842732
,1163210.0000000,1732800.0000000,35.5778017,129.3012276,104.5646124
,1163220.0000000,1732800.0000000,35.5778000,129.3013379,106.3241994
,1163230.0000000,1732800.0000000,35.5777984,129.3014482,106.5117356
,1163240.0000000,1732800.0000000,35.5777967,129.3015585,107.6515250
,1163250.0000000,1732800.0000000,35.5777951,129.3016688,110.2140804
,1163260.0000000,1732800.0000000,35.5777934,129.3017792,112.6560408
,1163270.0000000,1732800.0000000,35.5777918,129.3018895,114.7872778
,1163280.0000000,1732800.0000000,35.5777901,129.3019998,116.4522844
,1163290.0000000,1732800.0000000,35.5777885,129.3021101,117.5999878
,1163300.0000000,1732800.0000000,35.5777868,129.3022204,120.5602169
,1163310.0000000,1732800.0000000,35.5777852,129.3023307,122.2822322
,1163320.0000000,1732800.0000000,35.5777835,129.3024410,122.4834912
,1163330.0000000,1732800.0000000,35.5777819,129.3025514,126.0718292
,1163340.0000000,1732800.0000000,35.5777802,129.3026617,128.8180898
,1163350.0000000,1732800.0000000,35.5777786,129.3027720,132.5822164
,1163360.0000000,1732800.0000000,35.5777769,129.3028823,135.1289152
,1163370.0000000,1732800.0000000,35.5777753,129.3029926,136.5268437
,1163380.0000000,1732800.0000000,35.5777736,129.3031029,136.7244074
,1163390.0000000,1732800.0000000,35.5777720,129.3032132,139.9681510
,1163400.0000000,1732800.0000000,35.5777703,129.3033235,141.6766057
,1163410.0000000,1732800.0000000,35.5777687,129.3034339,145.1378147
,1163420.0000000,1732800.0000000,35.5777670,129.3035442,147.7841797
,1163430.0000000,1732800.0000000,35.5777654,129.3036545,151.2884695
,1163440.0000000,1732800.0000000,35.5777637,129.3037648,151.5000000
,1163450.0000000,1732800.0000000,35.5777621,129.3038751,151.5000000
,1163460.0000000,1732800.0000000,35.5777604,129.3039854,151.5000000
,1163470.0000000,1732800.0000000,35.5777588,129.3040957,151.5000000
,1163480.0000000,1732800.0000000,35.5777571,129.3042061,151.5000000
,1163490.0000000,1732800.0000000,35.5777555,129.3043164,151.5000000
,1163500.0000000,1732800.0000000,35.5777538,129.3044267,151.5000000
,1163510.0000000,1732800.0000000,35.5777522,129.3045370,151.5000000
,1163520.0000000,1732800.0000000,35.5777505,129.3046473,151.5000000
,1163530.0000000,1732800.0000000,35.5777488,129.3047576,151.5000000
,1163540.0000000,1732800.0000000,35.5777472,129.3048679,150.7936693
,1163550.0000000,1732800.0000000,35.5777455,129.3049783,149.7937393
,1163560.0000000,1732800.0000000,35.5777439,129.3050886,148.9284998
,1163570.0000000,1732800.0000000,35.5777422,129.3051989,148.4534564
,1163580.0000000,1732800.0000000,35.5777406,129.3053092,148.1957050
,1163590.0000000,1732800.0000000,35.5777389,129.3054195,147.9504014
,1163600.0000000,1732800.0000000,35.5777373,129.3055298,147.9370321
,1163610.0000000,1732800.0000000,35.5777356,129.3056401,148.4490740
,1163620.0000000,1732800.0000000,35.5777340,129.3057504,150.4553263
,1163630.0000000,1732800.0000000,35.5777323,129.3058608,152.5247809
,1163640.0000000,1732800.0000000,35.5777307,129.3059711,151.8144920
,1163650.0000000,1732800.0000000,35.5777290,129.3060814,152.2569596
,1163660.0000000,1732800.0000000,35.5777274,129.3061917,152.4042085
,1163670.0000000,1732800.0000000,35.5777257,129.3063020,152.3803493
,1163680.0000000,1732800.0000000,35.5777241,129.3064123,152.9662462
,1163690.0000000,1732800.0000000,35.5777224,129.3065226,152.6346242
,1163700.0000000,1732800.0000000,35.5777207,129.3066330,151.5000000
,1163710.0000000,1732800.0000000,35.5777191,129.3067433,151.5000000
,1163720.0000000,1732800.0000000,35.5777174,129.3068536,151.5000000
,1163730.0000000,1732800.0000000,35.5777158,129.3069639,151.5000000
,1163740.0000000,1732800.0000000,35.5777141,129.3070742,151.5000000
,1163750.0000000,1732800.0000000,35.5777125,129.3071845,151.5000000
,1163760.0000000,1732800.0000000,35.5777108,129.3072948,151.5000000
,1163770.0000000,1732800.0000000,35.5777092,129.3074051,151.6173683
,1163780.0000000,1732800.0000000,35.5777075,129.3075155,152.1755411
,1163790.0000000,1732800.0000000,35.5777059,129.3076258,152.2326964
,1163800.0000000,1732800.0000000,35.5777042,129.3077361,152.2115133
,1163810.0000000,1732800.0000000,35.5777025,129.3078464,152.1340672
,1163820.0000000,1732800.0000000,35.5777009,129.3079567,152.0245546
,1163830.0000000,1732800.0000000,35.5776992,129.3080670,151.7842546
,1163840.0000000,1732800.0000000,35.5776976,129.3081773,152.6617096
,1163850.0000000,1732800.0000000,35.5776959,129.3082877,152.7988204
,1163860.0000000,1732800.0000000,35.5776943,129.3083980,153.2606587
,1163870.0000000,1732800.0000000,35.5776926,129.3085083,153.1223391
,1163880.0000000,1732800.0000000,35.5776910,129.3086186,152.9598889
,1163890.0000000,1732800.0000000,35.5776893,129.3087289,153.1934093
,1163900.0000000,1732800.0000000,35.5776877,129.3088392,152.7168111
,1163910.0000000,1732800.0000000,35.5776860,129.3089495,153.0774662
,1163920.0000000,1732800.0000000,35.5776843,129.3090598,155.8478492
,1163930.0000000,1732800.0000000,35.5776827,129.3091702,160.3874249
,1163940.0000000,1732800.0000000,35.5776810,129.3092805,160.6015336
,1163950.0000000,1732800.0000000,35.5776794,129.3093908,163.5872269
,1163960.0000000,1732800.0000000,35.5776777,129.3095011,166.2464924
,1163970.0000000,1732800.0000000,35.5776761,129.3096114,166.8956576
,1163980.0000000,1732800.0000000,35.5776744,129.3097217,168.9521240
,1163990.0000000,1732800.0000000,35.5776727,129.3098320,170.7124071
,1164000.0000000,1732800.0000000,35.5776711,129.3099424,171.3476166
,1164000.0000000,1732810.0000000,35.5777612,129.3099444,171.5000000
,1163990.0000000,1732810.0000000,35.5777629,129.3098341,171.0641611
,1163980.0000000,1732810.0000000,35.5777645,129.3097238,169.6058705
,1163970.0000000,1732810.0000000,35.5777662,129.3096134,167.4276813
,1163960.0000000,1732810.0000000,35.5777678,129.3095031,166.5995236
,1163950.0000000,1732810.0000000,35.5777695,129.3093928,165.3172865
,1163940.0000000,1732810.0000000,35.5777711,129.3092825,161.7372612
,1163930.0000000,1732810.0000000,35.5777728,129.3091722,158.1467350
,1163920.0000000,1732810.0000000,35.5777745,129.3090619,156.5266309
,1163910.0000000,1732810.0000000,35.5777761,129.3089516,155.7664918
,1163900.0000000,1732810.0000000,35.5777778,129.3088412,153.3495259
,1163890.0000000,1732810.0000000,35.5777794,129.3087309,153.8623596
,1163880.0000000,1732810.0000000,35.5777811,129.3086206,153.9667853
,1163870.0000000,1732810.0000000,35.5777827,129.3085103,154.0724532
,1163860.0000000,1732810.0000000,35.5777844,129.3084000,153.8786037
,1163850.0000000,1732810.0000000,35.5777860,129.3082897,153.6296828
,1163840.0000000,1732810.0000000,35.5777877,129.3081794,153.4265857
,1163830.0000000,1732810.0000000,35.5777894,129.3080691,152.5433453
,1163820.0000000,1732810.0000000,35.5777910,129.3079587,151.5000000
,1163810.0000000,1732810.0000000,35.5777927,129.3078484,151.9561592
,1163800.0000000,1732810.0000000,35.5777943,129.3077381,151.9083509
,1163790.0000000,1732810.0000000,35.5777960,129.3076278,151.7586286
,1163780.0000000,1732810.0000000,35.5777976,129.3075175,151.5000000
,1163770.0000000,1732810.0000000,35.5777993,129.3074072,151.5000000
,1163760.0000000,1732810.0000000,35.5778009,129.3072969,151.5000000
,1163750.0000000,1732810.0000000,35.5778026,129.3071865,151.5000000
,1163740.0000000,1732810.0000000,35.5778043,129.3070762,151.5000000
,1163730.0000000,1732810.0000000,35.5778059,129.3069659,151.5000000
,1163720.0000000,1732810.0000000,35.5778076,129.3068556,151.5000000
,1163710.0000000,1732810.0000000,35.5778092,129.3067453,151.5000000
,1163700.0000000,1732810.0000000,35.5778109,129.3066350,151.5000000
,1163690.0000000,1732810.0000000,35.5778125,129.3065247,151.8518269
,1163680.0000000,1732810.0000000,35.5778142,129.3064144,152.3024507
,1163670.0000000,1732810.0000000,35.5778158,129.3063040,152.0346750
,1163660.0000000,1732810.0000000,35.5778175,129.3061937,151.8955184
,1163650.0000000,1732810.0000000,35.5778191,129.3060834,151.7989710
,1163640.0000000,1732810.0000000,35.5778208,129.3059731,151.5526951
,1163630.0000000,1732810.0000000,35.5778224,129.3058628,150.7605390
,1163620.0000000,1732810.0000000,35.5778241,129.3057525,148.6423159
,1163610.0000000,1732810.0000000,35.5778257,129.3056422,147.1886132
,1163600.0000000,1732810.0000000,35.5778274,129.3055318,146.7133985
,1163590.0000000,1732810.0000000,35.5778291,129.3054215,146.6887284
,1163580.0000000,1732810.0000000,35.5778307,129.3053112,146.8154571
,1163570.0000000,1732810.0000000,35.5778324,129.3052009,146.9334989
,1163560.0000000,1732810.0000000,35.5778340,129.3050906,147.1097298
,1163550.0000000,1732810.0000000,35.5778357,129.3049803,147.9082957
,1163540.0000000,1732810.0000000,35.5778373,129.3048700,149.0597797
,1163530.0000000,1732810.0000000,35.5778390,129.3047596,150.7603406
,1163520.0000000,1732810.0000000,35.5778406,129.3046493,151.5000000
,1163510.0000000,1732810.0000000,35.5778423,129.3045390,151.5000000
,1163500.0000000,1732810.0000000,35.5778439,129.3044287,151.5000000
,1163490.0000000,1732810.0000000,35.5778456,129.3043184,151.5000000
,1163480.0000000,1732810.0000000,35.5778472,129.3042081,151.5000000
,1163470.0000000,1732810.0000000,35.5778489,129.3040978,151.5000000
,1163460.0000000,1732810.0000000,35.5778505,129.3039875,151.5000000
,1163450.0000000,1732810.0000000,35.5778522,129.3038771,151.5000000
,1163440.0000000,1732810.0000000,35.5778538,129.3037668,151.5000000
,1163430.0000000,1732810.0000000,35.5778555,129.3036565,150.4972260
,1163420.0000000,1732810.0000000,35.5778571,129.3035462,146.9902418
,1163410.0000000,1732810.0000000,35.5778588,129.3034359,145.4293020
,1163400.0000000,1732810.0000000,35.5778604,129.3033256,141.5610094
,1163390.0000000,1732810.0000000,35.5778621,129.3032153,138.6764116
,1163380.0000000,1732810.0000000,35.5778637,129.3031049,136.6638732
,1163370.0000000,1732810.0000000,35.5778654,129.3029946,134.9814132
,1163360.0000000,1732810.0000000,35.5778670,129.3028843,132.2548900
,1163350.0000000,1732810.0000000,35.5778687,129.3027740,130.6223818
,1163340.0000000,1732810.0000000,35.5778703,129.3026637,127.2870812
,1163330.0000000,1732810.0000000,35.5778720,129.3025534,126.4435605
,1163320.0000000,1732810.0000000,35.5778736,129.3024431,123.5639825
,1163310.0000000,1732810.0000000,35.5778753,129.3023327,122.2063732
,1163300.0000000,1732810.0000000,35.5778769,129.3022224,120.1123356
,1163290.0000000,1732810.0000000,35.5778786,129.3021121,117.1010268
,1163280.0000000,1732810.0000000,35.5778802,129.3020018,116.3665411
,1163270.0000000,1732810.0000000,35.5778819,129.3018915,114.1124527
,1163260.0000000,1732810.0000000,35.5778835,129.3017812,111.5899951
,1163250.0000000,1732810.0000000,35.5778852,129.3016709,109.8751430
,1163240.0000000,1732810.0000000,35.5778868,129.3015605,107.2493346
,1163230.0000000,1732810.0000000,35.5778885,129.3014502,106.5310420
,1163220.0000000,1732810.0000000,35.5778901,129.3013399,106.3001894
,1163210.0000000,1732810.0000000,35.5778918,129.3012296,104.7527747
,1163200.0000000,1732810.0000000,35.5778934,129.3011193,100.3499463
,1163190.0000000,1732810.0000000,35.5778951,129.3010090,98.9250062
,1163180.0000000,1732810.0000000,35.5778967,129.3008987,96.9257603
,1163170.0000000,1732810.0000000,35.5778984,129.3007884,96.5388717
,1163160.0000000,1732810.0000000,35.5779000,129.3006780,95.7781902
,1163150.0000000,1732810.0000000,35.5779017,129.3005677,93.2551948
,1163140.0000000,1732810.0000000,35.5779033,129.3004574,91.6346350
,1163130.0000000,1732810.0000000,35.5779050,129.3003471,91.5000000
,1163120.0000000,1732810.0000000,35.5779066,129.3002368,91.5000000
,1163110.0000000,1732810.0000000,35.5779083,129.3001265,92.2839371
,1163100.0000000,1732810.0000000,35.5779099,129.3000162,96.1564024
,1163090.0000000,1732810.0000000,35.5779116,129.2999058,97.2596344
,1163080.0000000,1732810.0000000,35.5779132,129.2997955,98.2412755
,1163070.0000000,1732810.0000000,35.5779149,129.2996852,100.5091291
,1163060.0000000,1732810.0000000,35.5779165,129.2995749,101.5554062
,1163050.0000000,1732810.0000000,35.5779182,129.2994646,104.4125202
,1163040.0000000,1732810.0000000,35.5779198,129.2993543,107.0165590
,1163030.0000000,1732810.0000000,35.5779215,129.2992440,113.7439892
,1163020.0000000,1732810.0000000,35.5779231,129.2991336,116.4878477
,1163010.0000000,1732810.0000000,35.5779247,129.2990233,116.9266074
,1163000.0000000,1732810.0000000,35.5779264,129.2989130,116.4677680
,1163000.0000000,1732820.0000000,35.5780165,129.2989150,113.7428514
,1163010.0000000,1732820.0000000,35.5780149,129.2990253,115.1022829
,1163020.0000000,1732820.0000000,35.5780132,129.2991357,113.4124114
,1163030.0000000,1732820.0000000,35.5780116,129.2992460,111.3876298
,1163040.0000000,1732820.0000000,35.5780099,129.2993563,106.4549015
,1163050.0000000,1732820.0000000,35.5780083,129.2994666,101.7470147
,1163060.0000000,1732820.0000000,35.5780066,129.2995769,99.3525837
,1163070.0000000,1732820.0000000,35.5780050,129.2996872,96.8088246
,1163080.0000000,1732820.0000000,35.5780033,129.2997975,95.7381029
,1163090.0000000,1732820.0000000,35.5780017,129.2999079,94.4590893
,1163100.0000000,1732820.0000000,35.5780000,129.3000182,94.0978877
,1163110.0000000,1732820.0000000,35.5779984,129.3001285,91.5000000
,1163120.0000000,1732820.0000000,35.5779967,129.3002388,91.5000000
,1163130.0000000,1732820.0000000,35.5779951,129.3003491,91.5000000
,1163140.0000000,1732820.0000000,35.5779934,129.3004594,91.5000000
,1163150.0000000,1732820.0000000,35.5779918,129.3005697,92.2606579
,1163160.0000000,1732820.0000000,35.5779902,129.3006801,94.9614808
,1163170.0000000,1732820.0000000,35.5779885,129.3007904,96.8085987
,1163180.0000000,1732820.0000000,35.5779869,129.3009007,96.6250455
,1163190.0000000,1732820.0000000,35.5779852,129.3010110,101.2776691
,1163200.0000000,1732820.0000000,35.5779836,129.3011213,100.7231511
,1163210.0000000,1732820.0000000,35.5779819,129.3012316,104.4293163
,1163220.0000000,1732820.0000000,35.5779803,129.3013419,106.1754693
,1163230.0000000,1732820.0000000,35.5779786,129.3014523,106.5007185
,1163240.0000000,1732820.0000000,35.5779770,129.3015626,107.0606395
,1163250.0000000,1732820.0000000,35.5779753,129.3016729,110.0253185
,1163260.0000000,1732820.0000000,35.5779737,129.3017832,111.6170772
,1163270.0000000,1732820.0000000,35.5779720,129.3018935,113.5493996
,1163280.0000000,1732820.0000000,35.5779704,129.3020038,116.3327688
,1163290.0000000,1732820.0000000,35.5779687,129.3021141,116.7561991
,1163300.0000000,1732820.0000000,35.5779671,129.3022245,119.6628615
,1163310.0000000,1732820.0000000,35.5779654,129.3023348,122.0069506
,1163320.0000000,1732820.0000000,35.5779638,129.3024451,123.0172414
,1163330.0000000,1732820.0000000,35.5779621,129.3025554,125.8611703
,1163340.0000000,1732820.0000000,35.5779605,129.3026657,126.9406459
,1163350.0000000,1732820.0000000,35.5779588,129.3027760,129.6499853
,1163360.0000000,1732820.0000000,35.5779572,129.3028863,131.5152095
,1163370.0000000,1732820.0000000,35.5779555,129.3029966,133.4992235
,1163380.0000000,1732820.0000000,35.5779539,129.3031070,136.3793509
,1163390.0000000,1732820.0000000,35.5779522,129.3032173,137.3036817
,1163400.0000000,1732820.0000000,35.5779506,129.3033276,141.5530434
,1163410.0000000,1732820.0000000,35.5779489,129.3034379,144.2720542
,1163420.0000000,1732820.0000000,35.5779473,129.3035482,146.4000856
,1163430.0000000,1732820.0000000,35.5779456,129.3036585,150.2499790
,1163440.0000000,1732820.0000000,35.5779440,129.3037688,151.5000000
,1163450.0000000,1732820.0000000,35.5779423,129.3038792,151.5000000
,1163460.0000000,1732820.0000000,35.5779407,129.3039895,151.5000000
,1163470.0000000,1732820.0000000,35.5779390,129.3040998,151.5000000
,1163480.0000000,1732820.0000000,35.5779374,129.3042101,151.5000000
,1163490.0000000,1732820.0000000,35.5779357,129.3043204,151.5000000
,1163500.0000000,1732820.0000000,35.5779340,129.3044307,151.5000000
,1163510.0000000,1732820.0000000,35.5779324,129.3045410,151.5000000
,1163520.0000000,1732820.0000000,35.5779307,129.3046514,151.5000000
,1163530.0000000,1732820.0000000,35.5779291,129.3047617,149.9318021
,1163540.0000000,1732820.0000000,35.5779274,129.3048720,147.8394399
,1163550.0000000,1732820.0000000,35.5779258,129.3049823,146.7379598
,1163560.0000000,1732820.0000000,35.5779241,129.3050926,146.5197116
,1163570.0000000,1732820.0000000,35.5779225,129.3052029,146.5062810
,1163580.0000000,1732820.0000000,35.5779208,129.3053132,146.5000000
,1163590.0000000,1732820.0000000,35.5779192,129.3054236,146.5000000
,1163600.0000000,1732820.0000000,35.5779175,129.3055339,146.5086226
,1163610.0000000,1732820.0000000,35.5779159,129.3056442,146.7294696
,1163620.0000000,1732820.0000000,35.5779142,129.3057545,148.0785343
,1163630.0000000,1732820.0000000,35.5779126,129.3058648,150.5593291
,1163640.0000000,1732820.0000000,35.5779109,129.3059751,151.4402498
,1163650.0000000,1732820.0000000,35.5779093,129.3060854,151.5000000
,1163660.0000000,1732820.0000000,35.5779076,129.3061957,151.5207643
,1163670.0000000,1732820.0000000,35.5779060,129.3063061,151.5000000
,1163680.0000000,1732820.0000000,35.5779043,129.3064164,151.5000000
,1163690.0000000,1732820.0000000,35.5779026,129.3065267,151.5000000
,1163700.0000000,1732820.0000000,35.5779010,129.3066370,151.4256385
,1163710.0000000,1732820.0000000,35.5778993,129.3067473,151.5000000
,1163720.0000000,1732820.0000000,35.5778977,129.3068576,151.5000000
,1163730.0000000,1732820.0000000,35.5778960,129.3069679,151.5000000
,1163740.0000000,1732820.0000000,35.5778944,129.3070783,151.5000000
,1163750.0000000,1732820.0000000,35.5778927,129.3071886,151.5000000
,1163760.0000000,1732820.0000000,35.5778911,129.3072989,151.5000000
,1163770.0000000,1732820.0000000,35.5778894,129.3074092,151.5000000
,1163780.0000000,1732820.0000000,35.5778878,129.3075195,151.5000000
,1163790.0000000,1732820.0000000,35.5778861,129.3076298,151.5000000
,1163800.0000000,1732820.0000000,35.5778844,129.3077401,151.5000000
,1163810.0000000,1732820.0000000,35.5778828,129.3078505,151.5000000
,1163820.0000000,1732820.0000000,35.5778811,129.3079608,151.5000000
,1163830.0000000,1732820.0000000,35.5778795,129.3080711,152.9295504
,1163840.0000000,1732820.0000000,35.5778778,129.3081814,153.0606740
,1163850.0000000,1732820.0000000,35.5778762,129.3082917,153.5686109
,1163860.0000000,1732820.0000000,35.5778745,129.3084020,153.5988722
,1163870.0000000,1732820.0000000,35.5778729,129.3085123,153.7121731
,1163880.0000000,1732820.0000000,35.5778712,129.3086226,153.7671970
,1163890.0000000,1732820.0000000,35.5778695,129.3087330,153.1399921
,1163900.0000000,1732820.0000000,35.5778679,129.3088433,155.1939235
,1163910.0000000,1732820.0000000,35.5778662,129.3089536,157.3604095
,1163920.0000000,1732820.0000000,35.5778646,129.3090639,158.8309351
,1163930.0000000,1732820.0000000,35.5778629,129.3091742,160.8900289
,1163940.0000000,1732820.0000000,35.5778613,129.3092845,164.2443239
,1163950.0000000,1732820.0000000,35.5778596,129.3093948,166.2452494
,1163960.0000000,1732820.0000000,35.5778580,129.3095052,166.7501033
,1163970.0000000,1732820.0000000,35.5778563,129.3096155,168.9011038
,1163980.0000000,1732820.0000000,35.5778546,129.3097258,171.1875163
,1163990.0000000,1732820.0000000,35.5778530,129.3098361,171.3991911
,1164000.0000000,1732820.0000000,35.5778513,129.3099464,171.5000000
,1164000.0000000,1732830.0000000,35.5779414,129.3099484,171.3537441
,1163990.0000000,1732830.0000000,35.5779431,129.3098381,171.4473850
,1163980.0000000,1732830.0000000,35.5779448,129.3097278,171.2435217
,1163970.0000000,1732830.0000000,35.5779464,129.3096175,169.2271740
,1163960.0000000,1732830.0000000,35.5779481,129.3095072,166.7937741
,1163950.0000000,1732830.0000000,35.5779497,129.3093969,166.3739673
,1163940.0000000,1732830.0000000,35.5779514,129.3092866,165.3473207
,1163930.0000000,1732830.0000000,35.5779530,129.3091762,162.2264101
,1163920.0000000,1732830.0000000,35.5779547,129.3090659,160.5964583
,1163910.0000000,1732830.0000000,35.5779564,129.3089556,160.6105018
,1163900.0000000,1732830.0000000,35.5779580,129.3088453,156.4324520
,1163890.0000000,1732830.0000000,35.5779597,129.3087350,152.9362793
,1163880.0000000,1732830.0000000,35.5779613,129.3086247,153.0554183
,1163870.0000000,1732830.0000000,35.5779630,129.3085144,153.4243172
,1163860.0000000,1732830.0000000,35.5779646,129.3084040,153.4315442
,1163850.0000000,1732830.0000000,35.5779663,129.3082937,153.2371587
,1163840.0000000,1732830.0000000,35.5779679,129.3081834,153.1368187
,1163830.0000000,1732830.0000000,35.5779696,129.3080731,152.7670386
,1163820.0000000,1732830.0000000,35.5779713,129.3079628,151.6396697
,1163810.0000000,1732830.0000000,35.5779729,129.3078525,151.5000000
,1163800.0000000,1732830.0000000,35.5779746,129.3077422,151.5000000
,1163790.0000000,1732830.0000000,35.5779762,129.3076319,151.5000000
,1163780.0000000,1732830.0000000,35.5779779,129.3075215,151.5000000
,1163770.0000000,1732830.0000000,35.5779795,129.3074112,151.5000000
,1163760.0000000,1732830.0000000,35.5779812,129.3073009,151.5000000
,1163750.0000000,1732830.0000000,35.5779828,129.3071906,151.5000000
,1163740.0000000,1732830.0000000,35.5779845,129.3070803,151.5000000
,1163730.0000000,1732830.0000000,35.5779861,129.3069700,151.5000000
,1163720.0000000,1732830.0000000,35.5779878,129.3068597,151.5000000
,1163710.0000000,1732830.0000000,35.5779895,129.3067493,151.4434405
,1163700.0000000,1732830.0000000,35.5779911,129.3066390,150.9224999
,1163690.0000000,1732830.0000000,35.5779928,129.3065287,150.3236268
,1163680.0000000,1732830.0000000,35.5779944,129.3064184,150.9859571
,1163670.0000000,1732830.0000000,35.5779961,129.3063081,151.5000000
,1163660.0000000,1732830.0000000,35.5779977,129.3061978,151.5000000
,1163650.0000000,1732830.0000000,35.5779994,129.3060875,151.5892071
,1163640.0000000,1732830.0000000,35.5780010,129.3059771,151.7680216
,1163630.0000000,1732830.0000000,35.5780027,129.3058668,150.3935832
,1163620.0000000,1732830.0000000,35.5780043,129.3057565,148.0756519
,1163610.0000000,1732830.0000000,35.5780060,129.3056462,146.6629881
,1163600.0000000,1732830.0000000,35.5780076,129.3055359,146.5367158
,1163590.0000000,1732830.0000000,35.5780093,129.3054256,146.5000000
,1163580.0000000,1732830.0000000,35.5780109,129.3053153,146.5000000
,1163570.0000000,1732830.0000000,35.5780126,129.3052049,146.5000000
,1163560.0000000,1732830.0000000,35.5780143,129.3050946,146.5000000
,1163550.0000000,1732830.0000000,35.5780159,129.3049843,146.5821282
,1163540.0000000,1732830.0000000,35.5780176,129.3048740,147.7623855
,1163530.0000000,1732830.0000000,35.5780192,129.3047637,150.2658784
,1163520.0000000,1732830.0000000,35.5780209,129.3046534,151.5000000
,1163510.0000000,1732830.0000000,35.5780225,129.3045431,151.5000000
,1163500.0000000,1732830.0000000,35.5780242,129.3044328,151.5000000
,1163490.0000000,1732830.0000000,35.5780258,129.3043224,151.5000000
,1163480.0000000,1732830.0000000,35.5780275,129.3042121,151.5000000
,1163470.0000000,1732830.0000000,35.5780291,129.3041018,151.5000000
,1163460.0000000,1732830.0000000,35.5780308,129.3039915,151.5000000
,1163450.0000000,1732830.0000000,35.5780324,129.3038812,151.5000000
,1163440.0000000,1732830.0000000,35.5780341,129.3037709,151.4005995
,1163430.0000000,1732830.0000000,35.5780357,129.3036606,150.4800771
,1163420.0000000,1732830.0000000,35.5780374,129.3035502,146.6821315
,1163410.0000000,1732830.0000000,35.5780390,129.3034399,143.9523706
,1163400.0000000,1732830.0000000,35.5780407,129.3033296,141.7034015
,1163390.0000000,1732830.0000000,35.5780423,129.3032193,139.3265890
,1163380.0000000,1732830.0000000,35.5780440,129.3031090,136.5306574
,1163370.0000000,1732830.0000000,35.5780456,129.3029987,133.1092127
,1163360.0000000,1732830.0000000,35.5780473,129.3028884,131.4973746
,1163350.0000000,1732830.0000000,35.5780489,129.3027780,129.5596713
,1163340.0000000,1732830.0000000,35.5780506,129.3026677,126.8989987
,1163330.0000000,1732830.0000000,35.5780522,129.3025574,125.6099006
,1163320.0000000,1732830.0000000,35.5780539,129.3024471,122.4999835
,1163310.0000000,1732830.0000000,35.5780555,129.3023368,121.7395087
,1163300.0000000,1732830.0000000,35.5780572,129.3022265,120.4194934
,1163290.0000000,1732830.0000000,35.5780588,129.3021162,117.4463466
,1163280.0000000,1732830.0000000,35.5780605,129.3020058,116.1204929
,1163270.0000000,1732830.0000000,35.5780621,129.3018955,113.5874400
,1163260.0000000,1732830.0000000,35.5780638,129.3017852,111.5371985
,1163250.0000000,1732830.0000000,35.5780654,129.3016749,109.5531669
,1163240.0000000,1732830.0000000,35.5780671,129.3015646,106.8052672
,1163230.0000000,1732830.0000000,35.5780687,129.3014543,106.5000000
,1163220.0000000,1732830.0000000,35.5780704,129.3013440,105.9495662
,1163210.0000000,1732830.0000000,35.5780720,129.3012336,103.5908187
,1163200.0000000,1732830.0000000,35.5780737,129.3011233,100.9599982
,1163190.0000000,1732830.0000000,35.5780753,129.3010130,100.8236926
,1163180.0000000,1732830.0000000,35.5780770,129.3009027,97.5059720
,1163170.0000000,1732830.0000000,35.5780786,129.3007924,96.8274817
,1163160.0000000,1732830.0000000,35.5780803,129.3006821,94.8060954
,1163150.0000000,1732830.0000000,35.5780819,129.3005718,91.7711136
,1163140.0000000,1732830.0000000,35.5780836,129.3004614,91.5000000
,1163130.0000000,1732830.0000000,35.5780852,129.3003511,91.5000000
,1163120.0000000,1732830.0000000,35.5780869,129.3002408,91.5000000
,1163110.0000000,1732830.0000000,35.5780885,129.3001305,91.7311849
,1163100.0000000,1732830.0000000,35.5780902,129.3000202,92.3633679
,1163090.0000000,1732830.0000000,35.5780918,129.2999099,92.5118225
,1163080.0000000,1732830.0000000,35.5780935,129.2997996,91.7869041
,1163070.0000000,1732830.0000000,35.5780951,129.2996892,95.5478874
,1163060.0000000,1732830.0000000,35.5780968,129.2995789,96.7213064
,1163050.0000000,1732830.0000000,35.5780984,129.2994686,101.4279686
,1163040.0000000,1732830.0000000,35.5781000,129.2993583,106.0840979
,1163030.0000000,1732830.0000000,35.5781017,129.2992480,110.5020471
,1163020.0000000,1732830.0000000,35.5781033,129.2991377,111.4953956
,1163010.0000000,1732830.0000000,35.5781050,129.2990274,112.6448472
,1163000.0000000,1732830.0000000,35.5781066,129.2989170,111.2657074
,1163000.0000000,1732840.0000000,35.5781968,129.2989191,111.4734070
,1163010.0000000,1732840.0000000,35.5781951,129.2990294,110.9415110
,1163020.0000000,1732840.0000000,35.5781935,129.2991397,109.4773014
,1163030.0000000,1732840.0000000,35.5781918,129.2992500,106.9562422
,1163040.0000000,1732840.0000000,35.5781902,129.2993603,106.2246894
,1163050.0000000,1732840.0000000,35.5781885,129.2994706,101.6007345
,1163060.0000000,1732840.0000000,35.5781869,129.2995809,97.3952978
,1163070.0000000,1732840.0000000,35.5781852,129.2996913,95.3778241
,1163080.0000000,1732840.0000000,35.5781836,129.2998016,92.9007759
,1163090.0000000,1732840.0000000,35.5781819,129.2999119,92.3938053
,1163100.0000000,1732840.0000000,35.5781803,129.3000222,91.7183192
,1163110.0000000,1732840.0000000,35.5781786,129.3001325,92.0124990
,1163120.0000000,1732840.0000000,35.5781770,129.3002428,91.5000000
,1163130.0000000,1732840.0000000,35.5781753,129.3003531,91.5000000
,1163140.0000000,1732840.0000000,35.5781737,129.3004635,91.5000000
,1163150.0000000,1732840.0000000,35.5781720,129.3005738,91.9350379
,1163160.0000000,1732840.0000000,35.5781704,129.3006841,95.1775840
,1163170.0000000,1732840.0000000,35.5781687,129.3007944,96.5220211
,1163180.0000000,1732840.0000000,35.5781671,129.3009047,98.1768990
,1163190.0000000,1732840.0000000,35.5781654,129.3010150,101.0156867
,1163200.0000000,1732840.0000000,35.5781638,129.3011253,101.2383777
,1163210.0000000,1732840.0000000,35.5781622,129.3012357,102.7715767
,1163220.0000000,1732840.0000000,35.5781605,129.3013460,105.6646895
,1163230.0000000,1732840.0000000,35.5781589,129.3014563,106.5000000
,1163240.0000000,1732840.0000000,35.5781572,129.3015666,106.5087067
,1163250.0000000,1732840.0000000,35.5781556,129.3016769,108.1359378
,1163260.0000000,1732840.0000000,35.5781539,129.3017872,111.3500755
,1163270.0000000,1732840.0000000,35.5781523,129.3018975,112.7351740
,1163280.0000000,1732840.0000000,35.5781506,129.3020079,116.3890631
,1163290.0000000,1732840.0000000,35.5781490,129.3021182,118.0598868
,1163300.0000000,1732840.0000000,35.5781473,129.3022285,120.8022773
,1163310.0000000,1732840.0000000,35.5781457,129.3023388,121.8508507
,1163320.0000000,1732840.0000000,35.5781440,129.3024491,122.2040607
,1163330.0000000,1732840.0000000,35.5781424,129.3025594,125.7408147
,1163340.0000000,1732840.0000000,35.5781407,129.3026697,127.3615290
,1163350.0000000,1732840.0000000,35.5781391,129.3027801,130.2337954
,1163360.0000000,1732840.0000000,35.5781374,129.3028904,132.0408107
,1163370.0000000,1732840.0000000,35.5781358,129.3030007,134.1423811
,1163380.0000000,1732840.0000000,35.5781341,129.3031110,136.6071599
,1163390.0000000,1732840.0000000,35.5781325,129.3032213,140.4970272
,1163400.0000000,1732840.0000000,35.5781308,129.3033316,141.5229437
,1163410.0000000,1732840.0000000,35.5781292,129.3034419,144.9687047
,1163420.0000000,1732840.0000000,35.5781275,129.3035523,146.6543399
,1163430.0000000,1732840.0000000,35.5781258,129.3036626,150.0248521
,1163440.0000000,1732840.0000000,35.5781242,129.3037729,150.9666439
,1163450.0000000,1732840.0000000,35.5781225,129.3038832,151.5000000
,1163460.0000000,1732840.0000000,35.5781209,129.3039935,151.5000000
,1163470.0000000,1732840.0000000,35.5781192,129.3041038,151.5000000
,1163480.0000000,1732840.0000000,35.5781176,129.3042141,151.5000000
,1163490.0000000,1732840.0000000,35.5781159,129.3043245,151.5000000
,1163500.0000000,1732840.0000000,35.5781143,129.3044348,151.5000000
,1163510.0000000,1732840.0000000,35.5781126,129.3045451,151.5000000
,1163520.0000000,1732840.0000000,35.5781110,129.3046554,151.5000000
,1163530.0000000,1732840.0000000,35.5781093,129.3047657,150.5858630
,1163540.0000000,1732840.0000000,35.5781077,129.3048760,147.4760734
,1163550.0000000,1732840.0000000,35.5781060,129.3049863,146.5816246
,1163560.0000000,1732840.0000000,35.5781044,129.3050967,146.5000000
,1163570.0000000,1732840.0000000,35.5781027,129.3052070,146.5000000
,1163580.0000000,1732840.0000000,35.5781011,129.3053173,146.5000000
,1163590.0000000,1732840.0000000,35.5780994,129.3054276,146.5000000
,1163600.0000000,1732840.0000000,35.5780978,129.3055379,146.5393108
,1163610.0000000,1732840.0000000,35.5780961,129.3056482,146.6075472
,1163620.0000000,1732840.0000000,35.5780945,129.3057585,149.2969906
,1163630.0000000,1732840.0000000,35.5780928,129.3058689,151.8833373
,1163640.0000000,1732840.0000000,35.5780912,129.3059792,151.5339067
,1163650.0000000,1732840.0000000,35.5780895,129.3060895,152.0310200
,1163660.0000000,1732840.0000000,35.5780878,129.3061998,151.8229847
,1163670.0000000,1732840.0000000,35.5780862,129.3063101,151.8276629
,1163680.0000000,1732840.0000000,35.5780845,129.3064204,149.8821104
,1163690.0000000,1732840.0000000,35.5780829,129.3065307,149.1998333
,1163700.0000000,1732840.0000000,35.5780812,129.3066411,149.4875245
,1163710.0000000,1732840.0000000,35.5780796,129.3067514,150.3377129
,1163720.0000000,1732840.0000000,35.5780779,129.3068617,151.2454653
,1163730.0000000,1732840.0000000,35.5780763,129.3069720,151.5000000
,1163740.0000000,1732840.0000000,35.5780746,129.3070823,151.5000000
,1163750.0000000,1732840.0000000,35.5780730,129.3071926,151.5000000
,1163760.0000000,1732840.0000000,35.5780713,129.3073029,151.5000000
,1163770.0000000,1732840.0000000,35.5780697,129.3074132,151.4104546
,1163780.0000000,1732840.0000000,35.5780680,129.3075236,151.4348579
,1163790.0000000,1732840.0000000,35.5780663,129.3076339,151.3329314
,1163800.0000000,1732840.0000000,35.5780647,129.3077442,151.2956571
,1163810.0000000,1732840.0000000,35.5780630,129.3078545,151.5000000
,1163820.0000000,1732840.0000000,35.5780614,129.3079648,152.1802822
,1163830.0000000,1732840.0000000,35.5780597,129.3080751,152.8229318
,1163840.0000000,1732840.0000000,35.5780581,129.3081854,153.0891052
,1163850.0000000,1732840.0000000,35.5780564,129.3082958,153.2248790
,1163860.0000000,1732840.0000000,35.5780548,129.3084061,153.2948880
,1163870.0000000,1732840.0000000,35.5780531,129.3085164,153.2091426
,1163880.0000000,1732840.0000000,35.5780514,129.3086267,152.6720747
,1163890.0000000,1732840.0000000,35.5780498,129.3087370,154.2905346
,1163900.0000000,1732840.0000000,35.5780481,129.3088473,156.3850687
,1163910.0000000,1732840.0000000,35.5780465,129.3089576,159.8239106
,1163920.0000000,1732840.0000000,35.5780448,129.3090680,161.2337631
,1163930.0000000,1732840.0000000,35.5780432,129.3091783,162.2122010
,1163940.0000000,1732840.0000000,35.5780415,129.3092886,165.4574363
,1163950.0000000,1732840.0000000,35.5780399,129.3093989,166.4674114
,1163960.0000000,1732840.0000000,35.5780382,129.3095092,166.7480176
,1163970.0000000,1732840.0000000,35.5780365,129.3096195,167.7178109
,1163980.0000000,1732840.0000000,35.5780349,129.3097298,169.8497279
,1163990.0000000,1732840.0000000,35.5780332,129.3098401,171.0269403
,1164000.0000000,1732840.0000000,35.5780316,129.3099505,170.4847063
,1164000.0000000,1732850.0000000,35.5781217,129.3099525,166.9061535
,1163990.0000000,1732850.0000000,35.5781233,129.3098422,167.6605173
,1163980.0000000,1732850.0000000,35.5781250,129.3097319,166.9468732
,1163970.0000000,1732850.0000000,35.5781267,129.3096216,166.5190037
,1163960.0000000,1732850.0000000,35.5781283,129.3095112,166.5201611
,1163950.0000000,1732850.0000000,35.5781300,129.3094009,166.3680298
,1163940.0000000,1732850.0000000,35.5781316,129.3092906,164.7593687
,1163930.0000000,1732850.0000000,35.5781333,129.3091803,162.2640831
,1163920.0000000,1732850.0000000,35.5781349,129.3090700,161.5729752
,1163910.0000000,1732850.0000000,35.5781366,129.3089597,160.3043636
,1163900.0000000,1732850.0000000,35.5781383,129.3088494,156.7736617
,1163890.0000000,1732850.0000000,35.5781399,129.3087390,155.2352938
,1163880.0000000,1732850.0000000,35.5781416,129.3086287,152.1742286
,1163870.0000000,1732850.0000000,35.5781432,129.3085184,153.1722889
,1163860.0000000,1732850.0000000,35.5781449,129.3084081,153.1199582
,1163850.0000000,1732850.0000000,35.5781465,129.3082978,152.9284108
,1163840.0000000,1732850.0000000,35.5781482,129.3081875,152.8592174
,1163830.0000000,1732850.0000000,35.5781498,129.3080772,152.8305154
,1163820.0000000,1732850.0000000,35.5781515,129.3079668,152.3675160
,1163810.0000000,1732850.0000000,35.5781532,129.3078565,151.0954270
,1163800.0000000,1732850.0000000,35.5781548,129.3077462,149.8066071
,1163790.0000000,1732850.0000000,35.5781565,129.3076359,149.6378562
,1163780.0000000,1732850.0000000,35.5781581,129.3075256,150.0861994
,1163770.0000000,1732850.0000000,35.5781598,129.3074153,150.5860184
,1163760.0000000,1732850.0000000,35.5781614,129.3073050,150.8994942
,1163750.0000000,1732850.0000000,35.5781631,129.3071946,151.2797416
,1163740.0000000,1732850.0000000,35.5781647,129.3070843,151.3415624
,1163730.0000000,1732850.0000000,35.5781664,129.3069740,151.1700520
,1163720.0000000,1732850.0000000,35.5781680,129.3068637,149.7484676
,1163710.0000000,1732850.0000000,35.5781697,129.3067534,148.3951503
,1163700.0000000,1732850.0000000,35.5781714,129.3066431,147.7297835
,1163690.0000000,1732850.0000000,35.5781730,129.3065328,147.9673657
,1163680.0000000,1732850.0000000,35.5781747,129.3064224,149.2714008
,1163670.0000000,1732850.0000000,35.5781763,129.3063121,151.5138560
,1163660.0000000,1732850.0000000,35.5781780,129.3062018,151.9206844
,1163650.0000000,1732850.0000000,35.5781796,129.3060915,153.6972614
,1163640.0000000,1732850.0000000,35.5781813,129.3059812,153.6248531
,1163630.0000000,1732850.0000000,35.5781829,129.3058709,152.3359695
,1163620.0000000,1732850.0000000,35.5781846,129.3057606,150.6092320
,1163610.0000000,1732850.0000000,35.5781862,129.3056502,146.8460180
,1163600.0000000,1732850.0000000,35.5781879,129.3055399,146.6966889
,1163590.0000000,1732850.0000000,35.5781895,129.3054296,146.5000000
,1163580.0000000,1732850.0000000,35.5781912,129.3053193,146.5000000
,1163570.0000000,1732850.0000000,35.5781928,129.3052090,146.5000000
,1163560.0000000,1732850.0000000,35.5781945,129.3050987,146.5000000
,1163550.0000000,1732850.0000000,35.5781961,129.3049884,146.5000000
,1163540.0000000,1732850.0000000,35.5781978,129.3048781,147.1447648
,1163530.0000000,1732850.0000000,35.5781995,129.3047677,149.7807516
,1163520.0000000,1732850.0000000,35.5782011,129.3046574,151.5000000
,1163510.0000000,1732850.0000000,35.5782028,129.3045471,151.5000000
,1163500.0000000,1732850.0000000,35.5782044,129.3044368,151.5000000
,1163490.0000000,1732850.0000000,35.5782061,129.3043265,151.5000000
,1163480.0000000,1732850.0000000,35.5782077,129.3042162,151.5000000
,1163470.0000000,1732850.0000000,35.5782094,129.3041059,151.5000000
,1163460.0000000,1732850.0000000,35.5782110,129.3039955,151.5000000
,1163450.0000000,1732850.0000000,35.5782127,129.3038852,151.5000000
,1163440.0000000,1732850.0000000,35.5782143,129.3037749,150.3924317
,1163430.0000000,1732850.0000000,35.5782160,129.3036646,148.7820549
,1163420.0000000,1732850.0000000,35.5782176,129.3035543,146.6902359
,1163410.0000000,1732850.0000000,35.5782193,129.3034440,146.4101658
,1163400.0000000,1732850.0000000,35.5782209,129.3033337,142.8215641
,1163390.0000000,1732850.0000000,35.5782226,129.3032233,141.0485074
,1163380.0000000,1732850.0000000,35.5782242,129.3031130,137.0901845
,1163370.0000000,1732850.0000000,35.5782259,129.3030027,135.6537132
,1163360.0000000,1732850.0000000,35.5782275,129.3028924,131.6783132
,1163350.0000000,1732850.0000000,35.5782292,129.3027821,131.4224675
,1163340.0000000,1732850.0000000,35.5782308,129.3026718,128.9249352
,1163330.0000000,1732850.0000000,35.5782325,129.3025615,126.7487412
,1163320.0000000,1732850.0000000,35.5782341,129.3024511,124.2518462
,1163310.0000000,1732850.0000000,35.5782358,129.3023408,121.8328621
,1163300.0000000,1732850.0000000,35.5782374,129.3022305,121.4985245
,1163290.0000000,1732850.0000000,35.5782391,129.3021202,119.1524942
,1163280.0000000,1732850.0000000,35.5782407,129.3020099,116.3336601
,1163270.0000000,1732850.0000000,35.5782424,129.3018996,112.3796807
,1163260.0000000,1732850.0000000,35.5782440,129.3017893,110.9841803
,1163250.0000000,1732850.0000000,35.5782457,129.3016789,107.4536469
,1163240.0000000,1732850.0000000,35.5782473,129.3015686,106.8142351
,1163230.0000000,1732850.0000000,35.5782490,129.3014583,106.5670825
,1163220.0000000,1732850.0000000,35.5782506,129.3013480,106.2611086
,1163210.0000000,1732850.0000000,35.5782523,129.3012377,102.7292755
,1163200.0000000,1732850.0000000,35.5782539,129.3011274,101.3015576
,1163190.0000000,1732850.0000000,35.5782556,129.3010171,101.1267954
,1163180.0000000,1732850.0000000,35.5782572,129.3009067,98.7032394
,1163170.0000000,1732850.0000000,35.5782589,129.3007964,96.6147271
,1163160.0000000,1732850.0000000,35.5782605,129.3006861,95.8252472
,1163150.0000000,1732850.0000000,35.5782622,129.3005758,92.6915397
,1163140.0000000,1732850.0000000,35.5782638,129.3004655,91.5000000
,1163130.0000000,1732850.0000000,35.5782655,129.3003552,91.5000000
,1163120.0000000,1732850.0000000,35.5782671,129.3002448,91.6038422
,1163110.0000000,1732850.0000000,35.5782688,129.3001345,92.0515594
,1163100.0000000,1732850.0000000,35.5782704,129.3000242,93.1725915
,1163090.0000000,1732850.0000000,35.5782721,129.2999139,94.1810074
,1163080.0000000,1732850.0000000,35.5782737,129.2998036,95.6822199
,1163070.0000000,1732850.0000000,35.5782753,129.2996933,100.4171113
,1163060.0000000,1732850.0000000,35.5782770,129.2995830,99.0263286
,1163050.0000000,1732850.0000000,35.5782786,129.2994726,102.3211335
,1163040.0000000,1732850.0000000,35.5782803,129.2993623,105.4946900
,1163030.0000000,1732850.0000000,35.5782819,129.2992520,106.5079805
,1163020.0000000,1732850.0000000,35.5782836,129.2991417,108.1143376
,1163010.0000000,1732850.0000000,35.5782852,129.2990314,110.7654796
,1163000.0000000,1732850.0000000,35.5782869,129.2989211,111.0985062
,1163000.0000000,1732860.0000000,35.5783770,129.2989231,108.0360458
,1163010.0000000,1732860.0000000,35.5783754,129.2990334,107.9293607
,1163020.0000000,1732860.0000000,35.5783737,129.2991437,106.5873091
,1163030.0000000,1732860.0000000,35.5783721,129.2992540,106.0239880
,1163040.0000000,1732860.0000000,35.5783704,129.2993643,104.6772085
,1163050.0000000,1732860.0000000,35.5783688,129.2994747,103.2438183
,1163060.0000000,1732860.0000000,35.5783671,129.2995850,100.6945766
,1163070.0000000,1732860.0000000,35.5783655,129.2996953,97.7990236
,1163080.0000000,1732860.0000000,35.5783638,129.2998056,98.0674032
,1163090.0000000,1732860.0000000,35.5783622,129.2999159,98.4922402
,1163100.0000000,1732860.0000000,35.5783605,129.3000262,96.4120010
,1163110.0000000,1732860.0000000,35.5783589,129.3001366,94.6374507
,1163120.0000000,1732860.0000000,35.5783572,129.3002469,91.5744524
,1163130.0000000,1732860.0000000,35.5783556,129.3003572,91.5000000
,1163140.0000000,1732860.0000000,35.5783539,129.3004675,91.6895546
,1163150.0000000,1732860.0000000,35.5783523,129.3005778,94.1667275
,1163160.0000000,1732860.0000000,35.5783506,129.3006881,96.3565951
,1163170.0000000,1732860.0000000,35.5783490,129.3007984,96.7695590
,1163180.0000000,1732860.0000000,35.5783473,129.3009088,99.4338875
,1163190.0000000,1732860.0000000,35.5783457,129.3010191,101.4241245
,1163200.0000000,1732860.0000000,35.5783440,129.3011294,102.0539037
,1163210.0000000,1732860.0000000,35.5783424,129.3012397,103.8928389
,1163220.0000000,1732860.0000000,35.5783407,129.3013500,106.6217851
,1163230.0000000,1732860.0000000,35.5783391,129.3014603,106.9366594
,1163240.0000000,1732860.0000000,35.5783374,129.3015706,106.7260816
,1163250.0000000,1732860.0000000,35.5783358,129.3016810,110.1521548
,1163260.0000000,1732860.0000000,35.5783341,129.3017913,111.6455876
,1163270.0000000,1732860.0000000,35.5783325,129.3019016,114.2119405
,1163280.0000000,1732860.0000000,35.5783308,129.3020119,116.5598026
,1163290.0000000,1732860.0000000,35.5783292,129.3021222,119.9802184
,1163300.0000000,1732860.0000000,35.5783275,129.3022325,121.9436056
,1163310.0000000,1732860.0000000,35.5783259,129.3023428,124.9512251
,1163320.0000000,1732860.0000000,35.5783242,129.3024532,126.4578990
,1163330.0000000,1732860.0000000,35.5783226,129.3025635,128.0446593
,1163340.0000000,1732860.0000000,35.5783209,129.3026738,131.3631818
,1163350.0000000,1732860.0000000,35.5783193,129.3027841,132.3561690
,1163360.0000000,1732860.0000000,35.5783176,129.3028944,134.4560501
,1163370.0000000,1732860.0000000,35.5783160,129.3030047,136.4659902
,1163380.0000000,1732860.0000000,35.5783143,129.3031150,138.3922902
,1163390.0000000,1732860.0000000,35.5783127,129.3032254,141.5525611
,1163400.0000000,1732860.0000000,35.5783110,129.3033357,144.5746974
,1163410.0000000,1732860.0000000,35.5783094,129.3034460,145.8416713
,1163420.0000000,1732860.0000000,35.5783077,129.3035563,145.8547387
,1163430.0000000,1732860.0000000,35.5783061,129.3036666,147.9219426
,1163440.0000000,1732860.0000000,35.5783044,129.3037769,150.9378430
,1163450.0000000,1732860.0000000,35.5783028,129.3038872,151.5000000
,1163460.0000000,1732860.0000000,35.5783011,129.3039976,151.5000000
,1163470.0000000,1732860.0000000,35.5782995,129.3041079,151.5000000
,1163480.0000000,1732860.0000000,35.5782978,129.3042182,151.5000000
,1163490.0000000,1732860.0000000,35.5782962,129.3043285,151.5000000
,1163500.0000000,1732860.0000000,35.5782945,129.3044388,151.5000000
,1163510.0000000,1732860.0000000,35.5782929,129.3045491,151.5000000
,1163520.0000000,1732860.0000000,35.5782912,129.3046594,151.2576879
,1163530.0000000,1732860.0000000,35.5782896,129.3047698,147.9051963
,1163540.0000000,1732860.0000000,35.5782879,129.3048801,146.5337608
,1163550.0000000,1732860.0000000,35.5782863,129.3049904,146.5000000
,1163560.0000000,1732860.0000000,35.5782846,129.3051007,146.5000000
,1163570.0000000,1732860.0000000,35.5782830,129.3052110,146.5000000
,1163580.0000000,1732860.0000000,35.5782813,129.3053213,146.5000000
,1163590.0000000,1732860.0000000,35.5782797,129.3054316,146.9161264
,1163600.0000000,1732860.0000000,35.5782780,129.3055420,146.9135323
,1163610.0000000,1732860.0000000,35.5782764,129.3056523,147.5913947
,1163620.0000000,1732860.0000000,35.5782747,129.3057626,151.1564342
,1163630.0000000,1732860.0000000,35.5782730,129.3058729,154.3683281
,1163640.0000000,1732860.0000000,35.5782714,129.3059832,156.4601512
,1163650.0000000,1732860.0000000,35.5782697,129.3060935,155.8825752
,1163660.0000000,1732860.0000000,35.5782681,129.3062038,152.8557448
,1163670.0000000,1732860.0000000,35.5782664,129.3063142,151.5536660
,1163680.0000000,1732860.0000000,35.5782648,129.3064245,148.6062737
,1163690.0000000,1732860.0000000,35.5782631,129.3065348,146.9642830
,1163700.0000000,1732860.0000000,35.5782615,129.3066451,146.7651718
,1163710.0000000,1732860.0000000,35.5782598,129.3067554,147.2319070
,1163720.0000000,1732860.0000000,35.5782582,129.3068657,147.9023048
,1163730.0000000,1732860.0000000,35.5782565,129.3069760,149.5852780
,1163740.0000000,1732860.0000000,35.5782549,129.3070864,149.4528923
,1163750.0000000,1732860.0000000,35.5782532,129.3071967,149.3715363
,1163760.0000000,1732860.0000000,35.5782515,129.3073070,149.2249790
,1163770.0000000,1732860.0000000,35.5782499,129.3074173,148.8707557
,1163780.0000000,1732860.0000000,35.5782482,129.3075276,148.5050768
,1163790.0000000,1732860.0000000,35.5782466,129.3076379,147.9160269
,1163800.0000000,1732860.0000000,35.5782449,129.3077482,148.4525080
,1163810.0000000,1732860.0000000,35.5782433,129.3078586,149.5588270
,1163820.0000000,1732860.0000000,35.5782416,129.3079689,151.8392907
,1163830.0000000,1732860.0000000,35.5782400,129.3080792,152.4656462
,1163840.0000000,1732860.0000000,35.5782383,129.3081895,152.4545934
,1163850.0000000,1732860.0000000,35.5782367,129.3082998,152.5743386
,1163860.0000000,1732860.0000000,35.5782350,129.3084101,152.7919322
,1163870.0000000,1732860.0000000,35.5782333,129.3085204,152.7701521
,1163880.0000000,1732860.0000000,35.5782317,129.3086308,154.6595036
,1163890.0000000,1732860.0000000,35.5782300,129.3087411,155.5202182
,1163900.0000000,1732860.0000000,35.5782284,129.3088514,157.0688691
,1163910.0000000,1732860.0000000,35.5782267,129.3089617,160.1836168
,1163920.0000000,1732860.0000000,35.5782251,129.3090720,161.3606500
,1163930.0000000,1732860.0000000,35.5782234,129.3091823,161.9412197
,1163940.0000000,1732860.0000000,35.5782218,129.3092926,163.2670728
,1163950.0000000,1732860.0000000,35.5782201,129.3094030,165.1886340
,1163960.0000000,1732860.0000000,35.5782184,129.3095133,165.8889619
,1163970.0000000,1732860.0000000,35.5782168,129.3096236,165.9123886
,1163980.0000000,1732860.0000000,35.5782151,129.3097339,166.1404440
,1163990.0000000,1732860.0000000,35.5782135,129.3098442,166.4548388
,1164000.0000000,1732860.0000000,35.5782118,129.3099545,165.8431276
,1164000.0000000,1732870.0000000,35.5783019,129.3099565,162.4924550
,1163990.0000000,1732870.0000000,35.5783036,129.3098462,164.0818410
,1163980.0000000,1732870.0000000,35.5783052,129.3097359,164.0863539
,1163970.0000000,1732870.0000000,35.5783069,129.3096256,163.6852906
,1163960.0000000,1732870.0000000,35.5783086,129.3095153,162.9491544
,1163950.0000000,1732870.0000000,35.5783102,129.3094050,162.4170315
,1163940.0000000,1732870.0000000,35.5783119,129.3092947,161.7150288
,1163930.0000000,1732870.0000000,35.5783135,129.3091843,161.4235347
,1163920.0000000,1732870.0000000,35.5783152,129.3090740,160.9485435
,1163910.0000000,1732870.0000000,35.5783168,129.3089637,158.9243845
,1163900.0000000,1732870.0000000,35.5783185,129.3088534,156.9380956
,1163890.0000000,1732870.0000000,35.5783202,129.3087431,156.2313379
,1163880.0000000,1732870.0000000,35.5783218,129.3086328,156.1498697
,1163870.0000000,1732870.0000000,35.5783235,129.3085225,152.4674424
,1163860.0000000,1732870.0000000,35.5783251,129.3084122,152.0102618
,1163850.0000000,1732870.0000000,35.5783268,129.3083018,152.1079828
,1163840.0000000,1732870.0000000,35.5783284,129.3081915,152.2143298
,1163830.0000000,1732870.0000000,35.5783301,129.3080812,152.0630197
,1163820.0000000,1732870.0000000,35.5783317,129.3079709,150.4683523
,1163810.0000000,1732870.0000000,35.5783334,129.3078606,146.1264806
,1163800.0000000,1732870.0000000,35.5783350,129.3077503,140.0544131
,1163790.0000000,1732870.0000000,35.5783367,129.3076400,142.8921428
,1163780.0000000,1732870.0000000,35.5783384,129.3075296,144.2659298
,1163770.0000000,1732870.0000000,35.5783400,129.3074193,145.3283428
,1163760.0000000,1732870.0000000,35.5783417,129.3073090,146.4087225
,1163750.0000000,1732870.0000000,35.5783433,129.3071987,146.1426202
,1163740.0000000,1732870.0000000,35.5783450,129.3070884,146.2281442
,1163730.0000000,1732870.0000000,35.5783466,129.3069781,145.8683942
,1163720.0000000,1732870.0000000,35.5783483,129.3068678,147.0135340
,1163710.0000000,1732870.0000000,35.5783499,129.3067574,147.0205248
,1163700.0000000,1732870.0000000,35.5783516,129.3066471,146.8155718
,1163690.0000000,1732870.0000000,35.5783532,129.3065368,146.5465274
,1163680.0000000,1732870.0000000,35.5783549,129.3064265,148.8752485
,1163670.0000000,1732870.0000000,35.5783566,129.3063162,151.6257718
,1163660.0000000,1732870.0000000,35.5783582,129.3062059,154.4117171
,1163650.0000000,1732870.0000000,35.5783599,129.3060956,156.6411781
,1163640.0000000,1732870.0000000,35.5783615,129.3059852,157.1887784
,1163630.0000000,1732870.0000000,35.5783632,129.3058749,156.4994162
,1163620.0000000,1732870.0000000,35.5783648,129.3057646,151.8967392
,1163610.0000000,1732870.0000000,35.5783665,129.3056543,147.1490487
,1163600.0000000,1732870.0000000,35.5783681,129.3055440,146.8879059
,1163590.0000000,1732870.0000000,35.5783698,129.3054337,147.0947568
,1163580.0000000,1732870.0000000,35.5783714,129.3053234,146.5000000
,1163570.0000000,1732870.0000000,35.5783731,129.3052130,146.5000000
,1163560.0000000,1732870.0000000,35.5783747,129.3051027,146.3587566
,1163550.0000000,1732870.0000000,35.5783764,129.3049924,146.4838502
,1163540.0000000,1732870.0000000,35.5783780,129.3048821,146.5000000
,1163530.0000000,1732870.0000000,35.5783797,129.3047718,146.6629621
,1163520.0000000,1732870.0000000,35.5783813,129.3046615,148.4328693
,1163510.0000000,1732870.0000000,35.5783830,129.3045512,150.3531693
,1163500.0000000,1732870.0000000,35.5783847,129.3044408,150.9194825
,1163490.0000000,1732870.0000000,35.5783863,129.3043305,151.1933924
,1163480.0000000,1732870.0000000,35.5783880,129.3042202,151.4542258
,1163470.0000000,1732870.0000000,35.5783896,129.3041099,151.5000000
,1163460.0000000,1732870.0000000,35.5783913,129.3039996,151.4950447
,1163450.0000000,1732870.0000000,35.5783929,129.3038893,151.0121923
,1163440.0000000,1732870.0000000,35.5783946,129.3037790,149.9227719
,1163430.0000000,1732870.0000000,35.5783962,129.3036686,147.4985384
,1163420.0000000,1732870.0000000,35.5783979,129.3035583,145.7496202
,1163410.0000000,1732870.0000000,35.5783995,129.3034480,145.9643462
,1163400.0000000,1732870.0000000,35.5784012,129.3033377,145.4060730
,1163390.0000000,1732870.0000000,35.5784028,129.3032274,141.8433037
,1163380.0000000,1732870.0000000,35.5784045,129.3031171,140.6520385
,1163370.0000000,1732870.0000000,35.5784061,129.3030068,138.3059045
,1163360.0000000,1732870.0000000,35.5784078,129.3028964,136.6278812
,1163350.0000000,1732870.0000000,35.5784094,129.3027861,135.9736092
,1163340.0000000,1732870.0000000,35.5784111,129.3026758,133.0758841
,1163330.0000000,1732870.0000000,35.5784127,129.3025655,131.2574356
,1163320.0000000,1732870.0000000,35.5784144,129.3024552,127.8010816
,1163310.0000000,1732870.0000000,35.5784160,129.3023449,126.3363272
,1163300.0000000,1732870.0000000,35.5784177,129.3022345,123.5937582
,1163290.0000000,1732870.0000000,35.5784193,129.3021242,121.3152596
,1163280.0000000,1732870.0000000,35.5784210,129.3020139,117.8690327
,1163270.0000000,1732870.0000000,35.5784226,129.3019036,116.3993705
,1163260.0000000,1732870.0000000,35.5784243,129.3017933,114.5996166
,1163250.0000000,1732870.0000000,35.5784259,129.3016830,111.9139518
,1163240.0000000,1732870.0000000,35.5784276,129.3015727,110.4510878
,1163230.0000000,1732870.0000000,35.5784292,129.3014623,107.0948492
,1163220.0000000,1732870.0000000,35.5784309,129.3013520,107.0590493
,1163210.0000000,1732870.0000000,35.5784325,129.3012417,105.6968615
,1163200.0000000,1732870.0000000,35.5784342,129.3011314,103.5044229
,1163190.0000000,1732870.0000000,35.5784358,129.3010211,101.7376543
,1163180.0000000,1732870.0000000,35.5784375,129.3009108,100.7574095
,1163170.0000000,1732870.0000000,35.5784391,129.3008005,98.0701944
,1163160.0000000,1732870.0000000,35.5784408,129.3006901,96.6336707
,1163150.0000000,1732870.0000000,35.5784424,129.3005798,95.9109117
,1163140.0000000,1732870.0000000,35.5784441,129.3004695,94.7393562
,1163130.0000000,1732870.0000000,35.5784457,129.3003592,94.4968104
,1163120.0000000,1732870.0000000,35.5784473,129.3002489,94.8486056
,1163110.0000000,1732870.0000000,35.5784490,129.3001386,96.4079534
,1163100.0000000,1732870.0000000,35.5784506,129.3000283,100.2942995
,1163090.0000000,1732870.0000000,35.5784523,129.2999179,100.6702514
,1163080.0000000,1732870.0000000,35.5784539,129.2998076,105.0240434
,1163070.0000000,1732870.0000000,35.5784556,129.2996973,100.4204013
,1163060.0000000,1732870.0000000,35.5784572,129.2995870,100.5999755
,1163050.0000000,1732870.0000000,35.5784589,129.2994767,101.5798698
,1163040.0000000,1732870.0000000,35.5784605,129.2993664,102.5094518
,1163030.0000000,1732870.0000000,35.5784622,129.2992561,104.1017079
,1163020.0000000,1732870.0000000,35.5784638,129.2991457,106.3807336
,1163010.0000000,1732870.0000000,35.5784655,129.2990354,106.5977578
,1163000.0000000,1732870.0000000,35.5784671,129.2989251,106.4720910
,1163000.0000000,1732880.0000000,35.5785572,129.2989271,104.0099327
,1163010.0000000,1732880.0000000,35.5785556,129.2990374,105.6189446
,1163020.0000000,1732880.0000000,35.5785539,129.2991478,104.4475862
,1163030.0000000,1732880.0000000,35.5785523,129.2992581,101.5186626
,1163040.0000000,1732880.0000000,35.5785507,129.2993684,100.7443647
,1163050.0000000,1732880.0000000,35.5785490,129.2994787,99.1399017
,1163060.0000000,1732880.0000000,35.5785474,129.2995890,99.1190843
,1163070.0000000,1732880.0000000,35.5785457,129.2996993,101.0982461
,1163080.0000000,1732880.0000000,35.5785441,129.2998096,101.6934935
,1163090.0000000,1732880.0000000,35.5785424,129.2999200,102.3277094
,1163100.0000000,1732880.0000000,35.5785408,129.3000303,104.2598857
,1163110.0000000,1732880.0000000,35.5785391,129.3001406,97.6118444
,1163120.0000000,1732880.0000000,35.5785375,129.3002509,97.0229857
,1163130.0000000,1732880.0000000,35.5785358,129.3003612,96.4955618
,1163140.0000000,1732880.0000000,35.5785342,129.3004715,96.6344216
,1163150.0000000,1732880.0000000,35.5785325,129.3005818,96.9398134
,1163160.0000000,1732880.0000000,35.5785309,129.3006922,97.8264262
,1163170.0000000,1732880.0000000,35.5785292,129.3008025,101.1171146
,1163180.0000000,1732880.0000000,35.5785276,129.3009128,101.8990259
,1163190.0000000,1732880.0000000,35.5785259,129.3010231,104.1356239
,1163200.0000000,1732880.0000000,35.5785243,129.3011334,105.9155543
,1163210.0000000,1732880.0000000,35.5785226,129.3012437,107.1011251
,1163220.0000000,1732880.0000000,35.5785210,129.3013541,107.3495764
,1163230.0000000,1732880.0000000,35.5785193,129.3014644,110.0856771
,1163240.0000000,1732880.0000000,35.5785177,129.3015747,111.9607757
,1163250.0000000,1732880.0000000,35.5785160,129.3016850,115.6012603
,1163260.0000000,1732880.0000000,35.5785144,129.3017953,116.4523155
,1163270.0000000,1732880.0000000,35.5785127,129.3019056,117.7994211
,1163280.0000000,1732880.0000000,35.5785111,129.3020159,120.3964350
,1163290.0000000,1732880.0000000,35.5785094,129.3021263,122.6684244
,1163300.0000000,1732880.0000000,35.5785078,129.3022366,125.9026850
,1163310.0000000,1732880.0000000,35.5785061,129.3023469,126.9283313
,1163320.0000000,1732880.0000000,35.5785045,129.3024572,130.4003086
,1163330.0000000,1732880.0000000,35.5785028,129.3025675,132.0955846
,1163340.0000000,1732880.0000000,35.5785012,129.3026778,136.2376004
,1163350.0000000,1732880.0000000,35.5784995,129.3027881,136.7491444
,1163360.0000000,1732880.0000000,35.5784979,129.3028985,139.3001327
,1163370.0000000,1732880.0000000,35.5784962,129.3030088,141.2820502
,1163380.0000000,1732880.0000000,35.5784946,129.3031191,142.0020416
,1163390.0000000,1732880.0000000,35.5784929,129.3032294,143.9611027
,1163400.0000000,1732880.0000000,35.5784913,129.3033397,146.3373394
,1163410.0000000,1732880.0000000,35.5784896,129.3034500,145.8731145
,1163420.0000000,1732880.0000000,35.5784880,129.3035603,146.3263320
,1163430.0000000,1732880.0000000,35.5784863,129.3036707,146.1621034
,1163440.0000000,1732880.0000000,35.5784847,129.3037810,148.0589294
,1163450.0000000,1732880.0000000,35.5784830,129.3038913,149.6843816
,1163460.0000000,1732880.0000000,35.5784814,129.3040016,151.0136870
,1163470.0000000,1732880.0000000,35.5784797,129.3041119,150.8374379
,1163480.0000000,1732880.0000000,35.5784781,129.3042222,149.1828277
,1163490.0000000,1732880.0000000,35.5784764,129.3043325,147.3478928
,1163500.0000000,1732880.0000000,35.5784748,129.3044429,146.6655960
,1163510.0000000,1732880.0000000,35.5784731,129.3045532,146.1310366
,1163520.0000000,1732880.0000000,35.5784715,129.3046635,145.8706847
,1163530.0000000,1732880.0000000,35.5784698,129.3047738,146.2768179
,1163540.0000000,1732880.0000000,35.5784682,129.3048841,146.4954478
,1163550.0000000,1732880.0000000,35.5784665,129.3049944,146.1706843
,1163560.0000000,1732880.0000000,35.5784649,129.3051047,145.4420451
,1163570.0000000,1732880.0000000,35.5784632,129.3052151,144.8270459
,1163580.0000000,1732880.0000000,35.5784616,129.3053254,145.4139873
,1163590.0000000,1732880.0000000,35.5784599,129.3054357,147.0043696
,1163600.0000000,1732880.0000000,35.5784582,129.3055460,146.9622459
,1163610.0000000,1732880.0000000,35.5784566,129.3056563,148.8555926
,1163620.0000000,1732880.0000000,35.5784549,129.3057666,152.9852119
,1163630.0000000,1732880.0000000,35.5784533,129.3058769,156.8967239
,1163640.0000000,1732880.0000000,35.5784516,129.3059873,160.9199767
,1163650.0000000,1732880.0000000,35.5784500,129.3060976,158.8425228
,1163660.0000000,1732880.0000000,35.5784483,129.3062079,156.6099510
,1163670.0000000,1732880.0000000,35.5784467,129.3063182,154.2220746
,1163680.0000000,1732880.0000000,35.5784450,129.3064285,151.4156430
,1163690.0000000,1732880.0000000,35.5784434,129.3065388,147.3547861
,1163700.0000000,1732880.0000000,35.5784417,129.3066491,147.0901275
,1163710.0000000,1732880.0000000,35.5784401,129.3067595,147.2827461
,1163720.0000000,1732880.0000000,35.5784384,129.3068698,147.2779477
,1163730.0000000,1732880.0000000,35.5784368,129.3069801,145.3889249
,1163740.0000000,1732880.0000000,35.5784351,129.3070904,144.5891394
,1163750.0000000,1732880.0000000,35.5784334,129.3072007,144.2970244
,1163760.0000000,1732880.0000000,35.5784318,129.3073110,142.7716323
,1163770.0000000,1732880.0000000,35.5784301,129.3074213,141.3803570
,1163780.0000000,1732880.0000000,35.5784285,129.3075317,140.9314883
,1163790.0000000,1732880.0000000,35.5784268,129.3076420,140.2894567
,1163800.0000000,1732880.0000000,35.5784252,129.3077523,139.6497587
,1163810.0000000,1732880.0000000,35.5784235,129.3078626,144.6296090
,1163820.0000000,1732880.0000000,35.5784219,129.3079729,149.7148448
,1163830.0000000,1732880.0000000,35.5784202,129.3080832,150.9159538
,1163840.0000000,1732880.0000000,35.5784186,129.3081935,151.5164057
,1163850.0000000,1732880.0000000,35.5784169,129.3083039,151.7459246
,1163860.0000000,1732880.0000000,35.5784152,129.3084142,151.5021078
,1163870.0000000,1732880.0000000,35.5784136,129.3085245,152.3245302
,1163880.0000000,1732880.0000000,35.5784119,129.3086348,154.6254484
,1163890.0000000,1732880.0000000,35.5784103,129.3087451,156.0918336
,1163900.0000000,1732880.0000000,35.5784086,129.3088554,156.5502593
,1163910.0000000,1732880.0000000,35.5784070,129.3089657,157.2702407
,1163920.0000000,1732880.0000000,35.5784053,129.3090761,159.4932195
,1163930.0000000,1732880.0000000,35.5784036,129.3091864,161.1153746
,1163940.0000000,1732880.0000000,35.5784020,129.3092967,161.4877716
,1163950.0000000,1732880.0000000,35.5784003,129.3094070,161.2809458
,1163960.0000000,1732880.0000000,35.5783987,129.3095173,160.9950898
,1163970.0000000,1732880.0000000,35.5783970,129.3096276,161.4465043
,1163980.0000000,1732880.0000000,35.5783954,129.3097379,161.5282608
,1163990.0000000,1732880.0000000,35.5783937,129.3098483,161.5617007
,1164000.0000000,1732880.0000000,35.5783921,129.3099586,161.2567211
,1164000.0000000,1732890.0000000,35.5784822,129.3099606,157.3970690
,1163990.0000000,1732890.0000000,35.5784838,129.3098503,159.5581493
,1163980.0000000,1732890.0000000,35.5784855,129.3097400,159.4002439
,1163970.0000000,1732890.0000000,35.5784871,129.3096297,159.9078924
,1163960.0000000,1732890.0000000,35.5784888,129.3095193,160.7211663
,1163950.0000000,1732890.0000000,35.5784905,129.3094090,161.4740222
,1163940.0000000,1732890.0000000,35.5784921,129.3092987,161.3894293
,1163930.0000000,1732890.0000000,35.5784938,129.3091884,160.6428390
,1163920.0000000,1732890.0000000,35.5784954,129.3090781,158.3695574
,1163910.0000000,1732890.0000000,35.5784971,129.3089678,156.5162588
,1163900.0000000,1732890.0000000,35.5784987,129.3088575,155.8719802
,1163890.0000000,1732890.0000000,35.5785004,129.3087471,154.8367457
,1163880.0000000,1732890.0000000,35.5785020,129.3086368,152.8350321
,1163870.0000000,1732890.0000000,35.5785037,129.3085265,151.7816801
,1163860.0000000,1732890.0000000,35.5785054,129.3084162,151.5358470
,1163850.0000000,1732890.0000000,35.5785070,129.3083059,151.3375849
,1163840.0000000,1732890.0000000,35.5785087,129.3081956,150.9396779
,1163830.0000000,1732890.0000000,35.5785103,129.3080853,149.8429953
,1163820.0000000,1732890.0000000,35.5785120,129.3079749,148.8363668
,1163810.0000000,1732890.0000000,35.5785136,129.3078646,141.1996412
,1163800.0000000,1732890.0000000,35.5785153,129.3077543,139.0886859
,1163790.0000000,1732890.0000000,35.5785169,129.3076440,139.7382034
,1163780.0000000,1732890.0000000,35.5785186,129.3075337,140.7991135
,1163770.0000000,1732890.0000000,35.5785203,129.3074234,141.4611077
,1163760.0000000,1732890.0000000,35.5785219,129.3073131,142.5567824
,1163750.0000000,1732890.0000000,35.5785236,129.3072027,145.3229513
,1163740.0000000,1732890.0000000,35.5785252,129.3070924,145.5847836
,1163730.0000000,1732890.0000000,35.5785269,129.3069821,144.3767550
,1163720.0000000,1732890.0000000,35.5785285,129.3068718,146.7316620
,1163710.0000000,1732890.0000000,35.5785302,129.3067615,147.7258813
,1163700.0000000,1732890.0000000,35.5785318,129.3066512,147.2073879
,1163690.0000000,1732890.0000000,35.5785335,129.3065409,150.0777876
,1163680.0000000,1732890.0000000,35.5785351,129.3064305,153.3296039
,1163670.0000000,1732890.0000000,35.5785368,129.3063202,156.7788122
,1163660.0000000,1732890.0000000,35.5785385,129.3062099,159.8529596
,1163650.0000000,1732890.0000000,35.5785401,129.3060996,160.3542468
,1163640.0000000,1732890.0000000,35.5785418,129.3059893,161.1941321
,1163630.0000000,1732890.0000000,35.5785434,129.3058790,156.9687323
,1163620.0000000,1732890.0000000,35.5785451,129.3057687,154.4160236
,1163610.0000000,1732890.0000000,35.5785467,129.3056583,150.9072177
,1163600.0000000,1732890.0000000,35.5785484,129.3055480,147.3103761
,1163590.0000000,1732890.0000000,35.5785500,129.3054377,146.7312535
,1163580.0000000,1732890.0000000,35.5785517,129.3053274,144.3075765
,1163570.0000000,1732890.0000000,35.5785533,129.3052171,142.6192986
,1163560.0000000,1732890.0000000,35.5785550,129.3051068,143.1341928
,1163550.0000000,1732890.0000000,35.5785566,129.3049965,144.4980306
,1163540.0000000,1732890.0000000,35.5785583,129.3048861,145.6468497
,1163530.0000000,1732890.0000000,35.5785599,129.3047758,145.3300982
,1163520.0000000,1732890.0000000,35.5785616,129.3046655,144.0621595
,1163510.0000000,1732890.0000000,35.5785632,129.3045552,142.8020394
,1163500.0000000,1732890.0000000,35.5785649,129.3044449,143.2028648
,1163490.0000000,1732890.0000000,35.5785665,129.3043346,144.4679796
,1163480.0000000,1732890.0000000,35.5785682,129.3042243,146.1613963
,1163470.0000000,1732890.0000000,35.5785698,129.3041139,146.5766217
,1163460.0000000,1732890.0000000,35.5785715,129.3040036,146.8114063
,1163450.0000000,1732890.0000000,35.5785732,129.3038933,146.2159244
,1163440.0000000,1732890.0000000,35.5785748,129.3037830,145.7585629
,1163430.0000000,1732890.0000000,35.5785765,129.3036727,145.5650355
,1163420.0000000,1732890.0000000,35.5785781,129.3035624,145.6163445
,1163410.0000000,1732890.0000000,35.5785798,129.3034521,146.0309511
,1163400.0000000,1732890.0000000,35.5785814,129.3033417,145.8506257
,1163390.0000000,1732890.0000000,35.5785831,129.3032314,146.3744187
,1163380.0000000,1732890.0000000,35.5785847,129.3031211,145.1966473
,1163370.0000000,1732890.0000000,35.5785864,129.3030108,143.0994169
,1163360.0000000,1732890.0000000,35.5785880,129.3029005,141.4241449
,1163350.0000000,1732890.0000000,35.5785897,129.3027902,138.5644410
,1163340.0000000,1732890.0000000,35.5785913,129.3026798,136.0895133
,1163330.0000000,1732890.0000000,35.5785930,129.3025695,134.7416936
,1163320.0000000,1732890.0000000,35.5785946,129.3024592,131.5032200
,1163310.0000000,1732890.0000000,35.5785963,129.3023489,128.4520530
,1163300.0000000,1732890.0000000,35.5785979,129.3022386,126.5066991
,1163290.0000000,1732890.0000000,35.5785996,129.3021283,125.0183969
,1163280.0000000,1732890.0000000,35.5786012,129.3020180,121.7647636
,1163270.0000000,1732890.0000000,35.5786029,129.3019076,120.4663831
,1163260.0000000,1732890.0000000,35.5786045,129.3017973,117.9122537
,1163250.0000000,1732890.0000000,35.5786062,129.3016870,115.9880536
,1163240.0000000,1732890.0000000,35.5786078,129.3015767,114.4690084
,1163230.0000000,1732890.0000000,35.5786095,129.3014664,111.5688486
,1163220.0000000,1732890.0000000,35.5786111,129.3013561,110.8186773
,1163210.0000000,1732890.0000000,35.5786128,129.3012458,108.4016618
,1163200.0000000,1732890.0000000,35.5786144,129.3011354,106.9211015
,1163190.0000000,1732890.0000000,35.5786161,129.3010251,106.4435056
,1163180.0000000,1732890.0000000,35.5786177,129.3009148,105.6072731
,1163170.0000000,1732890.0000000,35.5786194,129.3008045,101.9713908
,1163160.0000000,1732890.0000000,35.5786210,129.3006942,100.8064059
,1163150.0000000,1732890.0000000,35.5786226,129.3005839,98.7941622
,1163140.0000000,1732890.0000000,35.5786243,129.3004735,98.0744715
,1163130.0000000,1732890.0000000,35.5786259,129.3003632,97.5204083
,1163120.0000000,1732890.0000000,35.5786276,129.3002529,98.4470696
,1163110.0000000,1732890.0000000,35.5786292,129.3001426,98.5772202
,1163100.0000000,1732890.0000000,35.5786309,129.3000323,101.1816977
,1163090.0000000,1732890.0000000,35.5786325,129.2999220,101.6264063
,1163080.0000000,1732890.0000000,35.5786342,129.2998117,103.4916437
,1163070.0000000,1732890.0000000,35.5786358,129.2997013,99.6225544
,1163060.0000000,1732890.0000000,35.5786375,129.2995910,95.3076078
,1163050.0000000,1732890.0000000,35.5786391,129.2994807,95.7832697
,1163040.0000000,1732890.0000000,35.5786408,129.2993704,96.9373633
,1163030.0000000,1732890.0000000,35.5786424,129.2992601,99.8858102
,1163020.0000000,1732890.0000000,35.5786441,129.2991498,101.1760954
,1163010.0000000,1732890.0000000,35.5786457,129.2990395,102.5808891
,1163000.0000000,1732890.0000000,35.5786474,129.2989291,101.4095850
,1163000.0000000,1732900.0000000,35.5787375,129.2989312,100.6850693
,1163010.0000000,1732900.0000000,35.5787358,129.2990415,101.0146639
,1163020.0000000,1732900.0000000,35.5787342,129.2991518,100.6657809
,1163030.0000000,1732900.0000000,35.5787325,129.2992621,96.7000157
,1163040.0000000,1732900.0000000,35.5787309,129.2993724,94.1601305
,1163050.0000000,1732900.0000000,35.5787292,129.2994827,92.9269886
,1163060.0000000,1732900.0000000,35.5787276,129.2995930,93.8897643
,1163070.0000000,1732900.0000000,35.5787260,129.2997034,98.2469955
,1163080.0000000,1732900.0000000,35.5787243,129.2998137,101.1418900
,1163090.0000000,1732900.0000000,35.5787227,129.2999240,100.8685897
,1163100.0000000,1732900.0000000,35.5787210,129.3000343,102.0161839
,1163110.0000000,1732900.0000000,35.5787194,129.3001446,99.8748927
,1163120.0000000,1732900.0000000,35.5787177,129.3002549,99.3227127
,1163130.0000000,1732900.0000000,35.5787161,129.3003653,99.2347452
,1163140.0000000,1732900.0000000,35.5787144,129.3004756,100.4138901
,1163150.0000000,1732900.0000000,35.5787128,129.3005859,101.4996303
,1163160.0000000,1732900.0000000,35.5787111,129.3006962,102.1856592
,1163170.0000000,1732900.0000000,35.5787095,129.3008065,104.9021354
,1163180.0000000,1732900.0000000,35.5787078,129.3009168,106.7898022
,1163190.0000000,1732900.0000000,35.5787062,129.3010271,108.8659753
,1163200.0000000,1732900.0000000,35.5787045,129.3011375,109.7567584
,1163210.0000000,1732900.0000000,35.5787029,129.3012478,110.9248961
,1163220.0000000,1732900.0000000,35.5787012,129.3013581,111.6500538
,1163230.0000000,1732900.0000000,35.5786996,129.3014684,113.6868286
,1163240.0000000,1732900.0000000,35.5786979,129.3015787,116.3318347
,1163250.0000000,1732900.0000000,35.5786963,129.3016890,116.2273503
,1163260.0000000,1732900.0000000,35.5786946,129.3017993,119.0544617
,1163270.0000000,1732900.0000000,35.5786930,129.3019097,121.2123933
,1163280.0000000,1732900.0000000,35.5786913,129.3020200,122.4251709
,1163290.0000000,1732900.0000000,35.5786897,129.3021303,125.7785811
,1163300.0000000,1732900.0000000,35.5786880,129.3022406,126.8089847
,1163310.0000000,1732900.0000000,35.5786864,129.3023509,129.4495111
,1163320.0000000,1732900.0000000,35.5786847,129.3024612,131.8970626
,1163330.0000000,1732900.0000000,35.5786831,129.3025716,135.4591185
,1163340.0000000,1732900.0000000,35.5786814,129.3026819,136.9777162
,1163350.0000000,1732900.0000000,35.5786798,129.3027922,140.9520791
,1163360.0000000,1732900.0000000,35.5786781,129.3029025,142.9068443
,1163370.0000000,1732900.0000000,35.5786765,129.3030128,145.4318995
,1163380.0000000,1732900.0000000,35.5786748,129.3031231,146.3835023
,1163390.0000000,1732900.0000000,35.5786732,129.3032334,146.3091334
,1163400.0000000,1732900.0000000,35.5786715,129.3033438,145.8420305
,1163410.0000000,1732900.0000000,35.5786699,129.3034541,145.3113792
,1163420.0000000,1732900.0000000,35.5786682,129.3035644,145.5734205
,1163430.0000000,1732900.0000000,35.5786666,129.3036747,146.2508528
,1163440.0000000,1732900.0000000,35.5786649,129.3037850,145.5201721
,1163450.0000000,1732900.0000000,35.5786633,129.3038953,144.5650064
,1163460.0000000,1732900.0000000,35.5786616,129.3040056,143.1072047
,1163470.0000000,1732900.0000000,35.5786600,129.3041160,143.1666121
,1163480.0000000,1732900.0000000,35.5786583,129.3042263,141.6248076
,1163490.0000000,1732900.0000000,35.5786567,129.3043366,141.4275727
,1163500.0000000,1732900.0000000,35.5786550,129.3044469,140.8424793
,1163510.0000000,1732900.0000000,35.5786534,129.3045572,141.2127886
,1163520.0000000,1732900.0000000,35.5786517,129.3046675,141.5953733
,1163530.0000000,1732900.0000000,35.5786501,129.3047778,142.0524895
,1163540.0000000,1732900.0000000,35.5786484,129.3048882,142.2750297
,1163550.0000000,1732900.0000000,35.5786468,129.3049985,141.7189047
,1163560.0000000,1732900.0000000,35.5786451,129.3051088,141.6428453
,1163570.0000000,1732900.0000000,35.5786434,129.3052191,141.8033697
,1163580.0000000,1732900.0000000,35.5786418,129.3053294,143.1629559
,1163590.0000000,1732900.0000000,35.5786401,129.3054397,146.3671719
,1163600.0000000,1732900.0000000,35.5786385,129.3055501,148.4755508
,1163610.0000000,1732900.0000000,35.5786368,129.3056604,151.4631535
,1163620.0000000,1732900.0000000,35.5786352,129.3057707,154.2145756
,1163630.0000000,1732900.0000000,35.5786335,129.3058810,156.4782767
,1163640.0000000,1732900.0000000,35.5786319,129.3059913,157.4379094
,1163650.0000000,1732900.0000000,35.5786302,129.3061016,159.7287675
,1163660.0000000,1732900.0000000,35.5786286,129.3062119,161.4977397
,1163670.0000000,1732900.0000000,35.5786269,129.3063223,157.5790144
,1163680.0000000,1732900.0000000,35.5786253,129.3064326,156.1103817
,1163690.0000000,1732900.0000000,35.5786236,129.3065429,152.0764627
,1163700.0000000,1732900.0000000,35.5786220,129.3066532,151.4484654
,1163710.0000000,1732900.0000000,35.5786203,129.3067635,146.5501200
,1163720.0000000,1732900.0000000,35.5786186,129.3068738,146.2694926
,1163730.0000000,1732900.0000000,35.5786170,129.3069841,143.1583558
,1163740.0000000,1732900.0000000,35.5786153,129.3070945,142.9801371
,1163750.0000000,1732900.0000000,35.5786137,129.3072048,142.1893897
,1163760.0000000,1732900.0000000,35.5786120,129.3073151,141.6402979
,1163770.0000000,1732900.0000000,35.5786104,129.3074254,143.2247394
,1163780.0000000,1732900.0000000,35.5786087,129.3075357,140.7244473
,1163790.0000000,1732900.0000000,35.5786071,129.3076460,139.4913590
,1163800.0000000,1732900.0000000,35.5786054,129.3077563,139.1632179
,1163810.0000000,1732900.0000000,35.5786038,129.3078667,139.9782917
,1163820.0000000,1732900.0000000,35.5786021,129.3079770,147.0521694
,1163830.0000000,1732900.0000000,35.5786004,129.3080873,148.4206724
,1163840.0000000,1732900.0000000,35.5785988,129.3081976,150.2371269
,1163850.0000000,1732900.0000000,35.5785971,129.3083079,150.9263545
,1163860.0000000,1732900.0000000,35.5785955,129.3084182,151.3679306
,1163870.0000000,1732900.0000000,35.5785938,129.3085285,151.5000000
,1163880.0000000,1732900.0000000,35.5785922,129.3086389,151.5691801
,1163890.0000000,1732900.0000000,35.5785905,129.3087492,152.6552877
,1163900.0000000,1732900.0000000,35.5785889,129.3088595,154.4556871
,1163910.0000000,1732900.0000000,35.5785872,129.3089698,156.0480806
,1163920.0000000,1732900.0000000,35.5785855,129.3090801,157.2460266
,1163930.0000000,1732900.0000000,35.5785839,129.3091904,159.3155526
,1163940.0000000,1732900.0000000,35.5785822,129.3093007,160.0210546
,1163950.0000000,1732900.0000000,35.5785806,129.3094111,159.6372132
,1163960.0000000,1732900.0000000,35.5785789,129.3095214,157.7771316
,1163970.0000000,1732900.0000000,35.5785773,129.3096317,156.9016094
,1163980.0000000,1732900.0000000,35.5785756,129.3097420,156.9616994
,1163990.0000000,1732900.0000000,35.5785740,129.3098523,156.3480620
,1164000.0000000,1732900.0000000,35.5785723,129.3099626,155.3852951
,1164000.0000000,1732910.0000000,35.5786624,129.3099647,152.9993763
,1163990.0000000,1732910.0000000,35.5786641,129.3098543,156.2957106
,1163980.0000000,1732910.0000000,35.5786657,129.3097440,156.2506236
,1163970.0000000,1732910.0000000,35.5786674,129.3096337,156.1226758
,1163960.0000000,1732910.0000000,35.5786690,129.3095234,156.3160136
,1163950.0000000,1732910.0000000,35.5786707,129.3094131,156.9647009
,1163940.0000000,1732910.0000000,35.5786724,129.3093028,157.8912286
,1163930.0000000,1732910.0000000,35.5786740,129.3091925,157.4314701
,1163920.0000000,1732910.0000000,35.5786757,129.3090821,155.9508275
,1163910.0000000,1732910.0000000,35.5786773,129.3089718,156.3016657
,1163900.0000000,1732910.0000000,35.5786790,129.3088615,153.3195919
,1163890.0000000,1732910.0000000,35.5786806,129.3087512,151.6920781
,1163880.0000000,1732910.0000000,35.5786823,129.3086409,151.5128656
,1163870.0000000,1732910.0000000,35.5786839,129.3085306,151.2656850
,1163860.0000000,1732910.0000000,35.5786856,129.3084203,150.3953414
,1163850.0000000,1732910.0000000,35.5786873,129.3083099,149.2371763
,1163840.0000000,1732910.0000000,35.5786889,129.3081996,147.4084457
,1163830.0000000,1732910.0000000,35.5786906,129.3080893,146.3989853
,1163820.0000000,1732910.0000000,35.5786922,129.3079790,144.1632256
,1163810.0000000,1732910.0000000,35.5786939,129.3078687,140.9582542
,1163800.0000000,1732910.0000000,35.5786955,129.3077584,139.6316663
,1163790.0000000,1732910.0000000,35.5786972,129.3076481,139.8111595
,1163780.0000000,1732910.0000000,35.5786988,129.3075377,143.6898249
,1163770.0000000,1732910.0000000,35.5787005,129.3074274,139.8369802
,1163760.0000000,1732910.0000000,35.5787022,129.3073171,140.3856158
,1163750.0000000,1732910.0000000,35.5787038,129.3072068,141.4510361
,1163740.0000000,1732910.0000000,35.5787055,129.3070965,141.8843814
,1163730.0000000,1732910.0000000,35.5787071,129.3069862,141.6919004
,1163720.0000000,1732910.0000000,35.5787088,129.3068759,145.0474854
,1163710.0000000,1732910.0000000,35.5787104,129.3067655,147.7349878
,1163700.0000000,1732910.0000000,35.5787121,129.3066552,151.4595418
,1163690.0000000,1732910.0000000,35.5787137,129.3065449,155.8074652
,1163680.0000000,1732910.0000000,35.5787154,129.3064346,156.3162347
,1163670.0000000,1732910.0000000,35.5787170,129.3063243,158.0008216
,1163660.0000000,1732910.0000000,35.5787187,129.3062140,157.4252826
,1163650.0000000,1732910.0000000,35.5787203,129.3061036,156.9324351
,1163640.0000000,1732910.0000000,35.5787220,129.3059933,155.6970864
,1163630.0000000,1732910.0000000,35.5787237,129.3058830,153.6065356
,1163620.0000000,1732910.0000000,35.5787253,129.3057727,152.1476935
,1163610.0000000,1732910.0000000,35.5787270,129.3056624,151.3740192
,1163600.0000000,1732910.0000000,35.5787286,129.3055521,149.2707688
,1163590.0000000,1732910.0000000,35.5787303,129.3054418,145.9176163
,1163580.0000000,1732910.0000000,35.5787319,129.3053314,142.5252918
,1163570.0000000,1732910.0000000,35.5787336,129.3052211,141.5167793
,1163560.0000000,1732910.0000000,35.5787352,129.3051108,141.5000000
,1163550.0000000,1732910.0000000,35.5787369,129.3050005,141.5000000
,1163540.0000000,1732910.0000000,35.5787385,129.3048902,141.5306370
,1163530.0000000,1732910.0000000,35.5787402,129.3047799,141.4644533
,1163520.0000000,1732910.0000000,35.5787418,129.3046696,140.1665176
,1163510.0000000,1732910.0000000,35.5787435,129.3045592,137.7335720
,1163500.0000000,1732910.0000000,35.5787451,129.3044489,136.7352241
,1163490.0000000,1732910.0000000,35.5787468,129.3043386,137.1052883
,1163480.0000000,1732910.0000000,35.5787484,129.3042283,138.8514484
,1163470.0000000,1732910.0000000,35.5787501,129.3041180,140.6135602
,1163460.0000000,1732910.0000000,35.5787517,129.3040077,142.0874921
,1163450.0000000,1732910.0000000,35.5787534,129.3038974,142.5100463
,1163440.0000000,1732910.0000000,35.5787550,129.3037870,142.4198126
,1163430.0000000,1732910.0000000,35.5787567,129.3036767,141.6780666
,1163420.0000000,1732910.0000000,35.5787583,129.3035664,144.0025081
,1163410.0000000,1732910.0000000,35.5787600,129.3034561,145.7840363
,1163400.0000000,1732910.0000000,35.5787616,129.3033458,145.2263588
,1163390.0000000,1732910.0000000,35.5787633,129.3032355,146.0859441
,1163380.0000000,1732910.0000000,35.5787650,129.3031251,146.4652265
,1163370.0000000,1732910.0000000,35.5787666,129.3030148,146.4472827
,1163360.0000000,1732910.0000000,35.5787683,129.3029045,143.8514354
,1163350.0000000,1732910.0000000,35.5787699,129.3027942,141.3969242
,1163340.0000000,1732910.0000000,35.5787716,129.3026839,138.0195994
,1163330.0000000,1732910.0000000,35.5787732,129.3025736,135.9535289
,1163320.0000000,1732910.0000000,35.5787749,129.3024633,132.0813377
,1163310.0000000,1732910.0000000,35.5787765,129.3023529,129.5698057
,1163300.0000000,1732910.0000000,35.5787782,129.3022426,126.5089059
,1163290.0000000,1732910.0000000,35.5787798,129.3021323,124.7151650
,1163280.0000000,1732910.0000000,35.5787815,129.3020220,121.5285631
,1163270.0000000,1732910.0000000,35.5787831,129.3019117,120.2458917
,1163260.0000000,1732910.0000000,35.5787848,129.3018014,117.9800289
,1163250.0000000,1732910.0000000,35.5787864,129.3016911,116.7289459
,1163240.0000000,1732910.0000000,35.5787881,129.3015807,116.3420894
,1163230.0000000,1732910.0000000,35.5787897,129.3014704,115.9919818
,1163220.0000000,1732910.0000000,35.5787913,129.3013601,114.1981440
,1163210.0000000,1732910.0000000,35.5787930,129.3012498,112.5384812
,1163200.0000000,1732910.0000000,35.5787946,129.3011395,111.5457125
,1163190.0000000,1732910.0000000,35.5787963,129.3010292,111.0538939
,1163180.0000000,1732910.0000000,35.5787979,129.3009188,108.6342083
,1163170.0000000,1732910.0000000,35.5787996,129.3008085,106.5317012
,1163160.0000000,1732910.0000000,35.5788012,129.3006982,105.4434360
,1163150.0000000,1732910.0000000,35.5788029,129.3005879,102.7560889
,1163140.0000000,1732910.0000000,35.5788045,129.3004776,101.8022107
,1163130.0000000,1732910.0000000,35.5788062,129.3003673,100.2995881
,1163120.0000000,1732910.0000000,35.5788078,129.3002570,98.8355900
,1163110.0000000,1732910.0000000,35.5788095,129.3001466,98.2022700
,1163100.0000000,1732910.0000000,35.5788111,129.3000363,101.0934084
,1163090.0000000,1732910.0000000,35.5788128,129.2999260,99.0222885
,1163080.0000000,1732910.0000000,35.5788144,129.2998157,97.1101974
,1163070.0000000,1732910.0000000,35.5788161,129.2997054,96.1036986
,1163060.0000000,1732910.0000000,35.5788177,129.2995951,93.0964000
,1163050.0000000,1732910.0000000,35.5788194,129.2994847,91.6199228
,1163040.0000000,1732910.0000000,35.5788210,129.2993744,91.5601832
,1163030.0000000,1732910.0000000,35.5788227,129.2992641,96.3111056
,1163020.0000000,1732910.0000000,35.5788243,129.2991538,96.8940656
,1163010.0000000,1732910.0000000,35.5788260,129.2990435,98.2911711
,1163000.0000000,1732910.0000000,35.5788276,129.2989332,97.7152796
,1163000.0000000,1732920.0000000,35.5789177,129.2989352,95.9163427
,1163010.0000000,1732920.0000000,35.5789161,129.2990455,95.9345708
,1163020.0000000,1732920.0000000,35.5789144,129.2991558,96.1210033
,1163030.0000000,1732920.0000000,35.5789128,129.2992661,93.4012897
,1163040.0000000,1732920.0000000,35.5789111,129.2993764,91.6175799
,1163050.0000000,1732920.0000000,35.5789095,129.2994868,91.8468820
,1163060.0000000,1732920.0000000,35.5789078,129.2995971,92.2024557
,1163070.0000000,1732920.0000000,35.5789062,129.2997074,92.3001922
,1163080.0000000,1732920.0000000,35.5789045,129.2998177,93.5174055
,1163090.0000000,1732920.0000000,35.5789029,129.2999280,94.8722629
,1163100.0000000,1732920.0000000,35.5789013,129.3000383,96.4773306
,1163110.0000000,1732920.0000000,35.5788996,129.3001487,96.0612348
,1163120.0000000,1732920.0000000,35.5788980,129.3002590,98.1644256
,1163130.0000000,1732920.0000000,35.5788963,129.3003693,101.7941746
,1163140.0000000,1732920.0000000,35.5788947,129.3004796,102.8719303
,1163150.0000000,1732920.0000000,35.5788930,129.3005899,104.0503377
,1163160.0000000,1732920.0000000,35.5788914,129.3007002,106.2094950
,1163170.0000000,1732920.0000000,35.5788897,129.3008105,106.9912907
,1163180.0000000,1732920.0000000,35.5788881,129.3009209,110.6095391
,1163190.0000000,1732920.0000000,35.5788864,129.3010312,111.3047176
,1163200.0000000,1732920.0000000,35.5788848,129.3011415,112.5453426
,1163210.0000000,1732920.0000000,35.5788831,129.3012518,115.5607211
,1163220.0000000,1732920.0000000,35.5788815,129.3013621,116.3595491
,1163230.0000000,1732920.0000000,35.5788798,129.3014724,116.2799260
,1163240.0000000,1732920.0000000,35.5788782,129.3015828,116.5000000
,1163250.0000000,1732920.0000000,35.5788765,129.3016931,116.5000000
,1163260.0000000,1732920.0000000,35.5788749,129.3018034,116.5229447
,1163270.0000000,1732920.0000000,35.5788732,129.3019137,116.7539167
,1163280.0000000,1732920.0000000,35.5788716,129.3020240,119.6422603
,1163290.0000000,1732920.0000000,35.5788699,129.3021343,121.8618435
,1163300.0000000,1732920.0000000,35.5788683,129.3022446,125.9464549
,1163310.0000000,1732920.0000000,35.5788666,129.3023550,128.8391602
,1163320.0000000,1732920.0000000,35.5788650,129.3024653,131.7786847
,1163330.0000000,1732920.0000000,35.5788633,129.3025756,135.9102127
,1163340.0000000,1732920.0000000,35.5788617,129.3026859,137.6888110
,1163350.0000000,1732920.0000000,35.5788600,129.3027962,141.4227240
,1163360.0000000,1732920.0000000,35.5788584,129.3029065,144.0804998
,1163370.0000000,1732920.0000000,35.5788567,129.3030169,146.2265305
,1163380.0000000,1732920.0000000,35.5788551,129.3031272,146.1993792
,1163390.0000000,1732920.0000000,35.5788534,129.3032375,145.1563513
,1163400.0000000,1732920.0000000,35.5788518,129.3033478,145.1177708
,1163410.0000000,1732920.0000000,35.5788501,129.3034581,142.3079775
,1163420.0000000,1732920.0000000,35.5788485,129.3035684,141.2984407
,1163430.0000000,1732920.0000000,35.5788468,129.3036787,139.8453457
,1163440.0000000,1732920.0000000,35.5788452,129.3037891,138.6333232
,1163450.0000000,1732920.0000000,35.5788435,129.3038994,138.3104597
,1163460.0000000,1732920.0000000,35.5788419,129.3040097,137.2946435
,1163470.0000000,1732920.0000000,35.5788402,129.3041200,136.2856797
,1163480.0000000,1732920.0000000,35.5788386,129.3042303,136.0216440
,1163490.0000000,1732920.0000000,35.5788369,129.3043406,135.2188669
,1163500.0000000,1732920.0000000,35.5788353,129.3044509,134.8668138
,1163510.0000000,1732920.0000000,35.5788336,129.3045613,136.1998228
,1163520.0000000,1732920.0000000,35.5788320,129.3046716,137.4861196
,1163530.0000000,1732920.0000000,35.5788303,129.3047819,140.0850443
,1163540.0000000,1732920.0000000,35.5788286,129.3048922,141.0894085
,1163550.0000000,1732920.0000000,35.5788270,129.3050025,141.5000000
,1163560.0000000,1732920.0000000,35.5788253,129.3051128,141.5000000
,1163570.0000000,1732920.0000000,35.5788237,129.3052232,141.8220589
,1163580.0000000,1732920.0000000,35.5788220,129.3053335,142.5145817
,1163590.0000000,1732920.0000000,35.5788204,129.3054438,146.4549733
,1163600.0000000,1732920.0000000,35.5788187,129.3055541,148.5229927
,1163610.0000000,1732920.0000000,35.5788171,129.3056644,151.1851770
,1163620.0000000,1732920.0000000,35.5788154,129.3057747,150.8664339
,1163630.0000000,1732920.0000000,35.5788138,129.3058850,151.1116148
,1163640.0000000,1732920.0000000,35.5788121,129.3059954,151.5032542
,1163650.0000000,1732920.0000000,35.5788105,129.3061057,153.1345694
,1163660.0000000,1732920.0000000,35.5788088,129.3062160,155.4400456
,1163670.0000000,1732920.0000000,35.5788072,129.3063263,156.0077631
,1163680.0000000,1732920.0000000,35.5788055,129.3064366,156.0462444
,1163690.0000000,1732920.0000000,35.5788039,129.3065469,155.8469980
,1163700.0000000,1732920.0000000,35.5788022,129.3066572,151.7100073
,1163710.0000000,1732920.0000000,35.5788005,129.3067676,146.9301285
,1163720.0000000,1732920.0000000,35.5787989,129.3068779,142.9583011
,1163730.0000000,1732920.0000000,35.5787972,129.3069882,141.9416568
,1163740.0000000,1732920.0000000,35.5787956,129.3070985,141.4961250
,1163750.0000000,1732920.0000000,35.5787939,129.3072088,140.5090543
,1163760.0000000,1732920.0000000,35.5787923,129.3073191,137.4397908
,1163770.0000000,1732920.0000000,35.5787906,129.3074295,136.5000000
,1163780.0000000,1732920.0000000,35.5787890,129.3075398,136.6981810
,1163790.0000000,1732920.0000000,35.5787873,129.3076501,139.2006231
,1163800.0000000,1732920.0000000,35.5787857,129.3077604,145.0993307
,1163810.0000000,1732920.0000000,35.5787840,129.3078707,140.4308867
,1163820.0000000,1732920.0000000,35.5787823,129.3079810,142.7597908
,1163830.0000000,1732920.0000000,35.5787807,129.3080913,144.8437114
,1163840.0000000,1732920.0000000,35.5787790,129.3082017,146.2499017
,1163850.0000000,1732920.0000000,35.5787774,129.3083120,146.5698885
,1163860.0000000,1732920.0000000,35.5787757,129.3084223,148.5449855
,1163870.0000000,1732920.0000000,35.5787741,129.3085326,150.5361561
,1163880.0000000,1732920.0000000,35.5787724,129.3086429,151.3771232
,1163890.0000000,1732920.0000000,35.5787708,129.3087532,151.7361081
,1163900.0000000,1732920.0000000,35.5787691,129.3088635,152.7310398
,1163910.0000000,1732920.0000000,35.5787674,129.3089739,156.2852781
,1163920.0000000,1732920.0000000,35.5787658,129.3090842,156.5000000
,1163930.0000000,1732920.0000000,35.5787641,129.3091945,156.5000000
,1163940.0000000,1732920.0000000,35.5787625,129.3093048,156.2209512
,1163950.0000000,1732920.0000000,35.5787608,129.3094151,156.2853978
,1163960.0000000,1732920.0000000,35.5787592,129.3095254,154.9525835
,1163970.0000000,1732920.0000000,35.5787575,129.3096357,153.3873660
,1163980.0000000,1732920.0000000,35.5787558,129.3097461,153.2370873
,1163990.0000000,1732920.0000000,35.5787542,129.3098564,152.2116941
,1164000.0000000,1732920.0000000,35.5787525,129.3099667,151.6128122
,1164000.0000000,1732930.0000000,35.5788427,129.3099687,151.5000000
,1163990.0000000,1732930.0000000,35.5788443,129.3098584,151.5000000
,1163980.0000000,1732930.0000000,35.5788460,129.3097481,151.5000000
,1163970.0000000,1732930.0000000,35.5788476,129.3096378,151.6336362
,1163960.0000000,1732930.0000000,35.5788493,129.3095275,151.9658511
,1163950.0000000,1732930.0000000,35.5788509,129.3094171,154.4258149
,1163940.0000000,1732930.0000000,35.5788526,129.3093068,155.9887922
,1163930.0000000,1732930.0000000,35.5788543,129.3091965,156.5000000
,1163920.0000000,1732930.0000000,35.5788559,129.3090862,156.4711242
,1163910.0000000,1732930.0000000,35.5788576,129.3089759,156.3412473
,1163900.0000000,1732930.0000000,35.5788592,129.3088656,154.2858509
,1163890.0000000,1732930.0000000,35.5788609,129.3087553,151.5521528
,1163880.0000000,1732930.0000000,35.5788625,129.3086449,151.3245286
,1163870.0000000,1732930.0000000,35.5788642,129.3085346,149.7559557
,1163860.0000000,1732930.0000000,35.5788658,129.3084243,146.6320267
,1163850.0000000,1732930.0000000,35.5788675,129.3083140,146.1683544
,1163840.0000000,1732930.0000000,35.5788692,129.3082037,146.3034812
,1163830.0000000,1732930.0000000,35.5788708,129.3080934,144.0363586
,1163820.0000000,1732930.0000000,35.5788725,129.3079831,141.8346032
,1163810.0000000,1732930.0000000,35.5788741,129.3078727,140.0021970
,1163800.0000000,1732930.0000000,35.5788758,129.3077624,137.8664817
,1163790.0000000,1732930.0000000,35.5788774,129.3076521,136.8863037
,1163780.0000000,1732930.0000000,35.5788791,129.3075418,136.5000000
,1163770.0000000,1732930.0000000,35.5788807,129.3074315,136.5000000
,1163760.0000000,1732930.0000000,35.5788824,129.3073212,136.5000000
,1163750.0000000,1732930.0000000,35.5788840,129.3072108,137.9901028
,1163740.0000000,1732930.0000000,35.5788857,129.3071005,140.2179318
,1163730.0000000,1732930.0000000,35.5788874,129.3069902,141.2749334
,1163720.0000000,1732930.0000000,35.5788890,129.3068799,141.9683712
,1163710.0000000,1732930.0000000,35.5788907,129.3067696,145.4361611
,1163700.0000000,1732930.0000000,35.5788923,129.3066593,150.7368934
,1163690.0000000,1732930.0000000,35.5788940,129.3065490,153.5823469
,1163680.0000000,1732930.0000000,35.5788956,129.3064386,154.7725635
,1163670.0000000,1732930.0000000,35.5788973,129.3063283,152.0282393
,1163660.0000000,1732930.0000000,35.5788989,129.3062180,152.1752413
,1163650.0000000,1732930.0000000,35.5789006,129.3061077,151.1366213
,1163640.0000000,1732930.0000000,35.5789022,129.3059974,149.0881586
,1163630.0000000,1732930.0000000,35.5789039,129.3058871,146.9689838
,1163620.0000000,1732930.0000000,35.5789055,129.3057768,146.5698087
,1163610.0000000,1732930.0000000,35.5789072,129.3056664,146.8820912
,1163600.0000000,1732930.0000000,35.5789089,129.3055561,146.8306588
,1163590.0000000,1732930.0000000,35.5789105,129.3054458,146.4613976
,1163580.0000000,1732930.0000000,35.5789122,129.3053355,142.2686391
,1163570.0000000,1732930.0000000,35.5789138,129.3052252,141.9419525
,1163560.0000000,1732930.0000000,35.5789155,129.3051149,141.5000000
,1163550.0000000,1732930.0000000,35.5789171,129.3050045,140.2129501
,1163540.0000000,1732930.0000000,35.5789188,129.3048942,138.3873759
,1163530.0000000,1732930.0000000,35.5789204,129.3047839,136.8708112
,1163520.0000000,1732930.0000000,35.5789221,129.3046736,136.1750400
,1163510.0000000,1732930.0000000,35.5789237,129.3045633,132.9993039
,1163500.0000000,1732930.0000000,35.5789254,129.3044530,131.5060605
,1163490.0000000,1732930.0000000,35.5789270,129.3043427,131.6330810
,1163480.0000000,1732930.0000000,35.5789287,129.3042323,133.0196786
,1163470.0000000,1732930.0000000,35.5789303,129.3041220,135.3090370
,1163460.0000000,1732930.0000000,35.5789320,129.3040117,136.1299845
,1163450.0000000,1732930.0000000,35.5789336,129.3039014,136.1570087
,1163440.0000000,1732930.0000000,35.5789353,129.3037911,136.4346936
,1163430.0000000,1732930.0000000,35.5789369,129.3036808,136.5640349
,1163420.0000000,1732930.0000000,35.5789386,129.3035704,136.9672596
,1163410.0000000,1732930.0000000,35.5789402,129.3034601,138.7982842
,1163400.0000000,1732930.0000000,35.5789419,129.3033498,141.4914639
,1163390.0000000,1732930.0000000,35.5789435,129.3032395,145.6551629
,1163380.0000000,1732930.0000000,35.5789452,129.3031292,145.6328498
,1163370.0000000,1732930.0000000,35.5789468,129.3030189,145.4373413
,1163360.0000000,1732930.0000000,35.5789485,129.3029086,144.9528917
,1163350.0000000,1732930.0000000,35.5789501,129.3027982,141.6947369
,1163340.0000000,1732930.0000000,35.5789518,129.3026879,137.1868819
,1163330.0000000,1732930.0000000,35.5789534,129.3025776,134.7374759
,1163320.0000000,1732930.0000000,35.5789551,129.3024673,131.3144336
,1163310.0000000,1732930.0000000,35.5789567,129.3023570,127.1699561
,1163300.0000000,1732930.0000000,35.5789584,129.3022467,124.1962322
,1163290.0000000,1732930.0000000,35.5789600,129.3021364,121.3770233
,1163280.0000000,1732930.0000000,35.5789617,129.3020260,117.5568155
,1163270.0000000,1732930.0000000,35.5789633,129.3019157,116.8669282
,1163260.0000000,1732930.0000000,35.5789650,129.3018054,116.0517850
,1163250.0000000,1732930.0000000,35.5789666,129.3016951,115.6776730
,1163240.0000000,1732930.0000000,35.5789683,129.3015848,116.3006155
,1163230.0000000,1732930.0000000,35.5789699,129.3014745,116.0934520
,1163220.0000000,1732930.0000000,35.5789716,129.3013641,116.1800376
,1163210.0000000,1732930.0000000,35.5789732,129.3012538,115.4122223
,1163200.0000000,1732930.0000000,35.5789749,129.3011435,112.8452543
,1163190.0000000,1732930.0000000,35.5789765,129.3010332,111.4686935
,1163180.0000000,1732930.0000000,35.5789782,129.3009229,110.2071479
,1163170.0000000,1732930.0000000,35.5789798,129.3008126,107.7977093
,1163160.0000000,1732930.0000000,35.5789815,129.3007023,105.5327005
,1163150.0000000,1732930.0000000,35.5789831,129.3005919,102.9928300
,1163140.0000000,1732930.0000000,35.5789848,129.3004816,102.1824077
,1163130.0000000,1732930.0000000,35.5789864,129.3003713,102.1045133
,1163120.0000000,1732930.0000000,35.5789881,129.3002610,99.5465753
,1163110.0000000,1732930.0000000,35.5789897,129.3001507,94.7024781
,1163100.0000000,1732930.0000000,35.5789914,129.3000404,93.0810572
,1163090.0000000,1732930.0000000,35.5789930,129.2999300,92.0143554
,1163080.0000000,1732930.0000000,35.5789947,129.2998197,91.6681754
,1163070.0000000,1732930.0000000,35.5789963,129.2997094,92.1069565
,1163060.0000000,1732930.0000000,35.5789980,129.2995991,91.7207090
,1163050.0000000,1732930.0000000,35.5789996,129.2994888,91.5916773
,1163040.0000000,1732930.0000000,35.5790013,129.2993785,91.6596450
,1163030.0000000,1732930.0000000,35.5790029,129.2992681,91.6392363
,1163020.0000000,1732930.0000000,35.5790046,129.2991578,92.0006797
,1163010.0000000,1732930.0000000,35.5790062,129.2990475,92.7262779
,1163000.0000000,1732930.0000000,35.5790078,129.2989372,92.8083508
,1163000.0000000,1732940.0000000,35.5790980,129.2989392,91.7403315
,1163010.0000000,1732940.0000000,35.5790963,129.2990495,91.7421931
,1163020.0000000,1732940.0000000,35.5790947,129.2991598,91.7139046
,1163030.0000000,1732940.0000000,35.5790930,129.2992702,91.8310536
,1163040.0000000,1732940.0000000,35.5790914,129.2993805,91.8189921
,1163050.0000000,1732940.0000000,35.5790897,129.2994908,91.2878846
,1163060.0000000,1732940.0000000,35.5790881,129.2996011,90.0552396
,1163070.0000000,1732940.0000000,35.5790864,129.2997114,90.2304403
,1163080.0000000,1732940.0000000,35.5790848,129.2998217,91.2902298
,1163090.0000000,1732940.0000000,35.5790831,129.2999321,91.5703532
,1163100.0000000,1732940.0000000,35.5790815,129.3000424,92.2416614
,1163110.0000000,1732940.0000000,35.5790798,129.3001527,93.5901924
,1163120.0000000,1732940.0000000,35.5790782,129.3002630,95.6258597
,1163130.0000000,1732940.0000000,35.5790765,129.3003733,97.8597886
,1163140.0000000,1732940.0000000,35.5790749,129.3004836,100.5971377
,1163150.0000000,1732940.0000000,35.5790733,129.3005940,101.7023085
,1163160.0000000,1732940.0000000,35.5790716,129.3007043,104.7189400
,1163170.0000000,1732940.0000000,35.5790700,129.3008146,106.8960358
,1163180.0000000,1732940.0000000,35.5790683,129.3009249,109.6659999
,1163190.0000000,1732940.0000000,35.5790667,129.3010352,110.8387776
,1163200.0000000,1732940.0000000,35.5790650,129.3011455,112.5210537
,1163210.0000000,1732940.0000000,35.5790634,129.3012558,111.6036309
,1163220.0000000,1732940.0000000,35.5790617,129.3013662,114.1469045
,1163230.0000000,1732940.0000000,35.5790601,129.3014765,113.5744729
,1163240.0000000,1732940.0000000,35.5790584,129.3015868,112.7711664
,1163250.0000000,1732940.0000000,35.5790568,129.3016971,112.2623388
,1163260.0000000,1732940.0000000,35.5790551,129.3018074,113.3918557
,1163270.0000000,1732940.0000000,35.5790535,129.3019177,115.7080953
,1163280.0000000,1732940.0000000,35.5790518,129.3020281,117.0297979
,1163290.0000000,1732940.0000000,35.5790502,129.3021384,121.0405133
,1163300.0000000,1732940.0000000,35.5790485,129.3022487,122.6449474
,1163310.0000000,1732940.0000000,35.5790469,129.3023590,126.6446451
,1163320.0000000,1732940.0000000,35.5790452,129.3024693,130.3715000
,1163330.0000000,1732940.0000000,35.5790436,129.3025796,134.7962993
,1163340.0000000,1732940.0000000,35.5790419,129.3026899,137.5069198
,1163350.0000000,1732940.0000000,35.5790403,129.3028003,142.8954817
,1163360.0000000,1732940.0000000,35.5790386,129.3029106,144.8771528
,1163370.0000000,1732940.0000000,35.5790370,129.3030209,145.3022433
,1163380.0000000,1732940.0000000,35.5790353,129.3031312,144.4719616
,1163390.0000000,1732940.0000000,35.5790337,129.3032415,142.3515256
,1163400.0000000,1732940.0000000,35.5790320,129.3033518,137.4524327
,1163410.0000000,1732940.0000000,35.5790304,129.3034622,136.6552830
,1163420.0000000,1732940.0000000,35.5790287,129.3035725,135.1999290
,1163430.0000000,1732940.0000000,35.5790271,129.3036828,134.3715753
,1163440.0000000,1732940.0000000,35.5790254,129.3037931,133.5803749
,1163450.0000000,1732940.0000000,35.5790238,129.3039034,132.5822717
,1163460.0000000,1732940.0000000,35.5790221,129.3040137,131.6421149
,1163470.0000000,1732940.0000000,35.5790205,129.3041240,131.4207736
,1163480.0000000,1732940.0000000,35.5790188,129.3042344,131.5216253
,1163490.0000000,1732940.0000000,35.5790171,129.3043447,131.5000000
,1163500.0000000,1732940.0000000,35.5790155,129.3044550,131.5000000
,1163510.0000000,1732940.0000000,35.5790138,129.3045653,131.5674503
,1163520.0000000,1732940.0000000,35.5790122,129.3046756,134.3306828
,1163530.0000000,1732940.0000000,35.5790105,129.3047859,136.4117189
,1163540.0000000,1732940.0000000,35.5790089,129.3048963,136.8404354
,1163550.0000000,1732940.0000000,35.5790072,129.3050066,138.2720901
,1163560.0000000,1732940.0000000,35.5790056,129.3051169,140.9503496
,1163570.0000000,1732940.0000000,35.5790039,129.3052272,141.6522706
,1163580.0000000,1732940.0000000,35.5790023,129.3053375,142.9199681
,1163590.0000000,1732940.0000000,35.5790006,129.3054478,145.1475140
,1163600.0000000,1732940.0000000,35.5789990,129.3055581,145.7234967
,1163610.0000000,1732940.0000000,35.5789973,129.3056685,145.2386832
,1163620.0000000,1732940.0000000,35.5789957,129.3057788,145.5972359
,1163630.0000000,1732940.0000000,35.5789940,129.3058891,146.2329403
,1163640.0000000,1732940.0000000,35.5789924,129.3059994,146.5049749
,1163650.0000000,1732940.0000000,35.5789907,129.3061097,147.9393006
,1163660.0000000,1732940.0000000,35.5789891,129.3062200,149.9378436
,1163670.0000000,1732940.0000000,35.5789874,129.3063304,151.6776346
,1163680.0000000,1732940.0000000,35.5789857,129.3064407,151.7633228
,1163690.0000000,1732940.0000000,35.5789841,129.3065510,151.4966927
,1163700.0000000,1732940.0000000,35.5789824,129.3066613,149.8248207
,1163710.0000000,1732940.0000000,35.5789808,129.3067716,144.1046775
,1163720.0000000,1732940.0000000,35.5789791,129.3068819,142.1563424
,1163730.0000000,1732940.0000000,35.5789775,129.3069922,139.7640983
,1163740.0000000,1732940.0000000,35.5789758,129.3071026,137.8536987
,1163750.0000000,1732940.0000000,35.5789742,129.3072129,136.7317731
,1163760.0000000,1732940.0000000,35.5789725,129.3073232,136.5000000
,1163770.0000000,1732940.0000000,35.5789709,129.3074335,136.5000000
,1163780.0000000,1732940.0000000,35.5789692,129.3075438,136.5000000
,1163790.0000000,1732940.0000000,35.5789676,129.3076541,136.5000000
,1163800.0000000,1732940.0000000,35.5789659,129.3077644,136.7501427
,1163810.0000000,1732940.0000000,35.5789642,129.3078748,138.6832124
,1163820.0000000,1732940.0000000,35.5789626,129.3079851,141.2662517
,1163830.0000000,1732940.0000000,35.5789609,129.3080954,142.5652450
,1163840.0000000,1732940.0000000,35.5789593,129.3082057,142.9652311
,1163850.0000000,1732940.0000000,35.5789576,129.3083160,145.0021331
,1163860.0000000,1732940.0000000,35.5789560,129.3084263,146.7038915
,1163870.0000000,1732940.0000000,35.5789543,129.3085367,149.9830521
,1163880.0000000,1732940.0000000,35.5789527,129.3086470,151.4837830
,1163890.0000000,1732940.0000000,35.5789510,129.3087573,152.8203273
,1163900.0000000,1732940.0000000,35.5789493,129.3088676,155.1364359
,1163910.0000000,1732940.0000000,35.5789477,129.3089779,156.4363106
,1163920.0000000,1732940.0000000,35.5789460,129.3090882,156.4924283
,1163930.0000000,1732940.0000000,35.5789444,129.3091985,156.4262270
,1163940.0000000,1732940.0000000,35.5789427,129.3093089,155.4294650
,1163950.0000000,1732940.0000000,35.5789411,129.3094192,153.0942211
,1163960.0000000,1732940.0000000,35.5789394,129.3095295,151.3919666
,1163970.0000000,1732940.0000000,35.5789377,129.3096398,149.9816757
,1163980.0000000,1732940.0000000,35.5789361,129.3097501,149.4881190
,1163990.0000000,1732940.0000000,35.5789344,129.3098604,151.3107643
,1164000.0000000,1732940.0000000,35.5789328,129.3099707,151.1673049
,1164000.0000000,1732950.0000000,35.5790229,129.3099728,147.3513680
,1163990.0000000,1732950.0000000,35.5790246,129.3098625,146.5000000
,1163980.0000000,1732950.0000000,35.5790262,129.3097521,146.5000000
,1163970.0000000,1732950.0000000,35.5790279,129.3096418,146.6293984
,1163960.0000000,1732950.0000000,35.5790295,129.3095315,149.6462371
,1163950.0000000,1732950.0000000,35.5790312,129.3094212,150.5109466
,1163940.0000000,1732950.0000000,35.5790328,129.3093109,153.7610839
,1163930.0000000,1732950.0000000,35.5790345,129.3092006,155.2392684
,1163920.0000000,1732950.0000000,35.5790361,129.3090903,155.6629464
,1163910.0000000,1732950.0000000,35.5790378,129.3089799,155.5010759
,1163900.0000000,1732950.0000000,35.5790395,129.3088696,154.4863213
,1163890.0000000,1732950.0000000,35.5790411,129.3087593,152.8479317
,1163880.0000000,1732950.0000000,35.5790428,129.3086490,151.2038842
,1163870.0000000,1732950.0000000,35.5790444,129.3085387,149.5845752
,1163860.0000000,1732950.0000000,35.5790461,129.3084284,146.6223057
,1163850.0000000,1732950.0000000,35.5790477,129.3083180,144.3725069
,1163840.0000000,1732950.0000000,35.5790494,129.3082077,141.9838730
,1163830.0000000,1732950.0000000,35.5790511,129.3080974,141.0535808
,1163820.0000000,1732950.0000000,35.5790527,129.3079871,138.6712413
,1163810.0000000,1732950.0000000,35.5790544,129.3078768,136.8506483
,1163800.0000000,1732950.0000000,35.5790560,129.3077665,136.1347311
,1163790.0000000,1732950.0000000,35.5790577,129.3076562,135.7442817
,1163780.0000000,1732950.0000000,35.5790593,129.3075458,136.5000000
,1163770.0000000,1732950.0000000,35.5790610,129.3074355,136.5000000
,1163760.0000000,1732950.0000000,35.5790626,129.3073252,136.5000000
,1163750.0000000,1732950.0000000,35.5790643,129.3072149,136.5000000
,1163740.0000000,1732950.0000000,35.5790659,129.3071046,136.5394088
,1163730.0000000,1732950.0000000,35.5790676,129.3069943,137.8178825
,1163720.0000000,1732950.0000000,35.5790693,129.3068840,140.6247452
,1163710.0000000,1732950.0000000,35.5790709,129.3067736,143.3002007
,1163700.0000000,1732950.0000000,35.5790726,129.3066633,146.5807457
,1163690.0000000,1732950.0000000,35.5790742,129.3065530,148.5849915
,1163680.0000000,1732950.0000000,35.5790759,129.3064427,149.0432971
,1163670.0000000,1732950.0000000,35.5790775,129.3063324,147.3836429
,1163660.0000000,1732950.0000000,35.5790792,129.3062221,146.8999372
,1163650.0000000,1732950.0000000,35.5790808,129.3061117,144.7480346
,1163640.0000000,1732950.0000000,35.5790825,129.3060014,143.4186870
,1163630.0000000,1732950.0000000,35.5790841,129.3058911,142.4889973
,1163620.0000000,1732950.0000000,35.5790858,129.3057808,141.9769600
,1163610.0000000,1732950.0000000,35.5790874,129.3056705,141.8531235
,1163600.0000000,1732950.0000000,35.5790891,129.3055602,142.2512032
,1163590.0000000,1732950.0000000,35.5790907,129.3054499,142.8129748
,1163580.0000000,1732950.0000000,35.5790924,129.3053395,142.0048611
,1163570.0000000,1732950.0000000,35.5790941,129.3052292,141.5000000
,1163560.0000000,1732950.0000000,35.5790957,129.3051189,140.7016517
,1163550.0000000,1732950.0000000,35.5790974,129.3050086,137.8691863
,1163540.0000000,1732950.0000000,35.5790990,129.3048983,136.5928294
,1163530.0000000,1732950.0000000,35.5791007,129.3047880,136.4142285
,1163520.0000000,1732950.0000000,35.5791023,129.3046776,133.6320680
,1163510.0000000,1732950.0000000,35.5791040,129.3045673,131.5000000
,1163500.0000000,1732950.0000000,35.5791056,129.3044570,131.5000000
,1163490.0000000,1732950.0000000,35.5791073,129.3043467,131.5000000
,1163480.0000000,1732950.0000000,35.5791089,129.3042364,129.4433680
,1163470.0000000,1732950.0000000,35.5791106,129.3041261,127.8599314
,1163460.0000000,1732950.0000000,35.5791122,129.3040158,128.4479426
,1163450.0000000,1732950.0000000,35.5791139,129.3039054,130.2300346
,1163440.0000000,1732950.0000000,35.5791155,129.3037951,131.4222797
,1163430.0000000,1732950.0000000,35.5791172,129.3036848,131.2573132
,1163420.0000000,1732950.0000000,35.5791188,129.3035745,131.5712624
,1163410.0000000,1732950.0000000,35.5791205,129.3034642,133.1524158
,1163400.0000000,1732950.0000000,35.5791221,129.3033539,136.7435243
,1163390.0000000,1732950.0000000,35.5791238,129.3032435,141.3476980
,1163380.0000000,1732950.0000000,35.5791254,129.3031332,145.8973122
,1163370.0000000,1732950.0000000,35.5791271,129.3030229,145.9155164
,1163360.0000000,1732950.0000000,35.5791287,129.3029126,145.1389390
,1163350.0000000,1732950.0000000,35.5791304,129.3028023,145.7142035
,1163340.0000000,1732950.0000000,35.5791320,129.3026920,141.2435336
,1163330.0000000,1732950.0000000,35.5791337,129.3025817,136.3898521
,1163320.0000000,1732950.0000000,35.5791353,129.3024713,130.6499600
,1163310.0000000,1732950.0000000,35.5791370,129.3023610,126.2354307
,1163300.0000000,1732950.0000000,35.5791386,129.3022507,121.7567869
,1163290.0000000,1732950.0000000,35.5791403,129.3021404,120.2072431
,1163280.0000000,1732950.0000000,35.5791419,129.3020301,117.2835034
,1163270.0000000,1732950.0000000,35.5791436,129.3019198,114.8948896
,1163260.0000000,1732950.0000000,35.5791452,129.3018094,111.9618109
,1163250.0000000,1732950.0000000,35.5791469,129.3016991,111.5459927
,1163240.0000000,1732950.0000000,35.5791485,129.3015888,111.5042571
,1163230.0000000,1732950.0000000,35.5791502,129.3014785,111.6566929
,1163220.0000000,1732950.0000000,35.5791518,129.3013682,112.1576137
,1163210.0000000,1732950.0000000,35.5791535,129.3012579,110.8688089
,1163200.0000000,1732950.0000000,35.5791551,129.3011475,110.2275853
,1163190.0000000,1732950.0000000,35.5791568,129.3010372,111.0034942
,1163180.0000000,1732950.0000000,35.5791584,129.3009269,110.4849072
,1163170.0000000,1732950.0000000,35.5791601,129.3008166,106.6287880
,1163160.0000000,1732950.0000000,35.5791617,129.3007063,104.9535861
,1163150.0000000,1732950.0000000,35.5791634,129.3005960,101.5211697
,1163140.0000000,1732950.0000000,35.5791650,129.3004857,99.4886079
,1163130.0000000,1732950.0000000,35.5791667,129.3003753,96.7295421
,1163120.0000000,1732950.0000000,35.5791683,129.3002650,95.5971593
,1163110.0000000,1732950.0000000,35.5791700,129.3001547,92.0382617
,1163100.0000000,1732950.0000000,35.5791716,129.3000444,90.1075460
,1163090.0000000,1732950.0000000,35.5791733,129.2999341,90.1978227
,1163080.0000000,1732950.0000000,35.5791749,129.2998238,89.3790029
,1163070.0000000,1732950.0000000,35.5791766,129.2997134,88.1743337
,1163060.0000000,1732950.0000000,35.5791782,129.2996031,87.6708741
,1163050.0000000,1732950.0000000,35.5791799,129.2994928,88.4678561
,1163040.0000000,1732950.0000000,35.5791815,129.2993825,90.3174971
,1163030.0000000,1732950.0000000,35.5791831,129.2992722,91.5761938
,1163020.0000000,1732950.0000000,35.5791848,129.2991619,91.7121693
,1163010.0000000,1732950.0000000,35.5791864,129.2990515,91.7862792
,1163000.0000000,1732950.0000000,35.5791881,129.2989412,91.8070758
,1163000.0000000,1732960.0000000,35.5792782,129.2989432,90.8051917
,1163010.0000000,1732960.0000000,35.5792766,129.2990536,90.3965968
,1163020.0000000,1732960.0000000,35.5792749,129.2991639,89.9250531
,1163030.0000000,1732960.0000000,35.5792733,129.2992742,89.5130083
,1163040.0000000,1732960.0000000,35.5792716,129.2993845,87.7537612
,1163050.0000000,1732960.0000000,35.5792700,129.2994948,86.9168593
,1163060.0000000,1732960.0000000,35.5792683,129.2996051,86.6160021
,1163070.0000000,1732960.0000000,35.5792667,129.2997155,86.6076627
,1163080.0000000,1732960.0000000,35.5792650,129.2998258,86.5000000
,1163090.0000000,1732960.0000000,35.5792634,129.2999361,87.1388843
,1163100.0000000,1732960.0000000,35.5792617,129.3000464,87.8876042
,1163110.0000000,1732960.0000000,35.5792601,129.3001567,90.5584507
,1163120.0000000,1732960.0000000,35.5792584,129.3002670,93.4665951
,1163130.0000000,1732960.0000000,35.5792568,129.3003774,97.2172756
,1163140.0000000,1732960.0000000,35.5792551,129.3004877,99.6510646
,1163150.0000000,1732960.0000000,35.5792535,129.3005980,102.0557339
,1163160.0000000,1732960.0000000,35.5792518,129.3007083,106.1740580
,1163170.0000000,1732960.0000000,35.5792502,129.3008186,109.2375125
,1163180.0000000,1732960.0000000,35.5792485,129.3009289,111.2488932
,1163190.0000000,1732960.0000000,35.5792469,129.3010393,111.3270784
,1163200.0000000,1732960.0000000,35.5792453,129.3011496,109.7068707
,1163210.0000000,1732960.0000000,35.5792436,129.3012599,108.1500048
,1163220.0000000,1732960.0000000,35.5792420,129.3013702,109.4894467
,1163230.0000000,1732960.0000000,35.5792403,129.3014805,111.3558659
,1163240.0000000,1732960.0000000,35.5792387,129.3015908,111.5000000
,1163250.0000000,1732960.0000000,35.5792370,129.3017011,111.5321402
,1163260.0000000,1732960.0000000,35.5792354,129.3018115,112.5789525
,1163270.0000000,1732960.0000000,35.5792337,129.3019218,115.4466938
,1163280.0000000,1732960.0000000,35.5792321,129.3020321,116.7706256
,1163290.0000000,1732960.0000000,35.5792304,129.3021424,119.8729700
,1163300.0000000,1732960.0000000,35.5792288,129.3022527,121.6623825
,1163310.0000000,1732960.0000000,35.5792271,129.3023630,126.2908737
,1163320.0000000,1732960.0000000,35.5792255,129.3024734,130.7491452
,1163330.0000000,1732960.0000000,35.5792238,129.3025837,136.4454464
,1163340.0000000,1732960.0000000,35.5792222,129.3026940,141.4735754
,1163350.0000000,1732960.0000000,35.5792205,129.3028043,145.7884925
,1163360.0000000,1732960.0000000,35.5792189,129.3029146,145.5208086
,1163370.0000000,1732960.0000000,35.5792172,129.3030249,145.6723562
,1163380.0000000,1732960.0000000,35.5792156,129.3031353,146.1967362
,1163390.0000000,1732960.0000000,35.5792139,129.3032456,141.3748866
,1163400.0000000,1732960.0000000,35.5792123,129.3033559,135.7758641
,1163410.0000000,1732960.0000000,35.5792106,129.3034662,132.1381647
,1163420.0000000,1732960.0000000,35.5792090,129.3035765,129.8262408
,1163430.0000000,1732960.0000000,35.5792073,129.3036868,127.9582838
,1163440.0000000,1732960.0000000,35.5792056,129.3037971,127.1484724
,1163450.0000000,1732960.0000000,35.5792040,129.3039075,126.5588837
,1163460.0000000,1732960.0000000,35.5792023,129.3040178,126.5315686
,1163470.0000000,1732960.0000000,35.5792007,129.3041281,126.5460245
,1163480.0000000,1732960.0000000,35.5791990,129.3042384,126.5801855
,1163490.0000000,1732960.0000000,35.5791974,129.3043487,127.4008059
,1163500.0000000,1732960.0000000,35.5791957,129.3044590,130.7157538
,1163510.0000000,1732960.0000000,35.5791941,129.3045694,131.5000000
,1163520.0000000,1732960.0000000,35.5791924,129.3046797,132.7367973
,1163530.0000000,1732960.0000000,35.5791908,129.3047900,135.6342016
,1163540.0000000,1732960.0000000,35.5791891,129.3049003,136.5000000
,1163550.0000000,1732960.0000000,35.5791875,129.3050106,137.1931754
,1163560.0000000,1732960.0000000,35.5791858,129.3051209,139.9971049
,1163570.0000000,1732960.0000000,35.5791842,129.3052312,141.4924248
,1163580.0000000,1732960.0000000,35.5791825,129.3053416,141.5000000
,1163590.0000000,1732960.0000000,35.5791809,129.3054519,141.2287984
,1163600.0000000,1732960.0000000,35.5791792,129.3055622,141.2668046
,1163610.0000000,1732960.0000000,35.5791776,129.3056725,140.7514920
,1163620.0000000,1732960.0000000,35.5791759,129.3057828,140.8116350
,1163630.0000000,1732960.0000000,35.5791743,129.3058931,141.1859695
,1163640.0000000,1732960.0000000,35.5791726,129.3060035,140.7354297
,1163650.0000000,1732960.0000000,35.5791709,129.3061138,141.2235112
,1163660.0000000,1732960.0000000,35.5791693,129.3062241,142.8899917
,1163670.0000000,1732960.0000000,35.5791676,129.3063344,145.5394832
,1163680.0000000,1732960.0000000,35.5791660,129.3064447,146.0412907
,1163690.0000000,1732960.0000000,35.5791643,129.3065550,146.1549640
,1163700.0000000,1732960.0000000,35.5791627,129.3066653,145.5425997
,1163710.0000000,1732960.0000000,35.5791610,129.3067757,141.7665000
,1163720.0000000,1732960.0000000,35.5791594,129.3068860,139.4400887
,1163730.0000000,1732960.0000000,35.5791577,129.3069963,137.0200720
,1163740.0000000,1732960.0000000,35.5791561,129.3071066,136.3815373
,1163750.0000000,1732960.0000000,35.5791544,129.3072169,135.5551315
,1163760.0000000,1732960.0000000,35.5791528,129.3073272,134.5685287
,1163770.0000000,1732960.0000000,35.5791511,129.3074376,132.6941423
,1163780.0000000,1732960.0000000,35.5791494,129.3075479,132.1576775
,1163790.0000000,1732960.0000000,35.5791478,129.3076582,132.3769534
,1163800.0000000,1732960.0000000,35.5791461,129.3077685,133.8498089
,1163810.0000000,1732960.0000000,35.5791445,129.3078788,136.1866860
,1163820.0000000,1732960.0000000,35.5791428,129.3079891,136.6813257
,1163830.0000000,1732960.0000000,35.5791412,129.3080994,139.8220605
,1163840.0000000,1732960.0000000,35.5791395,129.3082098,141.1831692
,1163850.0000000,1732960.0000000,35.5791379,129.3083201,142.9976541
,1163860.0000000,1732960.0000000,35.5791362,129.3084304,147.1138705
,1163870.0000000,1732960.0000000,35.5791345,129.3085407,151.4905369
,1163880.0000000,1732960.0000000,35.5791329,129.3086510,151.1927754
,1163890.0000000,1732960.0000000,35.5791312,129.3087613,151.7455840
,1163900.0000000,1732960.0000000,35.5791296,129.3088717,152.5613118
,1163910.0000000,1732960.0000000,35.5791279,129.3089820,152.7927164
,1163920.0000000,1732960.0000000,35.5791263,129.3090923,152.8908655
,1163930.0000000,1732960.0000000,35.5791246,129.3092026,152.3687396
,1163940.0000000,1732960.0000000,35.5791230,129.3093129,151.7936452
,1163950.0000000,1732960.0000000,35.5791213,129.3094232,150.7897109
,1163960.0000000,1732960.0000000,35.5791196,129.3095335,150.7921217
,1163970.0000000,1732960.0000000,35.5791180,129.3096439,147.0206282
,1163980.0000000,1732960.0000000,35.5791163,129.3097542,146.5000000
,1163990.0000000,1732960.0000000,35.5791147,129.3098645,146.5000000
,1164000.0000000,1732960.0000000,35.5791130,129.3099748,146.5000000
,1164000.0000000,1732970.0000000,35.5792031,129.3099768,147.1021463
,1163990.0000000,1732970.0000000,35.5792048,129.3098665,146.5000000
,1163980.0000000,1732970.0000000,35.5792065,129.3097562,146.5000000
,1163970.0000000,1732970.0000000,35.5792081,129.3096459,146.8857181
,1163960.0000000,1732970.0000000,35.5792098,129.3095356,151.2767173
,1163950.0000000,1732970.0000000,35.5792114,129.3094253,150.9253993
,1163940.0000000,1732970.0000000,35.5792131,129.3093149,151.3056100
,1163930.0000000,1732970.0000000,35.5792147,129.3092046,151.5000000
,1163920.0000000,1732970.0000000,35.5792164,129.3090943,151.5381223
,1163910.0000000,1732970.0000000,35.5792180,129.3089840,151.5110708
,1163900.0000000,1732970.0000000,35.5792197,129.3088737,151.5000000
,1163890.0000000,1732970.0000000,35.5792214,129.3087634,151.5000000
,1163880.0000000,1732970.0000000,35.5792230,129.3086530,151.5000000
,1163870.0000000,1732970.0000000,35.5792247,129.3085427,151.0680090
,1163860.0000000,1732970.0000000,35.5792263,129.3084324,147.7864617
,1163850.0000000,1732970.0000000,35.5792280,129.3083221,143.0993247
,1163840.0000000,1732970.0000000,35.5792296,129.3082118,139.8285537
,1163830.0000000,1732970.0000000,35.5792313,129.3081015,137.0675324
,1163820.0000000,1732970.0000000,35.5792329,129.3079912,136.4974855
,1163810.0000000,1732970.0000000,35.5792346,129.3078808,134.3479427
,1163800.0000000,1732970.0000000,35.5792363,129.3077705,131.5000000
,1163790.0000000,1732970.0000000,35.5792379,129.3076602,131.5000000
,1163780.0000000,1732970.0000000,35.5792396,129.3075499,131.5000000
,1163770.0000000,1732970.0000000,35.5792412,129.3074396,131.5000000
,1163760.0000000,1732970.0000000,35.5792429,129.3073293,131.5000000
,1163750.0000000,1732970.0000000,35.5792445,129.3072189,133.2864270
,1163740.0000000,1732970.0000000,35.5792462,129.3071086,134.3904109
,1163730.0000000,1732970.0000000,35.5792478,129.3069983,136.3119149
,1163720.0000000,1732970.0000000,35.5792495,129.3068880,136.9201074
,1163710.0000000,1732970.0000000,35.5792511,129.3067777,140.4482023
,1163700.0000000,1732970.0000000,35.5792528,129.3066674,141.5758384
,1163690.0000000,1732970.0000000,35.5792545,129.3065571,142.4984138
,1163680.0000000,1732970.0000000,35.5792561,129.3064467,142.5881648
,1163670.0000000,1732970.0000000,35.5792578,129.3063364,142.2056896
,1163660.0000000,1732970.0000000,35.5792594,129.3062261,141.1889267
,1163650.0000000,1732970.0000000,35.5792611,129.3061158,141.4654471
,1163640.0000000,1732970.0000000,35.5792627,129.3060055,138.9488819
,1163630.0000000,1732970.0000000,35.5792644,129.3058952,137.7638362
,1163620.0000000,1732970.0000000,35.5792660,129.3057848,137.7897388
,1163610.0000000,1732970.0000000,35.5792677,129.3056745,137.4678417
,1163600.0000000,1732970.0000000,35.5792693,129.3055642,138.7827713
,1163590.0000000,1732970.0000000,35.5792710,129.3054539,141.3831805
,1163580.0000000,1732970.0000000,35.5792726,129.3053436,141.5000000
,1163570.0000000,1732970.0000000,35.5792743,129.3052333,141.5000000
,1163560.0000000,1732970.0000000,35.5792759,129.3051230,139.5312233
,1163550.0000000,1732970.0000000,35.5792776,129.3050126,136.5463792
,1163540.0000000,1732970.0000000,35.5792793,129.3049023,136.5000000
,1163530.0000000,1732970.0000000,35.5792809,129.3047920,135.4983648
,1163520.0000000,1732970.0000000,35.5792826,129.3046817,132.2468326
,1163510.0000000,1732970.0000000,35.5792842,129.3045714,131.4121285
,1163500.0000000,1732970.0000000,35.5792859,129.3044611,129.6990345
,1163490.0000000,1732970.0000000,35.5792875,129.3043507,126.8552056
,1163480.0000000,1732970.0000000,35.5792892,129.3042404,126.5000000
,1163470.0000000,1732970.0000000,35.5792908,129.3041301,126.5000000
,1163460.0000000,1732970.0000000,35.5792925,129.3040198,126.5000000
,1163450.0000000,1732970.0000000,35.5792941,129.3039095,126.5620987
,1163440.0000000,1732970.0000000,35.5792958,129.3037992,126.7177131
,1163430.0000000,1732970.0000000,35.5792974,129.3036888,126.5617553
,1163420.0000000,1732970.0000000,35.5792991,129.3035785,127.6292877
,1163410.0000000,1732970.0000000,35.5793007,129.3034682,131.9300688
,1163400.0000000,1732970.0000000,35.5793024,129.3033579,134.3254980
,1163390.0000000,1732970.0000000,35.5793040,129.3032476,136.6786170
,1163380.0000000,1732970.0000000,35.5793057,129.3031373,141.6102397
,1163370.0000000,1732970.0000000,35.5793073,129.3030270,145.4738941
,1163360.0000000,1732970.0000000,35.5793090,129.3029166,146.0686684
,1163350.0000000,1732970.0000000,35.5793106,129.3028063,142.4977504
,1163340.0000000,1732970.0000000,35.5793123,129.3026960,138.8108277
,1163330.0000000,1732970.0000000,35.5793139,129.3025857,134.4798866
,1163320.0000000,1732970.0000000,35.5793156,129.3024754,130.7310291
,1163310.0000000,1732970.0000000,35.5793172,129.3023651,126.3334715
,1163300.0000000,1732970.0000000,35.5793189,129.3022547,122.3673546
,1163290.0000000,1732970.0000000,35.5793205,129.3021444,120.3879521
,1163280.0000000,1732970.0000000,35.5793222,129.3020341,116.5757248
,1163270.0000000,1732970.0000000,35.5793238,129.3019238,115.9312280
,1163260.0000000,1732970.0000000,35.5793255,129.3018135,113.2950889
,1163250.0000000,1732970.0000000,35.5793271,129.3017032,111.6922859
,1163240.0000000,1732970.0000000,35.5793288,129.3015928,111.5000000
,1163230.0000000,1732970.0000000,35.5793304,129.3014825,109.6771001
,1163220.0000000,1732970.0000000,35.5793321,129.3013722,107.3152608
,1163210.0000000,1732970.0000000,35.5793337,129.3012619,106.8663129
,1163200.0000000,1732970.0000000,35.5793354,129.3011516,106.8013997
,1163190.0000000,1732970.0000000,35.5793370,129.3010413,110.3084390
,1163180.0000000,1732970.0000000,35.5793387,129.3009310,111.4573878
,1163170.0000000,1732970.0000000,35.5793403,129.3008206,110.3157277
,1163160.0000000,1732970.0000000,35.5793420,129.3007103,107.3828597
,1163150.0000000,1732970.0000000,35.5793436,129.3006000,102.9303395
,1163140.0000000,1732970.0000000,35.5793453,129.3004897,100.8134133
,1163130.0000000,1732970.0000000,35.5793469,129.3003794,96.9271515
,1163120.0000000,1732970.0000000,35.5793486,129.3002691,93.5341360
,1163110.0000000,1732970.0000000,35.5793502,129.3001587,89.5452385
,1163100.0000000,1732970.0000000,35.5793519,129.3000484,86.9618318
,1163090.0000000,1732970.0000000,35.5793535,129.2999381,86.5798649
,1163080.0000000,1732970.0000000,35.5793552,129.2998278,86.5000000
,1163070.0000000,1732970.0000000,35.5793568,129.2997175,86.5000000
,1163060.0000000,1732970.0000000,35.5793584,129.2996072,86.5000000
,1163050.0000000,1732970.0000000,35.5793601,129.2994968,86.5000000
,1163040.0000000,1732970.0000000,35.5793617,129.2993865,86.5458277
,1163030.0000000,1732970.0000000,35.5793634,129.2992762,86.7649898
,1163020.0000000,1732970.0000000,35.5793650,129.2991659,87.5912594
,1163010.0000000,1732970.0000000,35.5793667,129.2990556,87.9025389
,1163000.0000000,1732970.0000000,35.5793683,129.2989453,88.3769480
,1163000.0000000,1732980.0000000,35.5794585,129.2989473,87.0994011
,1163010.0000000,1732980.0000000,35.5794568,129.2990576,86.7671822
,1163020.0000000,1732980.0000000,35.5794552,129.2991679,86.5761050
,1163030.0000000,1732980.0000000,35.5794535,129.2992782,86.5000000
,1163040.0000000,1732980.0000000,35.5794519,129.2993885,86.5000000
,1163050.0000000,1732980.0000000,35.5794502,129.2994989,86.5000000
,1163060.0000000,1732980.0000000,35.5794486,129.2996092,86.5000000
,1163070.0000000,1732980.0000000,35.5794469,129.2997195,86.5000000
,1163080.0000000,1732980.0000000,35.5794453,129.2998298,86.5000000
,1163090.0000000,1732980.0000000,35.5794436,129.2999401,86.5000000
,1163100.0000000,1732980.0000000,35.5794420,129.3000504,86.5551413
,1163110.0000000,1732980.0000000,35.5794403,129.3001608,88.9176472
,1163120.0000000,1732980.0000000,35.5794387,129.3002711,94.8364546
,1163130.0000000,1732980.0000000,35.5794370,129.3003814,96.7626547
,1163140.0000000,1732980.0000000,35.5794354,129.3004917,101.0672556
,1163150.0000000,1732980.0000000,35.5794337,129.3006020,105.3995647
,1163160.0000000,1732980.0000000,35.5794321,129.3007123,107.3518374
,1163170.0000000,1732980.0000000,35.5794304,129.3008227,108.8470168
,1163180.0000000,1732980.0000000,35.5794288,129.3009330,109.1889193
,1163190.0000000,1732980.0000000,35.5794271,129.3010433,107.0679367
,1163200.0000000,1732980.0000000,35.5794255,129.3011536,106.6395337
,1163210.0000000,1732980.0000000,35.5794238,129.3012639,106.5000000
,1163220.0000000,1732980.0000000,35.5794222,129.3013742,106.7268547
,1163230.0000000,1732980.0000000,35.5794205,129.3014846,108.4535602
,1163240.0000000,1732980.0000000,35.5794189,129.3015949,110.5727601
,1163250.0000000,1732980.0000000,35.5794172,129.3017052,112.0736892
,1163260.0000000,1732980.0000000,35.5794156,129.3018155,112.4998758
,1163270.0000000,1732980.0000000,35.5794139,129.3019258,113.1658463
,1163280.0000000,1732980.0000000,35.5794123,129.3020361,112.5711253
,1163290.0000000,1732980.0000000,35.5794106,129.3021464,119.5543892
,1163300.0000000,1732980.0000000,35.5794090,129.3022568,122.7741142
,1163310.0000000,1732980.0000000,35.5794074,129.3023671,126.4262269
,1163320.0000000,1732980.0000000,35.5794057,129.3024774,131.1727778
,1163330.0000000,1732980.0000000,35.5794040,129.3025877,134.8686340
,1163340.0000000,1732980.0000000,35.5794024,129.3026980,136.8199084
,1163350.0000000,1732980.0000000,35.5794007,129.3028083,140.6623708
,1163360.0000000,1732980.0000000,35.5793991,129.3029187,141.5048882
,1163370.0000000,1732980.0000000,35.5793974,129.3030290,141.2377535
,1163380.0000000,1732980.0000000,35.5793958,129.3031393,137.0157086
,1163390.0000000,1732980.0000000,35.5793941,129.3032496,135.6109329
,1163400.0000000,1732980.0000000,35.5793925,129.3033599,131.5253180
,1163410.0000000,1732980.0000000,35.5793908,129.3034702,130.3038785
,1163420.0000000,1732980.0000000,35.5793892,129.3035806,126.7617992
,1163430.0000000,1732980.0000000,35.5793875,129.3036909,126.5895037
,1163440.0000000,1732980.0000000,35.5793859,129.3038012,126.5572723
,1163450.0000000,1732980.0000000,35.5793842,129.3039115,126.5000000
,1163460.0000000,1732980.0000000,35.5793826,129.3040218,126.5000000
,1163470.0000000,1732980.0000000,35.5793809,129.3041321,126.5000000
,1163480.0000000,1732980.0000000,35.5793793,129.3042424,126.5000000
,1163490.0000000,1732980.0000000,35.5793776,129.3043528,126.6253100
,1163500.0000000,1732980.0000000,35.5793760,129.3044631,130.5564344
,1163510.0000000,1732980.0000000,35.5793743,129.3045734,130.6490962
,1163520.0000000,1732980.0000000,35.5793727,129.3046837,131.5000000
,1163530.0000000,1732980.0000000,35.5793710,129.3047940,135.2038559
,1163540.0000000,1732980.0000000,35.5793694,129.3049043,136.5000000
,1163550.0000000,1732980.0000000,35.5793677,129.3050147,136.5472353
,1163560.0000000,1732980.0000000,35.5793661,129.3051250,139.1901315
,1163570.0000000,1732980.0000000,35.5793644,129.3052353,141.3500836
,1163580.0000000,1732980.0000000,35.5793628,129.3053456,141.5000000
,1163590.0000000,1732980.0000000,35.5793611,129.3054559,140.3879208
,1163600.0000000,1732980.0000000,35.5793595,129.3055662,136.7355071
,1163610.0000000,1732980.0000000,35.5793578,129.3056766,136.7090286
,1163620.0000000,1732980.0000000,35.5793562,129.3057869,136.9417398
,1163630.0000000,1732980.0000000,35.5793545,129.3058972,136.9788334
,1163640.0000000,1732980.0000000,35.5793528,129.3060075,137.0138569
,1163650.0000000,1732980.0000000,35.5793512,129.3061178,138.5805476
,1163660.0000000,1732980.0000000,35.5793495,129.3062281,140.7846013
,1163670.0000000,1732980.0000000,35.5793479,129.3063384,141.3939664
,1163680.0000000,1732980.0000000,35.5793462,129.3064488,141.1895810
,1163690.0000000,1732980.0000000,35.5793446,129.3065591,141.1631536
,1163700.0000000,1732980.0000000,35.5793429,129.3066694,139.5909743
,1163710.0000000,1732980.0000000,35.5793413,129.3067797,137.0306755
,1163720.0000000,1732980.0000000,35.5793396,129.3068900,136.3058059
,1163730.0000000,1732980.0000000,35.5793380,129.3070003,134.0359765
,1163740.0000000,1732980.0000000,35.5793363,129.3071107,132.4662528
,1163750.0000000,1732980.0000000,35.5793347,129.3072210,131.8561997
,1163760.0000000,1732980.0000000,35.5793330,129.3073313,131.5000000
,1163770.0000000,1732980.0000000,35.5793313,129.3074416,131.5000000
,1163780.0000000,1732980.0000000,35.5793297,129.3075519,131.5000000
,1163790.0000000,1732980.0000000,35.5793280,129.3076622,131.5000000
,1163800.0000000,1732980.0000000,35.5793264,129.3077726,131.5000000
,1163810.0000000,1732980.0000000,35.5793247,129.3078829,132.1446698
,1163820.0000000,1732980.0000000,35.5793231,129.3079932,135.1083749
,1163830.0000000,1732980.0000000,35.5793214,129.3081035,136.5268528
,1163840.0000000,1732980.0000000,35.5793198,129.3082138,138.3293664
,1163850.0000000,1732980.0000000,35.5793181,129.3083241,143.6283413
,1163860.0000000,1732980.0000000,35.5793164,129.3084344,147.6119554
,1163870.0000000,1732980.0000000,35.5793148,129.3085448,151.3435735
,1163880.0000000,1732980.0000000,35.5793131,129.3086551,151.5000000
,1163890.0000000,1732980.0000000,35.5793115,129.3087654,151.5000000
,1163900.0000000,1732980.0000000,35.5793098,129.3088757,151.3614406
,1163910.0000000,1732980.0000000,35.5793082,129.3089860,151.0543056
,1163920.0000000,1732980.0000000,35.5793065,129.3090963,151.2119985
,1163930.0000000,1732980.0000000,35.5793049,129.3092067,151.2305005
,1163940.0000000,1732980.0000000,35.5793032,129.3093170,151.4149699
,1163950.0000000,1732980.0000000,35.5793015,129.3094273,151.1094501
,1163960.0000000,1732980.0000000,35.5792999,129.3095376,148.1286045
,1163970.0000000,1732980.0000000,35.5792982,129.3096479,147.2719480
,1163980.0000000,1732980.0000000,35.5792966,129.3097582,147.2660567
,1163990.0000000,1732980.0000000,35.5792949,129.3098685,146.8697129
,1164000.0000000,1732980.0000000,35.5792933,129.3099789,147.9379248
,1164000.0000000,1732990.0000000,35.5793834,129.3099809,148.1837332
,1163990.0000000,1732990.0000000,35.5793850,129.3098706,146.2272147
,1163980.0000000,1732990.0000000,35.5793867,129.3097603,144.0849540
,1163970.0000000,1732990.0000000,35.5793884,129.3096499,145.7112994
,1163960.0000000,1732990.0000000,35.5793900,129.3095396,146.6607628
,1163950.0000000,1732990.0000000,35.5793917,129.3094293,148.0512061
,1163940.0000000,1732990.0000000,35.5793933,129.3093190,150.0615238
,1163930.0000000,1732990.0000000,35.5793950,129.3092087,149.7660826
,1163920.0000000,1732990.0000000,35.5793966,129.3090984,148.9108983
,1163910.0000000,1732990.0000000,35.5793983,129.3089880,149.1464821
,1163900.0000000,1732990.0000000,35.5793999,129.3088777,150.5036117
,1163890.0000000,1732990.0000000,35.5794016,129.3087674,151.4540109
,1163880.0000000,1732990.0000000,35.5794033,129.3086571,151.3227481
,1163870.0000000,1732990.0000000,35.5794049,129.3085468,150.9687287
,1163860.0000000,1732990.0000000,35.5794066,129.3084365,146.3795090
,1163850.0000000,1732990.0000000,35.5794082,129.3083262,142.8495965
,1163840.0000000,1732990.0000000,35.5794099,129.3082158,136.7916868
,1163830.0000000,1732990.0000000,35.5794115,129.3081055,136.4968277
,1163820.0000000,1732990.0000000,35.5794132,129.3079952,133.7721319
,1163810.0000000,1732990.0000000,35.5794148,129.3078849,131.6295820
,1163800.0000000,1732990.0000000,35.5794165,129.3077746,131.5000000
,1163790.0000000,1732990.0000000,35.5794182,129.3076643,131.5000000
,1163780.0000000,1732990.0000000,35.5794198,129.3075539,131.5000000
,1163770.0000000,1732990.0000000,35.5794215,129.3074436,131.5000000
,1163760.0000000,1732990.0000000,35.5794231,129.3073333,131.5000000
,1163750.0000000,1732990.0000000,35.5794248,129.3072230,131.5085798
,1163740.0000000,1732990.0000000,35.5794264,129.3071127,131.6159206
,1163730.0000000,1732990.0000000,35.5794281,129.3070024,132.1751625
,1163720.0000000,1732990.0000000,35.5794297,129.3068921,133.6210090
,1163710.0000000,1732990.0000000,35.5794314,129.3067817,135.9247112
,1163700.0000000,1732990.0000000,35.5794330,129.3066714,136.6402918
,1163690.0000000,1732990.0000000,35.5794347,129.3065611,137.6211664
,1163680.0000000,1732990.0000000,35.5794364,129.3064508,139.5934552
,1163670.0000000,1732990.0000000,35.5794380,129.3063405,140.4751426
,1163660.0000000,1732990.0000000,35.5794397,129.3062302,139.4690420
,1163650.0000000,1732990.0000000,35.5794413,129.3061198,136.5646805
,1163640.0000000,1732990.0000000,35.5794430,129.3060095,137.3749489
,1163630.0000000,1732990.0000000,35.5794446,129.3058992,137.1081291
,1163620.0000000,1732990.0000000,35.5794463,129.3057889,136.5000000
,1163610.0000000,1732990.0000000,35.5794479,129.3056786,136.6004155
,1163600.0000000,1732990.0000000,35.5794496,129.3055683,136.5391757
,1163590.0000000,1732990.0000000,35.5794512,129.3054579,138.3198926
,1163580.0000000,1732990.0000000,35.5794529,129.3053476,141.3163066
,1163570.0000000,1732990.0000000,35.5794545,129.3052373,140.9683592
,1163560.0000000,1732990.0000000,35.5794562,129.3051270,136.7231865
,1163550.0000000,1732990.0000000,35.5794578,129.3050167,136.6442686
,1163540.0000000,1732990.0000000,35.5794595,129.3049064,134.3962181
,1163530.0000000,1732990.0000000,35.5794611,129.3047961,132.4740531
,1163520.0000000,1732990.0000000,35.5794628,129.3046857,131.5000000
,1163510.0000000,1732990.0000000,35.5794645,129.3045754,130.3562323
,1163500.0000000,1732990.0000000,35.5794661,129.3044651,130.7856176
,1163490.0000000,1732990.0000000,35.5794678,129.3043548,127.2154599
,1163480.0000000,1732990.0000000,35.5794694,129.3042445,126.5000000
,1163470.0000000,1732990.0000000,35.5794711,129.3041342,126.5000000
,1163460.0000000,1732990.0000000,35.5794727,129.3040238,126.5000000
,1163450.0000000,1732990.0000000,35.5794744,129.3039135,126.5000000
,1163440.0000000,1732990.0000000,35.5794760,129.3038032,126.4136840
,1163430.0000000,1732990.0000000,35.5794777,129.3036929,126.4118356
,1163420.0000000,1732990.0000000,35.5794793,129.3035826,126.5767650
,1163410.0000000,1732990.0000000,35.5794810,129.3034723,128.2696344
,1163400.0000000,1732990.0000000,35.5794826,129.3033619,130.9530015
,1163390.0000000,1732990.0000000,35.5794843,129.3032516,131.7728527
,1163380.0000000,1732990.0000000,35.5794859,129.3031413,135.3659642
,1163370.0000000,1732990.0000000,35.5794876,129.3030310,136.5003439
,1163360.0000000,1732990.0000000,35.5794892,129.3029207,136.2602479
,1163350.0000000,1732990.0000000,35.5794909,129.3028104,136.3932956
,1163340.0000000,1732990.0000000,35.5794925,129.3027000,134.9170104
,1163330.0000000,1732990.0000000,35.5794942,129.3025897,132.4390289
,1163320.0000000,1732990.0000000,35.5794958,129.3024794,127.5250620
,1163310.0000000,1732990.0000000,35.5794975,129.3023691,125.0032332
,1163300.0000000,1732990.0000000,35.5794991,129.3022588,122.3870243
,1163290.0000000,1732990.0000000,35.5795008,129.3021485,116.5238732
,1163280.0000000,1732990.0000000,35.5795024,129.3020382,112.6582448
,1163270.0000000,1732990.0000000,35.5795041,129.3019278,111.5825215
,1163260.0000000,1732990.0000000,35.5795057,129.3018175,113.0893972
,1163250.0000000,1732990.0000000,35.5795074,129.3017072,112.0127678
,1163240.0000000,1732990.0000000,35.5795090,129.3015969,111.1465564
,1163230.0000000,1732990.0000000,35.5795107,129.3014866,107.8589575
,1163220.0000000,1732990.0000000,35.5795123,129.3013763,106.6048546
,1163210.0000000,1732990.0000000,35.5795140,129.3012659,106.5000000
,1163200.0000000,1732990.0000000,35.5795156,129.3011556,106.5000000
,1163190.0000000,1732990.0000000,35.5795173,129.3010453,106.5597807
,1163180.0000000,1732990.0000000,35.5795189,129.3009350,106.5846482
,1163170.0000000,1732990.0000000,35.5795206,129.3008247,106.3435054
,1163160.0000000,1732990.0000000,35.5795222,129.3007144,106.3905497
,1163150.0000000,1732990.0000000,35.5795239,129.3006040,105.8460681
,1163140.0000000,1732990.0000000,35.5795255,129.3004937,102.4560255
,1163130.0000000,1732990.0000000,35.5795272,129.3003834,98.6753488
,1163120.0000000,1732990.0000000,35.5795288,129.3002731,96.4679231
,1163110.0000000,1732990.0000000,35.5795305,129.3001628,90.8283494
,1163100.0000000,1732990.0000000,35.5795321,129.3000525,87.3642650
,1163090.0000000,1732990.0000000,35.5795337,129.2999421,86.5000000
,1163080.0000000,1732990.0000000,35.5795354,129.2998318,86.5000000
,1163070.0000000,1732990.0000000,35.5795370,129.2997215,86.5000000
,1163060.0000000,1732990.0000000,35.5795387,129.2996112,86.5000000
,1163050.0000000,1732990.0000000,35.5795403,129.2995009,86.5000000
,1163040.0000000,1732990.0000000,35.5795420,129.2993906,86.5000000
,1163030.0000000,1732990.0000000,35.5795436,129.2992802,86.5000000
,1163020.0000000,1732990.0000000,35.5795453,129.2991699,86.5000000
,1163010.0000000,1732990.0000000,35.5795469,129.2990596,86.5077200
,1163000.0000000,1732990.0000000,35.5795486,129.2989493,86.5840571
,1163000.0000000,1733000.0000000,35.5796387,129.2989513,86.5000000
,1163010.0000000,1733000.0000000,35.5796370,129.2990616,86.5000000
,1163020.0000000,1733000.0000000,35.5796354,129.2991719,86.5000000
,1163030.0000000,1733000.0000000,35.5796338,129.2992823,86.5000000
,1163040.0000000,1733000.0000000,35.5796321,129.2993926,86.5000000
,1163050.0000000,1733000.0000000,35.5796305,129.2995029,86.5000000
,1163060.0000000,1733000.0000000,35.5796288,129.2996132,86.5000000
,1163070.0000000,1733000.0000000,35.5796272,129.2997235,86.5000000
,1163080.0000000,1733000.0000000,35.5796255,129.2998338,86.5000000
,1163090.0000000,1733000.0000000,35.5796239,129.2999442,86.5531806
,1163100.0000000,1733000.0000000,35.5796222,129.3000545,88.4319262
,1163110.0000000,1733000.0000000,35.5796206,129.3001648,91.9731388
,1163120.0000000,1733000.0000000,35.5796189,129.3002751,96.3204808
,1163130.0000000,1733000.0000000,35.5796173,129.3003854,100.4165865
,1163140.0000000,1733000.0000000,35.5796156,129.3004957,102.7652221
,1163150.0000000,1733000.0000000,35.5796140,129.3006061,106.1554540
,1163160.0000000,1733000.0000000,35.5796123,129.3007164,106.1168761
,1163170.0000000,1733000.0000000,35.5796107,129.3008267,106.0860700
,1163180.0000000,1733000.0000000,35.5796090,129.3009370,105.1162461
,1163190.0000000,1733000.0000000,35.5796074,129.3010473,104.7666194
,1163200.0000000,1733000.0000000,35.5796057,129.3011576,105.3640232
,1163210.0000000,1733000.0000000,35.5796041,129.3012680,106.5000000
,1163220.0000000,1733000.0000000,35.5796024,129.3013783,107.0107966
,1163230.0000000,1733000.0000000,35.5796008,129.3014886,107.8332526
,1163240.0000000,1733000.0000000,35.5795991,129.3015989,111.3009325
,1163250.0000000,1733000.0000000,35.5795975,129.3017092,113.2206407
,1163260.0000000,1733000.0000000,35.5795958,129.3018195,115.4305860
,1163270.0000000,1733000.0000000,35.5795942,129.3019299,111.6057428
,1163280.0000000,1733000.0000000,35.5795925,129.3020402,113.1600945
,1163290.0000000,1733000.0000000,35.5795909,129.3021505,115.1560213
,1163300.0000000,1733000.0000000,35.5795892,129.3022608,119.0030714
,1163310.0000000,1733000.0000000,35.5795876,129.3023711,124.5672878
,1163320.0000000,1733000.0000000,35.5795859,129.3024814,122.1962583
,1163330.0000000,1733000.0000000,35.5795843,129.3025918,127.6131884
,1163340.0000000,1733000.0000000,35.5795826,129.3027021,130.6976500
,1163350.0000000,1733000.0000000,35.5795810,129.3028124,131.2350850
,1163360.0000000,1733000.0000000,35.5795793,129.3029227,131.5447335
,1163370.0000000,1733000.0000000,35.5795777,129.3030330,131.5355266
,1163380.0000000,1733000.0000000,35.5795760,129.3031433,130.4089319
,1163390.0000000,1733000.0000000,35.5795744,129.3032536,129.6621860
,1163400.0000000,1733000.0000000,35.5795727,129.3033640,128.1315316
,1163410.0000000,1733000.0000000,35.5795711,129.3034743,126.7959864
,1163420.0000000,1733000.0000000,35.5795694,129.3035846,126.1539066
,1163430.0000000,1733000.0000000,35.5795678,129.3036949,124.8651698
,1163440.0000000,1733000.0000000,35.5795661,129.3038052,123.4514706
,1163450.0000000,1733000.0000000,35.5795645,129.3039155,122.4270360
,1163460.0000000,1733000.0000000,35.5795628,129.3040259,123.5979243
,1163470.0000000,1733000.0000000,35.5795612,129.3041362,126.5000000
,1163480.0000000,1733000.0000000,35.5795595,129.3042465,127.2566041
,1163490.0000000,1733000.0000000,35.5795579,129.3043568,127.8321662
,1163500.0000000,1733000.0000000,35.5795562,129.3044671,127.3753967
,1163510.0000000,1733000.0000000,35.5795546,129.3045774,131.1500673
,1163520.0000000,1733000.0000000,35.5795529,129.3046878,131.5000000
,1163530.0000000,1733000.0000000,35.5795513,129.3047981,131.6053913
,1163540.0000000,1733000.0000000,35.5795496,129.3049084,132.4424197
,1163550.0000000,1733000.0000000,35.5795480,129.3050187,136.2570777
,1163560.0000000,1733000.0000000,35.5795463,129.3051290,137.5648535
,1163570.0000000,1733000.0000000,35.5795447,129.3052393,140.4256222
,1163580.0000000,1733000.0000000,35.5795430,129.3053497,140.6232867
,1163590.0000000,1733000.0000000,35.5795414,129.3054600,136.7749300
,1163600.0000000,1733000.0000000,35.5795397,129.3055703,136.6479398
,1163610.0000000,1733000.0000000,35.5795380,129.3056806,136.4280391
,1163620.0000000,1733000.0000000,35.5795364,129.3057909,135.9070004
,1163630.0000000,1733000.0000000,35.5795347,129.3059012,135.2902337
,1163640.0000000,1733000.0000000,35.5795331,129.3060115,135.7684438
,1163650.0000000,1733000.0000000,35.5795314,129.3061219,136.5167578
,1163660.0000000,1733000.0000000,35.5795298,129.3062322,137.1967760
,1163670.0000000,1733000.0000000,35.5795281,129.3063425,137.9480972
,1163680.0000000,1733000.0000000,35.5795265,129.3064528,137.1578005
,1163690.0000000,1733000.0000000,35.5795248,129.3065631,136.5268566
,1163700.0000000,1733000.0000000,35.5795232,129.3066734,135.3576260
,1163710.0000000,1733000.0000000,35.5795215,129.3067838,132.9530681
,1163720.0000000,1733000.0000000,35.5795199,129.3068941,131.7647273
,1163730.0000000,1733000.0000000,35.5795182,129.3070044,131.5763841
,1163740.0000000,1733000.0000000,35.5795165,129.3071147,131.5544106
,1163750.0000000,1733000.0000000,35.5795149,129.3072250,131.5000000
,1163760.0000000,1733000.0000000,35.5795132,129.3073353,131.5000000
,1163770.0000000,1733000.0000000,35.5795116,129.3074457,131.5000000
,1163780.0000000,1733000.0000000,35.5795099,129.3075560,131.5000000
,1163790.0000000,1733000.0000000,35.5795083,129.3076663,131.5000000
,1163800.0000000,1733000.0000000,35.5795066,129.3077766,131.5000000
,1163810.0000000,1733000.0000000,35.5795050,129.3078869,131.5272080
,1163820.0000000,1733000.0000000,35.5795033,129.3079972,132.5593597
,1163830.0000000,1733000.0000000,35.5795017,129.3081075,135.9783632
,1163840.0000000,1733000.0000000,35.5795000,129.3082179,138.5707804
,1163850.0000000,1733000.0000000,35.5794983,129.3083282,141.5861068
,1163860.0000000,1733000.0000000,35.5794967,129.3084385,146.1466266
,1163870.0000000,1733000.0000000,35.5794950,129.3085488,147.7504082
,1163880.0000000,1733000.0000000,35.5794934,129.3086591,149.6795272
,1163890.0000000,1733000.0000000,35.5794917,129.3087694,149.5025191
,1163900.0000000,1733000.0000000,35.5794901,129.3088798,147.5213268
,1163910.0000000,1733000.0000000,35.5794884,129.3089901,146.7803627
,1163920.0000000,1733000.0000000,35.5794868,129.3091004,146.6926104
,1163930.0000000,1733000.0000000,35.5794851,129.3092107,146.6301195
,1163940.0000000,1733000.0000000,35.5794834,129.3093210,145.8448984
,1163950.0000000,1733000.0000000,35.5794818,129.3094313,145.3856229
,1163960.0000000,1733000.0000000,35.5794801,129.3095417,143.3250530
,1163970.0000000,1733000.0000000,35.5794785,129.3096520,142.3316454
,1163980.0000000,1733000.0000000,35.5794768,129.3097623,142.2532689
,1163990.0000000,1733000.0000000,35.5794752,129.3098726,144.5887205
,1164000.0000000,1733000.0000000,35.5794735,129.3099829,147.9378811
